"doi","publication_year","authors"
"https://doi.org/10.1002/1878-0261.12835",2020,"Katharina Lankes;Zonera Hassan;María Josefina Doffo;Christian Schneeweis;Svenja Lier;Rupert Öllinger;Roland Rad;Oliver H. Krämer;Ulrich Keller;Dieter Saur;Maximilian Reichert;Günter Schneider;Matthias Wirth"
"https://doi.org/10.1002/jbmr.4287",2020,"Gill Holdsworth;James R Staley;Peter Hall;Ian D. van Koeverden;Ciara Vangjeli;Remi Okoye;Rogely Boyce;James R. Turk;Martin Armstrong;Alison Wolfreys;Gerard Pasterkamp"
"https://doi.org/10.1002/mnfr.202101091",2022,"Florence Thirion;Kévin Da Silva;Florian Plaza Oñate;Anne‐Sophie Alvarez;Clémentine Thabuis;Nicolas Pons;Magali Berland;Emmanuelle Le Chatelier;Nathalie Galleron;Florence Levenez;Coralie Vergara;Hélène Chevallier;Laetitia Guérin‐Deremaux;Joël Doré;S. Dusko Ehrlich"
"https://doi.org/10.1007/s00401-011-0904-1",2011,"Hazel Rogers;John‐Paul Kilday;Cerys Mayne;Jennifer H. Ward;Martyna Adamowicz‐Brice;Ed C. Schwalbe;Steven C. Clifford;Beth Coyle;Richard G. Grundy"
"https://doi.org/10.1007/s11060-010-0509-x",2010,"José Javier Otero;David H. Rowitch;Scott R. VandenBerg"
"https://doi.org/10.1007/s11682-022-00665-2",2022,"Kelly T. Cosgrove;Timothy J. McDermott;Evan J. White;Matthew W. Mosconi;Wesley K. Thompson;Martin P. Paulus;Carlos Cardenas‐Iniguez;Robin L. Aupperle"
"https://doi.org/10.1007/s11682-022-00708-8",2022,"Livio Tarchi;Stefano Damiani;Teresa Fantoni;Tiziana Pisano;Giovanni Castellini;Pierluigi Politi;Valdo Ricca"
"https://doi.org/10.1007/s12022-022-09727-z",2022,"Matthias Dottermusch;Roman Rotermund;Franz Ricklefs;Annika K. Wefers;Wolfgang Saeger;Jörg Flitsch;Markus Glatzel;Jakob Matschke"
"https://doi.org/10.1016/j.cell.2022.04.008",2022,"Nina Marchi;Laura Winkelbach;Ilektra Schulz;Maxime Brami;Zuzana Hofmanová;Jens Blöcher;Carlos S. Reyna-Blanco;Yoan Diekmann;Alexandre H. Thiéry;Adamandia Kapopoulou;Vivian Link;Valérie Piuz;Susanne Kreutzer;Sylwia M. Figarska;Elissavet Ganiatsou;Albert Pukaj;Travis J. Struck;Ryan N. Gutenkunst;Necmi Karul;Fokke Gerritsen;Joachim Pechtl;Joris Peters;Andrea Zeeb‐Lanz;Eva Lenneis;Maria Teschler‐Nicola;Sevasti Triantaphyllou;Sofija Stefanović;Christina Papageorgopoulou;Daniel Wegmann;Joachim Bürger;Laurent Excoffier"
"https://doi.org/10.1016/j.celrep.2021.109878",2021,"Lutz Menzel;Maria Zschummel;Tadhg Crowley;Vedran Franke;Michael Grau;Carolin Ulbricht;Anja E. Hauser;Volker Siffrin;Marc Bajénoff;Sophie E. Acton;Altuna Akalin;Georg Lenz;Gerald Willimsky;Uta E. Höpken;Armin Rehm"
"https://doi.org/10.1016/j.celrep.2021.110060",2021,"Jennifer E. Klomp;Ye S. Lee;Craig M. Goodwin;Bjoern Papke;Jeffrey A. Klomp;Andrew M. Waters;Clint A. Stalnecker;Jonathan M. DeLiberty;Kristina Drizyte‐Miller;Runying Yang;J. Nathaniel Diehl;Hongwei Yin;Mariaelena Pierobon;Elisa Baldelli;Meagan B. Ryan;Siqi Li;Jackson J. Peterson;Amber R. Smith;James T. Neal;Aaron K. McCormick;Calvin J. Kuo;Christopher M. Counter;Emanuel F. Petricoin;Adrienne D. Cox;Kirsten L. Bryant;Channing J. Der"
"https://doi.org/10.1016/j.isci.2019.100780",2019,"Stefanie Warnat‐Herresthal;Konstantinos Perrakis;Bernd Taschler;Matthias Becker;Kevin Baßler;Marc Beyer;Patrick Günther;Jonas Schulte-Schrepping;Lea Seep;Kathrin Klee;Thomas Ulas;Torsten Haferlach;Sach Mukherjee;Joachim L. Schultze"
"https://doi.org/10.1016/j.jinf.2022.07.013",2022,"Jiantao Fu;Yuxiao Luo;Xin Fang;LU Jian-min;Jin Yang"
"https://doi.org/10.1016/j.molcel.2023.01.023",2023,"Clara-Louisa Sandmann;Jana Felicitas Schulz;Jorge Ruiz‐Orera;Marieluise Kirchner;Matthias Ziehm;Eleonora Adami;Maike Marczenke;Annabel Christ;Nina Liebe;Johannes F. W. Greiner;Aaron Schoenenberger;Michael B. Muecke;Ning Liang;Robert L. Moritz;Zhi Sun;Eric W. Deutsch;Michael Gotthardt;Jonathan M. Mudge;John R. Prensner;Thomas E. Willnow;Philipp Mertins;Sebastiaan van Heesch;Norbert Hübner"
"https://doi.org/10.1016/j.xgen.2022.100134",2022,"Emilie M. Wigdor;Daniel J. Weiner;Jakob Grove;Jack Fu;Wesley K. Thompson;Caitlin E. Carey;Nikolas Baya;Celia van der Merwe;Raymond K. Walters;F. Kyle Satterstrom;Duncan S. Palmer;Anders Rosengren;Jonas Bybjerg‐Grauholm;David M. Hougaard;Preben Bo Mortensen;Mark J. Daly;Michael E. Talkowski;Stephan Sanders;Somer Bishop;Anders D. Børglum;Elise Robinson"
"https://doi.org/10.1016/j.xpro.2022.101225",2022,"Joseph L. Regan"
"https://doi.org/10.1016/j.xpro.2022.101267",2022,"Lutz Menzel;Maria Zschummel;Armin Rehm"
"https://doi.org/10.1038/cddis.2015.250",2015,"Elisabeth Hedström;Chiara Pederiva;Jacob Farnebo;Björn Nodin;Karin Jirström;Donal J. Brennan;Marianne Farnebo"
"https://doi.org/10.1038/modpathol.2012.216",2013,"Su‐Chen Li;Ahmed Essaghir;Cécile Martijn;Ricardo V. Lloyd;Jean‐Baptiste Demoulin;Kjell Öberg;Valeria Giandomenico"
"https://doi.org/10.1038/nature24040",2017,"Hezhe Lu;Shujing Liu;Gao Zhang;Bin Wu;Yueyao Zhu;Dennie T. Frederick;Yi Hu;Wenqun Zhong;Sergio Randell;Norah Sadek;Wei Zhang;Gang Chen;Chaoran Cheng;Jingwen Zeng;Lawrence W. Wu;Jie Zhang;Xiaoming Liu;Wei Xu;Clemens Krepler;Katrin Sproesser;Min Xiao;Benchun Miao;Jianglan Liu;Claire Song;Jephrey Y. Liu;Giorgos C. Karakousis;Lynn M. Schuchter;Yiling Lu;Gordon B. Mills;Yu‐Sheng Cong;Jonathan Chernoff;Jun Guo;Genevieve M. Boland;Ryan J. Sullivan;Zhi Wei;Jeffrey Field;Ravi K. Amaravadi;Keith T. Flaherty;Meenhard Herlyn;Xiaowei Xu;Wei Guo"
"https://doi.org/10.1038/s41380-020-0745-1",2020,"Tina Notter;Sina M. Schalbetter;Nicholas E. Clifton;Daniele Mattei;Juliet Richetto;Kerrie L. Thomas;Urs Meyer;Jérémy Hall"
"https://doi.org/10.1038/s41388-021-01738-0",2021,"Natalia Voronina;Christian Aichmüller;Thorsten Kolb;Andrey Korshunov;Marina Ryzhova;Jill S. Barnholtz‐Sloan;Gino Cioffi;Martin Sill;Andreas von Deimling;Stefan M. Pfister;Jan Gronych;David Jones;Jonas Frisén;Marc Zapatka;Aurélie Ernst"
"https://doi.org/10.1038/s41389-020-00246-2",2020,"Ricardo Coelho;Sara Ricardo;Ana Luísa Amaral;Yen‐Lin Huang;Mariana Nunes;José Pedro Neves;Nuno Mendes;Mónica Núñez López;Carla Bartosch;Verônica Moreira Souto Ferreira;Raquel Portugal;José Manuel Lopes;Raquel Almeida;Viola Heinzelmann‐Schwarz;Francis Jacob;Leonor David"
"https://doi.org/10.1038/s41396-022-01262-3",2022,"Jordi Mayneris‐Perxachs;Maria Arnoriaga‐Rodríguez;Josep Garre‐Olmo;Josep Puig;Rafel Ramos;María Trelis;Aurelijus Burokas;Clàudia Coll;Cristina Zapata-Tona;Salvador Pedraza;Vicente Pérez‐Brocal;Lluís Ramió;Wifredo Ricart;Andrés Moyá;Mariona Jové;Joaquím Sol;Manuel Portero‐Otín;Reinald Pamplona;Rafaël Maldonado;José Manuel Fernández‐Real"
"https://doi.org/10.1038/s41467-019-10766-0",2019,"Sarah Irmscher;Silke R. Brix;Svante Zipfel;Luke D. Halder;Sibel Mutlutürk;Sonia Wulf;Evaldas Girdauskas;Hermann Reichenspurner;Rolf A.K. Stahl;Berit Jungnickel;Thorsten Wiech;Peter F. Zipfel;Christine Skerka"
"https://doi.org/10.1038/s41467-020-18070-y",2020,"Yura Grabovska;Alan Mackay;Patricia O’Hare;Stephen Crosier;Martina Finetti;Ed C. Schwalbe;Jessica C. Pickles;Amy R. Fairchild;Aimee Avery;Julia Cockle;Rebecca M. Hill;Janet C. Lindsey;Debbie Hicks;Mark Kristiansen;Jane Chalker;John Anderson;Darren Hargrave;Thomas S. Jacques;Karin Straathof;Simon Bailey;Chris Jones;Steven C. Clifford;Daniel Williamson"
"https://doi.org/10.1038/s41467-021-21952-4",2021,"Marta Guindo-Martínez;Ramon Amela;Sílvia Bonàs‐Guarch;Montserrat Puiggròs;Cecilia Salvoro;Irene Miguel-Escalada;Caitlin E. Carey;Joanne B. Cole;Sina Rüeger;Elizabeth G. Atkinson;Aaron Leong;Friman Sánchez;Cristian Ramon-Cortes;Jorge Ejarque;Duncan S. Palmer;Mitja Kurki;Krishna G. Aragam;José C. Florez;Rosa M. Badía;Josep M. Mercader;David Torrents"
"https://doi.org/10.1038/s41467-021-22962-y",2021,"Aaro Salosensaari;Ville Laitinen;Aki S. Havulinna;Guillaume Méric;Susan Cheng;Markus Perola;Liisa Valsta;Georg Alfthan;Michael Inouye;Jeramie D. Watrous;Tao Long;Rodolfo A. Salido;Karenina Sanders;Caitriona Brennan;Gregory Humphrey;Jon G. Sanders;Mohit Jain;Pekka Jousilahti;Veikko Salomaa;Rob Knight;Leo Lahti;Teemu Niiranen"
"https://doi.org/10.1038/s41467-021-23491-4",2021,"Björn‐Hergen Laabs;Christine Klein;Jelena Pozojevic;Aloysius Domingo;Norbert Brüggemann;Karen Grütz;Raymond L. Rosales;Roland Dominic G. Jamora;Gerard Saranza;Cid Czarina E. Diesta;Michael Wittig;Susen Schaake;Marija Dulovic‐Mahlow;Jana Quismundo;Pia Otto;Patrick Acuña;Criscely L. Go;Nutan Sharma;Trisha Multhaupt‐Buell;Ulrich Müller;Henrike Hanßen;Fabian Kilpert;André Franke;Arndt Rolfs;Peter Bauer;Valerija Dobričić;Katja Lohmann;Laurie J. Ozelius;Frank J. Kaiser;Inke R. König;Ana Westenberger"
"https://doi.org/10.1038/s41467-021-24445-6",2021,"Yiting Lim;Sonali Arora;Samantha L. Schuster;Lukas Corey;Matthew Fitzgibbon;Cynthia L. Wladyka;Xiaoying Wu;Ilsa M. Coleman;Jeffrey J. Delrow;Eva Corey;Lawrence D. True;Peter S. Nelson;Gavin Ha;Andrew C. Hsieh"
"https://doi.org/10.1038/s41467-021-25403-y",2021,"Johannes Bloehdorn;Andrejs Braun;Amaro Taylor‐Weiner;Billy Michael Chelliah Jebaraj;Sandra Robrecht;Julia Krzykalla;Heng Pan;Adam Giza;Gulnara Akylzhanova;Karlheinz Holzmann;Annika Scheffold;Harvey E. Johnston;Ru‐Fang Yeh;Tetyana Klymenko;Eugen Tausch;Barbara Eichhorst;Lars Bullinger;Kirsten Fischer;Maja Weisser;Tadeusz Robak;Christof Schneider;John G. Gribben;Lekh N. Dahal;Matthew J. Carter;Olivier Elemento;Dan A. Landau;Donna Neuberg;Mark S. Cragg;Axel Benner;Michael Hallek;Catherine J. Wu;Hartmut Döhner;Stephan Stilgenbauer;Daniel Mertens"
"https://doi.org/10.1038/s41467-022-28809-4",2022,"Gizem Günes Günsel;Thomas M. Conlon;Aicha Jeridi;Rinho Kim;Zeynep Ertüz;Niklas J. Lang;Meshal Ansari;Mariia Novikova;Dongsheng Jiang;Maximilian Strunz;Mariia Gaianova;C. Hollauer;Christina Gabriel;Ilias Angelidis;Sebastian Doll;Jeanine C. Pestoni;Stephanie L. Edelmann;Marlene Kohlhepp;Adrien Guillot;Kevin Baßler;Hannelore P. Van Eeckhoutte;Özgecan Kayalar;Nur Konyalılar;Tamara Kanashova;Sophie Rodius;Carolina Ballester‐López;Carlos Mario Genes Robles;Natalia Smirnova;Markus Rehberg;Charu Agarwal;Ioanna Krikki;Benoit Piavaux;Stijn E. Verleden;Bart M. Vanaudenaerde;Mélanie Königshoff;Gunnar Dittmar;Ken R. Bracke;Joachim L. Schultze;Henrik Watz;Oliver Eickelberg;Tobias Stoeger;Gerald Burgstaller;Frank Tacke;Vigo Heissmeyer;Yuval Rinkevich;Hasan Bayram;Herbert B. Schiller;Marcus Conrad;Robert Schneider;Ali Önder Yildirim"
"https://doi.org/10.1038/s41467-022-29407-0",2022,"Christopher Mark Skopnik;René Riedel;Richard Addo;Gitta Anne Heinz;Frederik Heinrich;Kazuhito Honjo;Pawel Durek;Philipp Enghard;Mir‐Farzin Mashreghi;Andreas Radbruch;Hiromi Kubagawa"
"https://doi.org/10.1038/s41467-022-33092-4",2022,"Trent Hall;Hyun‐Jin Kim;Mahmoud Dabbah;Jacquelyn A. Myers;Jeremy Chase Crawford;Antonio Morales‐Hernández;Claire Caprio;Pramika Sriram;Emilia Kooienga;Marta Derecka;Esther A. Obeng;Paul G. Thomas;Shannon McKinney‐Freeman"
"https://doi.org/10.1038/s41467-022-34514-z",2022,"Sibo Zhao;Jia Li;Huiyuan Zhang;Lin Qi;Yuchen Du;Mari Kogiso;Frank Braun;Sophie Xiao;Yulun Huang;Jianfang Li;Wan‐Yee Teo;Holly Lindsay;Patricia Baxter;Jack Su;Adekunle M. Adesina;Miklós Laczik;Paola Genevini;Anne-Clémence Veillard;Sol Schvartzman;Geoffrey Berguet;Shirong Ding;Liping Du;Clifford Stephan;Jianhua Yang;Peter J. Davies;Xinyan Lu;Murali Chintagumpala;D. Williams Parsons;László Perlaky;Yunfei Xia;Tsz‐Kwong Man;Yun Huang;Deqiang Sun;Xiao‐Nan Li"
"https://doi.org/10.1038/s41467-023-35861-1",2023,"Ming Yang;Xiaoqiang Qi;Nan Li;Jussuf T. Kaifi;Shi‐You Chen;Andrew A. Wheeler;Eric T. Kimchi;Aaron C. Ericsson;R. Scott Rector;Kevin F. Staveley-O’Carroll;Guangfu Li"
"https://doi.org/10.1038/s41467-023-37092-w",2023,"F. Kommoss;Anne‐Sophie Chong;Anne‐Laure Chong;Elke Pfaff;David Jones;Laura S. Hiemcke‐Jiwa;Lennart Kester;Uta Flucke;Manfred Gessler;Daniel Schrimpf;Felix Sahm;Blaise Clarke;Colin J.R. Stewart;Yemin Wang;C. Blake Gilks;Friedrich Kommoss;David G. Huntsman;Ulrich Schüller;Christian Koelsche;W. Glenn McCluggage;Andreas von Deimling;William D. Foulkes"
"https://doi.org/10.1038/s41467-023-37383-2",2023,"Jake Thomas;Anna Appios;Emily F. Calderbank;Nagisa Yoshida;Xiaohui Zhao;Russell S. Hamilton;Ashley Moffett;Andrew Sharkey;Elisa Laurenti;Courtney W. Hanna;Naomi McGovern"
"https://doi.org/10.1038/s41540-021-00193-7",2021,"Joshua J. Levy;Youdinghuan Chen;Nasim Azizgolshani;Curtis L. Petersen;Alexander J. Titus;Erika L. Moen;Louis Vaickus;Lucas A. Salas;Brock C. Christensen"
"https://doi.org/10.1038/s41540-022-00225-w",2022,"Deeksha Malhan;Alireza Basti;Angela Relógio"
"https://doi.org/10.1038/s41556-019-0439-6",2019,"Chiara Baccin;Jude Al-Sabah;Lars Velten;Patrick M. Helbling;Florian Grünschläger;Pablo Hernández-Malmierca;César Nombela‐Arrieta;Lars M. Steinmetz;Andreas Trumpp;Simon Haas"
"https://doi.org/10.1038/s41588-021-00877-0",2021,"R. W. Davies;Marek Kučka;Dingwen Su;Sinan Shi;Maeve Flanagan;Christopher Cunniff;Yingguang Frank Chan;Simon Myers"
"https://doi.org/10.1038/s41591-022-01688-4",2022,"Sébastien Fromentin;Sofia K. Forslund;Kanta Chechi;Judith Aron‐Wisnewsky;Rima Chakaroun;Trine Nielsen;Valentina Tremaroli;Boyang Ji;Edi Prifti;Antonis Myridakis;Julien Chilloux;Petros Andrikopoulos;Yong Fan;Michael Olanipekun;Renato Alves;Solia Adiouch;Noam Bar;Yeela Talmor‐Barkan;Eugeni Belda;Robert Caesar;Luís Pedro Coelho;Gwen Falony;Soraya Fellahi;Pilar Galán;Nathalie Galleron;Gérard Helft;Lesley Hoyles;Richard Isnard;Emmanuelle Le Chatelier;Hanna Julienne;Lisa Olsson;Helle K. Pedersen;Nicolas Pons;Benoît Quinquis;Christine Rouault;Hugo Roume;Joe‐Elie Salem;Thomas Schmidt;Sara Vieira‐Silva;Peishun Li;Maria Zimmermann‐Kogadeeva;Christian Lewinter;Nadja B. Søndertoft;Tue H. Hansen;Dominique Gauguier;Jens Peter Gøtze;Lars Køber;Ran Kornowski;Henrik Vestergaard;Torben Hansen;Jean‐Daniel Zucker;Serge Herçberg;Ivica Letunić;Fredrik Bäckhed;Jean‐Michel Oppert;Jens Nielsen;Jeroen Raes;Peer Bork;Michael Stümvoll;Eran Segal;Karine Clément;Marc‐Emmanuel Dumas;S. Dusko Ehrlich;Oluf Pedersen"
"https://doi.org/10.1038/s41592-020-0965-y",2020,"Jason C. Klein;Vikram Agarwal;Fumitaka Inoue;Aidan Keith;Beth Martin;Martin Kircher;Nadav Ahituv;Jay Shendure"
"https://doi.org/10.1038/s41597-022-01822-4",2022,"Johanna Prugger;Ekin Derdiyok;Jannis Dinkelacker;Cyril Costines;Timo Torsten Schmidt"
"https://doi.org/10.1038/s41597-022-01890-6",2023,"Hanna P. Roetschke;Guillermo Rodriguez-Hernandez;John A. Cormican;Xiaoping Yang;Steven Lynham;Michele Mishto;Juliane Liepe"
"https://doi.org/10.1038/s41598-018-36050-7",2018,"Anthony F. Herzig;Teresa Nutile;Daniela Ruggiero;Marina Ciullo;Hervé Perdry;Anne‐Louise Leutenegger"
"https://doi.org/10.1038/s41598-020-66241-0",2020,"Sonja Lang;Fedja Farowski;Anna Martin;Hilmar Wisplinghoff;Maria J. G. T. Vehreschild;Marcin Krawczyk;Angela Nowag;Anne Kretzschmar;Claus Jürgen Scholz;Philipp Kasper;Christoph Roderburg;Frank Lammert;Tobias Goeser;Hans‐Michael Steffen;Münevver Demir"
"https://doi.org/10.1038/s41598-022-14055-7",2022,"Krzysztof Odrzywołek;Zuzanna Karwowska;Jan Majta;Aleksander Byrski;Kaja Milanowska;Tomasz Kościółek"
"https://doi.org/10.1038/s41698-022-00295-3",2022,"Almudena Espín-Pérez;Kevin Brennan;Asiri Ediriwickrema;Olivier Gevaert;Izidore S. Lossos;Andrew J. Gentles"
"https://doi.org/10.1038/s42003-023-04477-y",2023,"Vivek Appadurai;Jonas Bybjerg‐Grauholm;Morten Krebs;Anders Rosengren;Alfonso Buil;Andrés Ingason;Ole Mors;Anders D. Børglum;David M. Hougaard;Merete Nordentoft;Preben Bo Mortensen;Olivier Delaneau;Thomas Werge;Andrew J. Schork"
"https://doi.org/10.1080/0886022x.2022.2141648",2022,"Long He;Boqian Wang;Xueyi Wang;Yuewen Liu;Song Xing;Yijian Zhang;Xin Li;Hongwei Yang"
"https://doi.org/10.1080/19490976.2022.2044722",2022,"Harimalala Ranaivo;Florence Thirion;Christel Béra‐Maillet;Susie Guilly;Chantal Simon;Monique Sothier;Laurie Van Den Berghe;N. Feugier-Favier;S. Lambert-Porcheron;Isabelle Dussous;L. Roger;Hugo Roume;Nathalie Galleron;Nicolas Pons;Emmanuelle Le Chatelier;S. Dusko Ehrlich;Martine Laville;Joël Doré;Julie‐Anne Nazare"
"https://doi.org/10.1093/bioinformatics/btac637",2022,"Lars Wienbrandt;David Ellinghaus"
"https://doi.org/10.1093/nar/gkab433",2021,"Ilias Moutsopoulos;Lukas Maischak;Elze Lauzikaite;Sergio A Vasquez Urbina;Eleanor C Williams;Hajk‐Georg Drost;Irina Mohorianu"
"https://doi.org/10.1093/nar/gkac1009",2022,"Xinhao Shao;Clarissa Gomez;Nandini Kapoor;James M. Considine;Christopher Grams;Yu Gao;Alexandra Naba"
"https://doi.org/10.1093/nargab/lqac071",2022,"Mengjun Wu;Manfred Schmid;Torben Heick Jensen;Albin Sandelin"
"https://doi.org/10.1093/neuonc/noaa222.160",2020,"Timothy Ritzmann;Anbarasu Lourdusamy;Andrew M. Jackson;Lisa Storer;Andrew M. Donson;Andrea M. Griesinger;Nicholas K. Foreman;Hazel Rogers;Richard G. Grundy"
"https://doi.org/10.1093/noajnl/vdz015",2019,"Kay Ka‐Wai Li;Zhifeng Shi;Tathiane M. Malta;Aden Ka‐Yin Chan;Shaz Cheng;Johnny Sheung Him Kwan;Rui Yang;Wai Sang Poon;Ying Mao;Houtan Noushmehr;Hong Chen;Ho‐Keung Ng"
"https://doi.org/10.1097/tp.0000000000004396",2022,"Katelynn S. Madill-Thomsen;Georg A. Böhmig;Jonathan S. Bromberg;Gunilla Einecke;Farsad Eskandary;Gaurav Gupta;Marek Myślak;Ondřej Viklický;Agnieszka Perkowska‐Ptasińska;Kim Solez;Philip F. Halloran"
"https://doi.org/10.1098/rsos.172212",2018,"Simone Coughlan;Alysha Taylor;Eoghan Feane;Mandy Sanders;Gabriele Schönian;James A. Cotton;Tim Downing"
"https://doi.org/10.1099/mgen.0.000640",2021,"Luz Helena Patiño;Adriana Castillo-Castañeda;Marina Muñoz;Carlos Muskus;Matilde Rivero-Rodríguez;Alveiro Pérez-Doria;Eduar Elías Bejarano;Juan David Ramírez"
"https://doi.org/10.1101/2021.02.16.430500",2021,"Meng Yuan;Deli Huang;Chang‐Chun D. Lee;Nicholas C. Wu;Abigail M. Jackson;Xueyong Zhu;Hejun Liu;Linghang Peng;Marit J. van Gils;Rogier W. Sanders;Dennis R. Burton;S. Momsen Reincke;Harald Prüß;Jakob Kreye;David Nemazee;Andrew B. Ward;Ian A. Wilson"
"https://doi.org/10.1101/2021.03.03.21252824",2021,"Nanditha Mallesh;Max Zhao;Lisa Meintker;Alexander Höllein;F. Elsner;Hannes Lüling;Torsten Haferlach;Wolfgang Kern;Jörg Westermann;Peter Brossart;Stefan W. Krause;Peter Krawitz"
"https://doi.org/10.1101/2021.04.07.21255071",2021,"Maia Salholz-Hillel;Peter Grabitz;Molly Pugh-Jones;Daniel Strech;Nicholas DeVito"
"https://doi.org/10.1101/2022.04.20.22274046",2022,"Laura Sánchez‐Rivera;María Jesús Iglesias;Manal Ibrahim‐Kosta;Julia B. Kral‐Pointner;Sebastian Havervall;Louisa Goumidi;Maria Farm;Gaëlle Munsch;Marine Germain;Philip B. Smith;Mun‐Gwan Hong;Pierre Suchon;Clément Naudin;Anne Boland;David M. Smadja;Margareta Holmström;Maria Magnusson;Angela Silveira;Mathias Uhlén;Thomas Renné;Ángel Martínez-Pérez;Joseph Emmerich;Jean‐François Deleuze;Jovan Antović;Alice Assinger;José Manuel Soria;Charlotte Thålin;Jochen M. Schwenk;Juan Carlos Souto Andres;Pierre‐Emmanuel Morange;Lynn M. Butler;David‐Alexandre Trégouët;Jacob Odeberg"
"https://doi.org/10.1101/2022.05.13.491903",2022,"Mustafa S. Salman;Eric Verner;H. Jeremy Bockholt;Zening Fu;Maria Misiura;Bradley T. Baker;Elizabeth Osuch;Jing Sui;Vince D. Calhoun"
"https://doi.org/10.1101/373555",2018,"Hanna M. Ollila;Eilon Sharon;Ling Lin;Nasa Sinnott-Armstrong;Aditya Ambati;Ryan P. Hillary;Otto Jolanki;Juliette Faraco;Mali Einen;Guo Luo;Jing Zhang;Fang Han;Han Yan;Xiao Song Dong;Jing Li;Jun Zhang;Seung‐Chul Hong;Tae Won Kim;Yves Dauvilliers;Lucie Barateau;Gert Jan Lammers;Rolf Fronczek;Geert Mayer;Joan Santamaría;Isabelle Arnulf;Stine Knudsen;May Kristin Lyamouri Bredahl;Per Medbøe Thorsby;Giuseppe Plazzi;Fabio Pizza;Monica Moresco;Catherine Crowe;Stephen K. Van Den Eeden;Michel Lecendreux;Patrice Bourgin;Takashi Kanbayashi;Rosa Peraita‐Adrados;F Martínez-Orozco;Antonio Benetó;Jacques Montplaisir;Alex Désautels;Yu‐Shu Huang;Poul Jennum;Soňa Nevšímalová;David Kemlink;Alex Iranzo;Sebastian Overeem;Aleksandra Wierzbicka;Peter Geisler;Karel Šonka;Makoto Honda;Birgit Högl;Ambra Stefani;Fernando Morgadinho Santos Coelho;Vilma Mantovani;Eva Feketeová;Mia Wadelius;Niclas Eriksson;Hans Smedje;Pär Hallberg;Per Egil Hesla;David B. Rye;Zerrin Pelin;Luigi Ferini‐Strambi;Claudio L. Bassetti;Johannes Mathis;Ramin Khatami;Adi Aran;Sheela Nampoothiri;Tomas Olsson;Ingrid Kockum;Markku Partinen;Markus Perola;Birgitte Rahbek Kornum;Sina Rüeger;Juliane Winkelmann;Taku Miyagawa;Hiromi Toyoda;Seik Soon Khor;Mihoko Shimada;Katsushi Tokunaga;Manuel A. Rivas;Jonathan K. Pritchard;Neil Risch;Zoltán Kutalik;Ruth O’Hara;Joachim Hallmayer;Chun Ye;Emmanuel Mignot"
"https://doi.org/10.1101/740225",2019,"Sebastian Niehus;Hákon Jónsson;Janina Schönberger;Eyþór Björnsson;Doruk Beyter;Hannes P. Eggertsson;Patrick Sulem;Kāri Stefánsson;Bjarni V. Halldórsson;Birte Kehr"
"https://doi.org/10.1101/774976",2019,"Tamer Abdalrahman;Neil H. Davies;Thomas Franz"
"https://doi.org/10.1101/800748",2019,"Jeongbin Park;Wonyl Choi;Sebastian Tiesmeyer;Brian Long;Lars E. Borm;Emma Garren;Thuc Nghi Nguyen;Bosiljka Tasic;Simone Codeluppi;Tobias Graf;Matthias Schlesner;Oliver Stegle;Roland Eils;Naveed Ishaque"
"https://doi.org/10.1101/gr.268599.120",2021,"Dongwon Lee;Ashish Kapoor;Changhee Lee;Michael Mudgett;M Beer;Aravinda Chakravarti"
"https://doi.org/10.1111/ajt.17092",2022,"Philip F. Halloran;Katelynn S. Madill-Thomsen;Shane Pon;Majid L.N. Sikosana;Georg A. Böhmig;Jonathan S. Bromberg;Gunilla Einecke;Farsad Eskandary;Gaurav Gupta;Luis Hidalgo;Marek Myślak;Ondřej Viklický;Agnieszka Perkowska‐Ptasińska"
"https://doi.org/10.1111/jcmm.16015",2020,"Tanzeela Awan;Aaron Babendreyer;Abid Mahmood Alvi;Stefan Düsterhöft;Daniela Lambertz;Jörg W. Bartsch;Christian Liedtke;Andreas Ludwig"
"https://doi.org/10.1111/nan.12862",2022,"Mayen Briggs;Anirban Das;Helen V. Firth;Adrian Levine;Santiago Sánchez‐Ramírez;Logine Negm;Ayse B. Ercan;Jill Chung;Vanessa Bianchi;Ibrahim Jalloh;Poe Phyu;Nicky Thorp;Richard G. Grundy;Cynthia Hawkins;Jamie Trotman;Patrick Tarpey;Uri Tabori;Kieren Allinson;Matthew J. Murray"
"https://doi.org/10.1111/nan.12872",2022,"Megha Murthy;Gemma Shireby;Yasuo Miki;Emmanuelle Viré;Tammaryn Lashley;Thomas T. Warner;Jonathan Mill;Conceição Bettencourt"
"https://doi.org/10.1128/msphere.00463-20",2020,"Bhagyashree N. Swarge;Wishwas Abhyankar;Martijs J. Jonker;Huub C. J. Hoefsloot;Gertjan Kramer;Peter Setlow;Stanley Brul;Leo J. de Koning"
"https://doi.org/10.1128/msphere.00464-20",2020,"Bhagyashree N. Swarge;Chahida Nafid;Norbert O. E. Vischer;Gertjan Kramer;Peter Setlow;Stanley Brul"
"https://doi.org/10.1136/bmjopen-2021-053096",2021,"Maia Salholz-Hillel;Peter Grabitz;Molly Pugh-Jones;Daniel Strech;Nicholas DeVito"
"https://doi.org/10.1136/gutjnl-2018-317856",2020,"Alexander Biederstädt;Zonera Hassan;Christian Schneeweis;Markus Schick;Lara Schneider;Alexander Muckenhuber;Ying‐Fen Hong;Gerrit Siegers;Lisa M. Nilsson;Matthias Wirth;Zahra Dantes;Katja Steiger;Kathrin Schunck;Steven Langston;H-P Lenhof;Andrea Coluccio;Felix Orben;Jolanta Slawska;Anna Katharina Scherger;Dieter Saur;Stefan Müller;Roland Rad;Wilko Weichert;Jonas A. Nilsson;Maximilian Reichert;Günter Schneider;Ulrich Keller"
"https://doi.org/10.1155/2014/594350",2014,"Jie Huang;Zhandong Sun;Wenying Yan;Yujie Zhu;Yuxin Lin;Jiajai Chen;Bairong Shen;Jian Wang"
"https://doi.org/10.1155/2022/5297235",2022,"Jingxin Ren;Xianchao Zhou;Wei Guo;Kai‐Yan Feng;Tao Huang;Yu‐Dong Cai"
"https://doi.org/10.1155/2022/7727424",2022,"Shuai Zhang;Qian-Qian Wang;Haoran Xia;Hui Liu"
"https://doi.org/10.1155/2023/9988405",2023,"Qianqian Zhang;Ruixue Ma;Huimin Chen;Wentong Guo;Zhenyu Li;Kailin Xu;Wei Chen"
"https://doi.org/10.1172/jci.insight.146243",2022,"Xiaolin He;Monica F. Tolosa;Tianzhou Zhang;Santosh Kumar Goru;Luisa Ulloa Severino;Paraish S. Misra;Caitríona M. McEvoy;Lauren Caldwell;Stephen G. Szeto;Feng Gao;Xiaolan Chen;Cassandra Atin;Victoria Ki;Noah Vukosa;Catherine Hu;Johnny Zhang;Christopher M. Yip;Adriana Krizova;Jeffrey L. Wrana;Darren A. Yuen"
"https://doi.org/10.1172/jci.insight.163929",2023,"Isaac M. Oderberg;Wolfram Goessling"
"https://doi.org/10.1177/0269881121992676",2021,"Tim Hirschfeld;Timo Torsten Schmidt"
"https://doi.org/10.1182/bloodadvances.2022007254",2022,"Xingmin Feng;Jisoo Kim;Gladys Gonzalez-Matias;Nidhi Aggarwal;Ash Lee Manley;Zhijie Wu;Sabrina Solorzano;Sai Batchu;Shouguo Gao;Jichun Chen;Neal S. Young"
"https://doi.org/10.1186/s12859-021-03996-x",2021,"Moustafa Shokrof;C. Titus Brown;Tamer Mansour"
"https://doi.org/10.1186/s12864-022-09087-2",2022,"Yaoliang Liu;Jinlin Zhu;Hongchao Wang;Wenwei Lu;Yuan Kun Lee;Jianxin Zhao;Hao Zhang"
"https://doi.org/10.1186/s12883-022-02951-4",2022,"Ryota Kobayashi;Hiroya Naruse;Shinobu Kawakatsu;Chifumi Iseki;Yuya Suzuki;Shingo Koyama;Daichi Morioka;Hiroyuki Ishiura;Jun Mitsui;Yasuyuki Ohta;Shoji Tsuji;Tatsushi Toda;Koichi Otani"
"https://doi.org/10.1186/s12967-022-03263-4",2022,"Hua Wang;Shaoping Zheng;Hongbo Jiang;Xuejia Wang;Fengqin Zhou;Zhihong Weng"
"https://doi.org/10.1186/s13072-020-00345-9",2020,"Vladimir B. Teif;Travis J. Gould;Christopher T. Clarkson;Logan Boyd;Enoch Antwi;Naveed Ishaque;Ada L. Olins;Donald E. Olins"
"https://doi.org/10.1186/s13073-016-0319-7",2016,"Safiye Çelik;Benjamin A. Logsdon;Stephanie L. Battle;Charles W. Drescher;Mara H. Rendi;R. David Hawkins;Su‐In Lee"
"https://doi.org/10.1186/s13073-022-01148-1",2023,"Florence Thirion;Finn Sellebjerg;Yong Fan;Liwei Lyu;Tue H. Hansen;Nicolas Pons;Florence Levenez;Benoît Quinquis;Evelina Stankevič;Helle Bach Søndergaard;Thomas Meinertz Dantoft;Casper Sahl Poulsen;Sofia K. Forslund;Henrik Vestergaard;Torben Hansen;Susanne Brix;Annette Oturai;Per Soelberg Sørensen;S. Dusko Ehrlich;Oluf Pedersen"
"https://doi.org/10.1186/s13195-020-00720-4",2020,"Anna Mega;Samantha Galluzzi;Cristian Bonvicini;Silvia Fostinelli;Massimo Gennarelli;Cristina Geroldi;Orazio Zanetti;Luisa Benussi;Emilio Di Maria;Giovanni B. Frisoni"
"https://doi.org/10.1186/s40478-019-0681-y",2019,"Gustavo Alencastro Veiga Cruzeiro;Karina Bezerra Salomão;Carlos Alberto Oliveira de Biagi;Martin Baumgartner;Dominik Sturm;Régia Caroline Peixoto Lira;Taciani de Almeida Magalhães;Mirella Baroni;Vanessa S. Silveira;Fabiano Pinto Saggioro;Ricardo Santos de Oliveira;Paulo Klinger;Ana Luíza Seidinger;José Andres Yunes;Rosane Gomes de Paula Queiróz;Sueli Mieko Oba‐Shinjo;Carlos Alberto Scrideli;Suely Kazue Nagahashi Marie;Luíz Gonzaga Tone;Elvis Terci Valera"
"https://doi.org/10.1186/s40478-021-01135-4",2021,"Tatsuya Ozawa;Syuzo Kaneko;Frank Szulzewsky;Zhiwei Qiao;Mutsumi Takadera;Yoshitaka Narita;Tadashi Kondo;Eric C. Holland;Ryuji Hamamoto;Koichi Ichimura"
"https://doi.org/10.1186/s40478-021-01249-9",2021,"Omkar Singh;Drew Pratt;Kenneth Aldape"
"https://doi.org/10.1186/s40478-021-01295-3",2021,"Nicholas Nuechterlein;Linda G. Shapiro;Eric C. Holland;Patrick J. Cimino"
"https://doi.org/10.1186/s40478-023-01514-z",2023,"Matthew Pun;Drew Pratt;Patricia R. Nano;Piyush Joshi;Li Jiang;Bernhard Englinger;Arvind Rao;Marcin Cieślik;Arul M. Chinnaiyan;Kenneth Aldape;Stefan M. Pfister;Mariella G. Filbin;Aparna Bhaduri;Sriram Venneti"
"https://doi.org/10.1212/nxg.0000000000200037",2023,"Alyaa Shmara;Liliane Gibbs;Ryan Patrick Mahoney;Kyle Hurth;Vanessa Goodwill;Alicia Cuber;Regina Im;Donald Pizzo;Jerry M. Brown;Christina M. Laukaitis;Shalini Mahajan;Virginia Kimonis"
"https://doi.org/10.12688/wellcomeopenres.15396.2",2020,"Paul A. Thompson;Dorothy Bishop;Else Eising;Simon E. Fisher;Dianne F. Newbury"
"https://doi.org/10.1371/journal.pbio.3000648",2020,"Inga Kavazović;Hongya Han;G Balzaretti;Erik Slinger;Niels A. W. Lemmermann;Anja ten Brinke;Doron Merkler;Jan Köster;Yenan T. Bryceson;Niek de Vries;Stipan Jonjić;Paul L. Klarenbeek;Bojan Polić;Eric Eldering;Felix M. Wensveen"
"https://doi.org/10.1371/journal.pcbi.1003148",2013,"Jaeyun Sung;Pan‐Jun Kim;Shuyi Ma;Cory C. Funk;Andrew T. Magis;Yuliang Wang;Leroy Hood;Donald Geman;Nathan D. Price"
"https://doi.org/10.1371/journal.pgen.1007308",2018,"Yongwook Choi;Agnes P. Chan;Ewen F. Kirkness;Amalio Telenti;Nicholas J. Schork"
"https://doi.org/10.1371/journal.pone.0247093",2021,"Adrián Mosquera Orgueira;Andrés Peleteiro Raíndo;Miguel Cid López;Beatriz Antelo Rodríguez;José Ángel Díaz Arias;Roi Ferreiro Ferro;Natalia Alonso Vence;Ángeles Bendaña López;Aitor Abuín Blanco;Laura Bao Pérez;Paula Melero Valentín;Marta Sonia González;Claudio Cerchione;Giovanni Martinelli;Pau Montesinos;Manuel Pérez‐Encinas;Jose Luís Bello López"
"https://doi.org/10.15252/msb.202110260",2021,"Kuoyuan Cheng;Laura Martin‐Sancho;Lipika R. Pal;Yuan Pu;Laura Riva;Xin Yin;Sanju Sinha;Nishanth Ulhas Nair;Sumit K. Chanda;Eytan Ruppin"
"https://doi.org/10.17605/osf.io/b5296",2020,"Alberto Antonietti;Helena Jambor;Bradly Alicea;Tracy L. Audisio;Susann Auer;Vivek Bhardwaj;Steven Burgess;Iuliia Ferling;Małgorzata Anna Gazda;Luke H. Hoeppner"
"https://doi.org/10.17605/osf.io/x9kad",2019,"Martin Hölzer;Andreas Schoen;Julia Wulle;Marcel A. Müller;Christian Drosten;Manja Marz;Friedemann Weber"
"https://doi.org/10.17605/osf.io/y2cfm",2020,"Veith Weilnhammer"
"https://doi.org/10.18632/aging.204358",2022,"Shanshan Chen;Yuan Zhan;Jinkun Chen;Jixing Wu;Yiya Gu;Qian Huang;Zhesong Deng;Xiaojie Wu;Yongman Lv;Jungang Xie"
"https://doi.org/10.18632/oncotarget.23311",2017,"Anbarasu Lourdusamy;Li Luo;Lisa Storer;Kenneth J. Cohen;Linda Resar;Richard G. Grundy"
"https://doi.org/10.18632/oncotarget.26211",2018,"Prit Benny Malgulwar;Vikas Sharma;Ashutosh Singh Tomar;Chaitenya Verma;Aruna Nambirajan;Manmohan Singh;Vaishali Suri;Chitra Sarkar;Mehar Chand Sharma"
"https://doi.org/10.18632/oncotarget.28032",2021,"Nesrin M. Hasan;Anup Sharma;Nensi Ruzgar;Hari A. Deshpande;Kelly Olino;Sajid Khan;Nita Ahuja"
"https://doi.org/10.18632/oncotarget.3083",2014,"Martin F. Orth;Alex Cazes;Elke Butt;Thomas G. P. Grünewald"
"https://doi.org/10.2139/ssrn.4357991",2023,"Tilman Steinert;Johanna Baumgardt;Andreas Bechdolf;Felix Bühling‐Schindowski;Celline Cole;Erich Flammer;Susanne Jaeger;Julia Junghanss;Marie Kampmann;Rainer Muche;Dorothea Sauter;Lieselotte Mahler;Angelika Vandamme;Sophie Hirsch"
"https://doi.org/10.3389/fbioe.2020.00177",2020,"Feili Liu;Hang Dong;Zi Mei;Tao Huang"
"https://doi.org/10.3389/fcvm.2021.722154",2021,"Chengui Zhuo;Jianqiang Zhao;Miao Chen;Yunlong Lu"
"https://doi.org/10.3389/fimmu.2020.613496",2021,"Zarni Win;January Weiner rd;Allan Listanco;Neva Patel;Rohini Sharma;Aldona Greenwood;Jeroen Maertzdorf;Hans‐Joachim Mollenkopf;Kat Pizzoferro;Thomas Cole;Caroline L. Bodinham;Stefan H. E. Kaufmann;Philippe Denoël;Giuseppe Del Giudice;David Lewis"
"https://doi.org/10.3389/fimmu.2021.657162",2021,"Eléna Gonçalves;Yolanda Guillén;Javier R. Lama;Jorge Sánchez;Christian Brander;Roger Paredes;Béhazine Combadière"
"https://doi.org/10.3389/fimmu.2022.1026280",2022,"Xiaoyou Liu;Ding Liu;Song Zhou;Weihao Jiang;Jie Zhang;Jianmin Hu;Guorong Liao;Jun Liao;Zefeng Guo;Yuzhu Li;Siqiang Yang;Shichao Li;Hua Chen;Ying Guo;Min Li;Lipei Fan;Liuyang Li;Ming Zhao;Yongguang Liu"
"https://doi.org/10.3389/fimmu.2022.1075400",2022,"Sophia Kerns;Katherine A. Owen;Jessica Kain;Peter E. Lipsky"
"https://doi.org/10.3389/fmed.2021.664045",2021,"Miguel Gonzalez Acera;Jay V. Patankar;Leonard Diemand;Britta Siegmund;Markus F. Neurath;Stefan Wirtz;Christoph Becker"
"https://doi.org/10.3389/fmed.2022.817324",2022,"Philip F. Halloran;Georg A. Böhmig;Jonathan S. Bromberg;Gunilla Einecke;Farsad Eskandary;Gaurav Gupta;Marek Myślak;Ondřej Viklický;Agnieszka Perkowska‐Ptasińska;Katelynn S. Madill-Thomsen"
"https://doi.org/10.3389/fneur.2022.790082",2022,"Shuyan Feng;Lin Han;Chun‐Hui Che;Huapin Huang;Changyun Liu;Zhang‐Yu Zou"
"https://doi.org/10.3389/fninf.2014.00047",2014,"Pallavi Rane;Christian Haselgrove;Steven M. Hodge;Jean A. Frazier;David P. Kennedy"
"https://doi.org/10.3389/fonc.2022.1003512",2022,"Weifeng Liang;Chao Zhou;Jingshu Wang;Jing Zhao;Fang Liu;Guoqiang Wang;Chunwei Xu;Yuzi Zhang;Wenxian Wang;Shangli Cai;Yusheng Han;Lei Chang;Peihai Zhang"
"https://doi.org/10.3389/fonc.2022.888570",2022,"Fangmin Zhong;Fangyi Yao;Jing Liu;Haibin Zhang;Jing Zhang;Nan Zhang;Lin Jin;Shuqi Li;Mei‐Yong Li;Junyao Jiang;Ying Cheng;Shuai Xu;Wen Wen;Yu‐Lin Yang;Xueru Zhang;Xue‐Xin Cheng;Bo Huang;Xiaozhong Wang"
"https://doi.org/10.3389/fonc.2022.993611",2022,"Joseph Tintelnot;Inka Ristow;Markus Sauer;Donjetë Simnica;Christoph Schultheiß;Rebekka Scholz;Eray Goekkurt;Lisa von Wenserski;Edith Willscher;Lisa Paschold;Sylvie Lorenzen;Jorge Riera‐Knorrenschild;Reinhard Depenbusch;Thomas Jens Ettrich;Steffen Dörfel;Salah-Eddin Al-Batran;Meinolf Karthaus;Uwe Pelzer;Axel Hinke;Marcus Bauer;Chiara Massa;Barbara Seliger;Claudia Wickenhauser;Carsten Bokemeyer;Susanna Hegewisch‐Becker;Mascha Binder;Alexander Stein"
"https://doi.org/10.3389/fphar.2022.865363",2022,"Hang Zhou;Jintao Wei;Ming Zheng;Zeping Gui;Hao Chen;Li Sun;Shuang Fei;Zhijian Han;Jun Tao;Zijie Wang;Ruoyun Tan;Min Gu"
"https://doi.org/10.3390/biom13030501",2023,"Xinyu Tu;Fan Wang;Gianni Liti;Michael Breitenbach;Jia‐Xing Yue;Jing Li"
"https://doi.org/10.3390/biomedicines11010146",2023,"Patricia Franzka;Svenja C. Schüler;Takfarinas Kentache;Robert Storm;Andrea Bock;István Katona;Joachim Weis;Katrin Buder;Christoph Kaether;Christian A. Hübner"
"https://doi.org/10.3390/cancers12071922",2020,"Roberta Antonelli;Carlos Jiménez;Misha M. Riley;Tiziana Servidei;Riccardo Riccardi;Aroa Soriano;Josep Roma;Elena Martínez‐Sáez;Maurizio Martini;Antonio Ruggiero;Lucas Moreno;Joan Sánchez-de-Toledo;Soledad Gallego;Jordi Bové;Jacob M. Hooker;Miguel F. Segura"
"https://doi.org/10.3390/cancers13020330",2021,"Clara Andradas;Jacob Byrne;Mani Kuchibhotla;Mathew Ancliffe;Anya C. Jones;Brooke Carline;Hilary Hii;Alexandra Truong;Lisa Storer;Timothy Ritzmann;Richard G. Grundy;Nicholas G. Gottardo;Raelene Endersby"
"https://doi.org/10.3390/cancers13123047",2021,"Xiaoyu Zhang;Yuting Xing;Kai Sun;Yike Guo"
"https://doi.org/10.3390/cancers13235978",2021,"Müge Yalçin;Deeksha Malhan;Alireza Basti;Ana Rita Peralta;Joaquim J. Ferreira;Angela Relógio"
"https://doi.org/10.3390/cells10092253",2021,"Miguel Gonzalez Acera;Marvin Bubeck;Fabrizio Mascia;Leonard Diemand;Gregor Sturm;Anja A. Kühl;Raja Atreya;D. Chichung Lie;Markus F. Neurath;Michael Schümann;Christoph S. N. Klose;Zlatko Trajanoski;Christoph Becker;Jay V. Patankar"
"https://doi.org/10.3390/genes13061070",2022,"José Carlos Solana;Carmen Chicharro;E. Barbero García;Begoña Aguado;Javier Moreno;José M. Requena"
"https://doi.org/10.3390/genes14030676",2023,"Rod Carlo Columbres;Yue Chin;Sanjana Pratti;Colin Quinn;Luis F. Gonzalez‐Cuyar;Michael D. Weiss;Fabiola Quintero‐Rivera;Virginia Kimonis"
"https://doi.org/10.3390/ijms22041877",2021,"Tiziana Servidei;Daniela Meco;Maurizio Martini;Alessandra Battaglia;Alessia Granitto;Alexia Buzzonetti;Gabriele Babini;Luca Massimi;Gianpiero Tamburrini;Giovanni Scambia;Antonio Ruggiero;Riccardo Riccardi"
"https://doi.org/10.3390/ijms221910817",2021,"Yu Ran Na;Jin Young Kim;Chang Ho Song;Mi Kyung Kim;Yen Thi;Tam Thuy Lu Vo;Eunsom Choi;Eunyoung Ha;Ji Hae Seo;So‐Jin Shin"
"https://doi.org/10.3390/ijms232012330",2022,"Jerry Vriend;Thatchawan Thanasupawat;Namita Sinha;Thomas Klonisch"
"https://doi.org/10.3390/jpm11080691",2021,"Annabell Szymansky;Louisa-Marie Kruetzfeldt;Lukas C. Heukamp;Falk Hertwig;Jessica Theißen;Hedwig E. Deubzer;Eva‐Maria Willing;Roopika Menon;Steffen Fuchs;Theresa Thole;Stefanie Schulte;Karin Schmelz;Annette Künkele;Peter Lang;Jörg Fuchs;Angelika Eggert;Cornelia Eckert;Matthias Fischer;Anton G. Henssen;Elias Rodríguez-Fos;Johannes H. Schulte"
"https://doi.org/10.4049/jimmunol.1800683",2018,"Dermot Mallon;Christiane Kling;Matthew Robb;Eva Ellinghaus;J. Andrew Bradley;Craig J. Taylor;Dieter Kabelitz;Vasilis Kosmoliaptsis"
"https://doi.org/10.7554/elife.52253",2020,"Xin Cui;Chao Ma;Varshini Vasudevaraja;Jonathan Serrano;Jie Tong;Yansong Peng;Michael DeLorenzo;Guomiao Shen;Joshua D. Frenster;Renee‐Tyler T. Morales;Weiyi Qian;Aristotelis Tsirigos;S. Andrew;Rajan Jain;Sylvia C. Kurz;Erik P. Sulman;Dimitris G. Placantonakis;Matija Snuderl;Weiqiang Chen"
"https://doi.org/10.1002/2211-5463.12881",2020,"Jinghui Jia;Xiaoxin Yang;Qing Zhao;Feiquan Ying;E Cai;Si Sun;Xiaoqi He"
"https://doi.org/10.1002/advs.202105469",2022,"Rourou Xiao;Lixin You;Zhang Li;Xichen Guo;Ensong Guo;Faming Zhao;Bin Yang;Xi Li;Yu Fu;Funian Lu;Zizhuo Wang;Chen Liu;Wenju Peng;Wenting Li;Xiaohang Yang;Yingyu Dou;Jingbo Liu;Wei Wang;Tianyu Qin;Yaoyuan Cui;Xiaoxiao Zhang;Fuxia Li;Yang Jin;Qingping Zeng;Beibei Wang;Gordon B. Mills;Gang Chen;Xia Sheng;Chaoyang Sun"
"https://doi.org/10.1002/cti2.1420",2022,"Lisanne Lutter;Marlot van der Wal;Eelco C. Brand;Patrick Maschmeyer;Sebastiaan J. Vastert;Mir‐Farzin Mashreghi;Jorg van Loosdregt;Femke van Wijk"
"https://doi.org/10.1002/ctm2.1217",2023,"Adrián Sánchez‐Fdez;Sofía Matilla‐Almazán;Juan Carlos Montero;Sofía del Carmen;Mar Abad;Sara García‐Alonso;Somshuvra Bhattacharya;Kristin Calar;Pilar de la Puente;Alberto Ocaña;Atanasio Pandiella;Azucena Esparís‐Ogando"
"https://doi.org/10.1002/ctm2.633",2021,"Leah Sommerfeld;Florian Finkernagel;Julia M. Jansen;Uwe Wagner;Andrea Nist;Thorsten Stiewe;Sabine Müller‐Brüsselbach;Anna M. Sokòl;Johannes Graumann;Silke Reinartz;Rolf Müller"
"https://doi.org/10.1002/mco2.245",2023,"Fei Xie;Han Zhang;Kongkai Zhu;Cheng‐Shi Jiang;Xiaoya Zhang;Hongkai Chang;Yaya Qiao;Mingming Sun;Jiyan Wang;Mukuo Wang;Junzhen Tan;Tao Wang;Lianmei Zhao;Yuan Zhang;Jianping Lin;Chunze Zhang;Shuangping Liu;Jianguo Zhao;Cheng Luo;Shuai Zhang;Changliang Shan"
"https://doi.org/10.1007/s00018-021-04119-8",2022,"Davide Barbagallo;Concetta Ilenia Palermo;Cristina Barbagallo;Rosalia Battaglia;A Caponnetto;Vittoria Spina;Marco Ragusa;Cinzia Di Pietro;Guido Scalia;Michele Purrello"
"https://doi.org/10.1016/j.celrep.2021.109441",2021,"Fleur Jochems;Bram Thijssen;Giulia De Conti;Robin A. Jansen;Ziva Pogacar;Kelvin Groot;Liqin Wang;Arnout Schepers;Cun Wang;Haojie Jin;Roderick L. Beijersbergen;Rodrigo Leite de Oliveira;Lodewyk F.A. Wessels;René Bernards"
"https://doi.org/10.1016/j.celrep.2022.111214",2022,"Aileen Ebenig;Samada Muraleedharan;Julia Kazmierski;Daniel Tödt;Arne Auste;Martina Anzaghe;André Gömer;Dylan Postmus;Patricia Gogesch;Marc A. Niles;Roland Plesker;Csaba Miskey;Michelle Gellhorn Serra;Angele Breithaupt;Cindy Hörner;Carina Kruip;Rosina Ehmann;Zoltán Ivics;Zoe Waibler;Stephanie Pfaender;Emanuel Wyler;Markus Landthaler;Alexandra Kupke;Geraldine Nouailles;Christine Goffinet;Richard J. P. Brown;Michael D. Mühlebach"
"https://doi.org/10.1016/j.chom.2020.12.009",2020,"Hans-Heinrich Hoffmann;Francisco J. Sánchez‐Rivera;William M. Schneider;Joseph M. Luna;Yadira M. Soto‐Feliciano;Alison W. Ashbrook;Jérémie Le Pen;Andrew A. Leal;Inna Ricardo-Lax;Eleftherios Michailidis;Hao Yuan;Ansgar F. Stenzel;Avery Peace;Johannes Zuber;C. David Allis;Scott W. Lowe;Margaret R. MacDonald;John T. Poirier;Charles M. Rice"
"https://doi.org/10.1016/j.compbiomed.2023.106969",2023,"Yinchun Su;Jiashuo Wu;Xiangmei Li;Ji Li;Xilong Zhao;Bingyue Pan;Junling Huang;Qingfei Kong;Junwei Han"
"https://doi.org/10.1016/j.dib.2021.107320",2021,"Christian Schinke;Valeria Fernández Vallone;Andranik Ivanov;Yangfan Peng;Péter Körtvelyessy;Luca Nolte;Petra Huehnchen;Dieter Beule;Harald Stachelscheid;Wolfgang Boehmerle;Matthias Endres"
"https://doi.org/10.1016/j.ebiom.2018.12.054",2018,"Sipeng Shen;Guanrong Wang;Ruyang Zhang;Yang Zhao;Hao Yu;Yongyue Wei;Feng Chen"
"https://doi.org/10.1016/j.ebiom.2019.102602",2020,"Rong Liu;Rong Hu;Ying Zeng;Wei Zhang;Hong‐Hao Zhou"
"https://doi.org/10.1016/j.gene.2020.145325",2020,"Jing Luo;Saisai Lu;Mengjiao Yu;Lixia Zhu;Chengwei Zhu;Chenlu Li;Jinxia Fang;Xiaochun Zhu;Xiaobing Wang"
"https://doi.org/10.1016/j.genrep.2022.101641",2022,"Kiarash Roustai Geraylow;Romina Hemmati;Sepideh Kadkhoda;Soudeh Ghafouri‐Fard"
"https://doi.org/10.1016/j.heliyon.2023.e13170",2023,"Soon Sang Park;Young‐Kyoung Lee;So Hyun Park;Su Bin Lim;Yong Won Choi;Jun Sang Shin;Young Hwa Kim;Jang‐Hee Kim;Tae Jun Park"
"https://doi.org/10.1016/j.isci.2020.101526",2020,"Nilesh Kumar;Bharat Mishra;Adeel Mehmood;Mohammad Athar;M. Shahid Mukhtar"
"https://doi.org/10.1016/j.isci.2021.102151",2021,"Emanuel Wyler;Kirstin Mösbauer;Vedran Franke;Asija Diag;Lina Theresa Gottula;Roberto Arsiè;Filippos Klironomos;David Koppstein;Katja Hönzke;Salah Ayoub;Christopher Buccitelli;Karen Hoffmann;Anja Richter;Ivano Legnini;Andranik Ivanov;Tommaso Mari;Simone Del Giudice;Jan Papies;Samantha D. Praktiknjo;Thomas F. Meyer;Marcel A. Müller;Daniela Niemeyer;Andreas C. Hocke;Matthias Selbach;Altuna Akalin;Nikolaus Rajewsky;Christian Drosten;Markus Landthaler"
"https://doi.org/10.1016/j.isci.2021.103331",2021,"Ali Kishk;Maria Pires Pacheco;Thomas Sauter"
"https://doi.org/10.1016/j.jbc.2021.100563",2021,"Yuriko Sorimachi;Daiki Karigane;Yukako Ootomo;Hiroshi Kobayashi;Takayuki Morikawa;Kinya Otsu;Yoshiaki Kubota;Shinichiro Okamoto;Nobuhito Goda;Keiyo Takubo"
"https://doi.org/10.1016/j.mlwa.2021.100150",2021,"Leandro A. Bugnon;Jonathan Raad;Gabriela Merino;Cristian Yones;Federico Ariel;Diego H. Milone;Georgina Stegmayer"
"https://doi.org/10.1016/j.molmet.2021.101424",2021,"Ulrich Stifel;Eva-Maria Wolfschmitt;J. Vogt;Ulrich Wachter;Sabine Vettorazzi;Daniel Tews;Melanie Hogg;Fabian Zink;Nora Koll;Sandra Winning;Rémi Mounier;Bénédicte Chazaud;Peter Radermacher;Pamela Fischer‐Posovszky;Giorgio Caratti;Jan Tuckermann"
"https://doi.org/10.1016/j.stem.2020.10.004",2020,"Jeonghwan Youk;Taewoo Kim;Kelly V. Evans;Young-Il Jeong;Yong Suk Hur;Seon Pyo Hong;Je Hyoung Kim;Kijong Yi;Su Yeon Kim;Kwon Joong Na;Thomas Bleazard;Ho Min Kim;Mick D. Fellows;Krishnaa T. Mahbubani;Kourosh Saeb‐Parsy;Seon Young Kim;Young Tae Kim;Gou Young Koh;Byeong‐Sun Choi;Young Seok Ju;Joo‐Hyeon Lee"
"https://doi.org/10.1021/acsomega.2c05245",2022,"Elif Damla Arısan;D. Alwyn Dart;Guy H. Grant;Andrew Dalby;Derya Dilek Kançağı;Raife Dilek Turan;Bulut Yurtsever;Gözde Sır Karakuş;Ercüment Ovalı;Sigrun Lange;Pinar Uysal‐Onganer"
"https://doi.org/10.1021/acsomega.2c05376",2022,"Jinwen Zhang;Mingfeng He;Qian Xie;Ailing Su;Kuangyang Yang;Lichu Liu;Jianhui Liang;Ziqi Li;Xiuxin Huang;Jianshu Hu;Qian Liu;Bing Song;Chun Hu;Lei Chen;Yan Wang"
"https://doi.org/10.1038/bcj.2017.56",2017,"Amit Mitra;Taylor Harding;Ujjal Kumar Mukherjee;Jin Sung Jang;Y Li;R HongZheng;Jin Jen;Pieter Sonneveld;Shaji Kumar;W. Michael Kuehl;S. Vincent Rajkumar;Brian Van Ness"
"https://doi.org/10.1038/bjc.2013.687",2013,"P-N Teng;G Wang;Becky Hood;Karly Conrads;C.A. Hamilton;G L Maxwell;K M Darcy;T P Conrads"
"https://doi.org/10.1038/onc.2014.277",2014,"Michelle King;Mallory E. Lindberg;Genna R. Stodden;Hiroshi Okuda;Steven Ebers;Alyssa E. Johnson;Anthony Montag;Ernst Lengyel;James A. MacLean;Kanako Hayashi"
"https://doi.org/10.1038/s41392-021-00746-6",2021,"Xiaozhu Tang;Mengjie Guo;Pinggang Ding;Zhendong Deng;Mengying Ke;Yuxia Yuan;Yanyan Zhou;Zigen Lin;Muxi Li;Chunyan Gu;Xiaosong Gu;Ye Yang"
"https://doi.org/10.1038/s41392-022-00881-8",2022,"Xiaobo Zheng;Jinen Song;Chune Yu;Zong‐Guang Zhou;Xiaowei Liu;Jing Yu;Guangchao Xu;Jiqiao Yang;Xiujing He;Xin Bai;Ya Luo;Yu Bao;Huifang Li;Lie Yang;Ming-Qing Xu;Nan Song;Xiao-Dong Su;Jie Xu;Xuelei Ma;Hubing Shi"
"https://doi.org/10.1038/s41392-022-00969-1",2022,"Qian Zhao;Qiong Wang;Bing Zhao;Yixing Wang;Jinhui Lü;Yuefan Guo;Xiaoping Zhu;Qian Lü;Shanshan Yu;Lipeng Hao;Zhongmin Liu;Zuoren Yu"
"https://doi.org/10.1038/s41416-020-01252-2",2021,"Haonan Lu;Paula Cunnea;Katherine Nixon;Natasha Rinne;Eric O. Aboagye;Christina Fotopoulou"
"https://doi.org/10.1038/s41419-019-2050-y",2019,"Jiawen Zhang;Jing Zhang;Yingze Wei;Qingxian Li;Qingying Wang"
"https://doi.org/10.1038/s41431-022-01070-5",2022,"Yuanxu Zhang;Yisheng Sun;Hanping Zhu;Hai Hong;Jianmin Jiang;Pingping Yao;Hua‐Xin Liao;Yanfeng Zhang"
"https://doi.org/10.1038/s41467-018-05348-5",2018,"Joske Ubels;Pieter Sonneveld;Erik H. van Beers;Annemiek Broijl;Martin H. van Vliet;Jeroen de Ridder"
"https://doi.org/10.1038/s41467-021-20893-2",2021,"Alba Rodríguez-García;Rachel C. Lynn;Mathilde Poussin;Monika A. Eiva;Lauren Shaw;Roddy S. O’Connor;Nicholas G. Minutolo;Victoria Casado‐Medrano;Gonzalo López;Takami Matsuyama;Daniel J. Powell"
"https://doi.org/10.1038/s41467-021-24007-w",2021,"Nils C. Gassen;Jan Papies;Thomas Bajaj;Jackson Emanuel;Frederik Dethloff;Robert Lorenz Chua;Jakob Trimpert;Nicolas Heinemann;Christine Niemeyer;Friderike Weege;Katja Hönzke;Tom Aschman;Daniel E. Heinz;Katja Weckmann;Tim Ebert;Andreas Zellner;Martina Lennarz;Emanuel Wyler;Simon Schroeder;Anja Richter;Daniela Niemeyer;Karen Hoffmann;Thomas F. Meyer;Frank L. Heppner;Victor M. Corman;Markus Landthaler;Andreas C. Hocke;Markus Morkel;Nikolaus Osterrieder;Christian Conrad;Roland Eils;Helena Radbruch;Patrick Giavalisco;Christian Drosten;Marcel A. Müller"
"https://doi.org/10.1038/s41467-021-25412-x",2021,"Federico Giovannoni;Zhaorong Li;Federico Remes-Lenicov;María Eugenia Dávola;María Mercedes Elizalde;Ana Paletta;Ali A. Ashkar;Karen L. Mossman;Andrea Dugour;Juan Manuel Figueroa;Andrea A. Barquero;Ana Ceballos;Cybele C. Garcı́a;Francisco J. Quintana"
"https://doi.org/10.1038/s41467-021-27666-x",2022,"Ram Ajore;Abhishek Niroula;Maroulio Pertesi;Caterina Cafaro;Malte Thodberg;Molly Went;Erik L. Bao;Laura Duran-Lozano;Aitzkoa Lopez de Lapuente Portilla;Thorunn A. Olafsdottir;Nerea Ugidos-Damboriena;Ólafur Þ. Magnússon;Mehmet Samur;Caleb A. Lareau;Gísli H. Halldórsson;Guðmar Þorleifsson;Gudmundur L. Norddahl;Kristbjörg Gunnarsdóttir;Asta Försti;Hartmut Goldschmidt;Kari Hemminki;Frits van Rhee;Scott Kimber;Adam S. Sperling;Martin Kaiser;Kenneth C. Anderson;Ingileif Jónsdóttir;Nikhil C. Munshi;Þórunn Rafnar;Anders Waage;Niels Weinhold;Unnur Þorsteinsdóttir;Vijay G. Sankaran;Kári Stéfansson;Richard S. Houlston;Björn Nilsson"
"https://doi.org/10.1038/s41467-022-29824-1",2022,"Martina Troiani;Manuel Colucci;Mariantonietta D’Ambrosio;Ilaria Guccini;Emiliano Pasquini;Angelica Varesi;Aurora Valdata;Simone Mosole;Ajinkya Revandkar;Giuseppe Attanasio;Andrea Rinaldi;Anna Maria Rinaldi;Marco Bolis;Pietro E. Cippà;Andrea Alimonti"
"https://doi.org/10.1038/s41467-023-37831-z",2023,"Giorgio Caratti;Ulrich Stifel;Bozhena Caratti;Ali Jasim Mohammad Jamil;Kyoung‐Jin Chung;Michael Kiehntopf;Markus H. Gräler;Matthias Blüher;Alexander Rauch;Jan Tuckermann"
"https://doi.org/10.1038/s41588-022-01190-0",2022,"King L. Hung;Jens Luebeck;Siavash R. Dehkordi;Caterina I. Colón;Rui Li;Ivy Tsz-Lo Wong;Ceyda Çoruh;Prashanthi Dharanipragada;Shirley H. Lomeli;Natasha E. Weiser;Gatien Moriceau;Xiao Zhang;Chris Bailey;Kathleen E. Houlahan;Wenting Yang;Rocío Chamorro González;Charles Swanton;Christina Curtis;Mariam Jamal‐Hanjani;Anton G. Henssen;Julie A. Law;William J. Greenleaf;Roger S. Lo;Paul S. Mischel;Vineet Bafna;Howard Y. Chang"
"https://doi.org/10.1038/s41598-021-03613-0",2022,"Akram Vasighizaker;Saiteja Danda;Luis Rueda"
"https://doi.org/10.1038/s41598-021-82221-4",2021,"Fengju Chen;Yiqun Zhang;Richard Sucgang;Sasirekha Ramani;David B. Corry;Farrah Kheradmand;Chad J. Creighton"
"https://doi.org/10.1038/s41598-021-86923-7",2021,"Yuanyuan Fu;Dionyssios Katsaros;Nicoletta Biglia;Zhanwei Wang;Ian Pagano;Marcus A. Tius;Maarit Tiirikainen;Charles J. Rosser;Haining Yang;Herbert Yu"
"https://doi.org/10.1038/s41598-022-15898-w",2022,"Asmaa Samy;Mohamed A. Maher;Nehal Adel Abdelsalam;Eman Badr"
"https://doi.org/10.1038/s41598-022-23950-y",2022,"Dayna Nguyen;Hye-Min Jeon;Jeongwu Lee"
"https://doi.org/10.1038/s41598-022-24140-6",2022,"Sanja Jurcevic;Simon Keane;Emmy Borgmästars;Zelmina Lubovac-Pilav;Katarina Ejeskär"
"https://doi.org/10.1038/s41698-021-00185-0",2021,"Matthew A. Wall;Serdar Turkarslan;Wei‐Ju Wu;Samuel A. Danziger;David J. Reiss;Mike J. Mason;Andrew Dervan;Matthew Trotter;Douglas E. Bassett;Robert M. Hershberg;Adrián López García de Lomana;Alexander V. Ratushny;Nitin S. Baliga"
"https://doi.org/10.1038/s41698-022-00298-0",2022,"Adel Alblihy;Reem Ali;Mashael Algethami;Ahmed Shoqafi;Michael S. Toss;Juliette Brownlie;Natalie J. Tatum;Ian Hickson;Paloma Ordóñez‐Morán;Anna M. Grabowska;Jennie N. Jeyapalan;Nigel P. Mongan;Emad A. Rakha;Srinivasan Madhusudan"
"https://doi.org/10.1038/s42003-022-03663-8",2022,"Pasquale Laise;Megan L. Stanifer;Gideon Bosker;Xiaoyun Sun;Sergio Triana;Patricio Doldan;Federico La Manna;Marta De Menna;Ronald Realubit;Sergey Pampou;Charles Karan;Theodore Alexandrov;Marianna Kruithof‐de Julio;Andrea Califano;Steeve Boulant;Mariano J. Alvarez"
"https://doi.org/10.1038/srep11432",2015,"Heonjong Han;Hongseok Shim;Donghyun Shin;Jung Eun Shim;Yun-Hee Ko;Junha Shin;Hanhae Kim;A‐Ra Cho;Eiru Kim;Tak Lee;Hyojin Kim;Kyung Soo Kim;Sunmo Yang;Dasom Bae;Ayoung Yun;Sunphil Kim;Chan Yeong Kim;Hyeon Jin Cho;Byunghee Kang;Susie Shin;Insuk Lee"
"https://doi.org/10.1055/s-0042-1755272",2022,"Gary D. Bader;Ian D. McGilvray;Sonya A. MacParland;Jawairia Atif;Cornelia Thoeni"
"https://doi.org/10.1073/pnas.2214414119",2022,"Jin‐Hong Du;Zhanrui Cai;Kathryn Roeder"
"https://doi.org/10.1080/21655979.2021.1973220",2021,"Yuxi Gu;Shouyi Tang;Zhen Wang;Luyao Cai;Haosen Lian;Yingqiang Shen;Yu Zhou"
"https://doi.org/10.1093/bib/bbaa334",2020,"Zena Cai;Congyu Lu;Jun He;Li Liu;Yuanqiang Zou;Zheng Zhang;Zhaozhong Zhu;Xing‐Yi Ge;Aiping Wu;Taijiao Jiang;Heping Zheng;Yousong Peng"
"https://doi.org/10.1093/nar/gkac234",2022,"Vlada Zakharova;Mikhail Magnitov;Laurence Del Maestro;Sergey V. Ulianov;Alexandros Glentis;Burhan Uyanik;Alice Williart;Anna Karpukhina;Oleg N. Demidov;Véronique Joliot;Yegor Vassetzky;René‐Marc Mège;Matthieu Piel;Sergey V. Razin;Slimane Ait‐Si‐Ali"
"https://doi.org/10.1101/2020.06.01.127589",2020,"Jun Ding;Jose Lugo-Martinez;Ye Yuan;Jessie Huang;Adam J. Hume;Ellen L. Suder;Elke Mühlberger;Darrell N. Kotton;Ziv Bar‐Joseph"
"https://doi.org/10.1101/2021.05.14.444026",2021,"Mohamed Nadhir Djekidel;Wojciech Rosikiewicz;Jamy C. Peng;Thirumala‐Devi Kanneganti;Yawei Hui;Hongjian Jin;Dale J. Hedges;Patrick Schreiner;Yiping Fan;Gang Wu;Beisi Xu"
"https://doi.org/10.1101/2022.03.15.484018",2022,"Alok Kumar Singh;Rulin Wang;Kara A. Lombardo;Monali Praharaj;C. Korin Bullen;Peter Um;S. Lindsey Davis;Oliver Komm;Peter B. Illei;Alvaro A. Ordoñez;Melissa Bahr;Joy Huang;Anuj Gupta;Kevin J. Psoter;Sanjay K. Jain;Trinity J. Bivalacqua;Srinivasan Yegnasubramanian;William R. Bishai"
"https://doi.org/10.1111/bpa.13083",2022,"Niklas Woltering;Anne Albers;Michael Müther;Walter Stummer;Werner Paulus;Martin Hasselblatt;Markus Holling;Christian Thomas"
"https://doi.org/10.1111/jcmm.15601",2020,"Mingyang Bao;Lihua Zhang;Yue‐Qing Hu"
"https://doi.org/10.1111/jcmm.16327",2021,"Bao Zhang;Xiaocui Nie;Xinxin Miao;Shuo Wang;Jing Li;Shengke Wang"
"https://doi.org/10.1128/msphere.00754-20",2020,"Agnes P. Chan;Yongwook Choi;Nicholas J. Schork"
"https://doi.org/10.1155/2019/3614207",2019,"Yue Zhao;Shaomin Yang;Yulan Jin;Guang-wu Xiong;Pin Wang;Antoine M. Snijders;Jian‐Hua Mao;Xiaowei Zhang;Bo Hang"
"https://doi.org/10.1155/2022/6575534",2022,"Qingyang Liu;Xiaocheng Yang;Yuhan Yin;Hao Zhang;Fanxing Yin;Panpan Guo;Xiaoxu Zhang;Chenxi Sun;Shining Li;Yanshuo Han;Zhuo Yang"
"https://doi.org/10.1155/2022/7745675",2022,"Xiao Huo;Mo Yang;Xi Zhang;Shuzhen Wang;Hengzi Sun"
"https://doi.org/10.1172/jci.insight.139930",2020,"Jóhann E. Guðjónsson;Lam C. Tsoi;Feiyang Ma;Allison C. Billi;Kelsey R. van Straalen;Allard R.J.V. Vossen;Hessel H. van der Zee;Paul W. Harms;Rachael Wasikowski;Christine M. Yee;Syed M. Rizvi;Xianying Xing;Enze Xing;Olesya Plazyo;Chang Zeng;Matthew T. Patrick;Margaret M. Lowe;Richard E. Burney;Jeffrey H. Kozlow;Jill R. Cherry‐Bukowiec;Yanyun Jiang;Joseph Kirma;Stephan Weidinger;Kelly C. Cushing;Michael Rosenblum;Céline C. Berthier;Amanda S. MacLeod;John J. Voorhees;Fei Wen;J. Michelle Kahlenberg;Emanual Maverakis;Robert L. Modlin;Errol P. Prens"
"https://doi.org/10.1172/jci.insight.154395",2022,"Petra Huehnchen;Christian Schinke;Nikola Bangemann;Adam D. Dordevic;Johannes S. Kern;Smilla K. Maierhof;Lois Hew;Luca Nolte;Péter Körtvelyessy;Jens Göpfert;Klemens Ruprecht;Christopher J. Somps;Jens‐Uwe Blohmer;Jalid Sehouli;Matthias Endres;Wolfgang Boehmerle"
"https://doi.org/10.1186/1471-2407-14-837",2014,"Zsófia Pénzváltó;András Lánczky;Julianna Lénárt;Nóra Meggyesházi;Tibor Krenács;Norbert Szoboszlai;Carsten Denkert;Imre Pete;Balázs Győrffy"
"https://doi.org/10.1186/1476-4598-13-241",2014,"Stephen F. Madden;Colin Clarke;Britta Stordal;Mark Carey;Russell Broaddus;William M. Gallagher;John Crown;Gordon B. Mills;Bryan T. Hennessy"
"https://doi.org/10.1186/1757-2215-7-53",2014,"Shrikant Pawar;Shashikiran Donthamsetty;Vaishali Pannu;Padmashree C.G. Rida;Angela Ogden;Nathan J. Bowen;Remus Oşan;Guilherme Cantuaria;Ritu Aneja"
"https://doi.org/10.1186/s12859-019-2829-y",2019,"Sahil D. Shah;Rosemary Braun"
"https://doi.org/10.1186/s12864-022-08558-w",2022,"Mercedeh Movassagh;Sarah U. Morton;Christine Hehnly;Jasmine Smith;Trang T. Doan;Rafael A. Irizarry;James R. Broach;Steven J. Schiff;Jeffrey A. Bailey;Joseph N. Paulson"
"https://doi.org/10.1186/s12876-022-02257-2",2022,"Ning Kang;Xiao‐Li Xie;Xue Zhou;Yijun Wang;Shengxiong Chen;Ran Qi;Ting Liu;Huiqing Jiang"
"https://doi.org/10.1186/s12885-022-10485-8",2022,"Wen Gao;Dongli Liu;Haiyan Sun;Zhuyan Shao;Peipei Shi;Tingting Li;Sheng Yin;Tao Zhu"
"https://doi.org/10.1186/s12915-021-01217-8",2022,"Stephen Meek;Tom Watson;Lél Eöry;Gus R. McFarlane;Felicity Wynne;Stephen McCleary;Laura Dunn;Emily M. Charlton;Chloe Craig;Barbara Shih;Tim Regan;Ryan W. Taylor;Linda Sutherland;Anton Gossner;Cosmin Chintoan‐Uta;Sarah Fletcher;Philippa M. Beard;Musa A. Hassan;Finn Grey;Jayne C. Hope;Mark P. Stevens;Monika Nowak‐Imialek;Heiner Niemann;Pablo J. Ross;Christine Tait‐Burkard;Sarah M. Brown;Lucas Lefèvre;Gerard Thomson;Barry W. McColl;A.B. Lawrence;Alan Archibald;Falko Steinbach;Helen Crooke;Xuefei Gao;Pentao Liu;Tom Burdon"
"https://doi.org/10.1186/s12935-021-02155-9",2021,"Neng Tang;Xiaolin Dou;Xing You;Qiman Shi;Mujing Ke;Guodong Liu"
"https://doi.org/10.1186/s12943-020-1130-z",2020,"Sandra Muñoz-Galván;Blanca Felipe‐Abrio;Eva M. Verdugo‐Sivianes;Marco Pérez;Manuel P. Jiménez-García;Elisa Suárez-Martínez;Purificación Estévez-García;Amancio Carnero"
"https://doi.org/10.1186/s12967-020-02695-0",2021,"Abul Bashar Mir Md. Khademul Islam;Md. Abdullah‐Al‐Kamran Khan;Rasel Ahmed;Md. Sabbir Hossain;Shah Md Tamim Kabir;Md. Shahidul Islam;AMAM Zonaed Siddiki"
"https://doi.org/10.1186/s12967-021-03123-7",2021,"Hongyu Zhao;Teng Yu;Wende Hao;Jie Li;Zhefeng Li;Qi Chen;Chenghong Yin;Wentao Yue"
"https://doi.org/10.1186/s12967-022-03776-y",2022,"Dilys T.H. Leung;Zoe K. Price;Noor A. Lokman;Wanqi Wang;Lizamarie Goonetilleke;Elif Kadife;Martin K. Oehler;Carmela Ricciardelli;George Kannourakis;Nuzhat Ahmed"
"https://doi.org/10.1186/s12974-021-02230-y",2021,"Peipei Zhang;Anja Schlecht;Julian Wolf;Stefaniya Boneva;Yannik Laich;Jana Koch;Franziska Ludwig;Myriam Boeck;Adrian Thien;Carmen Härdtner;Katrin Kierdorf;Hansjürgen Agostini;Günther Schlunck;Marco Prinz;Ingo Hilgendorf;Peter Wieghofer;Clemens Lange"
"https://doi.org/10.1186/s13046-018-0854-8",2018,"Yongbin Liu;Ying Mei;Jing Long;Yu Zhang;Dongli Hu;Hong‐Hao Zhou"
"https://doi.org/10.1186/s13048-015-0176-9",2015,"Shengyun Cai;Tian Yang;Yu Chen;Jingwen Wang;Li Li;Mingjuan Xu"
"https://doi.org/10.1186/s13048-019-0575-4",2019,"Tiefeng Cao;Wenwei Pan;Xiaoli Sun;Huimin Shen"
"https://doi.org/10.1186/s13048-023-01099-0",2023,"Jing Feng;Yiping Yu;Wen Yin;Sumin Qian"
"https://doi.org/10.1186/s13059-016-0956-6",2016,"Silke Reinartz;Florian Finkernagel;Till Adhikary;Verena Rohnalter;Tim Schumann;Yvonne Schober;Wolfgang Andreas Nockher;Andrea Nist;Thorsten Stiewe;Julia M. Jansen;Uwe Wagner;Sabine Müller‐Brüsselbach;Rolf Müller"
"https://doi.org/10.1186/s13073-016-0281-4",2016,"Catherine R. Planey;Olivier Gevaert"
"https://doi.org/10.1371/journal.pcbi.1010021",2022,"Szilvia Barsi;Henrietta Papp;Alberto Valdeolivas;Dániel J. Tóth;Anett Kuczmog;Mónika Madai;László Hunyady;Péter Várnai;Julio Sáez-Rodríguez;Ferenc Jakab;Bence Szalai"
"https://doi.org/10.1371/journal.pone.0030269",2012,"Stefan Bentink;Benjamin Haibe‐Kains;Thomas S. Risch;Jian–Bing Fan;Michelle S. Hirsch;Kristina M. Holton;Renee Rubio;Craig April;Jing Chen;Eliza Wickham‐Garcia;Joyce F. Liu;Aedín C. Culhane;Ronny Drapkin;John Quackenbush;Ursula A. Matulonis"
"https://doi.org/10.1371/journal.pone.0149183",2016,"Scooter Willis;Víctor M. Villalobos;Olivier Gevaert;Mark Abramovitz;Casey Williams;Branimir I. Šikić;Brian Leyland‐Jones"
"https://doi.org/10.1371/journal.pone.0167585",2016,"Birte Hellwig;Katrin Madjar;Karolina Edlund;Rosemarie Marchan;Cristina Cadenas;Anne-Sophie Heimes;Katrin Almstedt;Antje Lebrecht;Isabel Sicking;Marco Johannes Battista;Patrick Micke;Marcus Schmidt;Jan G. Hengstler;Jörg Rahnenführer"
"https://doi.org/10.1371/journal.pone.0257965",2021,"Stacy L. Sell;Donald S. Prough;Harris A. Weisz;Steve G. Widen;Helen L. Hellmich"
"https://doi.org/10.1515/jib-2020-0047",2021,"Yılmaz Mehmet Demirci;Müşerref Duygu Saçar Demirci"
"https://doi.org/10.15252/embr.202051981",2021,"Alessio Menga;Maria Favia;Iolanda Spera;Maria Carmela Vegliante;Rosanna Gissi;Anna Grassi;Luna Laera;Annalisa Campanella;Andrea Gerbino;Giovanna Carrà;Marcella Canton;Vera Loizzi;Ciro Leonardo Pierri;Gennaro Cormio;Massimiliano Mazzone;Alessandra Castegna"
"https://doi.org/10.18632/aging.103811",2020,"Lili Fan;Ying Lin;Lei Han;Guang Shu;Liuer He;Zhipeng Yan;Rihan Hai;Gang Yin"
"https://doi.org/10.18632/aging.203823",2022,"Xiaopeng Liu;Bing Liu;Yanan Shang;Pengxiu Cao;Jiajie Hou;Fei Chen;Bo Zhang;Yumei Fan;Ke Tan"
"https://doi.org/10.18632/oncotarget.16523",2017,"Linlin Li;Lingqun Zhu;Bingtao Hao;Wenwen Gao;Qianli Wang;Keyi Li;Meng Wang;Mengqiu Huang;Zhengjun Liu;Qiaohong Yang;William Kim;Zhuo Zhong;Wenhua Huang;Guang‐Hui Xiao;Yang Xu;Kai‐Tai Yao;Qiuzhen Liu"
"https://doi.org/10.21203/rs.3.rs-1287631/v1",2022,"Pasquale Laise;Megan L. Stanifer;Gideon Bosker;Xiaoyun Sun;Sergio Triana;Patricio Doldan;Federico La Manna;Marta De Menna;Ronald Realubit;Sergey Pampou;Charles Karan;Theodore Alexandrov;Marianna Kruithof‐de Julio;Andrea Califano;Steeve Boulant;Mariano J. Alvarez"
"https://doi.org/10.2147/cmar.s337873",2021,"Xueyao Huang;Xuan Wei;Sijing Qiao;Xue Zhang;Rui Li;Shunxue Hu;Hongluan Mao;Peishu Liu"
"https://doi.org/10.2147/ijgm.s335162",2021,"Mingran Qi;Bin Liu;Shuai Li;Zhaohui Ni;Fan Li"
"https://doi.org/10.2147/ott.s228678",2019,"Manfei Si;Junji Zhang;Jianzhong Cao;Zhibo Xie;Shu Shan;Yapei Zhu;Jinghe Lang"
"https://doi.org/10.3389/fbioe.2021.792911",2021,"Wei Zhu;Zhijie Xu;Meiyuan Huang;Xiang Wang;Xinxin Ren;Yuan Cai;Bi Peng;Qiuju Liang;Xi Chen;Yuanliang Yan"
"https://doi.org/10.3389/fcell.2021.653357",2021,"Xibo Zhao;Shanshan Cong;Qiuyan Guo;Yan Cheng;Tian Liang;Jing Wang;Guangmei Zhang"
"https://doi.org/10.3389/fcell.2021.794801",2022,"Yihong Luo;Xiang Sun;Jian Xiong"
"https://doi.org/10.3389/fcell.2022.879057",2022,"Philip Vlummens;Stefaan Verhulst;Kim De Veirman;Anke Maes;Eline Menu;Jérôme Moreaux;Hugues de Boussac;Nicolas Robert;Elke De Bruyne;Dirk Hose;Fritz Offner;Karin Vanderkerken;Ken Maes"
"https://doi.org/10.3389/fcell.2022.921320",2022,"Yuan Wang;Yongbiao Huang;Chunya Li;Xi Wang;Mu Yang;Duo Xu;Bo Liu;Xianglin Yuan"
"https://doi.org/10.3389/fgene.2020.00705",2020,"Anqi Wu;Sai Zhang;Jiaqi Liu;Yifeng Huang;Wenyu Deng;Guang Shu;Gang Yin"
"https://doi.org/10.3389/fgene.2021.678747",2021,"敬 島津;Yi Li;Tobias Achu Muluh;Liangke Zhi;Qijie Zhao"
"https://doi.org/10.3389/fgene.2022.823082",2022,"Yongjian Zhang;Wei Huang;Dejia Chen;Yue Zhao;Fusheng Sun;Zhiqiang Wang;Ge Lou"
"https://doi.org/10.3389/fgene.2022.958092",2022,"Lingying Chen;Haiyan Gu;Lei Zhou;Jingna Wu;Changdong Sun;Yonggui Han"
"https://doi.org/10.3389/fimmu.2020.590870",2020,"Chanan Meydan;Nimrod Madrer;Hermona Soreq"
"https://doi.org/10.3389/fimmu.2021.656433",2021,"Yingying Cao;Xintian Xu;Simo Kitanovski;Lina Song;Jun Wang;Pei Hao;Daniel Hoffmann"
"https://doi.org/10.3389/fimmu.2021.695242",2021,"Francesco Sabbatino;Valeria Conti;Gianluigi Franci;Carmine Sellitto;Valentina Manzo;Pasquale Pagliano;Emanuela De Bellis;Alfonso Masullo;Francesco Antonio Salzano;Alessandro Caputo;Ilaria Peluso;Pio Zeppa;Giosuè Scognamiglio;Giuseppe Greco;Carla Zannella;Michele Ciccarelli;Claudia Cicala;Carmine Vecchione;Amelia Filippelli;Stefano Pepe"
"https://doi.org/10.3389/fimmu.2022.1006501",2022,"Xingwu Liu;Guanyu Yan;Boyang Xu;Han Yu;Yue An;Mingjun Sun"
"https://doi.org/10.3389/fimmu.2022.1041284",2022,"Qishun Geng;Xiaoxue Cao;Danping Fan;Xiaofeng Gu;Qian Zhang;Mengxiao Zhang;Zheng Wang;Tingting Deng;Cheng Xiao"
"https://doi.org/10.3389/fimmu.2022.1068399",2023,"Amélie M. Julé;Ki Pui Lam;Maria L. Taylor;Kacie J. Hoyt;Kevin Wei;María Gutiérrez‐Arcelus;Siobhan M. Case;Mia T. Chandler;Margaret H. Chang;Ezra M. Cohen;Fatma Dedeoğlu;Olha Halyabar;Jonathan S. Hausmann;Melissa M. Hazen;Erin Janssen;Jeffrey Lo;Mindy S. Lo;Esra Meidan;Jordan E. Roberts;Holly Wobma;Mary Beth F. Son;Robert P. Sundel;Pui Y. Lee;Peter T. Sage;Talal A. Chatila;Peter A. Nigrović;Deepak A. Rao;Lauren A. Henderson"
"https://doi.org/10.3389/fimmu.2022.951582",2022,"Songwei Feng;Yi Xu;Zhu Dai;Han Yin;Ke Zhang;Yang Shen"
"https://doi.org/10.3389/fimmu.2023.1093716",2023,"Jingfang Lv;Zheng Jiang;Junhu Yuan;Meng Zhuang;Xu Guan;Hengchang Liu;Yefeng Yin;Yiming Ma;Zheng Liu;Hongying Wang;Xishan Wang"
"https://doi.org/10.3389/fmicb.2023.1066493",2023,"Salvador Meseguer;Mari‐Paz Rubio;Begoña Lainez;Beatriz Pérez‐Benavente;Raúl Pérez-Moraga;Sergio Romera-Giner;Francisco J. García‐García;Olalla Martínez-Macías;Antonio Cremades;Francisco J. Iborra;Oscar Candelas-Rivera;Fernando Almazán;Enric Esplugues"
"https://doi.org/10.3389/fonc.2016.00213",2016,"Neil T. Phippen;Nicholas W. Bateman;Guisong Wang;Kelly A. Conrads;Wei Ao;Pang-ning Teng;Tracy Litzi;Julie Oliver;G. Larry Maxwell;Chad A. Hamilton;Kathleen M. Darcy;Thomas P. Conrads"
"https://doi.org/10.3389/fonc.2018.00615",2019,"Xiaoping Liu;Xiaohong Yin;Xiangyu Meng;Xinhui Yan;Fan Wang;He Li"
"https://doi.org/10.3389/fonc.2019.00557",2019,"Xiaojie Feng;Xupeng Bai;Jie Ni;Valerie C. Wasinger;Julia Beretov;Ying Zhu;Peter Graham;Yong Li"
"https://doi.org/10.3389/fonc.2020.626555",2021,"Jiaxing Lin;Xiao Xu;Dan Sun;Tian‐Ren Li"
"https://doi.org/10.3389/fonc.2021.684396",2021,"Giorgia Simonetti;Davide Angeli;Elisabetta Petracci;Eugenio Fonzi;Susanna Vedovato;Alessandra Sperotto;Antonella Padella;Martina Ghetti;Anna Ferrari;Valentina Robustelli;Rosa Di Liddo;Maria Teresa Conconi;Cristina Papayannidis;Claudio Cerchione;Michela Rondoni;Annalisa Astolfi;Emanuela Ottaviani;Giovanni Martinelli;Michele Gottardi"
"https://doi.org/10.3389/fonc.2022.1030335",2023,"Hao Huang;Weifan Cao;Zhiping Long;Lei Kuang;Xi Li;Yifei Feng;Yuying Wu;Yang Zhao;Yinggang Chen;Peng Sun;Panxin Peng;Jinli Zhang;Lijun Yuan;Tian-Ze Li;Huifang Hu;Gairui Li;Longkun Yang;Xing Zhang;Fulan Hu;Xizhuo Sun;Dongsheng Hu"
"https://doi.org/10.3389/fonc.2022.923508",2022,"Marina Bagnoli;Roberta Nicoletti;Monica Valitutti;Andrea Rizzo;Alessandra Napoli;Rafaela Montalvão-de-Azevedo;Antonella Tomassetti;Delia Mezzanzanica"
"https://doi.org/10.3389/fonc.2023.1179120",2023,"Shaorui Rui;Dong Wang;Yong Huang;Jingyun Xu;Hailang Zhou;Hesong Zhang"
"https://doi.org/10.3389/fphar.2020.00577",2020,"Daniela F. Fukushiro-Lopes;Alexandra D. Hegel;Angela Russo;Vitalyi Senyuk;Margaret Liotta;Gyda C. Beeson;Craig C. Beeson;Joanna E. Burdette;Ronald K. Potkul;Saverio Gentile"
"https://doi.org/10.3390/cancers11030337",2019,"Raj Kumar Mongre;Samil Jung;Chandra Bhushan Mishra;Beom Suk Lee;Shikha Kumari;Myeong‐Sok Lee"
"https://doi.org/10.3390/cancers14235952",2022,"Yuan Wang;Yongbiao Huang;Mu Yang;Yulong Yu;Xinyi Chen;Li Ma;Lingyan Xiao;Chaofan Liu;Bo Liu;Xianglin Yuan"
"https://doi.org/10.3390/cells11030464",2022,"Ina Harder;Matthias Münchhalfen;Geoffroy Andrieux;Melanie Boerries;Bodo Grimbacher;Hermann Eibel;Maria Elena Maccari;Stephan Ehl;Jürgen Wienands;Julia Jellusova;Klaus Warnatz;Baerbel Keller"
"https://doi.org/10.3390/genes11111354",2020,"Jacob B. Pierce;Viorel Simion;Basak Icli;Daniel Pérez‐Cremades;Henry S. Cheng;Mark W. Feinberg"
"https://doi.org/10.3390/ijms21072327",2020,"Heejin Lee;Jun Woo Kim;Dae Kyung Kim;Dong Kyu Choi;Seul Lee;Yu Ji;Oh-Bin Kwon;Jungsul Lee;Dong‐Seok Lee;Jae Ho Kim;Sang‐Hyun Min"
"https://doi.org/10.3390/ijms21082824",2020,"Kuo‐Min Su;Tzu-Wei Lin;Li‐Chun Liu;Yipin Yang;Mong‐Lien Wang;Ping‐Hsing Tsai;Peng‐Hui Wang;Mu-Hsien Yu;Chia-Ming Chang;Cheng‐Chang Chang"
"https://doi.org/10.3390/ijms22168663",2021,"Maria Narożna;Błażej Rubiś"
"https://doi.org/10.3390/ijms231810451",2022,"Anastasia Meshcheryakova;Philip Zimmermann;Martina Salzmann;Peter Pietschmann;Diana Mechtcheriakova"
"https://doi.org/10.3390/ijms232415994",2022,"Katarzyna Aleksandra Kujawa;Ewa Zembala‐Nożyńska;Joanna Patrycja Syrkis;Alexander Jorge Cortez;Jolanta Kupryjańczyk;Katarzyna Marta Lisowska"
"https://doi.org/10.3390/medicina57090933",2021,"Changho Song;Kyoung Bo Kim;Jae‐Ho Lee;Shin Kim"
"https://doi.org/10.3390/pathogens11121479",2022,"Emily N. Hendrickson;Marna E. Ericson;Lynne Bemis"
"https://doi.org/10.3390/pharmaceutics14010044",2021,"Viktor A. Zouboulis;Konstantin Zouboulis;Christos C. Zouboulis"
"https://doi.org/10.3390/pharmaceutics14051046",2022,"Astrid Z. Johansen;Marco Carretta;Marie‐Louise Thorseth;Shawez Khan;Klaire Yixin Fjæstad;Christian B. Brøchner;Hannes Linder;C. Ankjærgaard;Marco Donia;Inna M. Chen;Dorte Nielsen;C.F. Behrens;Daniel H. Madsen"
"https://doi.org/10.3390/v13030402",2021,"Sumit Mukherjee;Bodhisattwa Banerjee;David Karasik;Milana Frenkel‐Morgenstern"
"https://doi.org/10.3390/v14020374",2022,"Carolina Q. Sacramento;Natália Fintelman-Rodrigues;Suelen da Silva Gomes Dias;Jairo R. Temerozo;Aline de Paula Dias da Silva;Carine S. da Silva;C. Fernández Blanco;André C. Ferreira;Mayara Mattos;Vinícius Cardoso Soares;Filipe S. Pereira‐Dutra;Milene Miranda;Débora Ferreira Barreto-Vieira;Marcos Alexandre Nunes da Silva;Suzana de Siqueira Santos;Mateo Torres;Otávio Augusto Chaves;Rajith K. R. Rajoli;Alberto Paccanaro;Andrew Owen;Dumith Chequer Bou‐Habib;Patrı́cia T. Bozza;Thiago Moreno L. Souza"
"https://doi.org/10.3892/ol.2019.10934",2019,"Yuexiong Yi;Yanyan Liu;Kejia Wu;Wanrong Wu;Wei Zhang"
"https://doi.org/10.3892/ol.2020.11266",2020,"Shou‐Feng Zhao;Xuejing Yin;Wen-ju Zhao;Le‐Cui Liu;Zhipeng Wang"
"https://doi.org/10.7150/thno.48101",2020,"Yiping Wen;Yaya Hou;Xiaoqing Yi;Si Sun;Jing Guo;Xiaoqi He;Tao Li;Jing Cai;Zehua Wang"
"https://doi.org/10.7717/peerj.12370",2021,"Selcen Arı Yuka;Alper Yılmaz"
"https://doi.org/10.1002/cbf.3491",2020,"Xiaolong Shui;Qipeng Xie;Shaomin Chen;Chengwei Zhou;Jianzhong Kong;Yi Wang"
"https://doi.org/10.1016/j.apsb.2022.01.015",2022,"Rongfang Wei;Xing Cui;Jie Min;Zigen Lin;Yanyan Zhou;Mengjie Guo;Xiaojuan An;Hao Liu;Siegfried Janz;Chunyan Gu;Hongbo Wang;Ye Yang"
"https://doi.org/10.1016/j.heliyon.2023.e12799",2023,"Zhi‐wei Feng;Yuchen Tang;Xiaoyun Sheng;Sheng-hong Wang;Yaobin Wang;Zhong-cheng Liu;Jinmin Liu;Bin Geng;Yayi Xia"
"https://doi.org/10.1016/j.jot.2022.02.007",2022,"Xu Cao;Zhiming Cui;Zhiyu Ding;Yong Chen;Song Wu;Xinxing Wang;Junjie Huang"
"https://doi.org/10.1038/leu.2013.233",2013,"Xujun Wang;Zhibo Yan;Mariateresa Fulciniti;Yun Li;Μαρία Γκοτζαμανίδου;Samirkumar B. Amin;P K Shah;Yong Zhang;Nikhil C. Munshi;Cheng Li"
"https://doi.org/10.1038/leu.2016.258",2016,"Ehsan Malek;M A Y Abdel-Malek;Sajjeev Jagannathan;Nikhil Vad;Rebekah Karns;Anil G. Jegga;Annemiek Broyl;Mark van Duin;Pieter Sonneveld;Francesca Cottini;Kenneth C. Anderson;James J. Driscoll"
"https://doi.org/10.1038/leu.2016.370",2016,"Isabel Juliana Hofman;Mark van Duin;Elke De Bruyne;Laura Fancello;George Mulligan;Ellen Geerdens;Emanuela Garelli;Cecilia Mancini;H. A. J. Lemmens;Michel Delforge;Peter Vandenberghe;Iwona Włodarska;Anna Aspesi;Lucienne Michaux;Karin Vanderkerken;Pieter Sonneveld;Kim De Keersmaecker"
"https://doi.org/10.1038/leu.2017.144",2017,"Takeshi Harada;Hiroto Ohguchi;Yohann Grondin;Shohei Kikuchi;M. Sagawa;YT Tai;Ralph Mazitschek;Teru Hideshima;Kenneth C. Anderson"
"https://doi.org/10.1038/ncomms12050",2016,"Jonathan S. Mitchell;Li Ni;Niels Weinhold;Asta Försti;Mina Ali;Mark van Duin;Guðmar Þorleifsson;David C. Johnson;Bowang Chen;Britt-Marie Halvarsson;Daníel F. Guðbjartsson;Rowan Kuiper;Owen Stephens;Uta Bertsch;Peter Broderick;C Campo;Hermann Einsele;Walter A. Gregory;Urban Gullberg;Marc Henrion;Jens Hillengaß;Per Hoffmann;Graham Jackson;Ellinor Johnsson;Magnus Jöud;Sigurður Y. Kristinsson;Stig Lenhoff;Oleg Lenive;Ulf-Henrik Mellqvist;Gabriele Migliorini;Hareth Nahi;Sven Nelander;Jolanta Nickel;Markus M. Nöthen;Þórunn Rafnar;Fiona M. Ross;Miguel Inácio da Silva Filho;Bhairavi Swaminathan;Hauke Thomsen;Ingemar Turesson;Annette Juul Vangsted;Ulla Vogel;Anders Waage;Brian A. Walker;Anna-Karin Wihlborg;Annemiek Broyl;Faith E. Davies;Unnur Þorsteinsdóttir;Christian Langer;Markus Hansson;Martin Kaiser;Pieter Sonneveld;Kári Stéfansson;Gareth J. Morgan;Hartmut Goldschmidt;Kari Hemminki;Björn Nilsson;Richard S. Houlston"
"https://doi.org/10.1038/ncomms8213",2015,"Bhairavi Swaminathan;Guðmar Þorleifsson;Magnus Jöud;Mina Ali;Ellinor Johnsson;Ram Ajore;Patrick Sulem;Britt-Marie Halvarsson;Guðmundur I. Eyjólfsson;Vilhelmína Haraldsdóttir;Christina M. Hultman;Erik Ingelsson;Sigurður Y. Kristinsson;Anna K. Kähler;Stig Lenhoff;Gísli Másson;Ulf‐Henrik Mellqvist;Robert Månsson;Sven Nelander;Ísleifur Ólafsson;Ólöf Sigurðardóttir;Hlíf Steingrímsdóttir;Annette Juul Vangsted;Ulla Vogel;Anders Waage;Hareth Nahi;Daníel F. Guðbjartsson;Þórunn Rafnar;Ingemar Turesson;Urban Gullberg;Kāri Stefánsson;Markus Hansson;Unnur Þorsteinsdóttir;Björn Nilsson"
"https://doi.org/10.1038/s41408-018-0162-8",2018,"Molly Went;Amit Sud;Helen E. Speedy;Nicola J. Sunter;Asta Försti;Philip Law;David C. Johnson;Fabio Mirabella;Amy Holroyd;Ni Li;Giulia Orlando;Niels Weinhold;Mark van Duin;Bowang Chen;Jonathan S. Mitchell;Larry Mansouri;Gunnar Juliusson;Karin E. Smedby;Sandrine Jayne;Aneela Majid;Claire Dearden;David Allsup;James R Bailey;Guy Pratt;Chris Pepper;Chris Fegan;Richard Rosenquist;Rowan Kuiper;Owen Stephens;Uta Bertsch;Peter Broderick;Hermann Einsele;Walter M. Gregory;Jens Hillengaß;Per Hoffmann;Graham Jackson;Karl‐Heinz Jöckel;Jolanta Nickel;Markus M. Nöthen;Miguel Inácio da Silva Filho;Hauke Thomsen;Brian A. Walker;Annemiek Broyl;Faith E. Davies;Markus Hansson;Hartmut Goldschmidt;Martin J.S. Dyer;Martin Kaiser;Pieter Sonneveld;Gareth J. Morgan;Kari Hemminki;Björn Nilsson;Daniel Catovsky;James M. Allan;Richard S. Houlston"
"https://doi.org/10.1038/s41417-018-0069-3",2019,"Weilong Zhang;Ying Song;Xue He;Xiaoni Liu;Y. Zhang;Zuozhen Yang;Ping Yang;Jing Wang;Kai Hu;Weiyou Liu;Xiuru Zhang;Xiaoliang Yuan;Hongmei Jing"
"https://doi.org/10.1038/s41417-018-0070-x",2019,"Weilong Zhang;Y. Zhang;Zuozhen Yang;Xiaoni Liu;Ping Yang;Jing Wang;Kai Hu;Xue He;Xiuru Zhang;Hongmei Jing"
"https://doi.org/10.1038/s41419-019-1854-0",2019,"Yuanyuan Kong;Liangning Hu;Lu Kang;Yingcong Wang;Yongsheng Xie;Lu Gao;Guang Yang;Bingqian Xie;Wan He;Gege Chen;Huiqun Wu;Xiaosong Wu;Fenghuang Zhan;Jumei Shi"
"https://doi.org/10.1038/s41467-018-04989-w",2018,"Molly Went;Amit Sud;Asta Försti;Britt-Marie Halvarsson;Niels Weinhold;Scott Kimber;Mark van Duin;Guðmar Þorleifsson;Amy Holroyd;David C. Johnson;Li Ni;Giulia Orlando;Philip Law;Mina Ali;Bowang Chen;Jonathan S. Mitchell;Daníel F. Guðbjartsson;Rowan Kuiper;Owen Stephens;Uta Bertsch;Peter Broderick;C Campo;Obul Reddy Bandapalli;Hermann Einsele;Walter A. Gregory;Urban Gullberg;Jens Hillengaß;Per Hoffmann;Graham Jackson;Karl‐Heinz Jöckel;Ellinor Johnsson;Sigurður Y. Kristinsson;Ulf‐Henrik Mellqvist;Hareth Nahi;Douglas F. Easton;Paul D.P. Pharoah;Alison M. Dunning;Julian Peto;Federico Canzian;Anthony J. Swerdlow;Rosalind A. Eeles;Zsofia Kote‐Jarai;Kenneth Muir;Nora Pashayan;Jolanta Nickel;Markus M. Nöthen;Þórunn Rafnar;Fiona M. Ross;Miguel Inácio da Silva Filho;Hauke Thomsen;Ingemar Turesson;Annette Juul Vangsted;Niels Frost Andersen;Anders Waage;Brian A. Walker;Anna‐Karin Wihlborg;Annemiek Broyl;Faith E. Davies;Unnur Þorsteinsdóttir;Christian Langer;Markus Hansson;Hartmut Goldschmidt;Martin Kaiser;Pieter Sonneveld;Kári Stéfansson;Gareth J. Morgan;Kari Hemminki;Björn Nilsson;Richard S. Houlston;Brian E. Henderson;Christopher A. Haiman;Sara Benlloch;Fredrick R. Schumacher;Ali Amin Al Olama;Sonja I. Berndt;David V. Conti;Fredrik Wiklund;Stephen J. Chanock;Victoria L. Stevens;Catherine M. Tangen;Jyotsna Batra;Judith Clements;Henrik Grönberg;Johanna Schleutker;Demetrius Albanes;Stephanie J. Weinstein;Alicja Wolk;Catharine West;Lorelei A. Mucci;Géraldine Cancel‐Tassin;Stella Koutros;Karina D. Sørensen;Eli Marie Grindedal;David E. Neal;Freddie C. Hamdy;Jenny Donovan;Ruth C. Travis;Robert J. Hamilton;Sue A. Ingles;Barry S. Rosenstein;Yong‐Jie Lu;Graham G. Giles;Adam S. Kibel;Ana Vega;Manolis Kogevinas;Kathryn L. Penney;Jong Y. Park;Janet L. Stanford;Cezary Cybulski;Børge G. Nordestgaard;Hermann Brenner;Christiane Maier;Jeri Kim;Esther M. John;Manuel R. Teixeira;Susan L. Neuhausen;Kim De Ruyck;Azad Hassan Abdul Razack;Lisa F. Newcomb;Davor Lessel;Radka Kaneva;Nawaid Usmani;Frank Claessens;Paul A. Townsend;Manuela Gago-Domínguez;Monique J. Roobol;F. Ménégaux;Kay‐Tee Khaw;Lisa Cannon‐Albright;Hardev Pandha;Stephen N. Thibodeau"
"https://doi.org/10.1038/s41598-020-67730-y",2020,"Ching‐Heng Chou;Vaibhav Jain;Jason Gibson;David E. Attarian;C. Haraden;Christopher B. Yohn;Rémi-Martin Laberge;Simon G. Gregory;Virginia B. Kraus"
"https://doi.org/10.1038/s41598-020-70596-9",2020,"Xinling Wang;Yang Yu;Yong Huang;Zhu Ming-shuang;Rigao Chen;Zhanghui Liao;Shipeng Yang"
"https://doi.org/10.1038/s41598-020-73147-4",2020,"Naouel Zerrouk;Quentin Miagoux;Aurélien Dispot;Mohamed Elati;Anna Niarakis"
"https://doi.org/10.1038/s41598-021-86319-7",2021,"Wenhua Yuan;Qiqi Xie;Ke-Ping Wang;Wei Shen;Xiaofei Feng;Zheng Liu;Jin-Tao Shi;Xiaobo Zhang;Kai Zhang;Yajun Deng;Haiyu Zhou"
"https://doi.org/10.1038/s41598-021-94607-5",2021,"Sai Krishna Srimadh Bhagavatham;Prakash Khanchandani;Vishnu Kannan;Damodaram Potikuri;Divya Sridharan;Sujith Kumar Pulukool;Ashwin Ashok Naik;Rajesh Babu Dandamudi;Sai Mangala Divi;Ashish Pargaonkar;Rahul Ray;Saibharath Simha Reddy Santha;Polani B. Seshagiri;Kothandaraman Narasimhan;Gumdal Narsimulu;Venketesh Sivaramakrishnan"
"https://doi.org/10.1038/s41598-022-08274-1",2022,"Lu Xiao;Yang Zhou;Shudian Lin"
"https://doi.org/10.1038/s41598-022-21988-6",2022,"Sachin Muralidharan;Sarah Ali;Lilin Yang;Joshua Badshah;Syeda Farah Zahir;Rubbiya Ali;Janin Chandra;Ian H. Frazer;Ranjeny Thomas;Ahmed M. Mehdi"
"https://doi.org/10.1038/s41598-023-29153-3",2023,"You Ao;Zhongbo Wang;Jinghua Hu;Mingguang Yao;Wei Zhang"
"https://doi.org/10.1038/s41598-023-31438-6",2023,"Qingshan He;Hanmeng Ding"
"https://doi.org/10.1038/s42003-019-0329-2",2019,"Subhayan Chattopadhyay;Hauke Thomsen;Pankaj Yadav;Miguel Inácio da Silva Filho;Niels Weinhold;Markus M. Nöthen;Per Hoffman;Uta Bertsch;Stefanie Huhn;Gareth J. Morgan;Hartmut Goldschmidt;Richard S. Houlston;Kari Hemminki;Asta Försti"
"https://doi.org/10.1042/bsr20193823",2020,"Bin Zuo;Junfeng Zhu;Fei Xiao;Chenglong Wang;Yun Shen;Xiaohong Chen"
"https://doi.org/10.1042/bsr20201713",2020,"Zhaoyan Li;Meng Xu;Ronghang Li;Zhengqing Zhu;Yuzhe Liu;Zhenwu Du;Guizhen Zhang;Yang Song"
"https://doi.org/10.1080/21655979.2022.2061288",2022,"Wenjun Jiang;Xiaoying Wang;Siwei Su;Sen Du;Hongqiang Song"
"https://doi.org/10.1089/jir.2020.0111",2020,"Akinobu Ota;Ichiro Hanamura;Sivasundaram Karnan;Shingo Inaguma;Norio Takei;Vu Quang Lam;Shohei Mizuno;Jo Kanasugi;Md Wahiduzzaman;Md Lutfur Rahman;Toshinori Hyodo;Hiroyuki Konishi;Shinobu Tsuzuki;Hiroshi Ikeda;Akiyoshi Takami;Yoshitaka Hosokawa"
"https://doi.org/10.1093/jhps/hnaa036",2020,"Ali Bajwa"
"https://doi.org/10.1097/md.0000000000028321",2021,"Wei Xie;Zhengyuan Wu"
"https://doi.org/10.1111/os.12412",2018,"Jian‐jun Zeng;Haidong Wang;Zhong‐wei Shen;Xiaodong Yao;Chengjun Wu;Tao Pan"
"https://doi.org/10.1155/2018/9482726",2018,"Zhaoyan Li;Qingyu Wang;Gaoyang Chen;Xin Li;Qiwei Yang;Zhenwu Du;Ming Ren;Yang Song;Guizhen Zhang"
"https://doi.org/10.1155/2020/2379280",2020,"Zhengqing Zhu;Lei Zhong;Ronghang Li;Yuzhe Liu;Xiangrun Chen;Zhaoyan Li;Lanfeng Huang"
"https://doi.org/10.1155/2020/6943103",2020,"Conglin Ren;Mingshuang Li;Weibin Du;Jianlan Lü;Yang Zheng;Haipeng Xu;Renfu Quan"
"https://doi.org/10.1155/2021/9911184",2021,"Fei Sun;Jian lin Zhou;Peng Pu;Chen Qiu;Jia rui Cao;Hao Peng"
"https://doi.org/10.1155/2022/1905077",2022,"Jijia Sun;Baocheng Liu;Ruirui Wang;Ying Yuan;Jianying Wang;Lei Zhang"
"https://doi.org/10.1155/2022/1926661",2022,"Huihui Chen;Jingyi Zhao;Junhui Hu;Xu Xiao;Wenda Shi;Yinhui Yao;Ying Wang"
"https://doi.org/10.1155/2022/4071472",2022,"Hasmik Yepiskoposyan;Manuel C. Peitsch;Marja Talikka"
"https://doi.org/10.1155/2022/5600190",2022,"Yihao Liang;Fangzheng Lin;Yunfei Huang"
"https://doi.org/10.1155/2022/6060677",2022,"Jia Liu;Qing Zhang;Yuanyuan Chen;Lingyu Wang;Ting Tao;Qiang Ren;Xiuping Chen;Yunhui Chen"
"https://doi.org/10.1155/2022/6783659",2022,"Anteneh Mengesha Birga;Liping Ren;Huaichao Luo;Yang Zhang;Jian Huang"
"https://doi.org/10.1155/2022/8023779",2022,"Xinling He;Yin Ji;Mingfang Yu;Haoyu Wang;Jiao Qiu;Aiyang Wang;Xueyi He;Xiao Wu"
"https://doi.org/10.1155/2022/8027987",2022,"Yang Hu;Yinteng Wu;Fu Gan;Mingyang Jiang;Dongxu Chen;Mingjing Xie;Yiji Jike;Zhandong Bo"
"https://doi.org/10.1155/2022/9252319",2022,"Qinyan Yang;Jin Li;Qian Ding;Wei Hu;Haibo Zou;Mingming Xiao;Keyuan Chen;Yue Yu;Jin Shang;Xiaolun Huang;Yi Zhun Zhu"
"https://doi.org/10.1182/bloodadvances.2021005772",2022,"Tomofumi Yamamoto;Jun Nakayama;Yusuke Yamamoto;Masahiko Kuroda;Yutaka Hattori;Takahiro Ochiya"
"https://doi.org/10.1186/s12859-016-1065-y",2016,"Naiem T. Issa;Jordan Kruger;Henri Wathieu;Rajarajan Raja;Stephen W. Byers;Sivanesan Dakshanamurthy"
"https://doi.org/10.1186/s12891-022-05277-x",2022,"Le Kang;Cheng-Qian Dai;Lihong Wang;Xinling Pan"
"https://doi.org/10.1186/s12891-022-05567-4",2022,"Genxiang Rong;Tao Zhang;Yayun Xu;Zhenyu Zhang;Binjie Gui;Kongzu Hu;Jinling Zhang;Zhi Tang;Cailiang Shen"
"https://doi.org/10.1186/s12920-015-0161-6",2015,"Tobias Meißner;Anja Seckinger;Kari Hemminki;Uta Bertsch;Asta Foersti;Mathias Haenel;Jan Duering;Hans Salwender;Hartmut Goldschmidt;Gareth J. Morgan;Dirk Hose;Niels Weinhold"
"https://doi.org/10.1186/s12920-023-01445-7",2023,"Jinjun Xia;Lulu Zhang;Tao Gu;Qingyang Liu;Qiubo Wang"
"https://doi.org/10.1186/s12943-021-01380-0",2021,"Chunyan Gu;Wang Wang;Xiaozhu Tang;Tingting Xu;Yanxin Zhang;Mengjie Guo;Rongfang Wei;Yajun Wang;Artur Jurczyszyn;Siegfried Janz;Meral Beksaç;Fenghuang Zhan;Anja Seckinger;Dirk Hose;Jingxuan Pan;Ye Yang"
"https://doi.org/10.1186/s13018-018-0734-0",2018,"Honglai Tian"
"https://doi.org/10.1186/s13018-020-01756-w",2020,"Zhixi Duan;Yusheng Li;Chao Tu;Peng Xie;Yihan Li;Lin Qi;Zhihong Li"
"https://doi.org/10.1186/s13018-021-02402-9",2021,"Shi Song;Fuyin Wan;Zhenyu Zhou;Ran Tao;Yue Lü;Ming Zhou;Fan Liu;Yake Liu"
"https://doi.org/10.1186/s13018-021-02796-6",2021,"Zhengyuan Wu;Gang Du;Yi-cai Lin"
"https://doi.org/10.1186/s13018-022-03247-6",2022,"Jiayin Zhang;Shengjie Zhang;Yu Zhou;Yuan Qu;Tingting Hou;Wanbao Ge;Shanyong Zhang"
"https://doi.org/10.1186/s13018-022-03453-2",2022,"Shuo Zhang;Tao Zhang;Yayun Xu;Genxiang Rong;Juehua Jing"
"https://doi.org/10.1186/s13018-023-03541-x",2023,"Qingyu Zhang;Chao Sun;Xuchang Liu;Chao Zhu;Chuncheng Ma;Rongjie Feng"
"https://doi.org/10.1186/s13018-023-03700-0",2023,"Peng Zhao;Guobin Ma;Lintong Ma"
"https://doi.org/10.1186/s13045-017-0526-8",2017,"Luqiao Wang;Gayani Nanayakkara;Qian Yang;Hongmei Tan;Charles Drummer;Yu Sun;Ying Shao;Hangfei Fu;Ramón Cueto;Huimin Shan;Teodoro Bottiglieri;Yafeng Li;Candice Johnson;William Y. Yang;Fan Yang;Yanjie Xu;Hang Xi;Weiqing Liu;Jun Yu;Eric T. Choi;Xiaoshu Cheng;Hong Wang;Xiaofeng Yang"
"https://doi.org/10.1186/s13046-022-02276-7",2022,"Xiaozhu Tang;Zhendong Deng;Pinggang Ding;Wanting Qiang;Yue Lu;Shengyao Gao;Ye Hu;Ye Yang;Juan Du;Chunyan Gu"
"https://doi.org/10.1186/s13046-023-02633-0",2023,"Francesca Scionti;Giada Juli;Roberta Rocca;Nicoletta Polerà;Matteo Nadai;Katia Grillone;Daniele Caracciolo;Caterina Riillo;Emanuela Altomare;Serena Ascrizzi;Basilio Caparello;Maria Cerra;Mariamena Arbitrio;Sara N. Richter;Anna Artese;Stefano Alcaro;Pierosandro Tagliaferri;Pierfrancesco Tassone;Maria Teresa Di Martino"
"https://doi.org/10.1186/s13059-016-0948-6",2016,"Alice M. Walsh;John W. Whitaker;Chaohua Huang;Yauheniya Cherkas;Sarah Lamberth;Carrie Brodmerkel;Mark Curran;Radu Dobrin"
"https://doi.org/10.1186/s13075-022-02902-x",2022,"Nachun Chen;Baoying Fan;Zhiyong He;Xinping Yu;Jin‐Jun Wang"
"https://doi.org/10.1186/s41065-020-00169-3",2021,"Yanzhi Ge;Li Zhou;Zuxiang Chen;Yingying Mao;Ting Li;Peijian Tong;Letian Shan"
"https://doi.org/10.1186/s41231-020-00066-x",2020,"Mahmood Yaseen Hachim;Ibrahim Yaseen Hachim;Kashif Naeem;Haifa Hannawi;Issa Al Salmi;Suad Hannawi"
"https://doi.org/10.12659/msm.908944",2018,"Tao Xiong;Zeyu Luo"
"https://doi.org/10.12659/msm.915451",2019,"Yuan Xiong;Bobin Mi;Mengfei Liu;Hang Xue;Qipeng Wu;Guohui Liu"
"https://doi.org/10.1302/2046-3758.119.bjr-2022-0075.r1",2022,"Jianle Yang;Yu Fan;Shuzhong Liu"
"https://doi.org/10.1302/2046-3758.74.bjr-2017-0245.r1",2018,"Xinying Zhang;Yueting Bu;Boqian Zhu;Qiang Zhao;Zhi Lv;BENJAMIN LI;J. Liu"
"https://doi.org/10.1302/2046-3758.98.bjr-2019-0301.r1",2020,"Xingyan Li;Yejing Yang;Guili Sun;Wanwu Dai;Jie Xu-ri;Yongjun Du;Runjie Huang;Jiaming Zhang"
"https://doi.org/10.1371/journal.pone.0020226",2011,"Douglas W. McMillin;Jake Delmore;Joseph Negri;Melissa Ooi;Steffen Klippel;Chandrasekhar V. Miduturu;Nathanael S. Gray;Paul G. Richardson;Kenneth C. Anderson;Andrew L. Kung;Constantine S. Mitsiades"
"https://doi.org/10.1371/journal.pone.0046331",2012,"Leo Taslaman;Björn Nilsson"
"https://doi.org/10.1371/journal.pone.0058809",2013,"Yingxiang Li;Xujun Wang;Haiyang Zheng;Chengyang Wang;Stéphane Minvielle;Florence Magrangeas;Hervé Avet‐Loiseau;Parantu K. Shah;Yong Zhang;Nikhil C. Munshi;Cheng Li"
"https://doi.org/10.1371/journal.pone.0083252",2013,"Martin Bøgsted;Anders Ellern Bilgrau;Christopher P. Wardell;Uta Bertsch;Alexander Schmitz;Julie Støve Bødker;Malene Krag Kjeldsen;Hartmut Goldschmidt;Gareth J. Morgan;Karen Dybkær;Hans Erik Johnsen"
"https://doi.org/10.1371/journal.pone.0161306",2016,"Poulami Dey;Venugopal Panga;Srivatsan Raghunathan"
"https://doi.org/10.1371/journal.pone.0164542",2016,"Lingxiang Wu;Xiujie Chen;Denan Zhang;Wubing Zhang;Lei Liu;Hongzhe Ma;Jingbo Yang;Hongbo Xie;Бо Лю;Qing Jin"
"https://doi.org/10.1371/journal.pone.0167212",2016,"Hong Zhu;Wei Xia;Xingbo Mo;Xiang Lin;Yinghua Qiu;Nengjun Yi;Lei Zhang;Fei‐Yan Deng;Shu‐Feng Lei"
"https://doi.org/10.1371/journal.pone.0196780",2018,"Takashi Yoshida;Masaki Ri;Shiori Kinoshita;Tomoko Narita;Haruhito Totani;Reham Ashour;Asahi Ito;Shigeru Kusumoto;Takashi Ishida;Hirokazu Komatsu;Shinsuke Iida"
"https://doi.org/10.1371/journal.pone.0199530",2018,"Venugopal Panga;Srivatsan Raghunathan"
"https://doi.org/10.1371/journal.pone.0224632",2019,"Venugopal Panga;Ashwin Adrian Kallor;Arunima Nair;Shilpa Harshan;Srivatsan Raghunathan"
"https://doi.org/10.18632/oncotarget.22131",2017,"Elina Alaterre;Sébastien Raimbault;Hartmut Goldschmidt;Salahedine Bouhya;Guilhem Requirand;Nicolas Robert;Stéphanie Boireau;Anja Seckinger;Dirk Hose;Bernard Klein;Jérôme Moreaux"
"https://doi.org/10.18632/oncotarget.4769",2015,"Chonglei Bi;Tae‐Hoon Chung;Gaofeng Huang;Jianbiao Zhou;Junli Yan;Gregory Ahmann;Rafaël Fonseca;Wee Joo Chng"
"https://doi.org/10.18632/oncotarget.7390",2016,"Mingming Zhang;Hongbo Mu;Hongchao Lv;Lian Duan;Zhenwei Shang;Jin Li;Yongshuai Jiang;Ruijie Zhang"
"https://doi.org/10.20517/cdr.2021.83",2021,"Harmony Estelle Black;Siobhán Glavey"
"https://doi.org/10.21037/atm-21-4566",2021,"Jiangang Cao;Han‐Fei Ding;Jun Shang;Lei Ma;Qi Wang;Shiqing Feng"
"https://doi.org/10.21037/atm-22-3888",2022,"Jiannan Zheng;Yeyu Zhao;Qing Qi;Gao Ming-li;Jing Yu"
"https://doi.org/10.21037/atm-22-4934",2022,"Hongjun You;Qianqian Zhao;Qiling Gou;Mengya Dong"
"https://doi.org/10.2147/jir.s287242",2021,"Qing Zhang;Huxinyue Duan;Ruolan Li;Jiayi Sun;Jia Liu;Wei Peng;Chunjie Wu;Yongxiang Gao"
"https://doi.org/10.3109/10428194.2014.911863",2014,"Ping Wu;Brian A. Walker;Annemiek Broyl;Martin Kaiser;David C. Johnson;Rowan Kuiper;Mark van Duin;Walter M. Gregory;Faith E. Davies;Daniel Brewer;Dirk Hose;Pieter Sonneveld;Gareth J. Morgan"
"https://doi.org/10.3389/fcell.2021.675939",2021,"Mengjie Guo;Pinggang Ding;Zhen Zhu;Lu Fan;Yanyan Zhou;Shu Yang;Ye Yang;Chunyan Gu"
"https://doi.org/10.3389/fcell.2023.1099287",2023,"Xin Kang;Kailiang Zhang;Yakang Wang;Zhao Yang;Yao Lu"
"https://doi.org/10.3389/fendo.2023.1144258",2023,"Lifeng Pan;Feng Yang;Xianhua Cao;Hongchang Zhao;Jian Li;Jinxi Zhang;Jiandong Guo;Zhi-jiang Jin;Zhongning Guan;Feng Zhou"
"https://doi.org/10.3389/fgene.2021.721258",2021,"Shushan Li;Haitao Wang;Yi Zhang;Renqiu Qiao;Peige Xia;Zhiheng Kong;Hongbo Zhao;Li Yin"
"https://doi.org/10.3389/fgene.2021.743560",2021,"Rongzhi Huang;Jie Zheng;Fengling Liu;Qingling Li;Wenhui Huang;Danmeng Zhang;Qiang-chu Wu"
"https://doi.org/10.3389/fgene.2022.1040438",2023,"Peicheng Xin;Ming Li;Jing Dong;Hongbo Zhu;Jie Li"
"https://doi.org/10.3389/fgene.2022.870590",2022,"Jian Zhou;Dazhi Zou;Rongjun Wan;Jie Liu;Qiong Zhou;Zhen Zhou;Wanchun Wang;Tao Cheng;Tang Liu"
"https://doi.org/10.3389/fgene.2022.905027",2022,"Zhixin Liu;Heng Liu;Deqiang Li;Liang Ma;Tongxin Lu;Hao Sun;Yuankai Zhang;Hui Yang"
"https://doi.org/10.3389/fgene.2023.1117713",2023,"Wenbo Xu;Xuyao Wang;Donghui Liu;Xin Lin;Bo Wang;Chunyang Xi;Pengyu Kong;Jinglong Yan"
"https://doi.org/10.3389/fgene.2023.1157305",2023,"Hao Li;Qinglan Ma;Jingxin Ren;Wei Guo;Kai‐Yan Feng;Zhandong Li;Tao Huang;Yu‐Dong Cai"
"https://doi.org/10.3389/fimmu.2017.00074",2017,"Sumbul Afroz;Jeevan Giddaluru;Sandeep Kumar Vishwakarma;Saima Naz;Aleem Ahmed Khan;Nooruddin Khan"
"https://doi.org/10.3389/fimmu.2018.03085",2019,"Javier Rodríguez‐Carrio;Patricia López;Mercedes Alpéri;Luis Caminal‐Montero;Francisco Javier Ballina‐García;Ana Suárez"
"https://doi.org/10.3389/fimmu.2019.02612",2019,"Bin Lai;Jiwei Wang;Alexander M. Fagenson;Yu Sun;Jason Saredy;Yifan Lu;Gayani Nanayakkara;William Y. Yang;Daohai Yu;Ying Shao;Charles Drummer;Candice Johnson;Fatma Saaoud;Ruijing Zhang;Qian Yang;Keman Xu;Kevin Mastascusa;Ramón Cueto;Hangfei Fu;Susu Wu;Lizhe Sun;Pei-Qian Zhu;Xuebin Qin;Jun Yu;Daping Fan;Ying H. Shen;Jianxin Sun;Thomas J. Rogers;Eric T. Choi;Hong Wang;Xiaofeng Yang"
"https://doi.org/10.3389/fimmu.2021.726747",2021,"Sheng Zhou;Hongcheng Lu;Min Xiong"
"https://doi.org/10.3389/fimmu.2022.1013322",2022,"Qingcong Zheng;Du Wang;Rongjie Lin;Qi Lv;Wanming Wang"
"https://doi.org/10.3389/fimmu.2022.1013531",2022,"Zuoxiang Wang;Qingyue Xia;Wenxing Su;Mingyang Zhang;Yiyu Gu;Jialiang Xu;Weixiang Chen;Tingbo Jiang"
"https://doi.org/10.3389/fimmu.2022.1044909",2022,"Zhenyu Zhao;Jie Ren;Siping Xie;Longchun Zou;Qianyue Zhao;Shan Zeng;Dingsheng Zha"
"https://doi.org/10.3389/fimmu.2022.1058884",2022,"Qingcong Zheng;Rongjie Lin;Yuchao Chen;Qi Lv;Jin Zhang;Jingbo Zhai;Weihong Xu;Wanming Wang"
"https://doi.org/10.3389/fimmu.2022.1078414",2023,"Shengyou Liao;Ming Yang;Dandan Li;Ye Wu;Hong Sun;Jingxiao Lu;Xinying Liu;Tingting Deng;Yujie Wang;Ni Xie;Donge Tang;Guohui Nie;Xiaoqin Fan"
"https://doi.org/10.3389/fimmu.2022.871008",2022,"Xinyue Hu;Songjia Ni;Kai Zhao;Jing Qian;Yang Duan"
"https://doi.org/10.3389/fimmu.2022.893301",2022,"Guoqiang Liu;Guisong He;Jie Zhang;Zhongmin Zhang;Liang Wang"
"https://doi.org/10.3389/fimmu.2022.954848",2022,"Zhenyu Zhao;Shaojie He;XinCheng Yu;Xiaofeng Lai;Sheng Tang;El Akkawi Mariya M.;MoHan Wang;Hai Yan;Xingqi Huang;Shan Zeng;Dingsheng Zha"
"https://doi.org/10.3389/fimmu.2023.1007624",2023,"Taotao Zhou;Jijia Sun;Li-dong Tang;Ying Yuan;Jianying Wang;Lei Zhang"
"https://doi.org/10.3389/fimmu.2023.1090596",2023,"Bohan Chang;Zhehan Hu;Liang Chen;Zhuangzhuang Jin;Yue Yang"
"https://doi.org/10.3389/fimmu.2023.1128459",2023,"Zhixin Liu;Heng Liu;Deqiang Li;Liang Ma;Tongxin Lu;Hao Sun;Yuankai Zhang;Yang Hui"
"https://doi.org/10.3389/fimmu.2023.1134412",2023,"Junchen Li;Genghong Wang;Xilin Xv;Zhigang Li;Yiwei Shen;Cheng Zhang;Xiaofeng Zhang"
"https://doi.org/10.3389/fmed.2022.1052792",2022,"Xinyu Wang;Ye Jiang;Pengcheng Zhou;Liangxin Lin;Yilin Yang;Qifan Yang;Jiting Zhang;Dong Zhu"
"https://doi.org/10.3389/fmed.2022.799440",2022,"Runrun Zhang;Yehua Jin;Cen Chang;Lingxia Xu;Yanqin Bian;Yu Shen;Yang Sun;Songtao Sun;Steven J. Schrodi;Shicheng Guo;Dongyi He"
"https://doi.org/10.3389/fmolb.2021.691602",2021,"Xin Lu;Yu Fan;Mingxia Li;Xiaoyan Chang;Jun Qian"
"https://doi.org/10.3389/fmolb.2021.748360",2022,"Wenzhou Liu;Yanbo Chen;Gang Zeng;Shuting Yang;Tao Yang;Mengjun Ma;Weidong Song"
"https://doi.org/10.3389/fmolb.2021.761841",2021,"Huan Hu;Facai Zhang;Li Li;Jun Liu;Ao Qin;Ping Li;Jiashun Zeng;Li Long"
"https://doi.org/10.3389/fmolb.2022.992044",2022,"Lin Xia;Ningji Gong"
"https://doi.org/10.3389/fmolb.2023.1066885",2023,"Xinyu Wang;Tianyi Liu;Cheng Qiu;Shunan Yu;Yanzhuo Zhang;Yueyang Sheng;Chengai Wu"
"https://doi.org/10.3389/fncel.2022.1013745",2022,"Hongquan Heng;Jie Liu;Mingwei Hu;Dazhuang Li;Wenxing Su;Jian Li"
"https://doi.org/10.3389/fonc.2021.694331",2021,"Juan Xu;Nanhui Yu;Pan Zhao;Fangfang Wang;Jingcao Huang;Yushan Cui;Hong Ding;Yan Yang;Yuhan Gao;Ling Pan;Hong Chang;Yu Wu;Bing Xiang;Yuping Gong;Shuai Xiao;Li Hou;Liping Xie;Ting Niu;Ting Liu;Li Zhang;Weiping Liu;Wenyan Zhang;Ying Qu;Wei Lin;Yimin Zhu;Sha Zhao;Yuhuan Zheng"
"https://doi.org/10.3389/fphar.2021.672054",2021,"Yirixiati Aihaiti;Yong Cai;Xiadiye Tuerhong;Yan Ni Yang;Yao Ma;Hai Shi Zheng;Ke Xu;Peng Xu"
"https://doi.org/10.3389/fphar.2022.843358",2022,"Danping Fan;Bin Liu;Xiaofeng Gu;Qian Zhang;Qinbin Ye;Xiaoyu Xi;Ya Xia;Qiong Wang;Zheng Wang;Bailiang Wang;Yuan Xu;Cheng Xiao"
"https://doi.org/10.3389/fphar.2022.888533",2022,"Hui Cao;Yifan Fu;Zhenzhen Zhang;Weichun Guo"
"https://doi.org/10.3389/fphys.2018.00516",2018,"Huihong Zeng;Gayani Nanayakkara;Ying Shao;Hangfei Fu;Yu Sun;Ramón Cueto;William Y. Yang;Qian Yang;Haitao Sheng;Na Wu;Luqiao Wang;Wuping Yang;Hongping Chen;Lijian Shao;Jianxin Sun;Xuebin Qin;Joon‐Young Park;Konstantinos Drosatos;Eric T. Choi;Qingxian Zhu;Hong Wang;Xiaofeng Yang"
"https://doi.org/10.3390/biom13030539",2023,"Hao Liang;Xiliang Shang;Yang Wu;Jun Chen;Shiyi Chen"
"https://doi.org/10.3390/cancers13184668",2021,"Ingrid Spaan;Anja van de Stolpe;Reinier Raymakers;Victor Peperzak"
"https://doi.org/10.3390/diagnostics10030171",2020,"Yajun Deng;Enhui Ren;Wenhua Yuan;Guangzhi Zhang;Zuolong Wu;Qiqi Xie"
"https://doi.org/10.3390/genes13091501",2022,"Shunhan Yao;Meiling Deng;Xiaojing Du;Rongzhi Huang;Qingfeng Chen"
"https://doi.org/10.3390/ijms18112396",2017,"Yi‐Jen Chen;Wei‐An Chang;Ya‐Ling Hsu;Chia‐Hsin Chen;Po‐Lin Kuo"
"https://doi.org/10.3390/jcm7120535",2018,"Yi‐Jen Chen;Wei‐An Chang;Ling-Yu Wu;Ya-Ling Hsu;Chia‐Hsin Chen;Po‐Lin Kuo"
"https://doi.org/10.3390/jcm8010050",2019,"Nguyen Phuoc Long;Seongoh Park;Nguyễn Hoàng Anh;Jung Eun Min;Sang Jun Yoon;Hyung Min Kim;Tran Diem Nghi;Dong Kyu Lim;Jeong Hill Park;Johan Lim;Sung Won Kwon"
"https://doi.org/10.3390/jpm13020367",2023,"Jintao Xu;Kai Chen;Yaohui Yu;Yishu Wang;Yi Zhu;Xiangjie Zou;Yiqiu Jiang"
"https://doi.org/10.37349/etat.2021.00034",2021,"Sara Ovejero;Jérôme Moreaux"
"https://doi.org/10.3892/br.2021.1457",2021,"Yuan Li;Wufang Qi;Lei Yan;Mengmeng Wang;Linru Zhao"
"https://doi.org/10.3892/etm.2020.9450",2020,"Xiangxiang Sun;Honghao Duan;Lin Xiao;Shuxin Yao;Qiang He;Xinlin Chen;Weijie Zhang;Jianbing Ma"
"https://doi.org/10.3892/mmr.2018.9677",2018,"Rongqiang Zhang;Xiaoli Yang;Jing Wang;Lixin Han;Aimin Yang;Jie Zhang;Dandan Zhang;Baorong Li;Zhaofang Li;Yongmin Xiong"
"https://doi.org/10.3892/mmr.2020.11168",2020,"Yuquan Shi;Wufang Qi;Chunyu Kong"
"https://doi.org/10.6026/97320630011207",2015,"Hashime Sawai;Takako Takai‐Igarashi;Hiroshi Tanaka"
"https://doi.org/10.7150/ijms.27056",2018,"Yi‐Jen Chen;Wei‐An Chang;Ling‐Yu Wu;Ya‐Ling Hsu;Chia‐Hsin Chen;Po‐Lin Kuo"
"https://doi.org/10.7150/ijms.35611",2019,"Yi‐Jen Chen;Wei‐An Chang;Ling‐Yu Wu;Ching-Fen Huang;Chia‐Hsin Chen;Po‐Lin Kuo"
"https://doi.org/10.7150/jca.34465",2019,"Weilong Zhang;Ling Cao;Xiaoni Liu;Xue He;Ye Zhang;Zuozhen Yang;Ping Yang;Jing Wang;Kai Hu;Xiuru Zhang;Weiyou Liu;Xiaoliang Yuan;Hongmei Jing"
"https://doi.org/10.7717/peerj.3078",2017,"Ruihu Hao;Haiwei Du;Lin Guo;Fengde Tian;Ning An;Tiejun Yang;Changcheng Wang;Bo Wang;Zihao Zhou"
"https://doi.org/10.7717/peerj.5743",2018,"Shilpa Harshan;Poulami Dey;Srivatsan Ragunathan"
"https://doi.org/10.7717/peerj.8390",2020,"Weisong Cai;Haohuan Li;Yubiao Zhang;Guangtao Han"
"https://doi.org/10.1002/cam4.3458",2020,"Eleanor C. Semmes;Erica Shen;Jennifer L. Cohen;Chenan Zhang;Qingyi Wei;Jillian H. Hurst;Kyle M. Walsh"
"https://doi.org/10.1002/cam4.5218",2022,"Mohammad Shahbazi;Xindi Zhang;Paul C. Dinh;Victoria A. Sanchez;Matthew R. Trendowski;Megan M. Shuey;Tessa Tien Nguyen;Darren R. Feldman;David J. Vaughn;Chunkit Fung;Christian Kollmannsberger;Neil E. Martin;Lawrence H. Einhorn;Nancy J. Cox;Robert D. Frisina;Lois B. Travis;Mary Eileen Dolan"
"https://doi.org/10.1002/mgg3.1400",2020,"Heejong Sung;Paula L. Hyland;Alexander Pemov;Jeremy Sabourin;Andrea Baldwin;Sara Bass;Kedest Teshome;Wen Luo;Brigitte C. Widemann;Douglas R. Stewart;Alexander F. Wilson"
"https://doi.org/10.1002/mgg3.731",2019,"Wenhui Zhao;Fanglin Niu;Zhilan Xie;Mengdan Yan;Jingjie Li;Yuan Zhang;Jun Chen;Qiufang Liu;Tianbo Jin"
"https://doi.org/10.1007/s00401-021-02374-4",2021,"Sandra Díaz-García;Vivian I. Ko;Sonia Vázquez-Sánchez;Ruth Chia;Olubankole Aladesuyi Arogundade;María José Gómez-Rodríguez;Bryan J. Traynor;Don W. Cleveland;John Ravits"
"https://doi.org/10.1007/s10048-020-00606-5",2020,"Tanya Ramdal Techlo;Andreas Rasmussen;Peter Möller;Morten Böttcher;Simon Winther;Olafur B. Davidsson;Isa Amalie Olofsson;Mona Ameri Chalmer;Lisette J. A. Kogelman;Mette Nyegaard;Jes Olesen;Thomas Hansen"
"https://doi.org/10.1016/j.antiviral.2021.105197",2021,"Hristo L. Svilenov;Julia Sacherl;A. Reiter;Lisa Wolff;Cho‐Chin Cheng;Marcel Stern;Vincent Grass;Martin Feuerherd;Frank‐Peter Wachs;Nicole Simonavicius;Susanne Pippig;Florian Wolschin;Oliver T. Keppler;Johannes Büchner;Carsten Brockmeyer;Ulrike Protzer"
"https://doi.org/10.1016/j.cell.2022.05.008",2022,"Erinc Hallacli;Can Kayatekin;Sumaiya Nazeen;Xiou H. Wang;Zoe Sheinkopf;Shubhangi Sathyakumar;Souvarish Sarkar;Xin Jiang;Xianjun Dong;Roberto Di Maio;Wen Wang;Matthew T. Keeney;Daniel Felsky;Jackson Sandoe;Aazam Vahdatshoar;Namrata D. Udeshi;D.R. Mani;Steven A. Carr;Susan Lindquist;Philip L. De Jager;David P. Bartel;Chad L. Myers;J. Timothy Greenamyre;Mel Β. Feany;Shamil Sunyaev;Chee Yeun Chung;Vikram Khurana"
"https://doi.org/10.1016/j.celrep.2022.111670",2022,"James A. Oo;Katalin Pálfi;Timothy Warwick;Ilka Wittig;Cristian Prieto‐Garcia;Vigor Matković;Ines Tomašković;Frederike Boos;Judit Izquierdo Ponce;Tom Teichmann;Kirill Petriukov;Shaza Haydar;Lars Mäegdefessel;Zhiyuan Wu;Duc Minh Pham;Jaya Krishnan;Andrew H. Baker;Stefan Günther;Helle D. Ulrich;Ivan Ðikić;Matthias S. Leisegang;Ralf P. Brandes"
"https://doi.org/10.1016/j.euroneuro.2021.09.007",2021,"Sandra Bopp;Urs Heilbronner;Peter Schlattmann;Pichit Buspavanich;Undine E. Lang;Andreas Heinz;Thomas G. Schulze;Mazda Adli;Thomas W. Mühleisen;Roland Ricken"
"https://doi.org/10.1016/j.gpb.2021.08.015",2022,"Qiao Liu;Kui Hua;Xuegong Zhang;Wing Hung Wong;Rui Jiang"
"https://doi.org/10.1016/j.neurobiolaging.2018.06.015",2018,"Martina de Majo;Simon Topp;Bradley Smith;Agnes L. Nishimura;Han-Jou Chen;Soragia Athina Gkazi;Jack W. Miller;Chun Hao Wong;Caroline Vance;Frank Baas;Anneloor L.M.A. ten Asbroek;Kevin P. Kenna;Nicola Ticozzi;Alberto García‐Redondo;Jesús Esteban‐Pérez;Cinzia Tiloca;Federico Verde;Stefano Duga;Karen Morrison;Pamela J. Shaw;Janine Kirby;Martin R. Turner;Kevin Talbot;Orla Hardiman;Jonathan D. Glass;Jacqueline de Belleroche;Cinzia Gellera;Antonia Ratti;Ammar Al‐Chalabi;Robert H. Brown;Vincenzo Silani;John E. Landers;Christopher E. Shaw"
"https://doi.org/10.1016/j.xhgg.2021.100029",2021,"Linda M. Polfus;Burcu F. Darst;Heather M. Highland;Xin Sheng;Maggie C. Y. Ng;Jennifer E. Below;Lauren E. Petty;Stephanie A. Bien;Xueling Sim;Wei Wang;Pierre Fontanillas;Yesha M. Patel;Michael Preuß;Claudia Schurmann;Zhaohui Du;Yingchang Lu;Suhn K. Rhie;Joseph M. Mercader;Teresa Tusié‐Luna;Clicerio González‐Villalpando;Lorena Orozco;Cassandra N. Spracklen;Brian E. Cade;Richard A. Jensen;Meng Sun;Yoonjung Yoonie Joo;Ping An;Lisa R. Yanek;Lawrence F. Bielak;Salman M. Tajuddin;Aude Nicolas;Guanjie Chen;Laura M. Raffield;Xiuqing Guo;Wei‐Min Chen;Girish N. Nadkarni;Mariaelisa Graff;Ran Tao;James S. Pankow;Martha L. Daviglus;Qibin Qi;Eric Boerwinkle;Simin Liu;Lawrence S. Phillips;Ulrike Peters;Chris Carlson;Lynne R. Wikens;Loı̈c Le Marchand;Kari E. North;Steven Buyske;Charles Kooperberg;Ruth J. F. Loos;Daniel O. Stram;Christopher A. Haiman"
"https://doi.org/10.1016/j.xhgg.2021.100040",2021,"Tamar Sofer;Jiwon Lee;Nuzulul Kurniansyah;Deepti Jain;Cecelia Laurie;Stephanie M. Gogarten;Matthew P. Conomos;Ben Heavner;Yao Hu;Charles Kooperberg;Jeffrey Haessler;Ramachandran S. Vasan;L. Adrienne Cupples;Brandon J. Coombes;Amanda A. Seyerle;Sina A. Gharib;Han Chen;Jeffrey R. O’Connell;Man Zhang;Daniel J. Gottlieb;Bruce M. Psaty;W.T. Longstreth;Jerome I. Rotter;Kent D. Taylor;Stephen S. Rich;Xiuqing Guo;Eric Boerwinkle;Alanna C. Morrison;James S. Pankow;Andrew D. Johnson;Nathan Pankratz;Alex P. Reiner;Susan Redline;Nicholas L. Smith;Kenneth Rice;Elizabeth D. Schifano"
"https://doi.org/10.1038/gim.2012.164",2012,"Jill A. Rosenfeld;Bradley P. Coe;Evan E. Eichler;Howard Cuckle;Lisa G. Shaffer"
"https://doi.org/10.1038/mp.2015.205",2016,"Riccardo E. Marioni;Jian Yang;Dominika Dykiert;René Mõttus;Archie Campbell;Gail Davies;Caroline Hayward;David J. Porteous;Peter M. Visscher;Ian J. Deary"
"https://doi.org/10.1038/nature10351",2011,"Ryan D. Morin;María Méndez-Lago;Andrew J. Mungall;Rodrigo Goya;Karen Mungall;Richard Corbett;Nathalie A. Johnson;Tesa Severson;Readman Chiu;Matthew A. Field;Shaun D. Jackman;Martin Krzywinski;David W. Scott;Diane L. Trinh;Jessica Tamura‐Wells;Sa Li;Marlo Firme;Sanja Rogić;Malachi Griffith;Susanna Chan;Oleksandr Yakovenko;Irmtraud M. Meyer;Eric Y. Stutheit-Zhao;Duane E. Smailus;Michelle Moksa;Suganthi Chittaranjan;Lisa M. Rimsza;Angela Brooks‐Wilson;John J. Spinelli;Susana Ben‐Neriah;Barbara Meissner;Bruce W. Woolcock;Merrill Boyle;Helen McDonald;Angela Tam;Yongjun Zhao;Allen Delaney;Thomas Zeng;Kane Tse;Yaron S.N. Butterfield;İnanç Birol;Robert A. Holt;Jacqueline E. Schein;Douglas E. Horsman;Richard A. Moore;Steven J.M. Jones;Joseph M. Connors;Martin Hirst;Randy D. Gascoyne;Marco A. Marra"
"https://doi.org/10.1038/ncomms13479",2016,"Tania Quesada‐López;Rubén Cereijo;Jean‐Valéry Turatsinze;Anna Planavila;Montserrat Cairó;Aleix Gavaldà‐Navarro;Marion Peyrou;Ricardo Moure;Roser Iglesias;Marta Giralt;Décio L. Eizirik;Francesc Villarroya"
"https://doi.org/10.1038/ng.2387",2012,"Sharon J. Diskin;Mario Capasso;Robert W. Schnepp;Kristina A. Cole;Edward F. Attiyeh;Cuiping Hou;Maura Diamond;Erica L. Carpenter;Cynthia Winter;Hanna Lee;Jayanti Jagannathan;Valeria Latorre;Achille Iolascon;Hákon Hákonarson;Marcella Devoto;John M. Maris"
"https://doi.org/10.1038/ng.3914",2017,"Derek Klarin;Qiuyu Zhu;Connor A. Emdin;Mark Chaffin;Steven Horner;Brian J. McMillan;Alison Leed;Michael E. Weale;Chris C. A. Spencer;François Aguet;Ayellet V. Segrè;Kristin Ardlie;Amit V. Khera;Virendar K. Kaushik;Pradeep Natarajan;Sekar Kathiresan"
"https://doi.org/10.1038/ng.3959",2017,"Anna J. Jasinska;Ivette Zelaya;Susan K. Service;Christine B. Peterson;Rita M. Cantor;Oi‐Wa Choi;Joseph DeYoung;Eleazar Eskin;Lynn A. Fairbanks;Scott C. Fears;Allison Furterer;Yu Huang;Vasily Ramensky;Christopher A. Schmitt;Hannes Svardal;Matthew J. Jorgensen;Jay R. Kaplan;Diego Villar;Bronwen Aken;Paul Flicek;Rishi Nag;Emily Wong;John Blangero;Thomas D. Dyer;Marina Bogomolov;Yoav Benjamini;George M. Weinstock;Ken Dewar;Chiara Sabatti;Richard K. Wilson;J. David Jentsch;Wesley C. Warren;Giovanni Coppola;Roger P. Woods;Nelson B. Freimer"
"https://doi.org/10.1038/nn.3688",2014,"Janel O. Johnson;Erik P. Pioro;Ashley Boehringer;Ruth Chia;Howard Feit;Alan E. Renton;Hannah A. Pliner;Yevgeniya Abramzon;Giuseppe Marangi;Brett J Winborn;J. Raphael Gibbs;Michael A. Nalls;Sarah Morgan;Maryam Shoai;John Hardy;Alan Pittman;Richard W. Orrell;Andrea Malaspina;Katie Sidle;Pietro Fratta;Matthew B. Harms;Robert H. Baloh;Alan Pestronk;Conrad C. Weihl;Ekaterina Rogaeva;Lorne Zinman;Vivian E. Drory;Giuseppe Borghero;Gabriele Mora;Andrea Calvo;Jeffrey D. Rothstein;Carsten Drepper;Michael Sendtner;Andrew Singleton;J. Paul Taylor;Mark Cookson;Gabriella Restagno;Mario Sabatelli;Robert Bowser;Adriano Chiò;Bryan J. Traynor"
"https://doi.org/10.1038/s41416-022-01833-3",2022,"Felicitas Schmid;Mathias Dahlmann;Hanna Röhrich;Dennis Kobelt;Jens Hoffmann;Susen Burock;Wolfgang Walther;Ulrike Stein"
"https://doi.org/10.1038/s41419-020-02839-6",2020,"Zhifang Wang;Tingting Liu;Wenhua Xue;Yuanyuan Fang;Xiaolong Chen;Lijun Xu;Lixia Zhang;Kelei Guan;Juntao Pan;Lili Zheng;Guijun Qin;Tingting Wang"
"https://doi.org/10.1038/s41419-021-03938-8",2021,"Gang Ma;Guichen Li;Wufeng Fan;Yuanhong Xu;Shaowei Song;Kejian Guo;Zhe Liu"
"https://doi.org/10.1038/s41467-017-00212-4",2017,"Adrian Schwarzer;Stephan Emmrich;Franziska Schmidt;Dominik Beck;Michelle Ng;Christina Reimer;Felix F. Adams;Sarah Grasedieck;Damian Witte;Sebastian Käbler;Jason W.H. Wong;Anushi Shah;Yizhou Huang;Razan Jammal;Aliaksandra Maroz;Mojca Jongen‐Lavrencic;Axel Schambach;Florian Kuchenbauer;John E. Pimanda;Dirk Reinhardt;Dirk Heckl;Jan‐Henning Klusmann"
"https://doi.org/10.1038/s41467-017-00346-5",2017,"Jérémie Vitte;Fuying Gao;Giovanni Coppola;Alexander R. Judkins;Marco Giovannini"
"https://doi.org/10.1038/s41467-017-02596-9",2018,"Joseph L. Wiemels;Kyle M. Walsh;Adam J. de Smith;Catherine Metayer;Semira Gonseth;Helen M. Hansen;Stephen Francis;Juhi Ojha;Ivan Smirnov;Lisa F. Barcellos;Xiaorong Xiao;Libby M. Morimoto;Roberta McKean‐Cowdin;Rong Wang;Herbert Yu;Josephine Hoh;Andrew T. DeWan;Xiaomei Ma"
"https://doi.org/10.1038/s41467-017-02769-6",2018,"Robert Maier;Zhihong Zhu;Sang Lee;Maciej Trzaskowski;Douglas M. Ruderfer;Eli A. Stahl;Stephan Ripke;Naomi R. Wray;Jian Yang;Peter M. Visscher;Matthew R. Robinson"
"https://doi.org/10.1038/s41467-018-04191-y",2018,"Jing Guo;Yang Wu;Zhihong Zhu;Zhili Zheng;Maciej Trzaskowski;Jian Zeng;Matthew R. Robinson;Peter M. Visscher;Jian Yang"
"https://doi.org/10.1038/s41467-018-06498-2",2018,"Chang S. Chan;Saurabh V. Laddha;Peter W. Lewis;Matthew S. Koletsky;Kenneth Robzyk;Edaise da Silva;Paula J. Torres;Brian R. Untch;Janet Li;Promita Bose;Timothy A. Chan;David S. Klimstra;C. David Allis;Laura H. Tang"
"https://doi.org/10.1038/s41467-018-06705-0",2018,"Gabe Haller;Kevin McCall;Supak Jenkitkasemwong;Brooke Sadler;Lilian Antunes;Momchil Nikolov;Julia Whittle;Zachary Upshaw;Jimann Shin;Erin E. Baschal;Carlos Cruchaga;Matthew Harms;Cathleen Raggio;José A. Morcuende;Philip F. Giampietro;Nancy H. Miller;Carol A. Wise;Ryan S. Gray;Lila Solnica‐Krezel;Mitchell D. Knutson;Matthew B. Dobbs;Christina A. Gurnett"
"https://doi.org/10.1038/s41467-019-10128-w",2019,"Guiyan Ni;J. H. J. van der Werf;Xuan Zhou;Elina Hyppönen;Naomi R. Wray;Sang Lee"
"https://doi.org/10.1038/s41467-019-12653-0",2019,"Luke R. Lloyd‐Jones;Jian Zeng;Julia Sidorenko;Loïc Yengo;G. Möser;Kathryn E. Kemper;Huanwei Wang;Zhili Zheng;Reedik Mägi;Tõnu Esko;Andres Metspalu;Naomi R. Wray;Michael E. Goddard;Jian Yang;Peter M. Visscher"
"https://doi.org/10.1038/s41467-020-16244-2",2020,"Aruna Marchetto;Shunya Ohmura;Martin F. Orth;Maximilian M. L. Knott;Maria Vittoria Colombo;Chiara Arrigoni;Victor Bardinet;David Saucier;Fabienne S. Wehweck;Jing Li;Stefanie Stein;Julia S. Gerke;Michaela C. Baldauf;Julian Musa;Marlene Dallmayer;Laura Romero‐Pérez;Tilman L. B. Hölting;James F. Amatruda;Andrea Cossarizza;Anton G. Henssen;Thomas Kirchner;Matteo Moretti;Florencia Cidre‐Aranaz;Giuseppina Sannino;Thomas G. P. Grünewald"
"https://doi.org/10.1038/s41467-020-16481-5",2020,"David Jakubosky;Erin N. Smith;Matteo D’Antonio;Marc Jan Bonder;William W. Greenwald;Agnieszka D’Antonio‐Chronowska;Hiroko Matsui;Marc Jan Bonder;Na Cai;Iván Cárcamo-Orive;Matteo D’Antonio;Kelly A. Frazer;William W. Greenwald;David Jakubosky;Joshua W. Knowles;Hiroko Matsui;Davis J. McCarthy;Bogdan Mirăuță;Stephen B. Montgomery;Thomas Quertermous;Daniel D. Seaton;Craig Smail;Erin N. Smith;Oliver Stegle;Oliver Stegle;Stephen B. Montgomery;Christopher DeBoever;Kelly A. Frazer"
"https://doi.org/10.1038/s41467-020-17558-x",2020,"Jacqueline Saw;Min‐Lee Yang;Mark Trinder;Catherine Tcheandjieu;Chang Xu;Andrew Starovoytov;Isabelle Birt;Michael R. Mathis;Kristina L. Hunker;Ellen M. Schmidt;Linda Jackson;Natalia Fendrikova-Mahlay;Matthew Zawistowski;Chad M. Brummett;Sebastian Zoellner;Alexander Katz;Dawn M. Coleman;Kirby Swan;Christopher J. O’Donnell;Themistocles L. Assimes;Christopher J. O’Donnell;Xiang Zhou;Jun Z. Li;Heather L. Gornik;Themistocles L. Assimes;James C. Stanley;Liam R. Brunham;Santhi K. Ganesh"
"https://doi.org/10.1038/s41467-020-19265-z",2020,"Bryan C. Quach;Michael J. Bray;Nathan Gaddis;Mengzhen Liu;Teemu Palviainen;Camelia C. Minică;Stephanie Zellers;Richard Sherva;Fazil Alıev;Michael Nothnagel;Kendra A. Young;Jesse A. Marks;Hannah Young;Megan U. Carnes;Yuelong Guo;Alex Waldrop;Nancy Y. A. Sey;Maria Teresa Landi;Daniel W. McNeil;Dmitriy Drichel;Lindsay A. Farrer;Christina A. Markunas;Jacqueline M. Vink;Jouke‐Jan Hottenga;William G. Iacono;Henry R. Kranzler;Nancy L. Saccone;Michael C. Neale;Pamela A. F. Madden;Marcella Rietschel;Mary L. Marazita;Matthew McGue;Hyejung Won;Georg Winterer;Richard A. Grucza;Danielle M. Dick;Joel Gelernter;Neil E. Caporaso;Timothy B. Baker;Dorret I. Boomsma;Jaakko Kaprio;John E. Hokanson;Scott Vrieze;Laura J. Bierut;Eric O. Johnson;Dana B. Hancock"
"https://doi.org/10.1038/s41467-021-24910-2",2021,"Yuting Wang;Qin Zou;Fajin Li;Wenwei Zhao;Hui Xu;Wenhao Zhang;Haiteng Deng;Xuerui Yang"
"https://doi.org/10.1038/s41467-022-28569-1",2022,"Stefanie Koster;Rajendra Kumar Gurumurthy;Naveen Kumar;Pon Ganish Prakash;Jayabhuvaneshwari Dhanraj;Sofia Bayer;Hilmar Berger;Shilpa Mary Kurian;Marina Drabkina;Hans‐Joachim Mollenkopf;Christian Goosmann;Volker Brinkmann;Zachary D. Nagel;Mandy Mangler;Thomas F. Meyer;Cindrilla Chumduri"
"https://doi.org/10.1038/s41467-022-29152-4",2022,"Monika Graf;Marta Interlandi;Natalia Moreno;Dörthe Holdhof;Carolin Göbel;Viktoria Melcher;Julius Mertins;Thomas Albert;Dennis Kastrati;Amelie Alfert;Till Holsten;Flavia de Faria;Michael Meisterernst;Claudia Rössig;Monika Warmuth‐Metz;Johannes Nowak;Gerd Meyer zu Hörste;Chloé Mayère;Serge Nef;Pascal D. Johann;Michael C. Frühwald;Martin Dugas;Ulrich Schüller;Kornelius Kerl"
"https://doi.org/10.1038/s41467-022-29498-9",2022,"Zheqi Li;Olivia McGinn;Yang Wu;Amir Bahreini;Nolan Priedigkeit;Kai Ding;Sayali Onkar;Caleb Lampenfeld;Carol A. Sartorius;Lori Miller;Margaret Rosenzweig;Ofir Cohen;Nikhil Wagle;Jennifer K. Richer;William J. Muller;Laki Buluwela;Simak Ali;Tullia C. Bruno;Dario A.A. Vignali;Yusi Fang;Li Zhu;George C. Tseng;Jason Gertz;Jennifer M. Atkinson;Adrian V. Lee;Steffi Oesterreich"
"https://doi.org/10.1038/s41467-022-29696-5",2022,"Abrar Aljahani;Hua Peng;Magdalena A. Karpińska;Kimberly Quililan;James O. J. Davies;A. Marieke Oudelaar"
"https://doi.org/10.1038/s41467-022-31080-2",2022,"Nuzulul Kurniansyah;Matthew Goodman;Tanika N. Kelly;Tali Elfassy;Kerri L. Wiggins;Joshua C. Bis;Xiuqing Guo;Walter Palmas;Kent D. Taylor;Henry J. Lin;Jeffrey Haessler;Yan Gao;Daichi Shimbo;Jennifer A. Smith;Bing Yu;Elena V. Feofanova;Roelof A.J. Smit;Zhe Wang;Shih‐Jen Hwang;Simin Liu;Sylvia Wassertheil‐Smoller;JoAnn E. Manson;Donald M. Lloyd‐Jones;Stephen S. Rich;Ruth J. F. Loos;Susan Redline;Adolfo Correa;Charles Kooperberg;Myriam Fornage;Robert C. Kaplan;Bruce M. Psaty;Jerome I. Rotter;Donna K. Arnett;Alanna C. Morrison;Nora Franceschini;Daniel Levy;Joshua C. Bis;Xiuqing Guo;Kent D. Taylor;Henry J. Lin;Jeffrey Haessler;Yan Gao;Jennifer A. Smith;Simin Liu;Sylvia Wassertheil‐Smoller;JoAnn E. Manson;Stephen S. Rich;Susan Redline;Adolfo Correa;Charles Kooperberg;Myriam Fornage;Robert C. Kaplan;Bruce M. Psaty;Jerome I. Rotter;Donna K. Arnett;Nora Franceschini;Daniel Levy;Tamar Sofer;Tamar Sofer"
"https://doi.org/10.1038/s41467-023-37173-w",2023,"Shaan Khurshid;Julieta Lazarte;James P. Pirruccello;Lu‐Chen Weng;Seung Hoan Choi;Amelia Weber Hall;Xin Wang;Samuel Friedman;Victor Nauffal;Kiran J. Biddinger;Krishna G. Aragam;Puneet Batra;Jennifer E. Ho;Anthony Philippakis;Patrick T. Ellinor;Steven A. Lubitz"
"https://doi.org/10.1038/s41531-021-00221-7",2021,"Shi Yao;Xi Zhang;Shu-Cheng Zou;Yong Xiang Zhu;Bo Li;Weiping Kuang;Yan Guo;Xiaosong Li;Liang Li;Xiaoye Wang"
"https://doi.org/10.1038/s41562-017-0195-1",2017,"Felix C. Tropf;Sang Lee;Renske Verweij;Gert Stulp;Peter J. van der Most;Ronald de Vlaming;Andrew Bakshi;Daniel A. Briley;Charles Rahal;Robert Hellpap;Anastasia Iliadou;Tõnu Esko;Andres Metspalu;Sarah E. Medland;Nicholas G. Martin;Nicola Barban;Harold Snieder;Matthew R. Robinson;Melinda Mills"
"https://doi.org/10.1038/s41586-021-04342-0",2021,"Lorenz Ulrich;Nico Joël Halwe;Adriano Taddeo;Nadine Ebert;Jacob Schön;Christelle Devisme;Bettina Salome Trüeb;Bernd Hoffmann;Manon Wider;Xiaoyu Fan;Meriem Bekliz;Manel Essaidi-Laziosi;Marie Luisa Schmidt;Daniela Niemeyer;Victor M. Corman;Anna Kraft;Aurélie Godel;Laura Laloli;Jenna N. Kelly;Brenda M. Calderon;Angele Breithaupt;Claudia Wylezich;Inês Berenguer Veiga;Mitra Gultom;Sarah Osman;Bin Zhou;Kenneth Adea;Benjamin Meyer;Christiane S. Eberhardt;Lisa Thomann;Monika Gsell;Fabien Labroussaa;Joerg Jores;Artur Summerfield;Christian Drosten;Isabella Eckerle;David E. Wentworth;Ronald Dijkman;Donata Hoffmann;Volker Thiel;Martin Beer;Charaf Benarafa"
"https://doi.org/10.1038/s41588-019-0378-y",2019,"Amy R. Bentley;Yan V. Sun;Michael R. Brown;Thomas W. Winkler;Aldi T. Kraja;Ιωάννα Ντάλλα;Karen Schwander;Daniel I. Chasman;Elise Lim;Xuan Deng;Xiuqing Guo;Jingmin Liu;Yingchang Lu;Ching‐Yu Cheng;Xueling Sim;Dina Vojinović;Jennifer E. Huffman;Solomon K. Musani;Changwei Li;Mary F. Feitosa;Melissa A. Richard;Raymond Noordam;Jennifer L. Baker;Guanjie Chen;Hugues Aschard;Traci M. Bartz;Jingzhong Ding;Rajkumar Dorajoo;Alisa K. Manning;Tuomo Rankinen;Albert V. Smith;Salman M. Tajuddin;Wei Zhao;Mariaelisa Graff;Maris Alver;Mathilde Boissel;Jin Fang Chai;Xu Chen;Jasmin Divers;Εvangelos Εvangelou;Chuan Gao;Anuj Goel;Yanick Hagemeijer;Sarah E. Harris;Fernando Pires Hartwig;Meian He;A.R.V.R. Horimoto;Fang‐Chi Hsu;Yi‐Jen Hung;Anne Jackson;Anuradhani Kasturiratne;Pirjo Komulainen;Brigitte Kühnel;Karin Leander;Keng‐Hung Lin;Jian’an Luan;Leo‐Pekka Lyytikäinen;Nana Matoba;Ilja M. Nolte;Maik Pietzner;Bram P. Prins;Muhammad Riaz;Antonietta Robino;M. Abdullah Said;Nicole Schupf;Robert A. Scott;Tamar Sofer;Alena Stančáková;Fumihiko Takeuchi;Bamidele O. Tayo;Peter J. van der Most;Tibor V. Varga;Tzung‐Dau Wang;Yajuan Wang;Erin B. Ware;Wanqing Wen;Yong‐Bing Xiang;Lisa R. Yanek;Weihua Zhang;Jing Hua Zhao;Adebowale Adeyemo;Saima Afaq;Najaf Amin;Marzyeh Amini;Dan E. Arking;Zorayr Arzumanyan;Tin Aung;Christie M. Ballantyne;R. Graham Barr;Lawrence F. Bielak;Eric Boerwinkle;Erwin P. Böttinger;Ulrich Broeckel;Morris Brown;Brian E. Cade;Archie Campbell;Mickaël Canouil;Charumathi Sabanayagam;Yii‐Der Ida Chen;Kaare Christensen;Maria Pina Concas;John Connell;Lisa de las Fuentes;H. Janaka de Silva;Paul S. de Vries;Ayo P. Doumatey;Qing Duan;Charles B. Eaton;Ruben N. Eppinga;Jessica D. Faul;James S. Floyd;Nita G. Forouhi;Terrence Forrester;Yechiel Friedlander;Ilaria Gandin;He Gao;Mohsen Ghanbari;Sina A. Gharib;Bruna Gigante;Franco Giulianini;Hans J. Grabe;C. Charles Gu;Tamara B. Harris;Sami Heikkinen;Chew‐Kiat Heng;Makoto Hirata;James E. Hixson;M. Arfan Ikram;Yucheng Jia;Roby Joehanes;Craig Johnson;Jost B. Jonas;Anne E. Justice;Tomohiro Katsuya;Chiea Chuen Khor;Tuomas O. Kilpeläinen;Woon‐Puay Koh;Ivana Kolčić;Charles Kooperberg;José Eduardo Krieger;Stephen B. Kritchevsky;Michiaki Kubo;Johanna Kuusisto;Timo A. Lakka;Carl D. Langefeld;Claudia Langenberg;Lenore J. Launer;Benjamin Lehne;Cora E. Lewis;Yize Li;Jingjing Liang;Shiow J. Lin;Yongmei Liu;Jianjun Liu;Kiang Liu;Marie Loh;Kurt K. Lohman;Tin Louie;Anna Luzzi;Reedik Mägi;Anubha Mahajan;Ani Manichaikul;Colin A. McKenzie;Thomas Meitinger;Andres Metspalu;Yuri Milaneschi;Lili Milani;Karen L. Mohlke;Yukihide Momozawa;Andrew P. Morris;Alison D. Murray;Mike A. Nalls;Matthias Nauck;Christopher P. Nelson;Kari E. North;Jeffrey R. O’Connell;Nicholette D. Palmer;George J. Papanicolau;Nancy L. Pedersen;Annette Peters;Patricia A. Peyser;Ozren Polašek;Neil Poulter;Olli T. Raitakari;Alex P. Reiner;Frida Renström;Treva Rice;Stephen S. Rich;Jennifer G. Robinson;Lynda M. Rose;Frits R. Rosendaal;Igor Rudan;Carsten Oliver Schmidt;Pamela J. Schreiner;William R. Scott;Peter S. Sever;Yuan Shi;Stephen Sidney;Mario Sims;Jennifer A. Smith;Harold Snieder;John M. Starr;Konstantin Strauch;Heather M. Stringham;Nicholas Tan;Hua Tang;Kent D. Taylor;Yik Ying Teo;Yih‐Chung Tham;Henning Tiemeier;Stephen T. Turner;André G. Uitterlinden;Diana van Heemst;Mélanie Waldenberger;Heming Wang;Lan Wang;Lihua Wang;Wen Bin Wei;Christine A. Williams;Gregory Wilson;Mary K. Wojczynski;Jie Yao;Kristin L. Young;Caizheng Yu;Jian‐Min Yuan;Jie Zhou;Alan B. Zonderman;Diane M. Becker;Michael Boehnke;Donald W. Bowden;John C. Chambers;Stephen S. Rich;Ulf dé Fairé;Ian J. Deary;Paul Elliott;Tõnu Esko;Martin Farrall;Paul W. Franks;Barry I. Freedman;Philippe Froguel;Paolo Gasparini;Christian Gieger;Bernardo Lessa Horta;Jyh‐Ming Jimmy Juang;Yoichiro Kamatani;Candace M. Kammerer;Norihiro Kato;Jaspal S. Kooner;Markku Laakso;Cathy C. Laurie;I‐Te Lee;Terho Lehtimäki;Patrik K. E. Magnusson;Albertine J. Oldehinkel;Brenda W.J.H. Penninx;Alexandre C. Pereira;Rainer Rauramaa;Susan Redline;Nilesh J. Samani;Berthold Lausen;Xiao‐Ou Shu;Pim van der Harst;Lynne E. Wagenknecht;Jun‐Sing Wang;Ya Xing Wang;Nicholas J. Wareham;Hugh Watkins;David R. Weir;Ananda R. Wickremasinghe;Tangchun Wu;Eleftheria Zeggini;Wei Zheng;Claude Bouchard;Michele K. Evans;Vilmundur Guðnason;Sharon L. R. Kardia;Yongmei Liu;Bruce M. Psaty;Paul M. Ridker;Rob M. van Dam;Dennis O. Mook‐Kanamori;Myriam Fornage;Michael A. Province;Tanika N. Kelly;Ervin R. Fox;Caroline Hayward;Cornelia M. van Duijn;E. Shyong Tai;Tien Yin Wong;Ruth J. F. Loos;Nora Franceschini;Jerome I. Rotter;Xiaofeng Zhu;Laura J. Bierut;W. James Gauderman;Kenneth Rice;Patricia B. Munroe;Alanna C. Morrison;D. C. Rao;Charles N. Rotimi;L. Adrienne Cupples"
"https://doi.org/10.1038/s41588-019-0397-8",2019,"Eli A. Stahl;Gerome Breen;Andreas J. Forstner;Andrew McQuillin;Stephan Ripke;Vassily Trubetskoy;Manuel Mattheisen;Yunpeng Wang;Jonathan R. I. Coleman;Héléna A. Gaspar;Christiaan de Leeuw;Stacy Steinberg;Jennifer M. Whitehead Pavlides;Maciej Trzaskowski;Enda M. Byrne;Tune H. Pers;Peter Holmans;Alexander Richards;Liam Abbott;Esben Agerbo;Huda Akil;Diego Albani;Ney Alliey‐Rodriguez;Thomas D. Als;Adebayo Anjorin;Verneri Antilla;Swapnil Awasthi;Judith A. Badner;Marie Bækvad‐Hansen;Jack D. Barchas;Nicholas Bass;Michael Bauer;Richard A. Belliveau;Sarah E. Bergen;Carsten Bøcker Pedersen;Erlend Bøen;Marco P. Boks;James Boocock;Monika Budde;William E. Bunney;Margit Burmeister;Jonas Bybjerg‐Grauholm;William Byerley;Miguel Casas;Felecia Cerrato;Pablo Cervantes;Kimberly Chambert;Alexander W. Charney;Danfeng Chen;Tracy Air;Toni‐Kim Clarke;William Coryell;David W. Craig;Cristiana Cruceanu;David Curtis;Piotr M. Czerski;Anders M. Dale;Simone de Jong;Franziska Degenhardt;Jurgen Del‐Favero;J. Raymond DePaulo;Srdjan Djurovic;Amanda Dobbyn;Ashley Dumont;Torbjørn Elvsåshagen;Valentina Escott‐Price;Chun Chieh Fan;Sascha B. Fischer;Matthew Flickinger;Tatiana Foroud;Liz Forty;Josef Frank;Christine Fraser;Nelson B. Freimer;Louise Frisén;Katrin Gade;Diane Gage;Julie Garnham;Claudia Giambartolomei;Marianne Giørtz Pedersen;Jaqueline Goldstein;Scott D. Gordon;Katherine Gordon‐Smith;Elaine Green;Melissa J. Green;Tiffany A. Greenwood;Jakob Grove;Weihua Guan;José Guzmán‐Parra;Marian L. Hamshere;Martin Hautzinger;Urs Heilbronner;Stefan Herms;Maria Hipolito;Per Hoffmann;Dominic Holland;Laura M. Huckins;Stéphane Jamain;Jessica Johnson;Anders Juréus;Radhika Kandaswamy;Robert Karlsson;James L. Kennedy;Sarah Kittel‐Schneider;James A. Knowles;Manolis Kogevinas;Anna C. Koller;Ralph Kupka;Catharina Lavebratt;Jacob Lawrence;William Lawson;Markus Leber;Phil H. Lee;Shawn Levy;Jun Z. Li;Chunyu Liu;Susanne Lucae;Anna Maaser;Donald J. MacIntyre;Pamela B. Mahon;Wolfgang Maier;Lina Martinsson;Steve McCarroll;Peter McGuffin;Melvin G. McInnis;James McKay;Helena Medeiros;Sarah E. Medland;Fan Meng;Lili Milani;Grant W. Montgomery;Derek W. Morris;Thomas W. Mühleisen;Niamh Mullins;Hoang Nguyen;Caroline M. Nievergelt;Annelie Nordin Adolfsson;Evaristus A. Nwulia;Claire O’Donovan;Loes M. Olde Loohuis;Anil P. S. Ori;Lilijana Oruč;Urban Ösby;Roy H. Perlis;Amy Perry;Andrea Pfennig;James B. Potash;Shaun Purcell;Eline J. Regeer;Andreas Reif;Céline S. Reinbold;John P. Rice;Fabio Rivas;Margarita Rivera;Panos Roussos;Douglas M. Ruderfer;Euijung Ryu;Cristina Sánchez‐Mora;Alan F. Schatzberg;William A. Scheftner;Nicholas J. Schork;Cynthia Shannon Weickert;Tatyana Shehktman;Paul D. Shilling;Engilbert Sigurðsson;Claire Slaney;Olav B. Smeland;Janet L. Sobell;Christine Søholm Hansen;Anne T. Spijker;David St Clair;Michael Steffens;John S. Strauss;Fabian Streit;Jana Strohmaier;Szabolcs Szelinger;Robert C. Thompson;Thorgeir E. Thorgeirsson;Jens Treutlein;Helmut Vedder;Weiqing Wang;Stanley J. Watson;Thomas W. Weickert;Stephanie H. Witt;Simon Xi;Wei Xu;Allan H. Young;Peter P. Zandi;Peng Zhang;Sebastian Zöllner;Rolf Adolfsson;Ingrid Agartz;Martin Alda;Lena Backlund;Bernhard T. Baune;Frank Bellivier;Wade H. Berrettini;Joanna M. Biernacka;Douglas Blackwood;Michael Boehnke;Anders D. Børglum;Aiden Corvin;Nicholas John Craddock;Mark J. Daly;Udo Dannlowski;Tõnu Esko;Bruno Étain;Mark A. Frye;Janice M. Fullerton;Elliot S. Gershon;Michael Gill;Fernando S. Goes;Maria Grigoroiu‐Serbânescu;Joanna Hauser;David M. Hougaard;Christina M. Hultman;Ian Jones;Lisa Jones;René S. Kahn;George Kirov;Mikael Landén;Marion Leboyer;Cathryn M. Lewis;Qingqin S. Li;Jolanta Lissowska;Nicholas G. Martin;Fermín Mayoral;Susan L. McElroy;Andrew M. McIntosh;Francis J. McMahon;Ingrid Melle;Andres Metspalu;Philip B. Mitchell;Gunnar Morken;Ole Mors;Preben Bo Mortensen;Bertram Müller‐Myhsok;R Myers;Benjamin M. Neale;Vishwajit L. Nimgaonkar;Merete Nordentoft;Markus M. Nöthen;Michael O’Donovan;Ketil J. Øedegaard;Michael J. Owen;Sara A. Paciga;Carlos N. Pato;Michele T. Pato;Daniëlle Posthuma;Josep Antoni Ramos‐Quiroga;Marta Ribasés;Marcella Rietschel;Guy A. Rouleau;Martin Schalling;Peter R. Schofield;Thomas G. Schulze;Alessandro Serretti;Jordan W. Smoller;Hreinn Stefánsson;Kári Stéfansson;Eystein Stordal;Patrick F. Sullivan;Gustavo Turecki;Arne E. Vaaler;Eduard Vieta;John B. Vincent;Thomas Werge;John I. Nürnberger;Naomi R. Wray;Arianna Di Florio;Howard J. Edenberg;Sven Cichon;Roel A. Ophoff;Laura J. Scott;Ole A. Andreassen;John R. Kelsoe;Pamela Sklar"
"https://doi.org/10.1038/s41588-020-0673-7",2020,"Alessia Gagliardi;Vanessa Porter;Zusheng Zong;Reanne Bowlby;Emma Titmuss;Constance Namirembe;Nicholas B. Griner;Hilary Petrello;Jay Bowen;Simon K. Chan;Luka Culibrk;Teresa M. Darragh;Mark H. Stoler;Thomas C. Wright;Patee Gesuwan;Maureen A. Dyer;Yussanne Ma;Karen Mungall;Steven J.M. Jones;Carolyn Nakisige;Karen Novik;Jackson Orem;Martin Origa;Julie M. Gastier‐Foster;Robert Yarchoan;Corey Casper;Gordon B. Mills;Janet S. Rader;Akinyemi I. Ojesina;Daniela S. Gerhard;Andrew J. Mungall;Marco A. Marra"
"https://doi.org/10.1038/s41598-017-15864-x",2017,"Xiaoyin Li;Susan Redline;Xiang Zhang;Scott M. Williams;Xiaofeng Zhu"
"https://doi.org/10.1038/s41598-019-41362-3",2019,"Akram Yazdani;Azam Yazdani;Raúl Méndez-Giráldez;David Aguilar;Luca Sartore"
"https://doi.org/10.1038/s41598-019-42515-0",2019,"Carolien G. F. de Kovel;Clyde Francks"
"https://doi.org/10.1038/s41598-019-51627-6",2019,"Michael Neidlin;Smaragda Dimitrakopoulou;Leonidas G. Alexopoulos"
"https://doi.org/10.1038/s41598-019-57108-0",2020,"Wilhelm Bertrams;Kathrin Griss;Maria Han;Kerstin Seidel;Andreas Klemmer;A Sittka-Stark;Stefan Hippenstiel;Norbert Suttorp;Florian Finkernagel;Jochen Wilhelm;Timm Greulich;Claus Vogelmeier;Julio Vera;Bernd Schmeck"
"https://doi.org/10.1038/s41598-020-69884-1",2020,"Edd Ricker;Akanksha Verma;Rossella Marullo;Sanjay Gupta;Chao Ye;Tania Pannellini;Michela Manni;Wayne Tam;Giorgio Inghirami;Olivier Elemento;Leandro Cerchietti;Alessandra B. Pernis"
"https://doi.org/10.1038/s41598-021-83450-3",2021,"Mateus H. Gouveia;Amy R. Bentley;Hampton L. Leonard;Karlijn Meeks;Kenneth Ekoru;Guanjie Chen;Michael A. Nalls;Eleanor M. Simonsick;Eduardo Tarazona‐Santos;Maria Fernanda Lima‐Costa;Adebowale Adeyemo;Daniel Shriner;Charles N. Rotimi"
"https://doi.org/10.1038/s41598-021-91167-6",2021,"M. Tarek Elghetany;Jia-Min Ho;Lois Hew;Karthik Sekar;Jack M. Su;Lin Qi;Yuchen Du;Jianhe Shen;Wing-Yuk Chow;Ching C. Lau;Adekunle M. Adesina;Angela Major;Anat Erdreich‐Epstein;Kam M. Hui;Xiao‐Nan Li;Wan‐Yee Teo"
"https://doi.org/10.1038/s41598-022-10652-8",2022,"Liu Chun-an;Sudha Ram;Bonnie L. Hurwitz"
"https://doi.org/10.1038/s41598-023-28000-9",2023,"Ziyi Chen;Wenjuan Wang;Yinghui Hua"
"https://doi.org/10.1038/s41598-023-30248-0",2023,"Guan Wang;Xiaxin Yang;Mei Qi;Meng Li;Meng‐Qiu Dong;Rui Xu;Chen Zhang"
"https://doi.org/10.1038/sj.bjc.6605330",2009,"Masaki Murase;Masanobu Kano;Tomohide Tsukahara;Akiko Takahashi;Toshihiko Torigoe;Satoshi Kawaguchi;S Kimura;Takuro Wada;Yoshito Uchihashi;Tôru Kondo;Toshihiko Yamashita;N. Sato"
"https://doi.org/10.1038/srep23226",2016,"Liye Zhang;Chih‐Sheng Yang;Xaralabos Varelas;Stefano Monti"
"https://doi.org/10.1038/srep32894",2016,"Andrew Bakshi;Zhihong Zhu;Anna A. E. Vinkhuyzen;W. David Hill;Allan F. McRae;Peter M. Visscher;Jian Yang"
"https://doi.org/10.1038/srep45101",2017,"Nils Blüthgen;Mirjam van Bentum;Barbara Merz;Dietmar Kuhl;Guido Hermey"
"https://doi.org/10.1073/pnas.2108672119",2022,"Ruth Chia;Sara Sáez-Atiénzar;Natalie A. Murphy;Adriano Chiò;Cornelis Blauwendraat;Ricardo H. Roda;Pentti J. Tienari;Henry J. Kaminski;Roberta Ricciardi;Melania Guida;Anna De Rosa;Loredana Petrucci;Amelia Evoli;Carlo Provenzano;Daniel B. Drachman;Bryan J. Traynor;Yevgeniya Abramzon;Richard J. Barohn;Michael Benatar;Derrick Blackmore;Vinay Chaudhry;Adriano Chiò;Manisha Chopra;Andrea M. Corse;Anna De Rosa;Mazen M. Dimachkie;Amelia Evoli;Julaine Florence;Miriam Freimer;Melania Guida;James F. Howard;Theresa Jiwa;Henry J. Kaminski;John T. Kissel;Wilma J. Koopman;Bernadette Lipscomb;Michelangelo Maestri;Mariapaola Marino;Janice M. Massey;April McVey;Michelle M. Mezei;Srikanth Muppidi;Michael Nicolle;Joël Oger;Robert M. Pascuzzi;Mamatha Pasnoor;Alan Pestronk;Loredana Petrucci;Hannah A. Pliner;Carlo Provenzano;Alan E. Renton;Roberta Ricciardi;David P. Richman;Julie Rowin;Donald B. Sanders;Mario Sabatelli;Zaeem A. Siddiqi;Aimee Soloway;Laura Todi;Gil I. Wolfe;Charlie Wulf;Daniel B. Drachman;Bryan J. Traynor"
"https://doi.org/10.1093/bioinformatics/bts053",2012,"Andrew Roth;Jiarui Ding;Ryan D. Morin;Anamaria Crisan;Gavin Ha;Ryan Giuliany;Ali Bashashati;Martin Hirst;Gulisa Turashvili;Arusha Oloumi;Marco A. Marra;Samuel Aparício;Sohrab P. Shah"
"https://doi.org/10.1093/hmg/ddac289",2022,"Zain Awamleh;Sanaa Choufani;Cheryl Cytrynbaum;Fowzan S. Alkuraya;Stephen W. Scherer;Sofia Fernandes;Catarina Rosas;Pedro Louro;Patrícia Dias;Mariana Tomásio Neves;Sérgio B. Sousa;Rosanna Weksberg"
"https://doi.org/10.1093/molbev/msab085",2021,"Devika Singh;Soojin V. Yi"
"https://doi.org/10.1093/nar/gkaa120",2020,"Michael Scherer;Almut Nebel;André Franke;Jörn Walter;Thomas Lengauer;Christoph Bock;Fabian Müller;Markus List"
"https://doi.org/10.1093/nar/gkx1257",2017,"Valeriana Cesarini;Domenico Alessandro Silvestris;Valentina Tassinari;Sara Tomaselli;Shahar Alon;Eli Eisenberg;Franco Locatelli;Angela Gallo"
"https://doi.org/10.1093/narcan/zcab052",2022,"Garrett T. Graham;Saravana P. Selvanathan;Stefan Zöllner;Emily Stahl;Adam Shlien;Natasha J. Caplen;Aykut Üren;Jeffrey A. Toretsky"
"https://doi.org/10.1097/md.0000000000010826",2018,"Wuhua Zhou;Li Gong;Xuefeng Li;Yunyan Wan;Xiangfei Wang;Huili Li;Bin Jiang"
"https://doi.org/10.1097/md.0000000000027737",2021,"Jihua Zhang;Jie Liu;Shuanglan Xu;Xiaochao Yu;Yi Zhang;Xiao Li;Liqiong Zhang;Jiao Yang;Xiqian Xing"
"https://doi.org/10.1101/2020.10.27.357558",2020,"Bin Zhou;Tran Thi Nhu Thao;Donata Hoffmann;Adriano Taddeo;Nadine Ebert;Fabien Labroussaa;Anne Pohlmann;Jacqueline King;Jasmine Portmann;Nico Joël Halwe;Lorenz Ulrich;Bettina Salome Trüeb;Jenna N. Kelly;Xiaoyu Fan;Bernd Hoffmann;Silvio Steiner;Li Wang;Lisa Thomann;Xudong Lin;Hanspeter Stalder;Berta Pozzi;Simone de Brot;Nannan Jiang;Dan Cui;Jaber Hossain;Malania M. Wilson;Matthew W. Keller;Thomas Stark;John Barnes;Ronald Dijkman;Joerg Jores;Charaf Benarafa;David E. Wentworth;Volker Thiel;Martin Beer"
"https://doi.org/10.1101/gr.237610.118",2018,"Max L. Dougherty;Jason G. Underwood;Bradley J. Nelson;Elizabeth Tseng;Katherine M. Munson;Osnat Penn;Tomasz J. Nowakowski;Alex A. Pollen;Evan E. Eichler"
"https://doi.org/10.1111/acel.13121",2020,"Lu Zeng;Jialiang Yang;Shouneng Peng;Jun Zhu;Bin Zhang;Yousin Suh;Zhidong Tu"
"https://doi.org/10.1126/sciadv.abm7355",2022,"Carlos K. Katashima;Thayana de Oliveira Micheletti;Renata Rosseto Braga;Rodrigo S. Gaspar;Ludger J.E. Goeminne;Alexandre Moura‐Assis;Bárbara Crisol;Rafael S. Brícola;Vagner Ramon Rodrigues Silva;Camila de Oliveira Ramos;Alisson L. da Rocha;Mariana Tavares;Fernando Moreira Simabuco;Valquíria Aparecida Matheus;Lucas I Buscaratti;Henrique Marques‐Souza;Patricia Pazos;David González-Touceda;Sulay Tovar;María del Carmen Garcia;José Cesar Rosa Neto;Rui Curi;Sandro Massao Hirabara;Patrı́cia C. Brum;Patrícia O. Prada;Leandro Pereira de Moura;José Rodrigo Pauli;Adelino Sánchez Ramos da Silva;Dennys E. Cintra;Lı́cio A. Velloso;Eduardo R. Ropelle"
"https://doi.org/10.1155/2019/2137629",2019,"Tyler S. Bryant;Priya Duggal;Bing Yu;Alanna C. Morrison;Tariq Shafi;Georg Ehret;Nora Franceschini;Eric Boerwinkle;Josef Coresh;Adrienne Tin"
"https://doi.org/10.1155/2021/5074305",2021,"Yongbin Jing;Han Dong;Chunyang Xi;Jinglong Yan;Jinpeng Zhuang"
"https://doi.org/10.1158/1078-0432.ccr-21-2007",2021,"William D. Tap;Arun S. Singh;Stephen P. Anthony;Mike Sterba;Chao Zhang;John H. Healey;Bartosz Chmielowski;Allen Lee Cohn;Geoffrey I. Shapiro;Vicki L. Keedy;Zev A. Wainberg;Igor Puzanov;Gregory M. Coté;Andrew J. Wagner;Fadi Braiteh;Eric J. Sherman;Henry H. Hsu;Charles Peterfy;Heather L. Gelhorn;Xin Ye;Paul Severson;Brian L. West;Paul Lin;Sandra Tong-Starksen"
"https://doi.org/10.1161/circulationaha.121.053730",2022,"Natalie R. Hasbani;Symen Ligthart;Michael R. Brown;Adam S. Heath;Allison Bebo;Kellan E. Ashley;Eric Boerwinkle;Alanna C. Morrison;Aaron R. Folsom;David Aguilar;Paul S. de Vries"
"https://doi.org/10.1161/jaha.116.004739",2017,"Aditi Shendre;Marguerite R. Irvin;Howard W. Wiener;Degui Zhi;Nita A. Limdi;Edgar T. Overton;Sadeep Shrestha"
"https://doi.org/10.1161/jaha.119.015661",2020,"Xuan Zhou;J. H. J. van der Werf;Kristin Carson‐Chahhoud;Guiyan Ni;John J. McGrath;Elina Hyppönen;Sang Lee"
"https://doi.org/10.1177/0963689721991477",2021,"Sara Bravaccini;Eugenio Fonzi;Michela Tebaldi;Davide Angeli;Giovanni Martinelli;Fabio Nicolini;Paola Parrella;Massimiliano Mazza"
"https://doi.org/10.1177/1179551417748942",2018,"Jill Layton;Xiaochen Li;Changyu Shen;Mary de Groot;Leslie A. Lange;Adolfo Correa;Jennifer Wessel"
"https://doi.org/10.1186/1472-6831-12-57",2012,"Xiaojing Wang;John R. Shaffer;Zhen Zeng;Ferdouse Begum;Alexandre R. Vieira;Jacqueline Noel;Ida Anjomshoaa;Karen T. Cuenco;Myoung-Keun Lee;James D. Beck;Eric Boerwinkle;Marilyn C. Cornelis;Frank B. Hu;David R. Crosslin;Cathy C. Laurie;Sarah C. Nelson;Kimberly F. Doheny;Elizabeth Pugh;Deborah E. Polk;Robert J. Weyant;Richard J. Crout;Daniel W. McNeil;Daniel E. Weeks;Eleanor Feingold;Mary L. Marazita"
"https://doi.org/10.1186/2047-217x-3-10",2014,"Shashaank Vattikuti;James J. Lee;Christopher C. Chang;Stephen Hsu;Carson C. Chow"
"https://doi.org/10.1186/s12859-020-3434-9",2020,"Martin Lewinski;Yannik Bramkamp;Tino Köster;Dorothee Staiger"
"https://doi.org/10.1186/s12863-015-0219-7",2015,"Adrienne Tin;Anna Köttgen;Aaron R. Folsom;Nisa M. Maruthur;Salman M. Tajuddin;Mike A. Nalls;Michele K. Evans;Alan B. Zonderman;Christopher A. Friedrich;Eric Boerwinkle;Josef Coresh;Wen Hong Linda Kao"
"https://doi.org/10.1186/s12864-015-1645-7",2015,"Amy R. Bentley;Jasmin Divers;Daniel Shriner;Ayo P. Doumatey;Orlando M. Gutiérrez;Adebowale Adeyemo;Barry I. Freedman;Charles N. Rotimi"
"https://doi.org/10.1186/s12864-016-2725-z",2016,"Kristin L. Ayers;Uyenlinh L. Mirshahi;Amr H. Wardeh;Michael F. Murray;Ke Hao;Benjamin S. Glicksberg;Shuyu Li;David J. Carey;Rong Chen"
"https://doi.org/10.1186/s12884-021-03952-w",2021,"Paolo Toscano;Lavinia Di Meglio;Fortunato Lonardo;Letizia Di Meglio;Laura Letizia Mazzarelli;Carmine Sica;Aniello Di Meglio"
"https://doi.org/10.1186/s12920-020-00760-7",2020,"Thomas W. Winkler;Felix Graßmann;Caroline Brandl;Christina Kiel;Felix Günther;Tobias Strunz;Lorraine Weidner;Martina E. Zimmermann;Christina A. Korb;Alicia Poplawski;Alexander K. Schuster;Martina Müller‐Nurasyid;Annette Peters;Franziska G. Rauscher;Tobias Elze;Katrin Horn;Markus Scholz;Marisa Cañadas‐Garre;Amy Jayne McKnight;Nicola Quinn;Ruth Hogg;Helmut Küchenhoff;Iris M. Heid;Klaus Stark;Bernhard H. F. Weber"
"https://doi.org/10.1186/s12920-022-01278-w",2022,"Shuqin Liu;Yun Fu;Dirk Ziebolz;Simin Li;Gerhard Schmalz;Fan Li"
"https://doi.org/10.1186/s12920-022-01405-7",2022,"Angela M. Taravella;Kenneth H. Buetow;Melissa A. Wilson"
"https://doi.org/10.1186/s12967-021-02708-6",2021,"Chao Guo;Ya-yue Gao;Qianqian Ju;Chunxia Zhang;Ming Gong;Zhenling Li"
"https://doi.org/10.1186/s13023-017-0736-8",2017,"Dayna Morel Swols;Joseph Foster;Mustafa Tekin"
"https://doi.org/10.1186/s13058-017-0851-4",2017,"Amir Bahreini;Zheqi Li;Peilu Wang;Kevin M. Levine;Nilgun Tasdemir;Lan Cao;Hazel M. Weir;Shannon L. Puhalla;Nancy E. Davidson;Andrew M. Stern;David Chu;Ben Ho Park;Adrian V. Lee;Steffi Oesterreich"
"https://doi.org/10.1186/s13059-017-1332-x",2017,"Katja Meyer;Tino Köster;Christine Nolte;Claus Weinholdt;Martin Lewinski;Ivo Große;Dorothee Staiger"
"https://doi.org/10.1186/s13073-015-0230-7",2015,"Akanksha Verma;Yanwen Jiang;Wei Du;Lauren Fairchild;Ari Melnick;Olivier Elemento"
"https://doi.org/10.1186/s13073-020-00730-9",2020,"Rene Quevedo;Anna Spreafico;Jeff Bruce;Arnavaz Danesh;Samah El Ghamrasni;Amanda Giesler;Youstina Hanna;Cherry Have;Tiantian Li;S.Y. Cindy Yang;Tong Zhang;L. Sylvia;Benjamin Haibe‐Kains;Monika K. Krzyzanowska;Adam C. Smith;Simron Singh;Lillian L. Siu;Trevor J. Pugh"
"https://doi.org/10.1186/s13073-021-00971-2",2021,"Karlijn Meeks;Amy R. Bentley;Mateus H. Gouveia;Guanjie Chen;Jie Zhou;Lin Lei;Adebowale Adeyemo;Ayo P. Doumatey;Charles N. Rotimi"
"https://doi.org/10.1186/s13075-018-1558-3",2018,"Mengying Sun;Ana I. Vázquez;Richard J. Reynolds;Jasvinder A. Singh;Mathew J. Reeves;Tony R. Merriman;Angelo Gaffo;Gustavo de los Campos"
"https://doi.org/10.1212/nxg.0000000000200033",2022,"Andrea Calvo;Antonio Canosa;Cristina Moglia;Umberto Manera;Maurizio Grassano;Rosario Vasta;Francesca Palumbo;Paolo Cugnasco;Salvatore Gallone;Maura Brunetti;Fabiola De Marchi;Vincenzo Arena;Marco Pagani;Clifton L. Dalgard;Sonja W. Scholz;Ruth Chia;Lucia Corrado;Sandra D’Alfonso;Letizia Mazzini;Bryan J. Traynor;Adriano Chiò"
"https://doi.org/10.12688/f1000research.17145.2",2019,"Ashis Saha;Alexis Battle"
"https://doi.org/10.12688/f1000research.53821.2",2021,"Christina Vasilopoulou;Benjamin Wingfield;Andrew P. Morris;William Duddy"
"https://doi.org/10.1371/annotation/21033005-e120-4364-8024-c6534b4108f6",2013,"Oscar Harari;Jen‐Chyong Wang;Kathleen K. Bucholz;Howard J. Edenberg;Andrew C. Heath;Nicholas G. Martin;Michele L. Pergadia;Grant W. Montgomery;Andrew J. Schrage;Laura J. Bierut;Pamela Madden;Alison Goate"
"https://doi.org/10.1371/journal.pbio.3001826",2022,"Aidan Burn;Farrah Roy;Michael Freeman;John M. Coffin"
"https://doi.org/10.1371/journal.pcbi.1009918",2022,"Matteo D’Antonio;Jennifer Nguyen;Timothy D. Arthur;Hiroko Matsui;Margaret K. R. Donovan;Agnieszka D’Antonio‐Chronowska;Kelly A. Frazer"
"https://doi.org/10.1371/journal.pcbi.1010923",2023,"Tomer Mann;Eli Kopel;Eli Eisenberg;Erez Y. Levanon"
"https://doi.org/10.1371/journal.pgen.1004269",2014,"Peter M. Visscher;Gibran Hemani;Anna A. E. Vinkhuyzen;Guo‐Bo Chen;Sang Lee;Naomi R. Wray;Michael E. Goddard;Jian Yang"
"https://doi.org/10.1371/journal.pgen.1006787",2017,"Lee McDaniel;Karina L. Conkrite;Xiao Chang;Mario Capasso;Zalman Vaksman;Derek A. Oldridge;Anna Zachariou;Millicent Horn;Maura Diamond;Cuiping Hou;Achille Iolascon;Hákon Hákonarson;Nazneen Rahman;Marcella Devoto;Sharon J. Diskin"
"https://doi.org/10.1371/journal.pone.0071203",2013,"Wenhua Wei;Attila Gyenesei;Colin A. Semple;Chris Haley"
"https://doi.org/10.1371/journal.pone.0073956",2013,"Christopher DeBoever;Erin Reid;Erin N. Smith;Xiaoyun Wang;Wilmar Dumaop;Olivier Harismendy;Dennis A. Carson;Douglas D. Richman;Eliezer Masliah;Kelly A. Frazer"
"https://doi.org/10.1371/journal.pone.0078546",2014,"Matthew A. Simonson;Matthew B. McQueen;Matthew C. Keller"
"https://doi.org/10.1371/journal.pone.0087257",2014,"Eric Mick;James J. McGough;Curtis K. Deutsch;Jean A. Frazier;David N. Kennedy;Robert J. Goldberg"
"https://doi.org/10.1371/journal.pone.0125497",2015,"Ani Manichaikul;Xin‐Qun Wang;Solomon K. Musani;David M. Herrington;Wendy S. Post;James G. Wilson;Stephen S. Rich;Annabelle Rodríguez"
"https://doi.org/10.1371/journal.pone.0173784",2017,"Guanjie Chen;Zhenjian Zhang;Sally N. Adebamowo;Guozheng Liu;Adebowale Adeyemo;Yanxun Zhou;Ayo P. Doumatey;Chuntao Wang;Jie Zhou;Wenqiang Yan;Daniel Shriner;Fasil Tekola‐Ayele;Amy R. Bentley;Congqing Jiang;Charles N. Rotimi"
"https://doi.org/10.15252/emmm.202114557",2022,"Michela Carlet;Karin Schmelz;Jenny Vergalli;Tobias Herold;Daniela Senft;Vindi Jurinović;Thomas Hoffmann;Jutta Proba;Nina Weichert;Christian Junghanß;Mareike Roth;Georg Eschenburg;Malwine Barz;Günter Henze;Cornelia Eckert;Angelika Eggert;Johannes Zuber;Patrick Hundsdoerfer;Irmela Jeremias"
"https://doi.org/10.3201/eid2707.204660",2021,"Mitra Gultom;Matthias Licheri;Laura Laloli;Manon Wider;Marina Strässle;Philip V’kovski;Silvio Steiner;Annika Kratzel;Tran Thi Nhu Thao;Lukas Probst;Hanspeter Stalder;Jasmine Portmann;Melle Holwerda;Nadine Ebert;Nadine Stokar‐Regenscheit;Corinne Gurtner;Patrik Zanolari;Horst Posthaus;Simone Schüller;Amanda Vicente‐Santos;Andrés Moreira‐Soto;Eugenia Corrales‐Aguilar;Nicolas Ruggli;Gergely Tekes;Veronika von Messling;Bevan Sawatsky;Volker Thiel;Ronald Dijkman"
"https://doi.org/10.3389/fendo.2022.881633",2022,"Tingting Liu;Hongjin Li;Yvette P. Conley;Brian A. Primack;Jing Wang;Wen-Juo Lo;Changwei Li"
"https://doi.org/10.3389/fgene.2015.00030",2015,"Pouya Khankhanian;Lennox Din;Stacy J. Caillier;Pierre‐Antoine Gourraud;Sergio E. Baranzini"
"https://doi.org/10.3389/fgene.2015.00324",2015,"Daniel Shriner;Amy R. Bentley;Ayo P. Doumatey;Guanjie Chen;Jie Zhou;Adebowale Adeyemo;Charles N. Rotimi"
"https://doi.org/10.3389/fgene.2021.654804",2021,"Liwan Fu;Yuquan Wang;Tingting Li;Yue‐Qing Hu"
"https://doi.org/10.3389/fgene.2021.745672",2021,"Michiel J. Thiecke;Emma J. Yang;Oliver S. Burren;Helen Ray-Jones;Mikhail Spivakov"
"https://doi.org/10.3389/fgene.2022.791920",2022,"Liwan Fu;Yuquan Wang;Tingting Li;Siqian Yang;Yue‐Qing Hu"
"https://doi.org/10.3389/fimmu.2019.00217",2019,"Ahmet Eken;Mehmet Fatih Yetkin;Alperen Vural;Fatma Zehra Okuş;Şerife Erdem;Zehra Büşra Azizoğlu;Yeşim Haliloğlu;Mustafa Çakır;Enes Mehmet Turkoglu;Ömer Kılıç;İrfan Kara;Hamiyet Dönmez‐Altuntaş;Mohamed Oukka;Mehmet Serdar Kütük;Meral Mirza;Halit Canatan"
"https://doi.org/10.3389/fimmu.2021.654660",2021,"Miaoyan Wei;Jin Xu;Jie Hua;Qingcai Meng;Chen Liang;Jiang Liu;Bo Zhang;Wei Wang;Xianjun Yu;Si Shi"
"https://doi.org/10.3389/fimmu.2021.701550",2021,"Jennifer A. Fifita;Sandrine Chan Moi Fat;Emily P. McCann;Kelly L. Williams;Natalie A. Twine;Denis C. Bauer;Dominic B. Rowe;Roger Pamphlett;Matthew C. Kiernan;Vanessa Tan;Ian P. Blair;Gilles J. Guillemin"
"https://doi.org/10.3389/fnins.2019.00937",2019,"Yu Xiao;Yuemei Yang;Yanfeng Wang;Xiaoou Li;Wenze Wang"
"https://doi.org/10.3389/fonc.2019.01173",2019,"Ariadna Boloix;Marc Masanas;Carlos Jiménez;Roberta Antonelli;Aroa Soriano;Josep Roma;Joan Sánchez-de-Toledo;Soledad Gallego;Miguel F. Segura"
"https://doi.org/10.3389/fphar.2021.640572",2021,"Fábia Daniela Lobo de Sá;Markus M. Heimesaat;Stefan Bereswill;Praveen Kumar Nattramilarasu;Joerg D. Schulzke;Roland Bücker"
"https://doi.org/10.3390/cancers11101462",2019,"José Luis Marín‐Rubio;Laura Vela‐Martín;José Fernández‐Piqueras;María Villa‐Morales"
"https://doi.org/10.3390/cancers12061522",2020,"Melina Sedano;Enrique Ramos;Ramesh Choudhari;Alana L. Harrison;Ramadevi Subramani;Rajkumar Lakshmanaswamy;Mina Zilaie;Shrikanth S. Gadad"
"https://doi.org/10.3390/cancers13040854",2021,"David Stahl;Rainer Knoll;Andrew J. Gentles;Christian Vokuhl;Andreas Buneß;Ines Gütgemann"
"https://doi.org/10.3390/cancers13092112",2021,"Christian Sordo‐Bahamonde;Seila Lorenzo‐Herrero;Ana Pilar González-Rodríguez;Ángel Ramírez Páyer;Esther González-García;Alejandro López‐Soto;Segundo González"
"https://doi.org/10.3390/cells10092395",2021,"Tobias Strunz;Martin Kellner;Christina Kiel;Bernhard H. F. Weber"
"https://doi.org/10.3390/cells11111766",2022,"Fabiola Biasella;Tobias Strunz;Christina Kiel;Bernhard H. F. Weber;U. Friedrich"
"https://doi.org/10.3390/ijms20194778",2019,"Kerry B. Goralski;Ashley E. Jackson;Brendan T. McKeown;Christopher J. Sinal"
"https://doi.org/10.3390/ijms22168872",2021,"Fábia Daniela Lobo de Sá;Steffen Backert;Praveen Kumar Nattramilarasu;Soraya Mousavi;Geoffrey I. Sandle;Stefan Bereswill;Markus M. Heimesaat;Jörg‐Dieter Schulzke;Roland Bücker"
"https://doi.org/10.3390/ijms24044021",2023,"Christina Vasilopoulou;Sarah L. McDaid-McCloskey;Gavin McCluskey;Stéphanie Duguez;Andrew P. Morris;William Duddy"
"https://doi.org/10.3390/ncrna5030047",2019,"Luciano Cascione;Luca Giudice;Serena Ferraresso;Laura Marconato;Diana Giannuzzi;Sara Napoli;Francesco Bertoni;Rosalba Giugno;Luca Aresu"
"https://doi.org/10.3390/nu15010171",2022,"Carsten Carlberg"
"https://doi.org/10.3390/v15020467",2023,"Elisa Heuser;Stephan Drewes;Jakob Trimpert;Dušan Kunec;Calvin Mehl;Marieke P. de Cock;Ankje de Vries;Christiane Klier;Martin Oskamp;Peter Tenhaken;Fatima Hashemi;Daniela Heinz;Mariana Nascimento;Marc Boelhauve;Rasa Petraitytė-Burneikienė;Dina Raafat;Miriam Maas;Detlev H. Krüger;Andreas Latz;Jörg Hofmann;Gerald Heckel;Johannes Dreesman;Rainer G. Ulrich"
"https://doi.org/10.3892/etm.2022.11295",2022,"Feng Yu;Guanghui Hu;Lei Li;Bo Yu;Rui Liu"
"https://doi.org/10.3892/ol.2020.11273",2020,"Heng Jiao;Lingxiao Zeng;Jianpeng Zhang;Shengsheng Yang;Wenhui Lou"
"https://doi.org/10.7150/thno.67409",2022,"Cristiana Gaiteiro;Janine Soares;Marta Relvas‐Santos;Andreia Peixoto;Dylan Ferreira;Paula Paulo;Andreia Brandão;Elisabete Fernandes;Rita Azevedo;Carlos Palmeira;Rui Freitas;Andréia Miranda;Hugo Osório;Jesús Prìeto;Luís Lima;André M. N. Silva;Lúcio Lara Santos;José Alexandre Ferreira"
"https://doi.org/10.7554/elife.44161",2019,"Andrew L. Hong;Yuen‐Yi Tseng;Jeremiah A. Wala;Won-Jun Kim;Bryan D. Kynnap;Mihir B. Doshi;Guillaume Kugener;Gabriel J. Sandoval;Thomas P. Howard;Ji Li;Xiaoping Yang;Michelle Tillgren;Mahmhoud Ghandi;Abeer Sayeed;Rebecca Deasy;Abigail Ward;Brian McSteen;Katherine Labella;Paula Keskula;Adam Tracy;Cora Connor;Catherine Clinton;Alanna J. Church;Brian D. Crompton;Katherine A. Janeway;Barbara Van Hare;David Sandak;Ole Gjoerup;Pratiti Bandopadhayay;Paul A. Clemons;Stuart L. Schreiber;David E. Root;Prafulla C. Gokhale;Susan Chi;Elizabeth A. Mullen;Charles W.M. Roberts;Cigall Kadoch;Rameen Beroukhim;Keith L. Ligon;Jesse S. Boehm;William C. Hahn"
"https://doi.org/10.1002/brb3.2075",2021,"Yuki Kageyama;Yasuhiko Deguchi;Kotaro Hattori;Sumiko Yoshida;Yu‐ichi Goto;Koki Inoue;Tadafumi Kato"
"https://doi.org/10.1002/dad2.12317",2022,"Jung‐Min Pyun;Young Ho Park;Angela Hodges;Jae‐Won Jang;Paula J. Bice;SangYun Kim;Andrew J. Saykin;Kwangsik Nho"
"https://doi.org/10.1002/humu.24309",2021,"Sanna Gudmundsson;Moriel Singer‐Berk;Nicholas A. Watts;William Phu;Julia K. Goodrich;Matthew Solomonson;Heidi L. Rehm;Daniel G. MacArthur;Anne O’Donnell‐Luria"
"https://doi.org/10.1002/mgg3.1038",2019,"Xuejun Yang;Feng Li;Daqi Xin;Zhi Huang;Jianmin Xue;Bo Wang;Yifeng Da;Wenhua Xing;Yong Zhu"
"https://doi.org/10.1007/s00415-022-11109-8",2022,"Melissa Sorosina;Nadia Barizzone;Ferdinando Clarelli;Santosh Anand;Sara Lupoli;Erika Salvi;Eleonora Mangano;Roberta Bordoni;Tina Roostaei;Elisabetta Mascia;Miriam Zuccalà;Domizia Vecchio;Paola Cavalla;Silvia Santoro;Laura Ferrè;Alen Zollo;Lucia Florio;Paolo Ragonese;Alberto Gajofatto;Elio Scarpini;Domenico Caputo;Claudio Gasperini;Franco Granella;Paola Cavalla;Roberto Bergamaschi;Giovanni Ristori;Claudio Solaro;Filippo Martinelli Boneschi;Francesco Passantino;Maura Pugliatti;Antonio Gallo;Laura Brambilla;Marinella Clerico;Fioravante Capone;Maria Trojano;Cristina Barlassina;Daniele Cusi;Vittorio Martinelli;Cristoforo Comi;Maurizio Leone;Massimo Filippi;Nikolaos A. Patsopoulos;Philip L. De Jager;Gianluca De Bellis;Federica Esposito;Sandra D’Alfonso;Filippo Martinelli Boneschi"
"https://doi.org/10.1007/s00429-018-1808-9",2018,"Yann Le Guen;Cathy Philippe;Denis Rivière;Hervé Lemaître;Antoine Grigis;Clara Fischer;Ghislaine Dehaene‐Lambertz;Jean‐François Mangin;Vincent Frouin"
"https://doi.org/10.1016/j.ajhg.2019.05.010",2019,"Minal Çalışkan;Elisabetta Manduchi;H. Shanker Rao;Julian A. Segert;Márcia Holsbach Beltrame;Marco Trizzino;YoSon Park;Samuel W. Baker;Alessandra Chesi;Matthew E. Johnson;Kenyaita M. Hodge;Michelle E. Leonard;Bao‐Li Loza;Xin Dong;Andrea M. Berrido;Nicholas J. Hand;Robert C. Bauer;Andrew D. Wells;Kim M. Olthoff;Abraham Shaked;Daniel J. Rader;Struan F.A. Grant;Christopher D. Brown"
"https://doi.org/10.1016/j.ajhg.2019.05.016",2019,"Haloom Rafehi;David J. Szmulewicz;Mark F. Bennett;Nara L. M. Sobreira;Kate Pope;Katherine R. Smith;Greta Gillies;Peter Diakumis;Egor Dolzhenko;Michael A. Eberle;María García Barcina;David P. Breen;Andrew Chancellor;Phillip D. Cremer;Martin B. Delatycki;Brent L. Fogel;Anna Hackett;G. Michael Halmágyi;Solange Kapetanovic;Anthony E. Lang;Stuart Mossman;Weiyi Mu;Peter Patrikios;Susan Perlman;Ian Rosemergy;Elsdon Storey;Shaun Watson;Michael A. Wilson;David S. Zee;David Valle;David J. Amor;Melanie Bahlo;Paul J. Lockhart"
"https://doi.org/10.1016/j.ajhg.2020.01.003",2020,"Anne Ndungu;A. J. Payne;Jason Torres;Martijn van de Bunt;Mark I. McCarthy"
"https://doi.org/10.1016/j.ajhg.2020.10.009",2020,"Jason Torres;Moustafa Abdalla;A. J. Payne;Juan Fernández‐Tajes;Matthias Thurner;Vibe Nylander;Anna L. Gloyn;Anubha Mahajan;Mark I. McCarthy"
"https://doi.org/10.1016/j.ajhg.2021.12.014",2022,"Charlie F Rowlands;Algy Taylor;Gillian Rice;Nicola Whiffin;Hildegard Nikki Hall;William G. Newman;Graeme Black;Raymond T. O’Keefe;Simon J. Hubbard;Andrew G. L. Douglas;Diana Baralle;Tracy A. Briggs;Jamie M. Ellingford"
"https://doi.org/10.1016/j.cell.2018.07.001",2018,"Jan Attig;Federico Agostini;Clare Gooding;Anob M. Chakrabarti;Aarti Singh;Nejc Haberman;Julian A. Zagalak;Warren Emmett;Christopher W. J. Smith;Nicholas M. Luscombe;Jernej Ule"
"https://doi.org/10.1016/j.ekir.2022.04.013",2022,"Pedrum Mohammadi‐Shemirani;Michael Chong;Nicolas Perrot;Marie Pigeyre;Gregory R. Steinberg;Guillaume Paré;Joan C. Krepinsky;Matthew B. Lanktree"
"https://doi.org/10.1016/j.jhepr.2021.100409",2021,"Katherine Johnson;Peter Leary;Olivier Govaere;Matthew J. Barter;Sarah Charlton;Simon Cockell;Dina Tiniakos;Michalina Zatorska;Pierre Bédossa;M. Julia Brosnan;Jeremy Cobbold;Mattias Ekstedt;Guruprasad P. Aithal;Karine Clément;Jörn M. Schattenberg;Jérôme Boursier;Vlad Ratziu;Elisabetta Bugianesi;Quentin M. Anstee;Ann K. Daly;James Clark;Heather J. Cordell;Rebecca Darlay;Christopher P. Day;Timothy Hardy;Yang‐Lin Liu;Fiona Oakley;Jeremy M. Palmer;Rachel Queen;Kristy Wonders;Patrick M. Bossuyt;Adriaan G. Holleboom;Hadi Zafarmand;Yasaman Vali;Jenny Lee;Karine Clément;Raluca Pais;Detlef Schuppan;Michael Allison;Sergio Rodriguez Cuenca;Vanessa Pellegrinelli;Michèle Vacca;Antonio Vidal‐Puig;Tuulia Hyötyläinen;Aidan McGlinchey;Matej Orešič;Partho Sen;José M. Mato;Óscar Millet;Jean‐François Dufour;Stephen A. Harrison;Stefan Neubauer;Michael Pavlides;Ferenc E. Mózes;Salma Akhtar;Rajarshi Banerjee;Matt Kelly;Elizabeth Shumbayawonda;Andrea Dennis;Charlotte Erpicum;Manuel Romero‐Gómez;Rocío Gallego‐Durán;Isabel Fernández-Lizaranzu;M.A. Karsdal;Jenny Lee;Mette Juul Fisker;Elisabeth Erhardtsen;Daniel Guldager Kring Rasmussen;Per Qvist;Antonia Sinisi;Estelle Sandt;Maria Manuela Tonini;Maurizio Parola;Chiara Rosso;Fabio Marra;Amalia Gastaldelli;Sven Francque;Stergios Kechagias;Hannele Yki‐Järvinen;Kimmo Porthan;Saskia W. C. van Mil;George Papatheodoridis;Helena Cortez‐Pinto;Luca Valenti;Salvatore Petta;Luca Miele;Andreas Geier;Christian Trautwein;Paul Hockings;Philip N. Newsome;David Wenn;Cecília M. P. Rodrigues;Rémy Hanf;Pierre Chaumat;Christian Rosenquist;Aldo Trylesinski;Pablo A. Ortiz;Kevin L. Duffin;Carla Yunis;Melissa Miller;Theresa Tuthill;Judith Ertle;Ramy Younes;Leigh Alexander;Rachel Ostroff;Mette Skalshøi Kjær;Lars Friis Mikkelsen;Clifford A. Brass;Lori L. Jennings;Maria‐Magdalena Balp;Miljen Martić;Guido Hanauer;Sudha Shankar;Richard Torstenson;Céline Fournier;Richard Ehman;Michael Kalutkiewicz;Kay Pepin;Myers Joel;Diane E. Shevell;Gideon Ho;Henrik Landgren;Rob Myers;Lynda Doward;Diane Whalley;James Twiss"
"https://doi.org/10.1016/j.mayocp.2020.06.018",2020,"Linda B. Baughn;Neeraj Sharma;Eran Elhaik;Aleksandar Sekulić;Alan H. Bryce;Rafaël Fonseca"
"https://doi.org/10.1016/j.redox.2020.101507",2020,"Raquel Fernando;Kristina Wardelmann;Stefanie Deubel;Richard Kehm;Tobias Jung;Marco Mariotti;Aphrodite Vasilaki;Vadim N. Gladyshev;André Kleinridders;Tilman Grune;José Pedro Castro"
"https://doi.org/10.1038/nature24265",2017,"Taru Tukiainen;Alexandra‐Chloé Villani;Angela Yen;Manuel A. Rivas;Jamie L. Marshall;Rahul Satija;Matthew Aguirre;Laura D. Gauthier;Mark Fleharty;Andrew Kirby;Beryl B. Cummings;Stephane E. Castel;Konrad J. Karczewski;François Aguet;Andrea Byrnes;Tuuli Lappalainen;Aviv Regev;Kristin Ardlie;Nir Hacohen;Daniel G. MacArthur"
"https://doi.org/10.1038/ncomms14175",2017,"Philip Law;Sonja I. Berndt;Helen E. Speedy;Nicola J. Camp;Georgina P. Sava;C.F. Skibola;Amy Holroyd;Joseph Vijai;Nicola J. Sunter;Alexandra Nieters;Sı́lvia Beà;Alain Monnereau;David Martin‐García;Lynn R. Goldin;Guillem Clot;Lauren R. Teras;Inés Quintela;Brenda M. Birmann;Sandrine Jayne;Wendy Cozen;Aneela Majid;Karin E. Smedby;Qing Lan;Claire Dearden;Angela Brooks‐Wilson;Emma A. Hall;Mark P. Purdue;Tryfonia Mainou‐Fowler;Claire M. Vajdic;Graham Jackson;Pierluigi Cocco;Helen Marr;Yawei Zhang;Tongzhang Zheng;Graham G. Giles;Charles Lawrence;Timothy G. Call;Mark Liebow;Mads Melbye;Bengt Glimelius;Larry Mansouri;Martha Glenn;Karen Curtin;W. Ryan Diver;Brian K. Link;Lucía Conde;Paige M. Bracci;Elizabeth A. Holly;Rebecca D. Jackson;Lesley F. Tinker;Yolanda Benavente;Paolo Boffetta;Paul Brennan;Marc Maynadie;James McKay;Demetrius Albanes;Stephanie J. Weinstein;Zhaoming Wang;Neil E. Caporaso;Lindsay M. Morton;Richard K. Severson;Elio Ríboli;Paolo Vineis;Roel Vermeulen;Melissa C. Southey;Roger L. Milne;Jacqueline Clavel;Sabine Topka;John J. Spinelli;Peter Kraft;Maria Grazia Ennas;Geoffrey Summerfield;Giovanni Maria Ferri;Robert J. Harris;Lucia Miligi;Andrew R. Pettitt;Kari E. North;David Allsup;Joseph F. Fraumeni;James R Bailey;Kenneth Offit;Guy Pratt;Henrik Hjalgrim;Chris Pepper;Stephen J. Chanock;Chris Fegan;Richard Rosenquist;Sílvia de Sanjosé;Ãngel Carracedo;Martin J.S. Dyer;Daniel Catovsky;Elı́as Campo;James R. Cerhan;James M. Allan;Nathanial Rothman;Richard S. Houlston;Susan L. Slager"
"https://doi.org/10.1038/ncomms5846",2014,"Nicolas Stransky;Ethan Cerami;Stefanie Schalm;Joseph L. Kim;Christoph Lengauer"
"https://doi.org/10.1038/ng.3834",2017,"Colby Chiang;Alexandra J. Scott;Joe R. Davis;Emily K. Tsang;Xin Li;Yungil Kim;Tarik Hadžić;Farhan N. Damani;Liron Ganel;Stephen B. Montgomery;Alexis Battle;Donald F. Conrad;Ira M. Hall"
"https://doi.org/10.1038/nmeth.4407",2017,"Naomi Habib;Inbal Avraham‐Davidi;Anindita Basu;Tyler Burks;Karthik Shekhar;Matan Hofree;Sourav Choudhury;François Aguet;Ellen Gelfand;Kristin Ardlie;David A. Weitz;Orit Rozenblatt–Rosen;Feng Zhang;Aviv Regev"
"https://doi.org/10.1038/s41398-023-02390-w",2023,"Jonathan Hess;Thomas P. Quinn;Chunling Zhang;Gentry C. Hearn;Samuel Chen;Natalie J. Beveridge;Vaughan J. Carr;Simone de Jong;Erin Gardiner;Brian Kelly;Nishantha Kumarasinghe;Roel A. Ophoff;Ulrich Schall;Rodney J. Scott;Boryana Stamova;Paul A. Tooney;Sek Won Kong;Murray J. Cairns;Ming T. Tsuang;Stephen V. Faraone;Stephen J. Glatt"
"https://doi.org/10.1038/s41418-021-00774-3",2021,"Fei Wang;Qianqian Wang;Baowei Liu;Lisheng Mei;Sisi Ma;Shujuan Wang;Ruoyu Wang;Yan Zhang;Chaoshi Niu;Zhi‐Qi Xiong;Yong Zheng;Zhi Zhang;Juan Shi;Xiaoyuan Song"
"https://doi.org/10.1038/s41419-020-02738-w",2020,"Jessica Rea;Valentina Menci;Paolo Tollis;Tiziana Santini;Alexandros Armaos;Maria Giovanna Garone;Federica Iberite;Andrea Cipriano;Gian Gaetano Tartaglia;Alessandro Rosa;Monica Ballarino;Pietro Laneve;Elisa Caffarelli"
"https://doi.org/10.1038/s41467-017-01775-y",2017,"Latha Kadalayil;Sofia Khan;Heli Nevanlinna;Peter A. Fasching;Fergus J. Couch;John L. Hopper;Jianjun Liu;Tom Maishman;Lorraine Durcan;Sue Gerty;Carl Blomqvist;Brigitte Rack;Wolfgang Janni;Andrew Collins;Diana Eccles;William Tapper"
"https://doi.org/10.1038/s41467-018-04558-1",2018,"Ting Qi;Yang Wu;Jian Zeng;Futao Zhang;Angli Xue;Longda Jiang;Zhihong Zhu;Kathryn E. Kemper;Loïc Yengo;Zhili Zheng;Mawussé Agbessi;Habibul Ahsan;Isabel Alves;Anand Kumar Andiappan;Philip Awadalla;Alexis Battle;Frank Beutner;Marc Jan Bonder;Dorret I. Boomsma;Mark Christiansen;Annique Claringbould;Patrick Deelen;Tõnu Esko;Marie-Julie Favé;Lude Franke;Timothy M. Frayling;Sina A. Gharib;Gregory Gibson;Gibran Hemani;Rick Jansen;Mika Kähönen;Anette Kalnapenkis;Silva Kasela;Johannes Kettunen;Yungil Kim;Holger Kirsten;Péter Kovács;Knut Krohn;Jaanika Kronberg-Guzman;Viktorija Kukushkina;Zoltán Kutalik;Bernett Lee;Terho Lehtimäki;Markus Loeffler;Urko M. Marigorta;Andres Metspalu;Lili Milani;Martina Müller‐Nurasyid;Matthias Nauck;Michel G. Nivard;Brenda W.J.H. Penninx;Markus Perola;Natalia Pervjakova;Brandon L. Pierce;Joseph E. Powell;Holger Prokisch;Bruce M. Psaty;Olli T. Raitakari;Susan M. Ring;Samuli Ripatti;Olaf Rötzschke;Sina Rüeger;Ashis Saha;Markus Scholz;Katharina Schramm;Ilkka Seppälä;Michael Stümvoll;Patrick Sullivan;Alexander Teumer;Joachim Thiery;Tong Lin;Anke Tönjes;Jenny van Dongen;Joyce B. J. van Meurs;Joost Verlouw;Uwe Völker;Urmo Võsa;Hanieh Yaghootkar;Biao Zeng;Riccardo E. Marioni;Grant W. Montgomery;Ian J. Deary;Naomi R. Wray;Peter M. Visscher;Allan F. McRae;Jian Yang"
"https://doi.org/10.1038/s41467-018-06566-7",2018,"Tine Goovaerts;Sandra Steyaert;Chari A. Vandenbussche;Jeroen Galle;Olivier Thas;Wim Van Criekinge;Tim De Meyer"
"https://doi.org/10.1038/s41467-019-10945-z",2019,"Xiaopu Zhou;Yu Chen;Kin Y. Mok;Timothy Kwok;Vincent Mok;Qihao Guo;Fanny C.F. Ip;Yuewen Chen;Nandita Mullapudi;Michael W. Weiner;Paul Aisen;Ronald Petersen;Clifford R. Jack;William J. Jagust;John Q. Trojanowski;Arthur W. Toga;Laurel Beckett;Robert C. Green;Andrew J. Saykin;John C. Morris;Leslie M. Shaw;Zaven S. Khachaturian;Greg Sorensen;Lew Kuller;Marcus E. Raichle;Steven M. Paul;Peter J. Davies;Howard Fillit;Franz Hefti;David M. Holtzman;Marek M. Mesulam;William C. Potter;Peter J. Snyder;Adam Schwartz;Tom Montine;Ronald G. Thomas;Michael Donohue;Sarah Walter;Devon Gessert;Tamie Sather;Gus Jiminez;Danielle Harvey;Matt A. Bernstein;Paul M. Thompson;Norbert Schuff;Bret Borowski;Jeff Gunter;Matthew L. Senjem;Prashanthi Vemuri;David T. Jones;Kejal Kantarci;Chad Ward;Robert A. Koeppe;Norm Foster;Eric M. Reiman;Kewei Chen;Chester A. Mathis;Susan Landau;Nigel J. Cairns;Erin Householder;Lisa Taylor‐Reinwald;Virginia M.‐Y. Lee;Magdalena Korecka;Michal Figurski;Karen Crawford;Scott Neu;Tatiana Foroud;Steven G. Potkin;Li Shen;Kelley Faber;Sung Eun Kim;Kwangsik Nho;Leon J. Thal;Neil Buckholtz;Marylyn Albert;R.T. Frank;John Hsiao;Jeffrey Kaye;Joseph F. Quinn;Betty Lind;Raina Carter;Sara Dolen;Lon S. Schneider;Sonia Pawluczyk;Mauricio Beccera;Liberty Teodoro;Bryan M. Spann;James M. Brewer;Helen Vanderswag;Adam Fleisher;Judith L. Heidebrink;Joanne Lord;Sara S. Mason;Colleen S. Albers;David S. Knopman;Kris Johnson;Rachelle S. Doody;Javier Villanueva‐Meyer;Munir Chowdhury;Susan Rountree;Mimi Dang;Yaakov Stern;Lawrence S. Honig;Karen L. Bell;Beau M. Ances;Maria Carroll;Sue Leon;Mark A. Mintun;Stacy Schneider;Angela Oliver;Daniel Marson;Randall Griffith;David Clark;David Geldmacher;John Brockington;Erik D. Roberson;Hillel Grossman;Effie Mitsis;Leyla de Toledo‐Morrell;Raj C. Shah;Ranjan Duara;Daniel Varon;Maria T. Greig;Peggy Roberts;Chiadi U. Onyike;Daniel D’Agostino;Stephanie Kielb;James E. Galvin;Brittany Cerbone;Christina A. Michel;Henry Rusinek;Mony J. de Leon;Lidia Glodzik;Susan De Santi;P. Murali Doraiswamy;Jeffrey R. Petrella;Terence Z. Wong;Steven E. Arnold;Jason Karlawish;David A. Wolk;Charles D. Smith;Gregory A. Jicha;Peter Hardy;Partha Sinha;Elizabeth Oates;Gary Conrad;Lorna M. Lopez;MaryAnn Oakley;Donna M. Simpson;Anton P. Porsteinsson;Bonnie S. Goldstein;Kim Martin;Kelly M. Makino;M. Saleem Ismail;Connie Brand;Ruth A. Mulnard;Gaby Thai;Catherine Mc-Adams-Ortiz;Kyle Womack;Dana Mathews;Mary Quiceno;Ramon Diaz‐Arrastia;Richard King;Myron Weiner;Kristen Martin-Cook;Michael D. Devous;Allan I. Levey;James J. Lah;Janet S. Cellar;Jeffrey M. Burns;Heather S. Anderson;Russell H. Swerdlow;Liana Apostolova;Kathleen Tingus;Ellen Woo;Daniel Silverman;Po H. Lu;George Bartzokis;Neill R. Graff‐Radford;Francine Parfitt;Tracy Kendall;Heather Johnson;Martin R. Farlow;Ann Marie Hake;Brandy R. Matthews;Scott Herring;Cynthia Hunt;Christopher H. van Dyck;Richard E. Carson;Martha G. MacAvoy;Howard Chertkow;Howard Bergman;Chris Hosein;Ging‐Yuek Robin Hsiung;Howard Feldman;Benita Mudge;Michele Assaly;Charles Bernick;Donna Munic;Andrew Kertesz;John Rogers;Dick Trost;Diana Kerwin;Kristine Lipowski;Chuang-Kuo Wu;Nancy E. Johnson;Carl Sadowsky;Walter Martínez;Teresa Villena;Raymond Scott Turner;Kathleen Johnson;Brigid Reynolds;Reisa A. Sperling;Keith A. Johnson;Gad A. Marshall;Meghan Frey;Barton Lane;Allyson Rosen;Jared Tinklenberg;Marwan N. Sabbagh;Christine M. Belden;Sandra A. Jacobson;Sherye A. Sirrel;Neil W. Kowall;Ronald Killiany;Andrew E. Budson;Alexander Norbash;Patricia Lynn Johnson;Joanne Allard;Alan J. Lerner;Paula Ogrocki;Leon Hudson;Evan Fletcher;Owen Carmichael;John Olichney;Charles DeCarli;Smita Kittur;Michael Borrie;T‐Y Lee;Robert Bartha;Sterling C. Johnson;Sanjay Asthana;Cynthia M. Carlsson;Adrian Preda;Dana Nguyen;Pierre N. Tariot;Stephanie Reeder;Vernice Bates;Horacio Capote;Michelle Rainka;Douglas W. Scharre;Maria Kataki;Anahita Adeli;Earl A. Zimmerman;Dzintra Celmins;Alice D. Brown;Godfrey D. Pearlson;Karen Blank;Karen Anderson;Robert B. Santulli;Tamar J. Kitzmiller;Eben S. Schwartz;Kaycee M. Sink;Jeff D. Williamson;Pradeep Garg;Franklin Watkins;Brian R. Ott;Henry Querfurth;Geoffrey Tremont;Stephen Salloway;Paul Malloy;Stephen Correia;Howard J. Rosen;Bruce L. Miller;Jacobo Mintzer;Kenneth Spicer;David Bachman;Stephen Pasternak;Irina Rachinsky;Dick Drost;Nunzio Pomara;Raymundo Hernando;Antero Sarrael;Susan K. Schultz;Laura L. Boles Ponto;Hyungsub Shim;Karen E. Smith;Norman Relkin;Gloria Chaing;Lisa Raudin;Amanda Smith;Kristin Fargher;Balebail Ashok Raj;Thomas C. Neylan;Jordan Grafman;Melissa Davis;Rosemary Morrison;Jacqueline Hayes;Shannon Finley;Karl E. Friedl;Debra Fleischman;Konstantinos Arfanakis;Olga James;Dino Massoglia;J. Jay Fruehling;Sandra Harding;Elaine R. Peskind;Eric C. Petrie;Gail Li;Jerome A. Yesavage;Joy L. Taylor;Ansgar J. Furst;Paola Giusti‐Rodríguez;Patrick F. Sullivan;John Hardy;Amy K.Y. Fu;Yun Li;Nancy Y. Ip"
"https://doi.org/10.1038/s41467-019-13914-8",2020,"Yunfan Yang;Minnie Fu;Min‐Dian Li;Kaisi Zhang;Bichen Zhang;Simeng Wang;Yuyang Liu;Weiming Ni;Qunxiang Ong;Jia Mi;Xiaoyong Yang"
"https://doi.org/10.1038/s41467-020-14499-3",2020,"Valentina Cipriani;Laura Lorés‐Motta;Fan He;Dina Fathalla;Viranga Tilakaratna;Selina McHarg;Nadhim Bayatti;İlhan E. Acar;Carel B. Hoyng;Sascha Fauser;Anthony T. Moore;John R.W. Yates;Eiko K. de Jong;B. Paul Morgan;Anneke I. den Hollander;Paul N. Bishop;Simon J. Clark"
"https://doi.org/10.1038/s41467-020-14561-0",2020,"Margaret K. R. Donovan;Agnieszka D’Antonio‐Chronowska;Matteo D’Antonio;Kelly A. Frazer"
"https://doi.org/10.1038/s41467-020-19048-6",2020,"Hadas Tsivion-Visbord;Eli Kopel;Ariel Feiglin;Tamar Sofer;Ran Barzilay;Tali Ben‐Zur;Orly Yaron;Daniel Offen;Erez Y. Levanon"
"https://doi.org/10.1038/s41467-021-25828-5",2021,"Gonzalo Fernandez Lahore;Michael Förster;Martina Johannesson;Pierre Sabatier;Erik Lönnblom;Mike Aoun;Yibo He;Kutty Selva Nandakumar;Roman A. Zubarev;Rikard Holmdahl"
"https://doi.org/10.1038/s41531-022-00400-0",2022,"Mark van den Hurk;Shong Lau;Maria C. Marchetto;Jérôme Mertens;Shani Stern;Olga Corti;Alexis Brice;Beate Winner;Jürgen Winkler;Fred H. Gage;Cédric Bardy"
"https://doi.org/10.1038/s41540-021-00186-6",2021,"Tiago Azevedo;Giovanna Maria Dimitri;Píetro Lió;Eric R. Gamazon"
"https://doi.org/10.1038/s41588-019-0351-9",2019,"Rinki Ratnapriya;Olukayode Sosina;Margaret R. Starostik;Madeline Kwicklis;Rebecca J. Kapphahn;Lars G. Fritsche;Ashley Walton;Marios Arvanitis;Linn Gieser;Alexandra Pietraszkiewicz;Sandra R. Montezuma;Emily Y. Chew;Alexis Battle;Gonçalo R. Abecasis;Deborah A. Ferrington;Nilanjan Chatterjee;Anand Swaroop"
"https://doi.org/10.1038/s41588-019-0521-9",2019,"Stephanie Feudjio Feupe;Jonathan Margoliash;Catherine Wang;Shubham Saini;Richard Yanicky;Sharona Shleizer-Burko;Alon Goren;Melissa Gymrek"
"https://doi.org/10.1038/s41588-023-01300-6",2023,"Niek de Klein;Ellen Tsai;Martijn Vochteloo;Denis Baird;Yunfeng Huang;Chia‐Yen Chen;Sipko van Dam;Roy Oelen;Patrick Deelen;Olivier B. Bakker;Omar El Garwany;Zhengyu Ouyang;Eric Marshall;Maria I. Zavodszky;Wouter van Rheenen;Mark K. Bakker;Jan H. Veldink;Tom R. Gaunt;Heiko Runz;Lude Franke;Harm-Jan Westra"
"https://doi.org/10.1038/s41591-019-0705-y",2020,"Gökhan Ünlü;Xinzi Qi;Eric R. Gamazon;D. Melville;Nisha Patel;Amy R. Rushing;Mais Hashem;Abdullah Alfaifi;Rui Chen;Bingshan Li;Nancy J. Cox;Fowzan S. Alkuraya;Ela W. Knapik"
"https://doi.org/10.1038/s41593-018-0197-y",2018,"Andrew E. Jaffe;Richard E. Straub;Joo Heon Shin;Ran Tao;Yuan Gao;Leonardo Collado‐Torres;Tony Kam-Thong;Hualin Simon Xi;Jie Quan;Qiang Chen;Carlo Colantuoni;William S. Ulrich;Brady J. Maher;Amy Deep–Soboslay;A.J. Cross;Nicholas J. Brandon;Jeffrey T. Leek;Thomas M. Hyde;Joel E. Kleinman;Daniel R. Weinberger"
"https://doi.org/10.1038/s41597-020-00659-z",2020,"Fayaz Seifuddin;Komudi Singh;Abhilash Suresh;Jennifer Judy;Yun-Ching Chen;Vijender Chaitankar;Ilker Tunc;Xiangbo Ruan;Ping Li;Yi Chen;Haiming Cao;Richard S. Lee;Fernando S. Goes;Peter P. Zandi;M. Saleet Jafri;Mehdi Pirooznia"
"https://doi.org/10.1038/s41598-018-26670-4",2018,"Anxhela Gjyshi;Sweta Dash;Ling Cen;Chia‐Ho Cheng;Chaomei Zhang;Sean J. Yoder;Jamie K. Teer;Guillermo N. Armaiz-Peña;Álvaro N.A. Monteiro"
"https://doi.org/10.1038/s41598-019-45389-4",2019,"Luís Miguel Real;Juan Macı́as;António Rivero‐Juarez;Francisco Téllez;Dolores Merino;Sonia Moreno–Grau;Adelina Orellana;Juan Gómez‐Salgado;María Eugenia Sáez;Mario Frías;Anaïs Corma‐Gómez;Nicolás Merchante;Agustı́n Ruiz;Antonio Carúz;Juan A. Pineda;Marta Fernández‐Fuertes;María Jesús Iglesias;Pilar Rincón"
"https://doi.org/10.1038/s41598-019-54475-6",2019,"Jaakko T. Leinonen;Yu‐Chia Chen;Jana Pennonen;Leevi E. Lehtonen;Nella Junna;Taru Tukiainen;Pertti Panula;Elisabeth Widén"
"https://doi.org/10.1038/s41598-021-03901-9",2022,"Arkadiusz Kajdasz;Daria Niewiadomska;Michał Sekrecki;Krzysztof Sobczak"
"https://doi.org/10.1038/s41598-021-82003-y",2021,"Kyung Jae Yoon;Youbin Yi;Jong Geol;Hyung‐Lae Kim;Yong‐Taek Lee;Han-Na Kim"
"https://doi.org/10.1038/s41598-021-84645-4",2021,"М. И. Москаленко;Irina Ponomarenko;Evgeny Reshetnikov;Volodymyr Dvornyk;Mikhail Churnosov"
"https://doi.org/10.1038/s41598-021-88209-4",2021,"François Fauteux;Anuradha Surendra;Scott McComb;Youlian Pan;Jennifer J. Hill"
"https://doi.org/10.1038/s42003-022-03031-6",2022,"Florian Uellendahl-Werth;Carlo Maj;Oleg Borisov;Simonas Juzėnas;Eike Matthias Wacker;Isabella Friis Jørgensen;Tim Alexander Steiert;Saptarshi Bej;Peter Krawitz;Per Hoffmann;Christoph Schramm;Olaf Wolkenhauer;Karina Banasik;Søren Brunak;Stefan Schreiber;Tom H. Karlsen;Franziska Degenhardt;Markus M. Nöthen;André Franke;Trine Folseraas;David Ellinghaus"
"https://doi.org/10.1038/s43587-022-00241-9",2022,"Yuanbing Jiang;Xiaopu Zhou;Hiu Yi Wong;Ouyang Li;Fanny C.F. Ip;Vicky Chau;Shun‐Fat Lau;Wei Wu;Daniel Y. K. Wong;Heukjin Seo;Wing‐Yu Fu;Nicole Chit Hang Lai;Yuewen Chen;Yu Chen;Estella P.S. Tong;Michael W. Weiner;Paul Aisen;Ronald C. Petersen;Clifford R. Jack;William J. Jagust;John Q. Trojanowski;Arthur W. Toga;Laurel Beckett;Robert C. Green;Andrew J. Saykin;John C. Morris;Leslie M. Shaw;Zaven S. Khachaturian;Greg Sorensen;Lew Kuller;Marcus E. Raichle;Steven M. Paul;Peter Davies;Howard Fillit;Franz Hefti;David Holtzman;Marek M. Mesulam;William Z. Potter;Peter J. Snyder;Adam J. Schwartz;Tom Montine;Ronald G. Thomas;Michael Donohue;Sarah Walter;Devon Gessert;Tamie Sather;Gus Jiminez;Danielle Harvey;Matt A. Bernstein;Paul M. Thompson;Norbert Schuff;Bret Borowski;Jeff Gunter;Matthew L. Senjem;Prashanthi Vemuri;David T. Jones;Kejal Kantarci;Chad Ward;Robert A. Koeppe;Norm Foster;Eric M. Reiman;Kewei Chen;Chester A. Mathis;Susan Landau;Nigel J. Cairns;Erin Householder;Lisa Taylor‐Reinwald;Virginia Lee;Magdalena Korecka;Michal Figurski;Karen Crawford;Scott Neu;Tatiana M. Foroud;Steven G. Potkin;Li Shen;Kelley Faber;Sungeun Kim;Kwangsik Nho;Leon J. Thal;Neil Buckholtz;Marylyn Albert;Richard Frank;John Hsiao;Jeffrey Kaye;Joseph F. Quinn;Betty Lind;Raina Carter;Sara Dolen;Lon S. Schneider;Sonia Pawluczyk;Mauricio Beccera;Liberty Teodoro;Bryan M. Spann;James B. Brewer;Helen Vanderswag;Adam Fleisher;Judith L. Heidebrink;Joanne Lord;Sara S. Mason;Colleen S. Albers;David S. Knopman;Kris Johnson;Rachelle S. Doody;Javier Villanueva-Meyer;Munir Chowdhury;Susan Rountree;Mimi Dang;Yaakov Stern;Lawrence S. Honig;Karen L. Bell;Beau M. Ances;Maria Carroll;Sue Leon;Mark A. Mintun;Stacy Schneider;Angela Oliver;Daniel Marson;Randall Griffith;David W. Clark;David Geldmacher;John Brockington;Erik D. Roberson;Hillel Grossman;Effie Mitsis;Leyla de Toledo‐Morrell;Raj C. Shah;Ranjan Duara;Daniel Varón;Maria T. Greig;Peggy Roberts;Chiadi U. Onyike;Daniel D’Agostino;Stephanie Kielb;James E. Galvin;Brittany Cerbone;Christina A. Michel;Henry Rusinek;Mony J. de Leon;Lidia Glodzik;Susan De Santi;P. Murali Doraiswamy;Jeffrey R. Petrella;Terence Z. Wong;Steven E. Arnold;Jason Karlawish;David A. Wolk;Charles D. Smith;Gregory A. Jicha;Peter Hardy;Partha Sinha;Elizabeth Oates;Gary Conrad;Oscar L. López;MaryAnn Oakley;Donna M. Simpson;Anton P. Porsteinsson;Bonnie S. Goldstein;Kim Martin;Kelly M. Makino;M. Saleem Ismail;Connie Brand;Ruth A. Mulnard;Gaby Thai;Catherine Mc-Adams-Ortiz;Kyle Womack;Dana Mathews;Mary Quiceno;Ramon Diaz‐Arrastia;Richard King;Myron Weiner;Kristen Martin-Cook;Michael D. Devous;Allan I. Levey;James J. Lah;Janet S. Cellar;Jeffrey M. Burns;Heather S. Anderson;Russell H. Swerdlow;Liana G. Apostolova;Kathleen Tingus;Ellen Woo;Daniel Silverman;Po H. Lu;George Bartzokis;Neill R. Graff‐Radford;Francine Parfitt;Tracy Kendall;Heather Johnson;Martin R. Farlow;Ann Marie Hake;Brandy R. Matthews;Scott Herring;Cynthia Hunt;Christopher H. van Dyck;Richard E. Carson;Martha G. MacAvoy;Howard Chertkow;Howard Bergman;Chris Hosein;Ging‐Yuek Robin Hsiung;Howard Feldman;Benita Mudge;Michele Assaly;Charles Bernick;Donna Munic;Andrew Kertesz;John Rogers;Dick Trost;Diana Kerwin;Kristine Lipowski;Chuang‐Kuo Wu;Nancy Johnson;Carl Sadowsky;Walter Martínez;Teresa Villena;Raymond Scott Turner;Kathleen Johnson;Brigid Reynolds;Reisa A. Sperling;Keith A. Johnson;Gad A. Marshall;Meghan Frey;Barton Lane;Allyson Rosen;Jared Tinklenberg;Marwan N. Sabbagh;Christine M. Belden;Sandra A. Jacobson;Sherye A. Sirrel;Neil W. Kowall;Ronald Killiany;Andrew E. Budson;Alexander Norbash;Patricia Lynn Johnson;Joanne Allard;Alan J. Lerner;Paula Ogrocki;Leon Hudson;Evan Fletcher;Owen Carmichael;John Olichney;Charles DeCarli;Smita Kittur;Michael Borrie;T‐Y Lee;Robert Bartha;Sterling C. Johnson;Sanjay Asthana;Cynthia M. Carlsson;Adrian Preda;Dana Nguyen;Pierre N. Tariot;Stephanie Reeder;Vernice Bates;Horacio Capote;Michelle Rainka;Douglas W. Scharre;Maria Kataki;Anahita Adeli;Earl A. Zimmerman;Dzintra Celmins;Alice D. Brown;Godfrey D. Pearlson;Karen Blank;Karen Anderson;Robert B. Santulli;Tamar J. Kitzmiller;Eben S. Schwartz;Kaycee M. Sink;Jeff D. Williamson;Pradeep Garg;Franklin Watkins;Brian R. Ott;Henry Querfurth;Geoffrey Tremont;Stephen Salloway;Paul Malloy;Stephen Correia;Howard J. Rosen;Bruce L. Miller;Jacobo Mintzer;Kenneth Spicer;David Bachman;Stephen Pasternak;Irina Rachinsky;Dick Drost;Nunzio Pomara;Raymundo Hernando;Antero Sarrael;Susan K. Schultz;Laura L. Boles Ponto;Hyungsub Shim;Karen E. Smith;Norman Relkin;Gloria Chaing;Lisa Raudin;Amanda Smith;Kristin Fargher;Balebail Ashok Raj;Thomas C. Neylan;Jordan Grafman;Melissa Davis;Rosemary Morrison;Jacqueline Hayes;Shannon Finley;Karl E. Friedl;Debra Fleischman;Konstantinos Arfanakis;Olga James;Dino Massoglia;J. Jay Fruehling;Sandra Harding;Elaine R. Peskind;Eric C. Petrie;Gail Li;Jerome A. Yesavage;Joy L. Taylor;Ansgar J. Furst;Vincent Mok;Timothy Kwok;Kin Y. Mok;Maryam Shoai;Benoit Lehallier;Patricia Morán Losada;Eleanor K. O’Brien;Tenielle Porter;Simon M. Laws;John Hardy;Tony Wyss‐Coray;Colin L. Masters;Amy K.Y. Fu;Nancy Y. Ip"
"https://doi.org/10.1093/bib/bbaa230",2020,"Heike Deutelmoser;Dominique Scherer;Hermann Brenner;Mélanie Waldenberger;Karsten Suhre;Gabi Kastenmüller;Justo Lorenzo Bermejo"
"https://doi.org/10.1093/bioinformatics/btaa318",2020,"Berk A. Alpay;Pınar Demetçi;Sorin Istrail;Derek Aguiar"
"https://doi.org/10.1093/bioinformatics/btac523",2022,"Colm Seale;Yasin İlkağan Tepeli;Joana P. Gonçalves"
"https://doi.org/10.1093/bioinformatics/bty992",2018,"Wenqiang Shi;Oriol Fornés;Wyeth W. Wasserman"
"https://doi.org/10.1093/brain/awy141",2018,"Marzia Antonella Scelsi;Raiyan R. Khan;Marco Lorenzi;Leigh Christopher;Michael D. Greicius;Jonathan M. Schott;Sébastien Ourselin;André Altmann"
"https://doi.org/10.1093/braincomms/fcab236",2021,"Alfredo Iacoangeli;Isabella Fogh;Sashika Selvackadunco;Simon Topp;Aleksey Shatunov;Wouter van Rheenen;Ahmad Al Khleifat;Sarah Opie-Martin;Antonia Ratti;Andrea Calvo;John Wim Hardy;Michael E. Weale;Mina Ryten;Daniah Orla Trabzuni;Adaikalavan Ramasamy;Colin Smith;Manuel Sebastian Guelfi;Karishma D’Sa;Paola Forabosco;Philip Van Damme;Wim Robberecht;Adriano Chiò;Richard Dobson;Orla Hardiman;Christopher E. Shaw;Leonard H. van den Berg;Peter M. Andersen;Bradley Smith;Vincenzo Silani;Jan H. Veldink;Gerome Breen;Claire Troakes;Ammar Al‐Chalabi;Ashley Jones"
"https://doi.org/10.1093/hmg/ddv622",2016,"Simon Stacey;Birte Kehr;Jūlı́us Guðmundsson;Florian Zink;Áslaug Jónasdóttir;Sigurjón A. Guðjónsson;Ásgeir Sigurðsson;Bjarni V. Halldórsson;Bjarni A. Agnarsson;Kristrún R. Benediktsdóttir;Katja K.H. Aben;Sita H. Vermeulen;R.G.H.M. Cremers;Angeles Panadero;Brian T. Helfand;Phillip R. Cooper;Jenny Donovan;Freddie C. Hamdy;Viorel Jinga;Ichiro Okamoto;Jón G. Jónasson;Laufey Tryggvadóttír;Hrefna Johannsdottir;Anna M. Kristinsdottir;Gísli Másson;Ólafur Þ. Magnússon;Paul D. Iordache;Agnar Helgason;Hannes Helgason;Patrick Sulem;Daníel F. Guðbjartsson;Augustine Kong;Eiríkur Jónsson;Rósa B. Barkardóttir;Guðmundur Einarsson;Þórunn Rafnar;Unnur Þorsteinsdóttir;Ioan Nicolae Mateș;David E. Neal;William J. Catàlona;José Mayordomo;Lambertus A. Kiemeney;Guðmar Þorleifsson;Kāri Stefánsson"
"https://doi.org/10.1093/nar/gkaa1119",2020,"Mengbiao Guo;Zhen‐Dong Xiao;Cong Dai;Ling‐Qiang Zhu;Hang Lei;Li‐Ting Diao;Yuanyan Xiong"
"https://doi.org/10.1093/nar/gkac736",2022,"Xuelian Ma;Shumin Cheng;Ruofan Ding;Zhaozhao Zhao;Xudong Zou;Shouhong Guang;Qixuan Wang;Huan Jing;Yu Chen;Ting Ni;Lei Li"
"https://doi.org/10.1093/nar/gkw852",2016,"Leonardo Collado‐Torres;Abhinav Nellore;Alyssa C. Frazee;Christopher Wilks;Michael I. Love;Ben Langmead;Rafael A. Irizarry;Jeffrey T. Leek;Andrew E. Jaffe"
"https://doi.org/10.1093/nar/gkx1165",2017,"Alejandro Reyes;Wolfgang Huber"
"https://doi.org/10.1093/nar/gkz1223",2020,"Sandeep Singh;Fujun Qin;Shailesh Kumar;Justin Elfman;Emily Lin;Lam-Phong Pham;Amy Yang;Hui Li"
"https://doi.org/10.1093/nargab/lqz025",2020,"Sen Zhao;Andreas Hoff;Rolf I. Skotheim"
"https://doi.org/10.1093/pnasnexus/pgac243",2022,"Samuel Khodursky;Caroline S. Jiang;Eric B Zheng;Roger A. Vaughan;Daniel R. Schrider;Li Zhao"
"https://doi.org/10.1097/fpc.0000000000000250",2016,"Qingqin S. Li;Nathan E. Wineinger;Dong‐Jing Fu;Ondrej Libiger;Larry Alphs;Adam Savitz;Srihari Gopal;Nadine Cohen;Nicholas J. Schork"
"https://doi.org/10.1099/jgv.0.001491",2020,"Arinjay Banerjee;Andrew C. Doxey;Benjamin J.-M. Tremblay;Michael J. Mansfield;Sonu Subudhi;Jeremy A. Hirota;Matthew S. Miller;Andrew G. McArthur;Samira Mubareka;Karen L. Mossman"
"https://doi.org/10.1101/2020.09.06.20189159",2020,"Yuping Cai;Daniel Kim;Takehiro Takahashi;David Broadhurst;Shuangge Ma;Nicholas J. W. Rattray;Arnau Casanovas‐Massana;Benjamin Israelow;Jon Klein;Carolina Lucas;Tianyang Mao;Adam J. Moore;M. Catherine Muenker;Ji-Eun Oh;Julio Silva;Patrick Wong;Albert I. Ko;Sajid Khan;Akiko Iwasaki;Caroline H. Johnson"
"https://doi.org/10.1101/gr.237636.118",2018,"Jenny Chen;Ross Swofford;Jeremy Johnson;Beryl B. Cummings;Noga Rogel;Kerstin Lindblad‐Toh;Wilfried Haerty;Federica Di Palma;Aviv Regev"
"https://doi.org/10.1101/gr.242636.118",2019,"Konstantin Licht;Utkarsh Kapoor;Fabian Amman;Ernesto Picardi;David I. K. Martin;Prajakta Bajad;Michael F. Jantsch"
"https://doi.org/10.1101/gr.257550.119",2020,"Swati Venkat;Arwen A. Tisdale;Johann R. Schwarz;Abdulrahman A. Alahmari;H. Carlo Maurer;Kenneth P. Olive;Kevin H. Eng;Michael E. Feigin"
"https://doi.org/10.1101/gr.258301.119",2020,"Carlos Ruiz-Arenas;Alejandro Cáceres;Marcos López‐Sánchez;Dolors Pelegrí-Sisó;Josefa González;Juan R. González"
"https://doi.org/10.1111/acel.13168",2020,"Jiawei Chen;Quanlong Jiang;Xian Xia;Kangping Liu;Zhengqing Yu;Wanyu Tao;W. X. Gong;Jing‐Dong J. Han"
"https://doi.org/10.1111/acel.13195",2020,"Ji Sun Moon;Ludger J.E. Goeminne;Jung Tae Kim∥;Jing Tian;Seok‐Hwan Kim;Ha Thi Nga;Seulgi Kang;Baeki E. Kang;Jin‐Seok Byun;Young‐Sun Lee;Jae‐Han Jeon;Minho Shong;Johan Auwerx;Dongryeol Ryu;Hyon‐Seung Yi"
"https://doi.org/10.1111/acel.13230",2020,"Didac Santesmasses;José Pedro Castro;Aleksandr Zenin;Anastasia V. Shindyapina;Maxim V. Gerashchenko;Bohan Zhang;Csaba Kerepesi;Sun Hee Yim;П. О. Федичев;Vadim N. Gladyshev"
"https://doi.org/10.1111/bpa.12760",2019,"Nina L. Fransen;Jakob B. A. Crusius;Joost Smolders;Mark R. Mizee;Corbert G. van Eden;Sabina Luchetti;Ester B. M. Remmerswaal;Jörg Hamann;Matthew R. J. Mason;Inge Huitinga"
"https://doi.org/10.1111/jcmm.14532",2019,"Xuewei Wang;Sihan Ju;Yao Chen;Qufei Qian;Caiwang Yan;Shuaizhou Chen;Yu‐Ting Chang;Yide Xu;Zijian Ma;Chang Zhang;Na Qin;Yayun Gu;Cheng Wang;Erbao Zhang;Zhibin Hu"
"https://doi.org/10.1128/msystems.00741-20",2020,"Pascal H. G. Duijf"
"https://doi.org/10.1136/annrheumdis-2021-219884",2021,"Marialbert Acosta‐Herrera;Martin Kerick;Elena López‐Isac;Shervin Assassi;Lorenzo Beretta;Carmen Pilar Simeón‐Aznar;Norberto Ortego‐Centeno;Susanna Proudman;Nicolas Hunzelmann;Gianluca Moroncini;Jeska K de Vries-Bouwstra;Gisela Orozco;Anne Barton;Ariane L. Herrick;Chikashi Terao;Yannick Allanore;Matthew A. Brown;Timothy R. D. J. Radstake;Carmen Fonseca;Christopher P. Denton;Maureen D. Mayes;Javier Martı́n"
"https://doi.org/10.1155/2018/1252849",2018,"Hui Wang;Ci Song;Qi Qi;Tongtong Huang;Lijuan Wang;Jianguo Chen;Jian Zhu;Zhibin Hu;Juncheng Dai"
"https://doi.org/10.1161/hypertensionaha.120.16191",2021,"Matthew C. Hyman;Michael G. Levin;Dipender Gill;Venexia Walker;Marios K. Georgakis;Neil M Davies;Francis E. Marchlinski;Scott M. Damrauer"
"https://doi.org/10.1172/jci.insight.155648",2022,"Mary E. McQuaid;Kashif Ahmed;Stephanie Tran;Justine Rousseau;Ranad Shaheen;Kristin D. Kernohan;Kyoko E. Yuki;Prerna Grover;Ema S. Dreseris;Sameen Ahmed;Lucie Dupuis;Jennifer Stimec;Mary Shago;Zuhair N. Al‐Hassnan;Roch Tremblay;Philipp G. Maass;Michael D. Wilson;Eyal Grunebaum;Kym M. Boycott;François‐Michel Boisvert;Sateesh Maddirevula;Eissa Faqeih;Fahad Almanjomi;Zaheer Ullah Khan;Fowzan S. Alkuraya;Philippe M. Campeau;Pekka Kannus;Eric I. Campos;Hugo Würtele"
"https://doi.org/10.1172/jci152070",2022,"Kanika Kanchan;Stepan Grinek;Henry T. Bahnson;Ingo Ruczinski;Gautam Shankar;David Larson;George Du Toit;Kathleen C. Barnes;Hugh A. Sampson;Mayte Suárez‐Fariñas;Gideon Lack;Gerald T. Nepom;Karen Cerosaletti;Rasika A. Mathias"
"https://doi.org/10.1177/03000605231166517",2023,"Yuhui Zhou;Xiaoxia Ma;Jinglan Sun"
"https://doi.org/10.1177/0963689720968749",2020,"Sara Ravaioli;Michela Tebaldi;Eugenio Fonzi;Davide Angeli;Massimiliano Mazza;Fabio Nicolini;Alessandro Lucchesi;Francesca Fanini;Francesca Pirini;Maria Maddalena Tumedei;Claudio Cerchione;Pierluigi Viale;Vittorio Sambri;Giovanni Martinelli;Sara Bravaccini"
"https://doi.org/10.1177/15579883231166645",2023,"Anam Sohail;Adina Arshad;Tamjeed Tariq;Ayesha Bibi;Shaista Aslam;Muhammad Irfan"
"https://doi.org/10.1186/s12862-019-1575-0",2020,"Helmut Schaschl;Bernard Wallner"
"https://doi.org/10.1186/s12864-018-5263-z",2018,"Alejandro Cáceres;Juan R. González"
"https://doi.org/10.1186/s12864-021-07867-w",2021,"Xinpeng Guo;Yafei Song;Shuhui Liu;Meihong Gao;Qi Yang;Xuequn Shang"
"https://doi.org/10.1186/s12883-016-0742-9",2016,"Yuetiva Deming;Kathleen Black;David Carrell;Yefei Cai;Jorge L. Del-Águila;María Victoria Fernández;John Budde;Sheng‐mei Ma;Benjamin Saef;Bill Howells;Sarah Bertelsen;Kuan‐lin Huang;Courtney L. Sutphen;Rawan Tarawneh;Anne M. Fagan;David M. Holtzman;John C. Morris;Alison Goate;Joseph D. Dougherty;Carlos Cruchaga"
"https://doi.org/10.1186/s12885-021-08956-5",2021,"Ji Wen;Michael Rusch;Samuel W. Brady;Ying Shao;Michael N. Edmonson;Timothy I. Shaw;Brent B. Powers;Liqing Tian;John Easton;Charles G. Mullighan;Tanja A. Grüber;David W. Ellison;Jinghui Zhang"
"https://doi.org/10.1186/s12885-022-10433-6",2023,"Shoichiro Tange;Tomomi Hirano;Masashi Idogawa;Eishu Hirata;Issei Imoto;Takashi Tokino"
"https://doi.org/10.1186/s12916-015-0442-0",2015,"Li Wang;Yixuan Gong;Uma Chippada-Venkata;Matthias Heck;Margitta Retz;Roman Nawroth;Matthew D. Galsky;Che‐Kai Tsao;Eric E. Schadt;Johann S. de Bono;David Olmos;Jun Zhu;William Oh"
"https://doi.org/10.1186/s12916-020-01769-6",2020,"Till F. M. Andlauer;Jenny Link;Dorothea Martin;Malin Ryner;Christina Hermanrud;Verena Grummel;Michael Auer;Harald Hegen;Lilian Aly;Christiane Gasperi;Benjamin Knier;Bertram Müller‐Myhsok;Poul Erik Jensen;Finn Sellebjerg;Ingrid Kockum;Tomas Olsson;Marc Pallardy;Sebastian Spindeldreher;Florian Deisenhammer;Anna Fogdell‐Hahn;Bernhard Hemmer"
"https://doi.org/10.1186/s12916-022-02665-x",2022,"Xiao Xiao;Rui Li;Cunjin Wu;Yupeng Yan;Mengmeng Yuan;Bing Cui;Yu Zhang;Channa Zhang;Xiaoxia Zhang;Weili Zhang;Rutai Hui;Yibo Wang"
"https://doi.org/10.1186/s12920-019-0518-3",2019,"Junghyun Jung;Go Woon Kim;Byungjo Lee;Jong Wha J. Joo;Wonhee Jang"
"https://doi.org/10.1186/s12920-020-00752-7",2020,"Agnieszka H. Ludwig‐Słomczyńska;Michał T. Seweryn;Przemysław Kapusta;E. Pitera;Samuel K. Handelman;Urszula Mantaj;Katarzyna Cyganek;Paweł Gutaj;Łucja Dobrucka;Ewa Wender-Ożegowska;Maciej T. Małecki;Paweł Wołkow"
"https://doi.org/10.1186/s12935-019-0947-2",2019,"Praveen Kumar Jaiswal;Sweaty Koul;Nallasivam Palanisamy;Hari K. Koul"
"https://doi.org/10.1186/s12979-022-00268-x",2022,"Arttu Autio;Jalmari Kettunen;Tapio Nevalainen;Bryn Kimura;Mikko Hurme"
"https://doi.org/10.1186/s13040-019-0195-y",2019,"Daniel Savel;Mehmet Koyutürk"
"https://doi.org/10.1186/s13058-020-01279-6",2020,"Adam Burkholder;Dennis Akrobetu;Arun R. Pandiri;Kiki Ton;Sue Kim;Brian I. Labow;Laura C. Nuzzi;Joseph M. Firriolo;Sallie S. Schneider;Suzanne E. Fenton;Natalie D. Shaw"
"https://doi.org/10.1186/s13059-016-1052-7",2016,"Michelle Beaumont;Julia K. Goodrich;Matthew Jackson;İdil Yet;Emily Davenport;Sara Vieira‐Silva;Justine W. Debelius;Tess Pallister;Massimo Mangino;Jeroen Raes;Rob Knight;Andrew G. Clark;Ruth E. Ley;Tim D. Spector;Jordana T. Bell"
"https://doi.org/10.1186/s13059-019-1653-z",2019,"Jun Cheng;Thi Yen Duong Nguyen;Kamil J. Cygan;Muhammed Hasan Çelik;William G. Fairbrother;Žiga Avsec;Julien Gagneur"
"https://doi.org/10.1186/s13059-020-02113-0",2020,"Nicole R. Gay;Michael J. Gloudemans;Margaret L. Antonio;Nathan S. Abell;Brunilda Balliu;YoSon Park;Alicia R. Martin;Shaila Musharoff;Abhiram Rao;François Aguet;Alvaro Barbeira;Rodrigo Bonazzola;Farhad Hormozdiari;Kristin Ardlie;Christopher D. Brown;Hae Kyung Im;Tuuli Lappalainen;Xiaoquan Wen;Stephen B. Montgomery"
"https://doi.org/10.1186/s13059-020-02122-z",2020,"Stephane E. Castel;François Aguet;Pejman Mohammadi;François Aguet;Shankara Anand;Kristin Ardlie;Stacey Gabriel;Gad Getz;Aaron Graubert;Kane Hadley;Robert E. Handsaker;Katherine Huang;Seva Kashin;Xiao Li;Daniel G. MacArthur;Samuel R. Meier;Jared L. Nedzel;Duyen T. Nguyen;Ayellet V. Segrè;Ellen Todres;François Aguet;Shankara Anand;Kristin Ardlie;Brunilda Balliu;Alvaro Barbeira;Alexis Battle;Rodrigo Bonazzola;Andrew Brown;Christopher D. Brown;Stephane E. Castel;Donald F. Conrad;Daniel J. Cotter;Nancy J. Cox;Sayantan Das;Olivia M. de Goede;Emmanouil T. Dermitzakis;Jonah Einson;Barbara E. Engelhardt;Eleazar Eskin;Tiffany Eulalio;Nicole M. Ferraro;Elise D. Flynn;Laure Frésard;Eric R. Gamazon;Diego Garrido-Martín;Nicole R. Gay;Gad Getz;Michael J. Gloudemans;Aaron Graubert;Roderic Guigó;Kane Hadley;Andrew R. Hame;Robert E. Handsaker;Yuan He;Paul Hoffman;Farhad Hormozdiari;Lei Hou;Katherine Huang;Hae Kyung Im;Brian Jo;Silva Kasela;Seva Kashin;Manolis Kellis;Sarah Kim-Hellmuth;Alan Kwong;Tuuli Lappalainen;Xiao Li;Xin Li;Yanyu Liang;Daniel G. MacArthur;Serghei Mangul;Samuel R. Meier;Pejman Mohammadi;Stephen B. Montgomery;Manuel Muñoz-Aguirre;Daniel Nachun;Jared L. Nedzel;Duyen T. Nguyen;Andrew B. Nobel;Meritxell Oliva;Yo Son Park;Yong‐Jin Park;Princy Parsana;Abhiram Rao;Ferrán Reverter;John M. Rouhana;Chiara Sabatti;Ashis Saha;Ayellet V. Segrè;Andrew D. Skol;Matthew Stephens;Barbara E. Stranger;Benjamin J. Strober;Nicole A. Teran;Ellen Todres;Ana Viñuela;Gao Wang;Xiaoquan Wen;Fred A. Wright;Valentin Wucher;Yuxin Zou;Pedro G. Ferreira;Gen Li;Marta Melé;Esti Yeger‐Lotem;Mary E. Barcus;Debra Bradbury;Tanya Krubit;Jeffrey A. McLean;Liqun Qi;Karna Robinson;Nancy Roche;Anna M. Smith;Leslie H. Sobin;David E. Tabor;Anita H. Undale;Jason Bridge;Lori E. Brigham;Barbara A. Foster;Bryan M. Gillard;Richard Hasz;Marcus Hunter;Christopher Johns;Mark Johnson;Ellen Karasik;Gene Kopen;William F. Leinweber;Alisa McDonald;Michael T. Moser;Kevin Myer;Kimberley D. Ramsey;Brian Roe;Saboor Shad;Jeffrey A. Thomas;Gary Walters;Michael Washington;J. Gary Wheeler;Scott D. Jewell;Daniel C. Rohrer;Dana R. Valley;David A. Davis;Deborah C. Mash;Mary E. Barcus;Philip A. Branton;Leslie H. Sobin;Laura K. Barker;Heather M. Gardiner;Maghboeba Mosavel;Laura A. Siminoff;Paul Flicek;Maximilian Haeussler;Thomas Juettemann;W. James Kent;Christopher M. Lee;Conner C. Powell;Kate R. Rosenbloom;Magali Ruffier;Dan Sheppard;Kieron Taylor;Stephen J. Trevanion;Daniel R. Zerbino;Nathan S. Abell;Joshua M. Akey;Lin Chen;Kathryn Demanelis;Jennifer A. Doherty;Andrew P. Feinberg;Kasper D. Hansen;Peter F. Hickey;Lei Hou;Farzana Jasmine;Lihua Jiang;Rajinder Kaul;Manolis Kellis;Muhammad G. Kibriya;Jin Billy Li;Qin Li;Shin Lin;Sandra E. Linder;Stephen B. Montgomery;Meritxell Oliva;Yong‐Jin Park;Brandon L. Pierce;Lindsay F. Rizzardi;Andrew D. Skol;Kevin S. Smith;M Snyder;J Stamatoyannopoulos;Barbara E. Stranger;Hua Tang;Meng Wang;Philip A. Branton;Latarsha J. Carithers;Ping Guan;Susan E. Koester;A. Roger Little;Helen M. Moore;Concepcion R. Nierras;Abhi K. Rao;Jimmie B. Vaught;Simona Volpi;Kristin Ardlie;Tuuli Lappalainen"
"https://doi.org/10.1186/s13059-021-02541-6",2021,"Marcos Francisco Perez;Peter Sarkies"
"https://doi.org/10.1186/s13059-022-02804-w",2022,"Jianqi She;Minghao Du;Zhanzhan Xu;Yueqi Jin;Yumin Li;Daoning Zhang;Changyu Tao;Jian Chen;Jiadong Wang;Ence Yang"
"https://doi.org/10.1186/s13059-022-02829-1",2022,"Ke Li;Jinhui Kong;Shuo Zhang;Tong Zhao;Wenfeng Qian"
"https://doi.org/10.1186/s13073-016-0268-1",2016,"Quan Long;Carmen Argmann;Sander M. Houten;Tao Huang;Siwu Peng;Yong Zhao;Zhidong Tu;Jun Zhu"
"https://doi.org/10.1186/s13073-017-0495-0",2017,"Assaf Gottlieb;Roxana Daneshjou;Marianne K. DeGorter;Stéphane Bourgeois;Peter J. Svensson;Mia Wadelius;Panos Deloukas;Stephen B. Montgomery;Russ B. Altman"
"https://doi.org/10.1186/s13073-020-00750-5",2020,"Florian Erger;Deborah Nörling;Domenica Borchert;Esther Leenen;Sandra Habbig;Michael S. Wiesener;Malte P. Bartram;Andrea Wenzel;Christian Becker;Mohammad R. Toliat;Peter Nürnberg;Bodo B. Beck;Janine Altmüller"
"https://doi.org/10.1186/s13073-021-00972-1",2021,"Mikhail Vysotskiy;Xue Zhong;Tyne W. Miller‐Fleming;Dan Zhou;Nancy J. Cox;Lauren A. Weiss"
"https://doi.org/10.1186/s13100-021-00260-0",2022,"Alexandra Iouranova;Delphine Grün;Tamara Rossy;Julien Duc;Alexandre Coudray;Michaël Imbeault;Jonas de Tribolet-Hardy;Priscilla Turelli;Alexandre Persat;Didier Trono"
"https://doi.org/10.1186/s40478-021-01285-5",2022,"Erwan Lambert;Orthis Saha;Bruna Soares Landeira;Ana Raquel Melo de Farias;Xavier Hermant;Arnaud Carrier;Alexandre Pelletier;Johanna Gadaut;Lindsay Davoine;Cloé Dupont;Philippe Amouyel;Amélie Bonnefond;Frank Lafont;Farida Abdelfettah;Patrik Verstreken;Julien Chapuis;Nicolas Barois;Fabien Delahaye;Bart Dermaut;Jean‐Charles Lambert;Marcos R. Costa;Pierre Dourlen"
"https://doi.org/10.1210/jendso/bvaa121",2020,"Laura Brenner;Josep M. Mercader;Catherine C. Robertson;Joanne B. Cole;Ling Chen;Suzanne B.R. Jacobs;Stephen S. Rich;José C. Florez"
"https://doi.org/10.1210/jendso/bvab153",2021,"Enrique Ramos;Barbara Yang;Yasmin M. Vasquez;Ken Y. Lin;Ramesh Choudhari;Shrikanth S. Gadad"
"https://doi.org/10.12688/f1000research.26128.2",2022,"Qian Wu;Wei Sun;Li Hsu"
"https://doi.org/10.12688/wellcomeopenres.10646.1",2017,"Marco Ranzani;Vivek N. Iyer;Ximena Ibarra-Soria;Martin Del Castillo Velasco‐Herrera;Mathew J. Garnett;Darren W. Logan;David J. Adams"
"https://doi.org/10.1371/journal.pgen.1006423",2016,"Heather E. Wheeler;Kaanan P. Shah;Jonathon Brenner;Tzintzuni Garcia;Keston Aquino-Michaels;Nancy J. Cox;Dan L. Nicolae;Hae Kyung Im"
"https://doi.org/10.1371/journal.pgen.1007111",2018,"Rosalie Griffin;Todd M. Darlington;Xiaomu Wei;Michael J. Madsen;Alun Thomas;Karen Curtin;Hilary Coon;Venkatesh Rajamanickam;Justin Musinsky;David Jayabalan;Djordje Atanackovic;S. Vincent Rajkumar;Shaji Kumar;Susan L. Slager;Mridu Middha;Perrine Galia;Delphine Demangel;Mohamed E. Salama;Joseph Vijai;James McKay;K Offit;Robert J. Klein;Steven M. Lipkin;Charles Dumontet;Celine M. Vachon;Nicola J. Camp"
"https://doi.org/10.1371/journal.pgen.1008226",2019,"Udita Upadhyay;Gerald Z. Zhuang;Luda Diatchenko;Marc Parisien;Yuan Kang;Konstantinos D. Sarantopoulos;Eden R. Martin;Shad B. Smith;William Maixner;Roy C. Levitt"
"https://doi.org/10.1371/journal.pgen.1009596",2021,"Jiajin Li;Nahyun Kong;Buhm Han;Jae Hoon Sul"
"https://doi.org/10.1371/journal.pone.0179020",2017,"Julia K. Pinsonneault;John T. Frater;Benjamin Kompa;Roshan Mascarenhas;Daqing Wang;Wolfgang Sadée"
"https://doi.org/10.1371/journal.pone.0194610",2018,"Lindsay M. Reynolds;Timothy D. Howard;Ingo Ruczinski;Kanika Kanchan;Michael C. Seeds;Rasika A. Mathias;Floyd H. Chilton"
"https://doi.org/10.1371/journal.pone.0200003",2018,"Megan H. Hagenauer;Anton Schulmann;Jun Z. Li;Marquis P. Vawter;David Walsh;Robert C. Thompson;Cortney A. Turner;William E. Bunney;R Myers;Jack D. Barchas;Alan F. Schatzberg;Stanley J. Watson;Huda Akil"
"https://doi.org/10.1371/journal.pone.0225779",2019,"Iker Alegría-Lertxundi;C Aguirre;Luís Bujanda;Javier Fernández;Francisco Polo;José M. Ordovás;Ma Carmen Etxezarraga;Iñaki Zabalza;Mikel Larzábal;Isabel Portillo;Marian M. de Pancorbo;Leire Palencia-Madrid;Ana M. Rocandio;Marta Arroyo‐Izaga"
"https://doi.org/10.1371/journal.pone.0258766",2021,"Cinthia Aguilera;Elisabeth Gabau;Ariadna Ramírez-Mallafré;Carme Brun i Gasca;J. Domínguez-Carral;Verónica Delgadillo;Steven Laurie;Sophia Derdak;Natàlia Padilla;Xavier de la Cruz;Núria Capdevila;Nino Spataro;Neus Baena;Míriam Guitart;Anna Ruiz"
"https://doi.org/10.18632/oncotarget.16118",2017,"Chun Wu;Xiaopan Chen;Jing Shu;Chun‐Ting Lee"
"https://doi.org/10.18632/oncotarget.22638",2017,"Carlos Benítez‐Buelga;Juan Miguel Baquero;Tereza Vaclová;María Victoria Fernández;Paloma Martín;Lucía Inglada‐Pérez;Miguel Urioste;Ana Osório;Javier Benı́tez"
"https://doi.org/10.2337/db17-0187",2017,"Josep M. Mercader;Rachel G. Liao;Avery Davis Bell;Zachary Dymek;Karol Estrada;Taru Tukiainen;Alicia Huerta-Chagoya;Hortensia Moreno-Macías;Kathleen A. Jablonski;Robert L. Hanson;Geoffrey Walford;Ignasi Morán;Ling Chen;Vineeta Agarwala;María Luisa Ordóñez-Sánchez;Rosario Rodríguez-Guillén;M. Rodríguez‐Torres;Yayoi Segura-Kato;Humberto Garcia‐Ortíz;Federico Centeno-Cruz;Francisco Barajas‐Olmos;Lizz Caulkins;Sobha Puppala;Pierre Fontanillas;Amy L. Williams;Sílvia Bonàs‐Guarch;Christopher Hartl;Stephan Ripke;Katherine Tooley;Jacqueline M. Lane;Carlos Zerrweck;Angélica Martínez‐Hernández;Emilio J. Córdova;Elvia Mendoza‐Caamal;Cecilia Contreras-Cubas;María Elena González-Villalpando;Ivette Cruz‐Bautista;L. Hernández;Donají Gómez‐Velasco;Ulises Alvirde;Brian E. Henderson;Lynne R. Wilkens;Loı̈c Le Marchand;Olimpia Arellano‐Campos;Laura Riba;Maegan Harden;Stacey Gabriel;Hanna E. Abboud;Maria L. Cortés;M. Revilla;Sergio Islas‐Andrade;Xavier Soberón;Joanne E. Curran;Christopher P. Jenkinson;Ralph A. DeFronzo;Donna M. Lehman;Craig L. Hanis;Graeme I. Bell;Michael Boehnke;John Blangero;Ravindranath Duggirala;Richa Saxena;Daniel G. MacArthur;Jorge Ferrer;Steven A. McCarroll;David Torrents;William C. Knowler;Leslie J. Baier;Noël P. Burtt;Clicerio González‐Villalpando;Christopher A. Haiman;Carlos A. Aguilar‐Salinas;Teresa Tusié‐Luna;Jason Flannick;Suzanne B.R. Jacobs;Lorena Orozco;David Altshuler;José C. Florez"
"https://doi.org/10.26508/lsa.202101297",2022,"Ariel DH Gewirtz;F. William Townes;Barbara E. Engelhardt"
"https://doi.org/10.3389/fgene.2020.00777",2020,"Jinsoo Ahn;Huiguang Wu;Kichoon Lee"
"https://doi.org/10.3389/fgene.2021.667231",2021,"Kristina Schönfelder;Katharina Breuckmann;Carina Elsner;Ulf Dittmer;David Fistera;Frank Herbstreit;Joachim Riße;Karsten Schmidt;Sivagurunathan Sutharsan;Christian Taube;Karl‐Heinz Jöckel;Winfried Siffert;Andreas Kribben;Birte Möhlendick"
"https://doi.org/10.3389/fgene.2021.696836",2021,"Chi-Lam Poon;Cho-Yi Chen"
"https://doi.org/10.3389/fgene.2022.921775",2022,"Xinpeng Guo;Jinyu Han;Yafei Song;Zhilei Yin;Shuaichen Liu;Xuequn Shang"
"https://doi.org/10.3389/fimmu.2021.644838",2021,"Kazutoyo Osoegawa;Lisa E. Creary;Gonzalo Montero-Martín;Kalyan C. Mallempati;Sridevi Gangavarapu;Stacy J. Caillier;Adam Santaniello;Noriko Isobe;Jill A. Hollenbach;Stephen L. Hauser;Jorge R. Oksenberg;Marcelo Fernández-Viña"
"https://doi.org/10.3390/biomedicines10123061",2022,"Hui-Na Huang;Siqi Zhang;Xiaozhen Wen;Wolfgang Sadée;Daqing Wang;Siyao Yang;Liang Li"
"https://doi.org/10.3390/cancers13153752",2021,"Shumin Ma;Naixia Ren;Qilai Huang"
"https://doi.org/10.3390/cells11111813",2022,"Nataliia V. Katolikova;Anastasia N. Vaganova;Evgeniya V. Efimova;Raul R. Gainetdinov"
"https://doi.org/10.3390/cells12030388",2023,"Vasileios L. Zogopoulos;Apostolos Malatras;Konstantinos Kyriakidis;Chrysanthi Charalampous;Evanthia A. Makrygianni;Stéphanie Duguez;Marianna A. Koutsi;Marialena Pouliou;Christos Vasileiou;William Duddy;Marios Agelopoulos;George P. Chrousos;Vassiliki A. Iconomidou;Ioannis Michalopoulos"
"https://doi.org/10.3390/cells9102257",2020,"Christina Kiel;Tobias Strunz;Felix Graßmann;Bernhard H. F. Weber"
"https://doi.org/10.3390/genes12121843",2021,"Giulia Gentile;Benedetta Perrone;Giovanna Morello;Isabella Laura Simone;Sebastiano Andò;Sebastiano Cavallaro;F. L. Conforti"
"https://doi.org/10.3390/ijms23094624",2022,"Ekaterina M. Stasevich;А. Н. Уварова;Matvey Mikhailovich Murashko;Elmira Khabusheva;Saveliy A. Sheetikov;Vladimir Prassolov;Dmitriy Vladimirovich Kuprash;Д. Э. Демин;A. M. Schwartz"
"https://doi.org/10.3390/jpm10040210",2020,"Ying-Chun Chen;Mei‐Yi Wu;Zhi-Lei Yu;Wan‐Hsuan Chou;Yi-Ting Lai;Chih‐Chin Kao;Imaniar Noor Faridah;Mai-Szu Wu;Wei‐Chiao Chang"
"https://doi.org/10.3390/metabo12060499",2022,"Kyriaki Katsaounou;Elpiniki Nicolaou;Paris Vogazianos;Cameron Brown;Marios Stavrou;Savvas Teloni;Pantelis Hatzis;Agapios Agapiou;Elisavet Fragkou;Georgios I. Tsiaoussis;George Potamitis;Apostolos Zaravinos;Chrysafis Andreou;Άθως Αντωνιάδης;Christos Shiammas;Yiorgos Apidianakis"
"https://doi.org/10.7554/elife.40907",2018,"Christi Salisbury-Ruf;Clinton C. Bertram;Aurélia Vergeade;Daniel S. Lark;Qiong Shi;Marlene L. Heberling;Niki Fortune;G Donald Okoye;W. Gray Jerome;Quinn S. Wells;Joshua P. Fessel;Javid J. Moslehi;Heidi Chen;L. Jackson Roberts;Olivier Boutaud;Eric R. Gamazon;Sandra S. Zinkel"
"https://doi.org/10.7554/elife.59442",2020,"Yen‐Lin Huang;Ching-Yeu Liang;Danilo Ritz;Ricardo Coelho;Dedy Septiadi;Manuela Estermann;Cécile Cumin;Natalie Rimmer;Andreas Schötzau;Mónica Núñez López;André Fedier;Martina Konantz;Tatjana Vlajnic;Diego Calabrese;Claudia Lengerke;Leonor David;Barbara Rothen‐Rutishauser;Francis Jacob;Viola Heinzelmann‐Schwarz"
"https://doi.org/10.7554/elife.59959",2020,"Pablo Baeza-Centurion;Belén Miñana;Juan Valcárcel;Ben Lehner"
"https://doi.org/10.7554/elife.60481",2021,"Lavanya H. Palavalli Parsons;Sridevi Challa;Bryan A. Gibson;Tulip Nandu;MiKayla S Stokes;Dan Huang;Jayanthi Lea;W. Lee Kraus"
"https://doi.org/10.7554/elife.74308",2022,"Osvaldo Villa;Nicole L. Stuhr;Chia‐An Yen;Eileen M. Crimmins;Thalida Em Arpawong;Sean P. Curran"
"https://doi.org/10.7554/elife.80943",2022,"Hjörleifur Einarsson;Marco Salvatore;Christian Vaagensø;Nicolás Alcaraz;Jette Bornholdt;Sarah Rennie;Robin Andersson"
"https://doi.org/10.1002/1878-0261.13093",2021,"Christoffer Trier Månsson;Johan Vad‐Nielsen;Peter Meldgaard;Anders Lade Nielsen;Boe Sandahl Sørensen"
"https://doi.org/10.1002/cam4.2223",2019,"Yu‐Ting Chang;Xuewei Wang;Yide Xu;Yang Liu;Qufei Qian;Sihan Ju;Chen Yao;Shuaizhou Chen;Na Qin;Zijian Ma;Juncheng Dai;Hongxia Ma;Guangfu Jin;Erbao Zhang;Cheng Wang;Zhibin Hu"
"https://doi.org/10.1002/gepi.22392",2021,"Chuan Gao;Anthony Marcketta;Joshua Backman;Colm O’Dushlaine;Jeffrey Staples;Manuel Allen Revez Ferreira;Luca A. Lotta;John D. Overton;Jeffrey G. Reid;Tooraj Mirshahi;Regeneron Genetics Center;Geisinger Regeneron Discovehr Collaboration;Aris Baras;Gonçalo R. Abecasis;Alan R. Shuldiner;Cristopher V. Van Hout;Shane McCarthy"
"https://doi.org/10.1002/path.5195",2018,"Katharina Jandl;Helene Thekkekara Puthenparampil;Leigh M. Marsh;Julia Hoffmann;Jochen Wilhelm;Christine Veith;Katharina Sinn;Walter Klepetko;Horst Olschewski;Andrea Olschewski;Matthias Brock;Grażyna Kwapiszewska"
"https://doi.org/10.1007/s00018-022-04544-3",2022,"Andrea Delle Vedove;Janani Natarajan;Ginevra Zanni;Matthias Eckenweiler;Anixa Muiños-Bühl;Markus Storbeck;Jordina Guillén Boixet;Sabina Barresi;Simone Pizzi;Irmgard Hölker;Friederike Körber;Titus M. Franzmann;Enrico Bertini;Janbernd Kirschner;Simon Alberti;Marco Tartaglia;Brunhilde Wirth"
"https://doi.org/10.1007/s00262-018-2282-1",2018,"Kathleen M. Mahoney;Sachet A. Shukla;Nikolaos Patsoukis;Apoorvi Chaudhri;Edward P. Browne;Arnon Arazi;Thomas Eisenhaure;William F. Pendergraft;Ping Hua;Hung C. Pham;Xia Bu;Baogong Zhu;Nir Hacohen;Edward F. Fritsch;Vassiliki A. Boussiotis;Catherine J. Wu;Gordon J. Freeman"
"https://doi.org/10.1007/s00439-021-02394-w",2021,"RJ Longchamps;Stephanie Yang;Christina A. Castellani;Wen Shi;Jon D. Lane;Megan L. Grove;T.M. Bartz;Chloé Sarnowski;C. Liu;Kimberley Burrows;Anna L. Guyatt;Tom R. Gaunt;Tim Kacprowski;Jingyun Yang;Philip L. De Jager;Lei Yu;Aviv Bergman;Rui Xia;Myriam Fornage;M.F. Feitosa;MK Wojczynski;Aldi T. Kraja;M. A. Province;Najaf Amin;Fernando Rivadeneira;Henning Tiemeier;André G. Uitterlinden;Linda Broer;Joyce B. J. van Meurs;Cornelia M. van Duijn;Laura M. Raffield;Leslie A. Lange;Stephen S. Rich;Rozenn N. Lemaître;Mark O. Goodarzi;C. M. Sitlani;Angel C. Y. Mak;David A. Bennett;Santiago Rodrı́guez;Joanne M. Murabito;Kathryn L. Lunetta;N Sotoodehnia;Gil Atzmon;Kenny Ye;Nir Barzilai;J. A. Brody;Bruce M. Psaty;Kent D. Taylor;Jerome I. Rotter;Eric Boerwinkle;Nathan Pankratz;Dan E. Arking"
"https://doi.org/10.1007/s13205-016-0595-3",2017,"Roger S. Holmes"
"https://doi.org/10.1007/s43657-022-00066-x",2022,"Zhanying Feng;Xianwen Ren;Zhana Duren;Yong Wang"
"https://doi.org/10.1016/j.ajhg.2021.05.015",2021,"Valentina Cipriani;Anna Tierney;John R. Griffiths;Verena Zuber;Panagiotis I. Sergouniotis;John R.W. Yates;Anthony T. Moore;Paul N. Bishop;Simon J. Clark;Richard D. Unwin"
"https://doi.org/10.1016/j.ajhg.2022.08.007",2022,"Xianyong Yin;Debraj Bose;Annie Kwon;Sarah C. Hanks;Anne Jackson;Heather M. Stringham;Ryan Welch;Anniina Oravilahti;Lilian Fernandes Silva;Adam E. Locke;Christian Fuchsberger;Susan K. Service;Michael R. Erdos;Lori L. Bonnycastle;Johanna Kuusisto;Nathan O. Stitziel;Ira M. Hall;Jean Morrison;Samuli Ripatti;Aarno Palotie;Nelson B. Freimer;Francis S. Collins;Karen L. Mohlke;Laura J. Scott;Eric B. Fauman;Charles Burant;Michael Boehnke;Markku Laakso;Xiaoquan Wen"
"https://doi.org/10.1016/j.cell.2019.06.036",2019,"Jong‐Min Lee;Kevin Correia;Jacob M. Loupe;Kyung‐Hee Kim;Douglas Barker;Eun Pyo Hong;Michael J. Chao;Jeffrey D. Long;Diane Lucente;Jean Paul Vonsattel;Ricardo Mouro Pinto;Kawther Abu Elneel;Eliana Marisa Ramos;Jayalakshmi Srinidhi Mysore;Tammy Gillis;Vanessa C. Wheeler;Marcy E. MacDonald;James F. Gusella;Branduff McAllister;Thomas H. Massey;Christopher Medway;Timothy Stone;Lynsey S. Hall;Lesley Jones;Peter Holmans;Seung Kwak;Anka G Ehrhardt;Cristina Sampaio;Marc Ciosi;Alastair Maxwell;Afroditi Chatzi;Darren G. Monckton;Michael Orth;G. Bernhard Landwehrmeyer;Jane S. Paulsen;E. Ray Dorsey;Ira Shoulson;Richard H. Myers"
"https://doi.org/10.1016/j.celrep.2019.12.043",2020,"Gowri Nayak;Kevin Zhang;Shruti Vemaraju;Yoshinobu Odaka;Ethan D. Buhr;Amanda Holt-Jones;Stace Kernodle;April N. Smith;Brian A. Upton;Shane P. D’Souza;Jesse J. Zhan;Nicolás M. Díaz;Minh-Thanh Nguyen;Rajib Mukherjee;Shannon A. Gordon;Gang Wu;Robert E. Schmidt;Mei Xue;Nathan T. Petts;Matthew Batie;Sujata Rao;John B. Hogenesch;Takahisa Nakamura;Alison Sweeney;Randy J. Seeley;Russell N. Van Gelder;Joan Sànchez-Gurmaches;Richard A. Lang"
"https://doi.org/10.1016/j.ebiom.2021.103572",2021,"Jeremy T. Keane;Ali Afrasiabi;Stephen D. Schibeci;Sanjay Swaminathan;Grant P. Parnell;David R. Booth"
"https://doi.org/10.1016/j.ebiom.2022.104020",2022,"Julius Honecker;Stefan Ruschke;Claudine Seeliger;Samantha Laber;Sophie Strobel;Priska Pröll;Christoffer Nellåker;Cecilia M. Lindgren;Ulrich Kulozik;Josef Ecker;Dimitrios C. Karampinos;Melina Claussnitzer;Hans Hauner"
"https://doi.org/10.1016/j.isci.2021.102713",2021,"Alison Moss;Shaina Robbins;Sirisha Achanta;Lakshmi Kuttippurathu;Scott Turick;Sean Nieves;Peter Hanna;Elizabeth Smith;Donald B. Hoover;Jin Chen;Zixi Cheng;Jeffrey L. Ardell;Kalyanam Shivkumar;James S. Schwaber;Rajanikanth Vadigepalli"
"https://doi.org/10.1016/j.isci.2022.104790",2022,"Xi Xi;Haochen Li;Shengquan Chen;Tingting Lv;Tianxing Ma;Rui Jiang;Ping Zhang;Wing Hung Wong;Xuegong Zhang"
"https://doi.org/10.1016/j.jlr.2022.100313",2022,"Fredrik Landfors;Elin Chorell;Sander Kersten"
"https://doi.org/10.1016/j.neo.2018.10.005",2018,"Kari Hacker;Danielle E. Bolland;Lijun Tan;Anjan K. Saha;Yashar S. Niknafs;David M. Markovitz;Karen McLean"
"https://doi.org/10.1016/j.redox.2022.102573",2022,"Teruo Kusano;Tomoko Nishino;Ken Okamoto;Russ Hille;Takeshi Nishino"
"https://doi.org/10.1016/j.xgen.2022.100244",2022,"Raquel García-Pérez;José Miguel Ramírez;Aida Ripoll-Cladellas;Ruben Chazarra-Gil;Winona Oliveros;Oleksandra Soldatkina;Mattia Bosio;Paul Joris Rognon;Salvador Capella-Gutiérrez;Miquel Calvo;Ferrán Reverter;Roderic Guigó;François Aguet;Pedro G. Ferreira;Kristin Ardlie;Marta Melé"
"https://doi.org/10.1016/j.xhgg.2021.100042",2021,"Siddhartha Kar;Daniel Considine;Jonathan P. Tyrer;Jasmine Plummer;Stephanie Chen;Felipe Segato Dezem;Alvaro Barbeira;Padma Sheila Rajagopal;Will Rosenow;Fernando Moreno;Clara Bodelón;Jenny Chang‐Claude;Georgia Chenevix‐Trench;Anna deFazio;Thilo Dörk;Arif B. Ekici;Ailith Ewing;George Fountzilas;Ellen L. Goode;Mikael Hartman;Florian Heitz;Peter Hillemanns;Estrid Høgdall;Claus Høgdall;Tomasz Huzarski;Allan Jensen;Beth Y. Karlan;Э. К. Хуснутдинова;Lambertus A. Kiemeney;Susanne K. Kjær;Rüdiger Klapdor;Martin Köbel;Jingmei Li;Clemens Liebrich;Taymaa May;Håkan Olsson;Jennifer B. Permuth;Paolo Peterlongo;Paolo Radice;Susan J. Ramus;Marjorie J. Riggan;Harvey A. Risch;Emmanouil Saloustros;Jacques Simard;Lukasz M. Szafron;Linda Titus;Cheryl L. Thompson;Robert A. Vierkant;Stacey J. Winham;Wei Zheng;Jennifer A. Doherty;Andrew Berchuck;Kate Lawrenson;Hae Kyung Im;Ani Manichaikul;Paul D.P. Pharoah;Simon A. Gayther;Joellen M. Schildkraut"
"https://doi.org/10.1016/j.xpro.2022.101432",2022,"Zainab Arshad;John F. McDonald"
"https://doi.org/10.1038/mp.2015.226",2016,"SE Koester;Thomas R. Insel"
"https://doi.org/10.1038/ncomms11122",2016,"Johannes Kettunen;Ayşe Demirkan;Peter Würtz;Harmen H. M. Draisma;Toomas Haller;Rajesh Rawal;Anika A. M. Vaarhorst;Antti J. Kangas;Leo‐Pekka Lyytikäinen;Matti Pirinen;René Pool;Antti‐Pekka Sarin;Pasi Soininen;Taru Tukiainen;Qin Wang;Mika Tiainen;Tuulia Tynkkynen;Najaf Amin;Tanja Zeller;Marian Beekman;Joris Deelen;Ko Willems van Dijk;Tõnu Esko;Jouke‐Jan Hottenga;Jin‐Moo Lee;Terho Lehtimäki;Evelin Mihailov;Richard J. Rose;Anton J. M. de Craen;Christian Gieger;Mika Kähönen;Markus Perola;Stefan Blankenberg;Markku J. Savolainen;Aswin Verhoeven;Jorma Viikari;Gonneke Willemsen;Dorret I. Boomsma;Cornelia M. van Duijn;Johan G. Eriksson;Antti Jula;Marjo‐Riitta Järvelin;Jaakko Kaprio;Andres Metspalu;Olli T. Raitakari;Veikko Salomaa;P. Eline Slagboom;Mélanie Waldenberger;Samuli Ripatti;Mika Ala‐Korpela"
"https://doi.org/10.1038/ng.3654",2016,"Praveen Surendran;Fotios Drenos;Robin Young;Helen R. Warren;James P. Cook;Alisa K. Manning;Niels Grarup;Xueling Sim;Daniel R. Barnes;Kate Witkowska;James R Staley;Vinicius Tragante;Taru Tukiainen;Hanieh Yaghootkar;Nicholas G. D. Masca;Daniel F. Freitag;Teresa Ferreira;Olga Giannakopoulou;Andrew Tinker;Magdaléna Harakaľová;Evelin Mihailov;Chunyu Liu;Aldi T. Kraja;Yan V. Sun;Asif Rasheed;Maria Samuel;Wei Zhao;Lori L. Bonnycastle;Anne Jackson;Narisu Narisu;Amy J. Swift;Lorraine Southam;Jonathan Marten;Jeroen R. Huyghe;Alena Stančáková;Cristiano Fava;Therese Ohlsson;Angela Matchan;Kathleen Stirrups;Jette Bork‐Jensen;Anette P. Gjesing;Jukka Kontto;Markus Perola;Susan Shaw-Hawkins;Aki S. Havulinna;He Zhang;Louise A. Donnelly;Christopher J. Groves;Nigel W. Rayner;Matt J. Neville;Neil R. Robertson;Andrianos M. Yiorkas;Karl‐Heinz Herzig;Eero Kajantie;Weihua Zhang;Sara M. Willems;Lars Lannfelt;Giovanni Malerba;Nicole Soranzo;Elisabetta Trabetti;Niek Verweij;Εvangelos Εvangelou;Alireza Moayyeri;Anne‐Claire Vergnaud;Christopher P. Nelson;Alaitz Poveda;Tibor V. Varga;Muriel Caslake;Anton J. M. de Craen;Stella Trompet;Jian’an Luan;Robert A. Scott;Sarah E. Harris;David C. Liewald;Riccardo E. Marioni;Cristina Menni;Aliki-Eleni Farmaki;Göran Hallmans;Frida Renström;Jennifer E. Huffman;Maija Hassinen;Stephen Burgess;Ramachandran S. Vasan;Janine F. Felix;Maria Uria-Nickelsen;Anders Mälarstig;Dermot F. Reilly;Maarten Hoek;Thomas Vogt;Honghuang Lin;Wolfgang Lieb;Matthew Traylor;Hugh S. Markus;Heather M. Highland;Anne E. Justice;Eirini Marouli;Jaana Lindström;Matti Uusitupa;Pirjo Komulainen;Timo A. Lakka;Rainer Rauramaa;Ozren Polašek;Igor Rudan;Olov Rolandsson;Paul W. Franks;George Dedoussis;Timothy D. Spector;Jari Lahti;Satu Männistö;Ian J. Deary;John M. Starr;Claudia Langenberg;Nicholas J. Wareham;Morris J. Brown;Anna F. Dominiczak;John Connell;J. Wouter Jukema;Naveed Sattar;Ian Ford;Chris J. Packard;Tõnu Esko;Reedik Mägi;Andres Metspalu;Rudolf A. de Boer;Peter van der Meer;Pim van der Harst;Giovanni Gambaro;Erik Ingelsson;Lars Lind;Paul I. W. de Bakker;Mattijs E. Numans;Ivan Brandslund;Cramer Christensen;Annette Peters;Eeva Korpi-Hyövälti;Heikki Oksa;John C. Chambers;Jaspal S. Kooner;Alexandra I. F. Blakemore;Steve Franks;Marjo‐Riitta Järvelin;Lise Lotte N. Husemoen;Allan Linneberg;Tea Skaaby;Betina H. Thuesen;Fredrik Karpe;Jaakko Tuomilehto;Alex S. F. Doney;Andrew D. Morris;Nicholette D. Palmer;Oddgeir L. Holmen;Kristian Hveem;Cristen J. Willer;Jaakko Tuomilehto;Leif Groop;Annemari Käräjämäki;Aarno Palotie;Samuli Ripatti;Veikko Salomaa;Dewan S Alam;Abdulla al Shafi Majumder;Emanuele Di Angelantonio;Rajiv Chowdhury;Mark I. McCarthy;Neil R Poulter;Alice Stanton;Peter Sever;Philippe Amouyel;Dominique Arveiler;Stefan Blankenberg;Jean Ferrières;Frank Kee;Kari Kuulasmaa;Martina Müller‐Nurasyid;Giovanni Veronesi;Jarmo Virtamo;Panos Deloukas;Paul Elliott;Eleftheria Zeggini;Sekar Kathiresan;Olle Melander;Johanna Kuusisto;Markku Laakso;Sandosh Padmanabhan;David J. Porteous;Caroline Hayward;Generation Scotland;Francis S. Collins;Karen L. Mohlke;Torben Hansen;Oluf Pedersen;Michael Boehnke;Heather M. Stringham;Philippe Frossard;Christopher Newton‐Cheh;Martin D. Tobin;Børge G. Nordestgaard;Mark J. Caulfield;Anubha Mahajan;Andrew P. Morris;Maciej Tomaszewski;Nilesh J. Samani;Danish Saleheen;Folkert W. Asselbergs;Cecilia M. Lindgren;John Danesh;Louise V. Wain;Adam S. Butterworth;Joanna M. M. Howson;Patricia B. Munroe"
"https://doi.org/10.1038/s41397-019-0124-y",2019,"Hailong Zhao;Shuicai Xiong;Zhiwei Li;Xuebiao Wu;Lijuan Li"
"https://doi.org/10.1038/s41419-018-1222-5",2018,"Chaoqin Shen;Tingting Yan;Zhenhua Wang;Hengchuan Su;Xiaoqiang Zhu;Xianglong Tian;Jing‐Yuan Fang;Haoyan Chen;Jie Hong"
"https://doi.org/10.1038/s41467-017-02772-x",2018,"Pedro G. Ferreira;Manuel Muñoz-Aguirre;Ferrán Reverter;Caio P. Sá Godinho;Abel Sousa;Alicia Amadoz;Reza Sodaei;Marta R. Hidalgo;Dmitri D. Pervouchine;José Carbonell‐Caballero;Ramil Nurtdinov;Alessandra Breschi;Raziel Amador;Patrícia Oliveira;Cankut Çubuk;João Curado;François Aguet;Carla Oliveíra;Joaquı́n Dopazo;Michael Sammeth;Kristin Ardlie;Roderic Guigó"
"https://doi.org/10.1038/s41467-018-07340-5",2018,"Nora Franceschini;Claudia Giambartolomei;Paul S. de Vries;Chris Finan;Joshua C. Bis;Rachael P. Huntley;Ruth C. Lovering;Salman M. Tajuddin;Thomas W. Winkler;Misa Graff;Maryam Kavousi;Caroline Dale;Albert V. Smith;Edith Hofer;Jin‐Moo Lee;Ilja M. Nolte;Lingyi Lu;Markus Scholz;Muralidharan Sargurupremraj;Niina Pitkänen;Oscar Franzén;Peter K. Joshi;Raymond Noordam;Riccardo E. Marioni;Shih‐Jen Hwang;Solomon K. Musani;Ulf Schminke;Walter Palmas;Aaron Isaacs;Adolfo Correa;Alan B. Zonderman;Albert Hofman;Alexander Teumer;Amanda J. Cox;André G. Uitterlinden;Andrew Wong;Andries J. Smit;Anne B. Newman;Annie Britton;Arno Ruusalepp;Bengt Sennblad;Bo Hedblad;Bogdan Paşaniuc;Brenda W.J.H. Penninx;Carl D. Langefeld;Christina L. Wassel;Christophe Tzourio;Cristiano Fava;Damiano Baldassarre;Daniel H. O’Leary;Daniel Teupser;Diana Kuh;Elena Tremoli;Elmo Mannarino;Enzo Grossi;E BOERWINKLE;Eric E. Schadt;Erik Ingelsson;Fabrizio Veglia;Fernando Rivadeneira;Frank Beutner;Ganesh Chauhan;G. Heiss;Bram P. Prins;Harry Campbell;Henry Völzke;Hugh S. Markus;Ian J. Deary;J. Wouter Jukema;Jacqueline de Graaf;Jackie F. Price;Janne Pott;Jemma C. Hopewell;Jingjing Liang;Joachim Thiery;Jorgen Engmann;Karl Gertow;Kenneth Rice;Kent D. Taylor;Klodian Dhana;Lambertus A. Kiemeney;Lars Lind;Laura M. Raffield;Lenore J. Launer;Lesca M. Holdt;Marcus Dörr;Martin Dichgans;Matthew Traylor;Matthias Sitzer;Meena Kumari;Mika Kivimäki;M. A. Nalls;Olle Melander;Olli T. Raitakari;Oscar H. Franco;Oscar L. Rueda‐Ochoa;Panos Roussos;Peter H. Whincup;Philippe Amouyel;Philippe Giral;Pramod Anugu;Quenna Wong;Rainer Malik;Rainer Rauramaa;Ralph Burkhardt;Rebecca Hardy;R. Schmidt;Renée de Mutsert;Richard Morris;Rona J. Strawbridge;S. Goya Wannamethee;Sara Hägg;Sonia Shah;Stela McLachlan;Stella Trompet;Sudha Seshadri;Sudhir Kurl;Susan R. Heckbert;Susan M. Ring;Tamara B. Harris;Terho Lehtimäki;Tessel E. Galesloot;Tina Shah;Ulf dé Fairé;Vincent Plagnol;Wayne D. Rosamond;Wendy S. Post;Xiaofeng Zhu;Xiaoling Zhang;Xiuqing Guo;Yasaman Saba;Yukinori Okada;Aniket Mishra;Loes C.A. Rutten‐Jacobs;Anne-Katrin Giese;Sander W. van der Laan;Solveig Gretarsdottir;Christopher D. Anderson;Michael Chong;Hieab H.H. Adams;Tetsuro Ago;Peter Almgren;Philippe Amouyel;Hakan Ay;Traci M. Bartz;Oscar Benavente;Steve Bevan;Giorgio B. Boncoraglio;Robert D. Brown;Adam S. Butterworth;Caty Carrera;Cara L. Carty;Daniel I. Chasman;Wei‐Min Chen;John W. Cole;Ioana Cotlarciuc;Carlos Cruchaga;John Danesh;P. Bakker;Anita L. DeStefano;Marcel den Hoed;Qing Duan;Stefan T. Engelter;Guido J. Falcone;Rebecca F. Gottesman;Raji P. Grewal;Stefan Gustafsson;Jeffrey Haessler;Tamara B. Harris;Ahamad Hassan;Aki S. Havulinna;Elizabeth G. Holliday;George Howard;Fang‐Chi Hsu;Hyacinth I. Hyacinth;M. Arfan Ikram;Marguerite R. Irvin;Xueqiu Jian;Jordi Jiménez-Conde;Julie A. Johnson;J. Wouter Jukema;Masahiro Kanai;Keith L. Keene;Brett Kissela;Dawn Kleindorfer;Charles Kooperberg;Michiaki Kubo;Leslie Lange;Carl D. Langefeld;Claudia Langenberg;Jin‐Moo Lee;Robin Lemmens;Didier Leys;Cathryn M. Lewis;Wei‐Yu Lin;Arne Lindgren;Erik Lorentzen;Patrik K. E. Magnusson;Jane Maguire;Ani Manichaikul;Patrick F. McArdle;James F. Meschia;Thomas H. Mosley;Toshiharu Ninomiya;Martin O’Donnell;Sara L. Pulit;Kristiina Rannikmäe;Alexander P. Reiner;Kathryn M. Rexrode;Stephen S. Rich;Paul M. Ridker;Natalia S. Rost;Peter M. Rothwell;Tatjana Rundek;Ralph L. Sacco;Saori Sakaue;Michèle M. Sale;Veikko Salomaa;Bishwa R. Sapkota;R. Schmidt;Carsten Oliver Schmidt;Ulf Schminke;Pankaj Sharma;Agnieszka Slowik;Cathie Sudlow;Christian Tanislav;Turgut Tatlisumak;Vincent Thijs;Guðmar Þorleifsson;Unnur Thorsteinsdottir;Steffen Tiedt;Stella Trompet;James Walters;Nicholas J. Wareham;Sylvia Wassertheil‐Smoller;Kerri L. Wiggins;Qiong Yang;Salim Yusuf;Tomi Pastinen;Arno Ruusalepp;Eric E. Schadt;Simon Koplev;Veronica Codoni;Mete Civelek;Nick Smith;David‐Alexandre Trégouët;Ingrid E. Christophersen;Carolina Roselli;Steven A. Lubitz;Patrick T. Ellinor;E. Shyong Tai;Jaspal S. Kooner;Norihiro Kato;Jiang He;Pim van der Harst;Paul Elliott;John C. Chambers;Fumihiko Takeuchi;Andrew D. Johnson;Dharambir K. Sanghera;Olle Melander;Christina Jern;Daniel Strbian;Israel Fernández‐Cadenas;W.T. Longstreth;Arndt Rolfs;Jun Hata;Daniel Woo;Jonathan Rosand;Guillaume Paré;Danish Saleheen;Kari Stefansson;Bradford B. Worrall;Steven J. Kittner;Joanna M. M. Howson;Yoichiro Kamatani;Abbas Dehghan;Adrie Seldenrijk;Alanna C. Morrison;Anders Hamsten;Bruce M. Psaty;Cornelia M. van Duijn;Debbie A. Lawlor;Dennis O. Mook‐Kanamori;Donald W. Bowden;Helena Schmidt;James F. Wilson;James G. Wilson;Jerome I. Rotter;Joanna M. Wardlaw;John Deanfield;Julian Halcox;Leo‐Pekka Lyytikäinen;Markus Loeffler;Michele K. Evans;Stéphanie Debette;Steve E. Humphries;Uwe Völker;Vilmundur Guðnason;Aroon D. Hingorani;Johan Björkegren;Juan P. Casas;Christopher J. O’Donnell"
"https://doi.org/10.1038/s41467-019-13163-9",2019,"Benedikt A. Jónsson;Gyða Björnsdóttir;Thorgeir E. Thorgeirsson;Lotta M. Ellingsen;G. Bragi Walters;Daníel F. Guðbjartsson;Hreinn Stefánsson;Kári Stéfansson;Magnús Ö. Úlfarsson"
"https://doi.org/10.1038/s41467-021-21883-0",2021,"Patryk Skowron;Hamza Farooq;Florence M.G. Cavalli;A. Sorana Morrissy;Michelle Ly;Liam D. Hendrikse;Evan Y. Wang;Haig Djambazian;Helen Zhu;Karen Mungall;Quang Trinh;Tina Zheng;Shizhong Dai;Ana Guerreiro Stücklin;Maria C. Vladoiu;Vernon Fong;Borja Holgado;Carolina Nör;Xiaochong Wu;Diala Abd-Rabbo;Pierre Bérubé;Yu Chang Wang;Betty Luu;Raúl A. Suárez;Avesta Rastan;Aaron H. Gillmor;John J. Y. Lee;Xiaoyun Zhang;Craig Daniels;Peter B. Dirks;David Malkin;Éric Bouffet;Uri Tabori;James Loukides;François Doz;Franck Bourdeaut;Olivier Delattre;Julien Masliah‐Planchon;Olivier Ayrault;Seung-Ki Kim;David Meyronet;Wiesława Grajkowska;Carlos Gilberto Carlotti;Carmen de Torres;Jaume Mora;Charles G. Eberhart;Erwin G. Van Meir;Toshihiro Kumabe;Pim J. French;Johan M. Kros;Nada Jabado;Bolesław Lach;Ian F. Pollack;Ronald L. Hamilton;Amulya A. Nageswara Rao;Caterina Giannini;James M. Olson;László Bognár;Álmos Klekner;Karel Zitterbart;Joanna J. Phillips;Reid C. Thompson;Michael K. Cooper;Joshua B. Rubin;Linda M. Liau;Miklós Garami;Péter Hauser;Kay Ka Wai Li;Ho‐Keung Ng;Wai Sang Poon;G. Yancey Gillespie;Jennifer A. Chan;Shin Jung;Roger E. McLendon;Eric M. Thompson;David Zagzag;Rajeev Vibhakar;Young Seob Shin;Maria Luisa Garrè;Ulrich Schüller;Tomoko Shofuda;Cláudia C. Faria;Enrique López‐Aguilar;Gelareh Zadeh;Chi‐chung Hui;Vijay Ramaswamy;Swneke D. Bailey;Steven J.M. Jones;Andrew J. Mungall;Richard A. Moore;John A. Calarco;Lincoln Stein;Gary D. Bader;Jüri Reimand;Jiannis Ragoussis;William A. Weiss;Marco A. Marra;Hiromichi Suzuki;Michael D. Taylor"
"https://doi.org/10.1038/s41467-021-22206-z",2021,"Mehrdad Bakhtiari;Jonghun Park;Yuan-Chun Ding;Sharona Shleizer-Burko;Susan L. Neuhausen;Bjarni V. Halldórsson;Kári Stéfansson;Melissa Gymrek;Vineet Bafna"
"https://doi.org/10.1038/s41467-021-24994-w",2021,"Dimitrios Mathios;Jakob Sidenius Johansen;Stephen Cristiano;Jamie E. Medina;Jillian Phallen;Klaus Richter Larsen;Daniel C. Bruhm;Noushin Niknafs;Leonardo Ferreira;Vilmos Adleff;Elaine Jiayuee Chiao;Alessandro Leal;Michaël Noë;James R. White;Adith S. Arun;Carolyn Hruban;Akshaya V. Annapragada;Sarah Østrup Jensen;Mai‐Britt W. Ørntoft;Anders Husted Madsen;Beatriz Carvalho;Meike de Wit;Jacob Carey;Nicholas C. Dracopoli;Tara Maddala;Kenneth C. Fang;Anne‐Renee Hartman;Patrick M. Forde;Valsamo Anagnostou;Julie R. Brahmer;Remond J.A. Fijneman;Hans Jørgen Nielsen;Gerrit A. Meijer;Claus L. Andersen;Anders Mellemgaard;Stig E. Bojesen;Robert B. Scharpf;Victor E. Velculescu"
"https://doi.org/10.1038/s41467-021-25653-w",2021,"Miao Cui;Ayhan Atmanli;María Gabriela Morales;Wei Tan;Kenian Chen;Xue Xiao;Lin Xu;Ning Liu;Rhonda Bassel‐Duby;Eric N. Olson"
"https://doi.org/10.1038/s41467-021-26936-y",2021,"Samuel Rivero-Hinojosa;Melanie Grant;Aswini K. Panigrahi;Huizhen Zhang;Veronika Caisová;Catherine M. Bollard;Brian R. Rood"
"https://doi.org/10.1038/s41467-021-27732-4",2022,"Giovanna Grigolon;Elisa Araldi;Reto Erni;Jia Yee Wu;Carolin Thomas;Marco La Fortezza;Beate Laube;Doris Pöhlmann;Markus Stoffel;Kim Zarse;Erick M. Carreira;Michael Ristow;Fabian Fischer"
"https://doi.org/10.1038/s41467-022-28841-4",2022,"Orshay Gabay;Yoav Shoshan;Eli Kopel;Udi Ben-Zvi;Tomer Mann;Noam Bressler;Roni Cohen‐Fultheim;Amos Schaffer;Shalom Hillel Roth;Ziv Tzur;Erez Y. Levanon;Eli Eisenberg"
"https://doi.org/10.1038/s41467-022-29931-z",2022,"Peter H. Dixon;Adam P. Levine;Inês Cebola;Melanie M. Y. Chan;Aliya S. Amin;Anshul Aich;Monika Mozere;Hannah Maude;Alice Mitchell;Jun Zhang;Julian Adlard;Munaza Ahmed;Timothy J. Aitman;Hana Alachkar;David Allsup;J. P. Almeida;Philip Ancliff;Richard Antrobus;Ruth Armstrong;Gavin Arno;Sofie Ashford;William J. Astle;Anthony Attwood;Chris Babbs;Tamam Bakchoul;Tadbir K. Bariana;Julian Barwell;David Bennett;David Bentley;Agnieszka Bierżyńska;Tina Biss;Marta Bleda;Harm Jan Bogaard;Christian Bourne;Sara Boyce;John Bradley;Gerome Breen;Paul Brennan;Carole Brewer;Matthew A. Brown;Michael J. Browning;Rachel Buchan;Matthew Buckland;Teofila Bueser;Siobhan O. Burns;Oliver S. Burren;Paul Calleja;Gerald Carr‐White;Keren Carss;Ruth Casey;Mark J. Caulfield;John C. Chambers;Jennifer Chambers;Floria Cheng;Patrick F. Chinnery;Martin Christian;Colin Church;Naomi Clements Brod;Gerry Coghlan;Elizabeth Colby;Trevor Cole;Janine Collins;Peter Collins;Camilla Colombo;Robin Condliffe;Stuart A. Cook;Terry Cook;Nichola Cooper;Paul A. Corris;Abigail Crisp-Hihn;Nicola Curry;Cesare Danesino;Matthew J. Daniels;Louise C. Daugherty;John B. Davis;Sri V. V. Deevi;Timothy Dent;Eleanor Dewhurst;Peter H. Dixon;Kate Downes;Anna M. Drazyk;Elizabeth Drewe;Tina Dutt;David Edgar;Karen L. Edwards;William Egner;Wendy N. Erber;Marie Erwood;Maria C. Estiú;Gillian Evans;D. Gareth Evans;Tamara Everington;Mélanie Eyries;Rémi Favier;Debra Fletcher;James Fox;Amy Frary;Courtney E. French;Kathleen Freson;Mattia Frontini;Daniel P. Gale;Henning Gall;Claire Geoghegan;Terry Gerighty;Stefano Ghio;Hossein A. Ghofrani;Simon Gibbs;Kimberly Gilmour;Barbara Girerd;Sarah Goddard;Keith Gomez;Pavels Gordins;David Gosal;Stefan Gräf;Luigi Grassi;Daniel Greene;Lynn Greenhalgh;Andreas Greinacher;Paolo Gresele;Philip G. Griffiths;Sofia Grigoriadou;Russell Grocock;Detelina Grozeva;Scott Hackett;Charaka Hadinnapola;William M. Hague;Matthias Haimel;Matthew D. Hall;Helen Hanson;Kirsty Harkness;Andrew R. Harper;Claire L. Harris;Daniel P. Hart;Ahamad Hassan;Grant Hayman;Alex Henderson;Jonathan Hoffmann;Rita Horváth;Arjan C. Houweling;Luke Howard;Fengyuan Hu;Gavin Hudson;Joseph Hughes;Aarnoud Huissoon;Marc Humbert;Sean Humphray;Sarah Hunter;Matthew E. Hurles;Louise Izatt;Roger James;Sally Johnson;Stephen Jolles;Jennifer Jolley;Neringa Jurkutė;Mary Kasanicki;Hanadi Kazkaz;Rashid Kazmi;Peter Kelleher;David Kiely;Nathalie Kingston;Robert Klima;Myrto Kostadima;Gábor Kovács;Ania Koziell;Roman Kreuzhuber;Taco W. Kuijpers;Ajith Kumar;Dinakantha Kumararatne;Manju Kuria;Michael Laffa;Fiona Lalloo;Michele Lamber;Hana Lango Alle;Allan Lawrie;Mark Layton;Claire Lentaigne;Adam P. Levine;Rachel Linger;Hilary Longhurst;Eleni Louka;Robert Ross;Bella Madan;Eamonn R. Maher;Jesmeen Maimaris;Sarah Mangles;Rutendo Mapeta;Kevin J. Marchbank;Stephen D. Marks;Hugh S. Markus;Andrew Marshall;Jennifer M. Martin;Mary Mathias;Emma Matthews;Heather Maxwell;Paul McAlinden;Mark I. McCarthy;Stuart Meacham;Adam J. Mead;Karyn Mégy;Sarju Mehta;Michel Michaelides;Carolyn M. Millar;Shahin Moledina;David Montani;Tony Moor;Nicholas W. Morrell;Keith W. Muir;Andrew Mumford;Michael Newnham;Jennifer O’Sullivan;Samya Obaji;Steven Okoli;Andrea Olschewski;Horst Olschewski;Kai Ren Ong;Elizabeth Ormondroy;Willem Ouwehan;Sofia Papadi;Soo‐Mi Park;David Parry;Joan Paterson;Andrew J. Peacock;John F. Peden;Kathelijne Peerlinck;Christopher J. Penkett;Joanna Pepke‐Żaba;R. Petersen;Angela Pyle;Stuart Rankin;Anupama Rao;F. Lucy Raymond;Paula Rayner-Matthew;Christine A. Rees;Augusto Rendon;Tara Renton;Andrew J. Rice;Sylvia Richardson;Alex Richter;Irene Roberts;Catherine Roughley;Noémi Roy;Omid Sadeghi‐Alavijeh;Moin A. Saleem;Nilesh J. Samani;Alba Sanchis-Juan;Ravishankar Sargur;Simon C. Satchell;Sinisa Savic;Laura Scelsi;Sol Schulman;Marie Scully;Claire Searle;Werner Seeger;Carrock Sewell;Denis Seyres;Susie Shapiro;Olga Sharmardina;Rakefet Chen‐Shtoyerman;Keith Sibson;Lucy Side;Ilenia Simeoni;Michael A. Simpson;Suthesh Sivapalaratnam;Anne‐Bine Skytte;Katherine R. Smith;Kenneth G. C. Smith;Katie Snape;Florent Soubrier;Simon Staines;Emily Staples;Hannah Stark;Jonathan Stephens;Kathleen Stirrups;Sophie Stock;Jay Suntharalingam;Emilia M. Swietlik;R. Campbell Tait;Kate Talks;Rhea Y. Y. Tan;James Thaventhiran;Andreas C. Themistocleous;Moira Thomas;Kate Thomson;Adrian J. Thrasher;Chantal Thys;Marc Tischkowitz;Catherine Titterton;Cheng‐Hock Toh;Mark Toshner;Matthew Traylor;Carmen Treacy;Richard C. Trembath;Salih Tuna;Wojciech Turek;Ernest Turro;Tom Vale;Chris Van Geet;Natalie Van Zuydam;Marta Vazquez‐Lopez;Julie von Ziegenweidt;Anton Vonk Noordegraaf;Quintin Waisfisz;Suellen M. Walker;James S. Ware;Hugh Watkins;Christopher D. Watt;Andrew R. Webster;Wei Wei;Steven B. Welch;Julie Wessels;Sarah K. Westbury;John‐Paul Westwood;John Wharton;Deborah Whitehorn;James W. Whitworth;Martin R. Wilkins;Edwin K.S. Wong;Nicholas Wood;Yvette Wood;Geoff Woods;Emma R. Woodward;Stephen J. Wort;Austen Worth;Katherine P. Yates;Patrick Yong;Tim Young;Ping Yu;Patrick Yu‐Wai‐Man;John C. Ambrose;Prabhu Arumugam;R. Bevers;Marta Bleda;F. Boardman-Pretty;C. R. Boustred;Helen Brittain;Matthew A. Brown;Mark J. Caulfield;G. C. Chan;Tom Fowler;Adam Giess;Angela Hamblin;Shirley Henderson;Tim Hubbard;R. Jackson;J. Louise Jones;Dalia Kasperavičiūtė;Melis Kayikci;Athanasios Kousathanas;L. Lahnstein;S. E. A. Leigh;I. U. S. Leong;Fabrice Lopez;F. Maleady-Crowe;Meriel McEntagart;Federico Minneci;Loukas Moutsianas;Michael Mueller;Nirupa Murugaesu;Anna C. Need;Peter O’Donovan;Christopher A. Odhams;Christine Patch;D. Perez-Gil;Mariana Buongermino Pereira;J. Pullinger;T. Rahim;Augusto Rendon;T. Rogers;K. Savage;K. Sawant;Richard H. Scott;Afshan Siddiq;A. Sieghart;Samuel C. Smith;Alona Sosinsky;Alexander Stuckey;M. Tanguy;Ana Lisa Taylor Tavares;Ellen Thomas;Simon R. Thompson;Arianna Tucci;M. J. Welland;Eleanor Williams;Kate Witkowska;S. M. Wood;Jenny Chambers;Argyro Syngelaki;Jennifer Donnelly;Sharon Cooley;Michael Geary;K. H. Nicolaides;Malin Thorsell;William M. Hague;Maria C. Estiú;Hanns‐Ulrich Marschall;Daniel P. Gale;Catherine Williamson"
"https://doi.org/10.1038/s41467-022-31242-2",2022,"Christian Mertes;Ines F. Scheller;Vicente A. Yépez;Muhammed Hasan Çelik;Yingjiqiong Liang;Laura S. Kremer;Mirjana Gušić;Holger Prokisch;Julien Gagneur"
"https://doi.org/10.1038/s41467-022-32005-9",2022,"Kyuto Sonehara;Yui Kimura;Yoshiko Nakano;Tatsuya Ozawa;Meiko Takahashi;Ken Suzuki;Takashi Fujii;Yuko Matsushita;Arata Tomiyama;Toshihiro Kishikawa;Kenichi Yamamoto;Tatsuhiko Naito;Tomonari Suzuki;Shigeru Yamaguchi;Tomoru Miwa;Hikaru Sasaki;Masashi Kitagawa;Naoyuki Ohe;Junya Fukai;Hideki Ogiwara;Atsufumi Kawamura;Satoru Miyawaki;Fumihiko Matsuda;Nobutaka Kiyokawa;Koichi Ichimura;Ryo Nishikawa;Yukinori Okada;Keita Terashima"
"https://doi.org/10.1038/s41467-022-34016-y",2022,"Zichen Zhang;Ye Eun Bae;Jonathan R. Bradley;Lang Wu;Chong Wu"
"https://doi.org/10.1038/s41525-022-00347-4",2022,"Mianne Lee;Anna K.Y. Kwong;Martin Man Chun Chui;Jeffrey Fong Ting Chau;Christopher Chun Yu Mak;Sandy Leung–Kuen Au;Hei Man Lo;Kelvin Y.K. Chan;Vicente A. Yépez;Julien Gagneur;Anita Sik Yau Kan;Brian Hon‐Yin Chung"
"https://doi.org/10.1038/s41586-019-1912-x",2020,"Eric Song;Tianyang Mao;Huiping Dong;Lígia Simões Braga Boisserand;Salli Antila;Marcus Bosenberg;Kari Alitalo;Jean‐Léon Thomas;Akiko Iwasaki"
"https://doi.org/10.1038/s41586-020-2308-7",2020,"Konrad J. Karczewski;Laurent C. Francioli;Grace Tiao;Beryl B. Cummings;Jessica Alföldi;Qingbo Wang;Ryan L. Collins;Kristen M. Laricchia;Andrea Ganna;Daniel P. Birnbaum;Laura D. Gauthier;Harrison Brand;Matthew Solomonson;Nicholas A. Watts;Daniel R. Rhodes;Moriel Singer‐Berk;Eleina England;Eleanor G. Seaby;Jack A. Kosmicki;Raymond K. Walters;Katherine Tashman;Yossi Farjoun;Eric Banks;Timothy Poterba;Arcturus Wang;Cotton Seed;Nicola Whiffin;Jessica X. Chong;Kaitlin E. Samocha;Emma Pierce‐Hoffman;Zachary Zappala;Anne O’Donnell‐Luria;Eric Vallabh Minikel;Ben Weisburd;Monkol Lek;James S. Ware;Christopher Vittal;Irina M. Armean;Louis Bergelson;Kristian Cibulskis;Kristen M. Connolly;Miguel Covarrubias;Stacey Donnelly;Steven Ferriera;Stacey Gabriel;Jeff Gentry;Namrata Gupta;Thibault Jeandet;Diane Kaplan;Christopher Llanwarne;Ruchi Munshi;Sam Novod;Nikelle Petrillo;David Roazen;Valentín Ruano-Rubio;Andrea Saltzman;Molly Schleicher;José Soto;Kathleen Tibbetts;Charlotte Tolonen;Gordon Wade;Michael E. Talkowski;Carlos A. Aguilar‐Salinas;Tariq Ahmad;Christine M. Albert;Diego Ardissino;Gil Atzmon;John Barnard;Laurent Beaugerie;Emelia J. Benjamin;Michael Boehnke;Lori L. Bonnycastle;Erwin P. Böttinger;Donald W. Bowden;Matthew J. Bown;John C. Chambers;Juliana C.N. Chan;Daniel I. Chasman;Judy H. Cho;Mina K. Chung;Bruce M. Cohen;Adolfo Correa;Dana Dabelea;Mark J. Daly;Dawood Darbar;Ravindranath Duggirala;Josée Dupuis;Patrick T. Ellinor;Roberto Elosúa;Jeanette Erdmann;Tõnu Esko;Martti Färkkilâ;José C. Florez;André Franke;Gad Getz;Benjamin Gläser;Stephen J. Glatt;David Goldstein;Clicerio González;Leif Groop;Christopher Haiman;Craig L. Hanis;Matthew Harms;Mikko Hiltunen;Matti Holi;Christina M. Hultman;Mikko Kallela;Jaakko Kaprio;Sekar Kathiresan;Bong-Jo Kim;Young Jin Kim;George Kirov;Jaspal S. Kooner;Seppo Koskinen;Harlan M. Krumholz;Subra Kugathasan;Soo Heon Kwak;Markku Laakso;Terho Lehtimäki;Ruth J. F. Loos;Steven A. Lubitz;Ronald C.W.;Daniel G. MacArthur;Jaume Marrugat;Kari M. Mattila;Steven A. McCarroll;Mark I. McCarthy;Dermot McGovern;Ruth McPherson;James B. Meigs;Olle Melander;Andres Metspalu;Benjamin M. Neale;Peter M. Nilsson;Michael O’Donovan;Döst Öngür;Lorena Orozco;Michael J. Owen;Nicholette D. Palmer;Aarno Palotie;Kyong Soo Park;Carlos N. Pato;Ann E. Pulver;Nazneen Rahman;Anne M. Remes;John D. Rioux;Samuli Ripatti;Dan M. Roden;Danish Saleheen;Veikko Salomaa;Nilesh J. Samani;Jeremiah M. Scharf;Heribert Schunkert;M. Benjamin Shoemaker;Pamela Sklar;Hilkka Soininen;Harry Sokol;Tim D. Spector;Patrick F. Sullivan;Jaana Suvisaari;E. Shyong Tai;Yik Ying Teo;Jaakko Tuomilehto;Ming T. Tsuang;Dan Turner;Teresa Tusié‐Luna;Erkki Vartiainen;Marquis P. Vawter;James S. Ware;Hugh Watkins;Rinse K. Weersma;Maija Wessman;James G. Wilson;Ramnik J. Xavier;Benjamin M. Neale;Mark J. Daly;Daniel G. MacArthur"
"https://doi.org/10.1038/s41588-018-0121-0",2018,"Zhaozhong Zhu;Phil H. Lee;Mark Chaffin;Wonil Chung;Po−Ru Loh;Quan Lu;David C. Christiani;Liming Liang"
"https://doi.org/10.1038/s41588-018-0148-2",2018,"Farhad Hormozdiari;Steven Gazal;Bryce van de Geijn;Hilary K. Finucane;Chelsea J.‐T. Ju;Po−Ru Loh;Armin Schoech;Yakir Reshef;Xuanyao Liu;Luke J. O’Connor;Alexander Gusev;Eleazar Eskin;Alkes L. Price"
"https://doi.org/10.1038/s41588-018-0160-6",2018,"Jian Zhou;Chandra L. Theesfeld;Kevin Yao;Kathleen Chen;Aaron K. Wong;Olga G. Troyanskaya"
"https://doi.org/10.1038/s41588-019-0409-8",2019,"Eric R. Gamazon;Aeilko H. Zwinderman;Nancy J. Cox;Damiaan Denys;Eske M. Derks"
"https://doi.org/10.1038/s41598-019-39582-8",2019,"Jinsoo Ahn;Huiguang Wu;Kichoon Lee"
"https://doi.org/10.1038/s41598-020-72394-9",2020,"Gitanjali A. Narayanan;Abhinav Nellore;Jessica Tran;Aneta Worley;Erin W. Meermeier;Elham Karamooz;Megan E. Huber;Regina Kurapova;Fikadu Tafesse;Melanie J. Harriff;David Lewinsohn"
"https://doi.org/10.1038/s41598-021-85061-4",2021,"Jerry C. Wang;Gokul Ramaswami;Daniel H. Geschwind"
"https://doi.org/10.1038/s41598-021-92351-4",2021,"Christina Kiel;Christoph A. Nebauer;Tobias Strunz;Simon Stelzl;Bernhard Weber"
"https://doi.org/10.1038/s41598-023-30765-y",2023,"Ignacio Jusué-Torres;Richies Tiv;Julio C. Ricarte‐Filho;Apurva Mallisetty;Leglys Contreras-Vargas;Maria Jose Godoy-Calderon;Karam Khaddour;Kathleen Kennedy;Klara Valyi‐Nagy;Odile David;Martha Menchaca;Αναστασία Κοττόρου;Angelos Koutras;Foteinos Dimitrakopoulos;Khaled M. Abdelhady;Malek G. Massad;Israel Rubinstein;Lawrence E. Feldman;John Stewart;Takeshi Shimamura;Ludmila Danilova;Alicia Hulbert"
"https://doi.org/10.1038/s41698-021-00167-2",2021,"Sang-Ho Yoon;Seowon Choi;Suk Woo Nam;Kyoung Bun Lee;Jin‐Wu Nam"
"https://doi.org/10.1038/s41698-023-00354-3",2023,"Myvizhi Esai Selvan;Kenan Onel;Sacha Gnjatic;Robert J. Klein;Zeynep H. Gümüş"
"https://doi.org/10.1038/s42003-020-01210-x",2020,"Zhonglin Li;Nathalie Gaudreault;Benoît J. Arsenault;Patrick Mathieu;Yohan Bossé;Sébastien Thériault"
"https://doi.org/10.1038/s43018-022-00376-z",2022,"Yin Wu;Dhruva Biswas;Ieva Usaite;Mihaela Angelova;Stefan Boeing;Takahiro Karasaki;Selvaraju Veeriah;Justyna Czyzewska-Khan;Cienne Morton;Magdalene Joseph;Sonya Hessey;James L. Reading;Andrew Georgiou;Maise Al-Bakir;Nicolai J. Birkbak;Gillian Price;Mohammed S. Khalil;Keith M. Kerr;Shirley Richardson;Heather Cheyne;Tracey Cruickshank;Gareth A. Wilson;Rachel Rosenthal;Hugo J.W.L. Aerts;Madeleine Hewish;Girija Anand;Sajid Khan;Kelvin Lau;Michael Sheaff;Peter Schmid;Louise Lim;John Conibear;Roland F. Schwarz;Tom L. Kaufmann;Matthew R. Huska;Jacqui Shaw;Joan Riley;Lindsay Primrose;Dean A. Fennell;Allan Hackshaw;Yenting Ngai;Abigail Sharp;Oliver Pressey;Sean Smith;Nicole Gower;Harjot Kaur Dhanda;Kitty S. Chan;Sonal Chakraborty;Kevin Litchfield;Krupa Thakkar;Jonathan Tugwood;Alexandra Clipson;Caroline Dive;Dominic G. Rothwell;Alastair Kerr;Elaine Kilgour;Fiona J. E. Morgan;Malgorzata Kornaszewska;Richard Attanoos;Helen Davies;Katie Baker;Mathew Carter;Colin R. Lindsay;Fábio Gomes;Fiona Blackhall;Lynsey Priest;Matthew Krebs;Anshuman Chaturvedi;Pedro Oliveira;Zoltán Szállási;Gary Royle;Catarina Veiga;Marcin Skrzypski;Roberto Salgado;Miklós Dióssy;Alan Kirk;Mo Asif;John Butler;Rocco Bilancia;Nikos Kostoulas;Mathew Thomas;Mairead MacKenzie;Maggie Wilcox;Apostolos Nakas;Sridhar Rathinam;Rebecca Boyles;Mohamad Tufail;Amrita Bajaj;Keng Ang;Mohammed Fiyaz Chowdhry;Michael Shackcloth;Julius Asante-Siaw;Angela Leek;Nicola Totten;Jack Davies Hodgkinson;Peter Van Loo;William Monteiro;Hilary Marshal;Kevin G. Blyth;Craig Dick;Charles Fekete;Eric Lim;Paulo De Sousa;Simon Jordan;Alexandra Rice;Hilgardt Raubenheimer;Harshil Bhayani;Morag Hamilton;Lyn Ambrose;Anand Devaraj;Hemangi Chavan;Sofina Begum;Silviu Buderi;Daniel Kaniu;Mpho Malima;Sarah Booth;Andrew G. Nicholson;Nadia Fernandes;Pratibha Shah;Chiara Proli;John R. Gosney;Sarah Danson;Jonathan Bury;John Edwards;Jennifer Hill;Sue Matthews;Yota Kitsanta;Jagan Rao;Sara Tenconi;Laura Socci;Kim Suvarna;Faith Kibutu;Patricia Fisher;Robin Young;Joann Barker;Fiona Taylor;Kirsty Lloyd;J.F. Lester;Mickael Escudero;Grant D. Stewart;Andrew Rowan;Jacki Goldman;Richard Stone;Tamara Denner;Emma Nye;Maria Greco;Jérôme Nicod;Clare Puttick;Katey S.S. Enfield;Emma Colliver;Alastair Magness;Chris Bailey;Krijn K. Dijkstra;Vittorio Barbè;Roberto Vendramin;Judit Kisistók;Mateo Sokač;Jonas Demeulemeester;Elizabeth Larose Cadieux;Carla Castignani;Hongchang Fu;Kristiana Grigoriadis;Claudia Lee;Foteini Athanasopoulou;Crispin T. Hiley;Lily Robinson;Tracey Horey;Peter Russell;Dionysis Papadatos-Pastos;Sara Lock;Kayleigh Gilbert;Kayalvizhi Selvaraju;Paul Ashford;Oriol Pich;Thomas B.K. Watkins;Sophia Ward;Emilia L. Lim;Alexander M. Frankell;Christopher Abbosh;Robert E. Hynds;Mariana Werner Sunderland;Karl S. Peggs;Teresa Marafioti;John A. Hartley;Helen L. Lowe;Leah Ensell;Victoria J. Spanswick;Angeliki Karamani;David A. Moore;Stephan Beck;Olga Chervova;Miljana Tanić;Ariana Huebner;Michelle Dietzen;James R. Black;Carlos Martínez‐Ruiz;Robert B. Bentham;Cristina Naceur‐Lombardelli;Hao-Ran Zhai;Nnennaya Kanu;Francisco Gimeno-Valiente;Supreet Kaur Bola;Ignacio Matos;Mansi Shah;Felipe Galvez Cancino;Despoina Karagianni;Maryam Razaq;Mita Akther;Diana Johnson;Joanne Laycock;Elena Hoxha;Benny Chain;David R. Pearce;Kezhong Chen;Javier Herrero;Fleur Monk;Simone Zaccaria;Neil Magno;Paulina Prymas;Antonia Toncheva;Monica Sivakumar;Olivia Lucas;Mark S. Hill;Othman Al‐Sawaf;Seng Kuong Anakin Ung;Sam Gamble;Sophia Wong;David Lawrence;Sophia Ward;Nikolaos Panagiotopoulos;Robert George;Davide Patrini;Mary Falzon;Elaine Borg;Reena Khiroya;Asia Ahmed;Magali N. Taylor;Junaid Choudhary;Sam M. Janes;Martin Förster;Tanya Ahmad;SM Lee;Neal Navani;Marco Scarci;Pat Gorman;Elisa Bertoja;Robert Stephens;Emilie Martinoni Hoogenboom;James W. Holding;Steve Bandula;Ricky M. Thakrar;James M. Wilson;Mansi Shah;Marcos Marcos;Vasquez Duran;Maria Litovchenko;Sharon Vanloo;Piotr Pawlik;Kerstin Thol;Babu Naidu;Gerald Langman;Hollie Bancroft;Salma Kadiri;Gary Middleton;Madava Djearaman;Aya Osman;Helen Shackleford;Akshay J. Patel;Christian H. Ottensmeier;Serena Chee;Aiman Alzetani;Judith Cave;Lydia Scarlett;Jennifer Richards;Papawadee Ingram;Emily Shaw;John Le Quesne;Alan G. Dawson;Domenic Marrone;Sean Dulloo;Claire Wilson;Yvonne Summers;Raffaele Califano;Rajesh Shah;Piotr Krysiak;Kendadai Rammohan;Eustace Fontaine;Richard Booton;Matthew Evison;Stuart Moss;Juliette Novasio;Leena Dennis Joseph;Paul N. Bishop;Helen Doran;Felice Granato;Vijay Joshi;Elaine Smith;Ángeles Montero;Philip Crosbie;Nicholas McGranahan;Mariam Jamal‐Hanjani;Allan Hackshaw;Sergio A. Quezada;Adrian Hayday;Charles Swanton"
"https://doi.org/10.1038/srep15145",2015,"Jialiang Yang;Tao Huang;Francesca Petralia;Quan Long;Bin Zhang;Carmen Argmann;Yong Zhao;Charles V. Mobbs;Eric E. Schadt;Jun Zhu;Zhidong Tu;Kristin Ardlie;David S. DeLuca;Ayellet V. Segrè;Timothy J. Sullivan;Taylor Young;Ellen Gelfand;Casandra A. Trowbridge;Julian Maller;Taru Tukiainen;Monkol Lek;Lucas D. Ward;Pouya Kheradpour;Benjamin Iriarte;Yan Meng;Cameron D. Palmer;Wendy Winckler;Joel N. Hirschhorn;Manolis Kellis;Daniel G. MacArthur;Gad Getz;Andrey A. Shablin;Gen Li;Yi-Hui Zhou;Andrew B. Nobel;Ivan Rusyn;Fred A. Wright;Tuuli Lappalainen;Pedro G. Ferreira;Halit Ongen;Manuel A. Rivas;Alexis Battle;Sara Mostafavi;Jean Monlong;Michael Sammeth;Marta Melé;Ferrán Reverter;Jakob M. Goldmann;Daphne Koller;Roderic Guigó;Mark I. McCarthy;Emmanouil T. Dermitzakis;Eric R. Gamazon;Anuar Konkashbaev;Dan L. Nicolae;Nancy J. Cox;Timothée Flutre;Xiaoquan Wen;Matthew Stephens;Jonathan K. Pritchard;Luan Lin;Jun Liu;Amanda Brown;Bernadette Mestichelli;Denee Tidwell;Edmund Lo;Mike Salvatore;Saboor Shad;Jeffrey A. Thomas;John T. Lonsdale;Christopher Choi;Ellen Karasik;Kimberly Ramsey;Michael T. Moser;Barbara A. Foster;Bryan M. Gillard;John Syron;Johnelle Fleming;Harold I. Magazine;Rick Hasz;Gary Walters;Jason Bridge;Mark Miklos;Susan Sullivan;Laura K. Barker;Heather M. Traino;Magboeba Mosavel;Laura A. Siminoff;Dana R. Valley;Daniel C. Rohrer;Scott Jewel;Philip A. Branton;Leslie H. Sobin;Liqun Qi;Pushpa Hariharan;Shenpei Wu;David E. Tabor;Charles Shive;Anna M. Smith;Stephen A. Buia;Anita H. Undale;Karna Robinson;Nancy Roche;Kimberly M. Valentino;Angela Britton;Robin Burges;Debra Bradbury;Kenneth W. Hambright;John Seleski;Greg E. Korzeniewski;Kenyon Erickson;Yvonne Marcus;Jorge Tejada;Mehran Taherian;Chunrong Lu;Barnaby E. Robles;Margaret J. Basile;Deborah C. Mash;Simona Volpi;Jeff Struewing;Gary F. Temple;Joy T Boyer;Deborah Colantuoni;A. Roger Little;Susan E. Koester;NCI Latarsha J. Carithers;Helen M. Moore;Ping Guan;Carolyn C. Compton;Sherilyn J. Sawyer;Joanne P. Demchok;Jimmie B. Vaught;Chana A. Rabiner;Nicole C. Lockhart"
"https://doi.org/10.1073/pnas.1915975117",2020,"John W. Phillips;Yang Pan;Brandon L. Tsai;Zhijie Xie;Levon Demirdjian;Wen Xiao;Harry Taegyun Yang;Yida Zhang;Chia Ho Lin;Donghui Cheng;Qiang Hu;Song Liu;Douglas L. Black;Owen N. Witte;Yi Xing"
"https://doi.org/10.1093/hmg/ddab125",2021,"Yunlong Ma;Yukuan Huang;Sen Zhao;Yinghao Yao;Yaru Zhang;Jia Qu;Nan Wu;Jianzhong Su"
"https://doi.org/10.1093/hmg/ddac030",2022,"Yafang Li;Xiangjun Xiao;Jianrong Li;Jinyoung Byun;Chao Cheng;Yohan Bossé;James McKay;Demetrius Albanes;Stephen Lam;Adonina Tardón;Chu Chen;Stig E. Bojesen;Maria Teresa Landi;Mattias Johansson;Angela Risch;Heike Bickeböller;H‐Erich Wichmann;David C. Christiani;Gad Rennert;Susanne M. Arnold;Gary E. Goodman;John K. Field;Michael Davies;Sanjay Shete;Loı̈c Le Marchand;Olle Melander;Hans Brunnström;Geoffrey Liu;Rayjean J. Hung;Angeline S. Andrew;Lambertus A. Kiemeney;Hongbing Shen;Ryan Sun;Shan Zienolddiny;Kjell Grankvist;Mikael Johansson;Neil E. Caporaso;M. Dawn Teare;Yun‐Chul Hong;Philip Lazarus;Matthew B. Schabath;Melinda C. Aldrich;Ann G. Schwartz;Ivan P. Gorlov;Kristen S. Purrington;Ping Yang;Yanhong Liu;Younghun Han;Joan E. Bailey‐Wilson;Susan M. Pinney;Diptasri Mandal;James C. Willey;Colette Gaba;Paul Brennan;Christopher I. Amos"
"https://doi.org/10.1093/molbev/msx103",2017,"Matthew T. Buckley;Fernando Racimo;Morten E. Allentoft;Majken K. Jensen;Anna Jonsson;Hongyan Huang;Farhad Hormozdiari;Martin Sikora;Davide Marnetto;Eleazar Eskin;Marit E. Jørgensen;Niels Grarup;Oluf Pedersen;Torben Hansen;Peter Kraft;Eske Willerslev;Rasmus Nielsen"
"https://doi.org/10.1093/nar/gkab740",2021,"Ya Cui;Fanglue Peng;Dan Wang;Yumei Li;Jason Sheng Li;Lei Li;Wei Li"
"https://doi.org/10.1093/nar/gkac739",2022,"Philip J. Grayeski;Chase A. Weidmann;Jayashree Kumar;Lela Lackey;Anthony M. Mustoe;Steven Busan;Alain Laederach;Kevin M. Weeks"
"https://doi.org/10.1093/nar/gkw581",2016,"Dechao Tian;Quanquan Gu;Jian Ma"
"https://doi.org/10.1093/nargab/lqac016",2022,"Max J. F. Degener;Remco T. P. van Cruchten;Brittney A. Otero;Eric T. Wang;Derick G. Wansink;Peter A.C. ‘t Hoen"
"https://doi.org/10.1101/2023.02.02.23285208",2023,"Hunter J. Melton;Zichen Zhang;Chong Wu"
"https://doi.org/10.1101/2023.02.22.529542",2023,"Brendan J. Pinto;Brian D. O’Connor;Michael C. Schatz;Samantha Zarate;Melissa A. Wilson"
"https://doi.org/10.1101/2023.03.31.23287997",2023,"Ines F. Scheller;Karoline Lutz;Christian Mertes;Vicente A. Yépez;Julien Gagneur"
"https://doi.org/10.1101/gr.192278.115",2015,"Yael Baran;Meena Subramaniam;Anne Biton;Taru Tukiainen;Emily K. Tsang;Manuel A. Rivas;Matti Pirinen;María Gutiérrez‐Arcelus;Kevin S. Smith;Kim Kukurba;Rui Zhang;Celeste Eng;Dara G. Torgerson;Cydney Urbanek;Jin Billy Li;José Rodríguez‐Santana;Esteban G. Burchard;Max A. Seibold;Daniel G. MacArthur;Stephen B. Montgomery;Noah Zaitlen;Tuuli Lappalainen"
"https://doi.org/10.1101/gr.216747.116",2017,"Pejman Mohammadi;Stephane E. Castel;Andrew Brown;Tuuli Lappalainen"
"https://doi.org/10.1101/gr.261248.120",2020,"Alexander K. Godfrey;Sahin Naqvi;Lukáš Chmátal;Joel M. Chick;Richard N. Mitchell;Steven P. Gygi;Helen Skaletsky;David C. Page"
"https://doi.org/10.1101/gr.269381.120",2021,"Stephanie Yang;Christina A. Castellani;Ryan J. Longchamps;Vamsee Pillalamarri;Brian O’Rourke;Eliseo Güallar;Dan E. Arking"
"https://doi.org/10.1101/gr.275133.120",2021,"Christopher J. Playfoot;Julien Duc;Shaoline Sheppard;Sagane Dind;Alexandre Coudray;Evarist Planet;Didier Trono"
"https://doi.org/10.1101/gr.275323.121",2021,"Nelson T. Chuang;Eugene J. Gardner;Diane Terry;Jonathan Crabtree;Anup Mahurkar;Guillermo L. Rivell;Charles C. Hong;James A. Perry;Scott E. Devine"
"https://doi.org/10.1111/acel.13383",2021,"Estel Ramos Marquès;Laura García‐Mendívil;María Pérez‐Zabalza;Hazel Santander‐Badules;Sabarathinam Srinivasan;Juan Carlos Oliveros;Rafael Torres‐Pérez;Alberto Cebollada;José María Vallejo‐Gil;Pedro Carlos Fresneda‐Roldán;Javier Fañanás‐Mastral;Manuel Vázquez‐Sancho;Marta Matamala‐Adell;Juan Fernando Sorribas‐Berjón;Javier André Bellido‐Morales;Francisco Javier Mancebón‐Sierra;Alexánder Sebastián Vaca‐Núñez;Carlos Ballester;Manuel F. Jiménez‐Navarro;José Manuel Villaescusa;E Garrido-Huescar;Margarita Segovia‐Roldán;Aida Oliván‐Viguera;Carlos Gómez‐González;Gorka Muñíz;Emiliano Diez;Laura Ordovás;Esther Pueyo"
"https://doi.org/10.1126/sciadv.abg6711",2022,"Diogo F. T. Veiga;Alex Nesta;Yuqi Zhao;Anne Deslattes Mays;Richie Huynh;Robert J. Rossi;Te-Chia Wu;Karolina Palucka;Olga Anczuków;Christine R. Beck;Jacques Banchereau"
"https://doi.org/10.1155/2018/2308585",2018,"Robert Y.L. Zee;Alicia Rivera;Yaritza Inostroza‐Nieves;Paul M. Ridker;Daniel I. Chasman;José R. Romero"
"https://doi.org/10.1155/2022/2153996",2022,"Hafiz Ishfaq Ahmad;Asia Iqbal;Nabeel Ijaz;Muhammad Irfan Ullah;Akhtar Rasool Asif;Abdur Rahman;Tahir Mehmood;Ghulam Haider;Shakeel Ahmed;Samy F. Mahmoud;Fatimah Othman Alghamdi;Hala Abdulrahman Al Amari;Mario J. Simirgiotis;Jinping Chen"
"https://doi.org/10.1158/1078-0432.ccr-22-0112",2022,"Joleen M. Hubbard;Enikő R. Tőke;Roberto Moretto;Rondell P. Graham;Hagop Youssoufian;Orsolya Lőrincz;Levente Molnár;Zsolt Csiszovszki;Jessica L. Mitchell;Jaclynn Wessling;József Tóth;Chiara Cremolini"
"https://doi.org/10.1186/s12859-019-2969-0",2019,"Marina Esteban‐Medina;María Peña-Chilet;Carlos Loucera;Joaquı́n Dopazo"
"https://doi.org/10.1186/s12859-020-3368-2",2020,"Yu‐Chuan Chang;June‐Tai Wu;Mingyi Hong;Yi‐An Tung;Ping‐Han Hsieh;Sook Wah Yee;Kathleen M. Giacomini;Yen‐Jen Oyang;Chien‐Yu Chen"
"https://doi.org/10.1186/s12864-016-3075-6",2016,"Katherine E. Hartmann;Michał T. Seweryn;S Handleman;Grzegorz A. Rempała;Wolfgang Sadée"
"https://doi.org/10.1186/s12864-017-4111-x",2017,"Camila M. Lopes‐Ramos;Joseph N. Paulson;Cho-Yi Chen;Marieke L. Kuijjer;Maud Fagny;John Platig;Abhijeet R. Sonawane;Dawn L. DeMeo;John Quackenbush;Kimberly Glass"
"https://doi.org/10.1186/s12864-018-4850-3",2018,"Marco Trizzino;Aurélie Kapusta;Christopher D. Brown"
"https://doi.org/10.1186/s12882-020-02094-z",2020,"Elisa Molinari;Shalabh Srivastava;Rebecca Marie Dewhurst;John A. Sayer"
"https://doi.org/10.1186/s12935-022-02817-2",2022,"Feng-Chih Kuo;Yuting Wang;Chia‐Hsin Liu;Yao‐Feng Li;Chieh‐Hua Lu;Sheng‐Chiang Su;Jhih‐Syuan Liu;Pengfei Li;Chia‐Luen Huang;Yi-Ju Ho;Chien‐Ming Lin;Chien-Hsing Lee"
"https://doi.org/10.1186/s12967-022-03314-w",2022,"Benedetta Perrone;Paola Ruffo;Samanta Zelasco;Cinzia Giordano;Catia Morelli;Ines Barone;Stefania Catalano;Sebastiano Andò;Diego Sisci;Giovanni Tripepi;Corrado Mammì;Daniela Bonofiglio;F. L. Conforti"
"https://doi.org/10.1186/s13023-022-02542-z",2022,"Jia Chen;Hong Li;Sicheng Guo;Zhe Yang;Shaoping Sun;Junjie Zeng;Hongjuan Gou;Yechang Chen;Feng Wang;Yanping Lin;Kun Huang;Yue Hong;Yuting Ma;Yubi Lin"
"https://doi.org/10.1186/s13059-017-1163-9",2017,"Max L. Dougherty;Xander Nuttle;Osnat Penn;Bradley J. Nelson;John Huddleston;Carl Baker;Lana Harshman;Michael H. Duyzend;Mario Ventura;Francesca Antonacci;Richard Sandstrom;Megan Y. Dennis;Evan E. Eichler"
"https://doi.org/10.1186/s13059-019-1919-5",2019,"Pablo E. García-Nieto;Ashby J. Morrison;Hunter B. Fraser"
"https://doi.org/10.1186/s13059-020-02101-4",2020,"Xiaolong Cao;Yeting Zhang;Lindsay M. Payer;Hannah Lords;Jared P. Steranka;Kathleen H. Burns;Jinchuan Xing"
"https://doi.org/10.1186/s13059-021-02361-8",2021,"Saikat Banerjee;Franco L. Simonetti;Kira E. Detrois;Anubhav Kaphle;Raktim Mitra;Rahul Nagial;Johannes Söding"
"https://doi.org/10.1186/s13059-022-02606-0",2022,"Alanna C. Cote;Hannah Young;Laura M. Huckins"
"https://doi.org/10.1186/s13073-019-0640-z",2019,"Ali Afrasiabi;Grant P. Parnell;Nicole Fewings;Stephen D. Schibeci;Monica A. Basuki;Ramya Chandramohan;Yuan Zhou;Bruce Taylor;David A. Brown;Sanjay Swaminathan;Fiona C. McKay;Graeme J. Stewart;David R. Booth"
"https://doi.org/10.1186/s13073-020-00740-7",2020,"Jean‐David Larouche;Assya Trofimov;Leslie Hesnard;Grégory Ehx;Qingchuan Zhao;Krystel Vincent;Chantal Durette;Patrick Gendron;Jean‐Philippe Laverdure;Éric Bonneil;Caroline Côté;Sébastien Lemieux;Pierre Thibault;Claude Perreault"
"https://doi.org/10.1186/s13073-022-01133-8",2022,"Shuang Liu;Hyejung Won;Declan Clarke;Nana Matoba;Saniya Khullar;Yudi Mu;Daifeng Wang;Mark Gerstein"
"https://doi.org/10.1186/s40345-019-0176-6",2020,"Ashley L. Comes;Darina Czamara;Kristina Adorjan;Heike Anderson‐Schmidt;Till F. M. Andlauer;Monika Budde;Katrin Gade;Maria Hake;János Kálmán;Sergi Papiol;Daniela Reich‐Erkelenz;Farah Klöhn‐Saghatolislam;Sabrina K. Schaupp;Eva C. Schulte;Fanny Senner;Georg Juckel;Max Schmauß;Jörg Zimmermann;Jens Reimer;Eva Z. Reininghaus;Ion‐George Anghelescu;Carsten Konrad;Andreas Thiel;Christian Figge;Martin von Hagen;Manfred Köller;Detlef E. Dietrich;Sebastian Stierl;Harald Scherk;Stephanie H. Witt;Sugirthan Sivalingam;Franziska Degenhardt;Andreas J. Forstner;Marcella Rietschel;Markus M. Nöthen;Jens Wiltfang;Peter Falkai;Thomas G. Schulze;Urs Heilbronner"
"https://doi.org/10.1186/s43042-022-00309-6",2022,"Manal S. Fawzy;Hend Ashour;Aya Allah Ashraf Shafie;Nesrine Ben Hadj Dahman;Abdelhamid M. Fares;Sarah Antar;Ahmed S. Elnoby;Fatma Mohamed Fouad"
"https://doi.org/10.1210/jendso/bvaa046.2027",2020,"Elena Ab Azizan;Mohammad Arif Shahar;Siti Liyana Saud Ghany;Asif Jamal;Nor Azmi Kamaruddin;Norasyikin A Wahab;Ahmad Marzuki Omar;Chin Voon Tong;Azraai Nasruddin;Norlela Sukor;Morris J. Brown;Syahirah Kaja Mohideen"
"https://doi.org/10.1210/js.2018-00370",2018,"Lucía Soletto;Sergio Hernández-Balfagó;Ana Rocha;Patrick Scheerer;Gunnar Kleinau;José Miguel Cerdá‐Reverter"
"https://doi.org/10.1212/nxi.0000000000001085",2021,"Anja K. Tietz;Klemens Angstwurm;Tobias Baumgartner;Kathrin Doppler;Katharina Eisenhut;Martin Elišák;André Franke;Kristin S. Golombeck;Robert Handreka;Max Kaufmann;Markus Kraemer;Andrea Kraft;Jan Lewerenz;Wolfgang Lieb;Marie Madlener;Nico Melzer;Hana Mojžišová;Peter Möller;Thomas Pfefferkorn;Harald Prüß;Kevin Rostásy;Margret Schnegelsberg;Ina Schröder;Kai Siebenbrodt;Kurt‐Wolfram Sühs;Jonathan Wickel;Klaus‐Peter Wandinger;Frank Leypoldt;Gregor Kuhlenbäumer;Markus Kraemer;Wolfgang Heide;Stephan J. Schreiber;Marina Entscheva;Jürgen Faiss;R. Berger;Oliver Stammel;Anna Hoffmann;G Seidel;Robert Handreka;Harald Prüß;Josef Priller;Carsten Finke;Friedemann Paul;Peter Körtvélyessy;Henning Stolze;Astrid Blaschek;Sebastian Bauer;Felix Rosenow;Kai Siebenbrodt;Susanne Knake;Benjamin Wunderlich;Sven Ehrlich;Lena Edelhoff;Judith Wagner;George Trendelenburg;Anna Gorsler;Sebastian Baatz;Sonka Benesch;Matthias von Mering;Armin Grau;Christian Urbanek;Gernot Reimann;Tobias Neumann‐Haefelin;Thomas Pfefferkorn;Sascha Berning;Christoph Kellinghaus;Michael Nagel;Andreas Binder;Mona Dreeesmann;Fatme Seval Ismail;Ulrich Hofstadt‐van Oy;Christian G. Bien;M. M. Gebhard;Frank Hoffmann;Andrea Kraft;Franz Blaes;Corinna I. Bien;Andeas Linsa;Katharina Eisenhut;Joachim Havla;Franziska S. Thaler;Tanja Kümpfel;Til Menge;Manuel A. Friese;Max Kaufmann;Martin Stangel;Kurt‐Wolfram Sühs;Corinna Trebst;Jost Obrocki;Jens Schaumberg;Ilya Ayzenberg;Kerstin Hellwig;Christos Krogias;Friedrich Ebinger;Alexander Finke;Marie‐Luise Mono;Daniel Bittner;Stefan Bittner;Simone C. Tauber;Martin Häusler;Annette Baumgärtner;Anne‐Katrin Pröbstel;Stephan Rüegg;Sarah Bernsen;Alexandra Philipsen;Hendrik Rohner;Philip Hillebrand;Sigrid Wöpking;Michael Karenfort;Nico Melzer;Sven G. Meuth;Saskia Räuber;Marius Ringelstein;Regina Trollmann;Raphael Reinecke;Dominique Endres;Karin Storm van’s Gravesande;Felix von Poderwils;Steffen Syrbe;Bettina Balint;Brigitte Wildemann;Carolin Baade‐Büttner;Christian Geis;Chung Ha-Yeun;Jonathan Wickel;Michael P. Malter;Walid Fazeli;Muriel Stoppe;Florian Then Bergh;Johannes Piepgras;Valentin Held;Lara Zieger;Marco Gallus;Oliver Grauer;Stjepana Kovac;Christoph Lehric;Jan D. Lünemann;Gerd Meyer zu Hörste;Heinz Wiendl;Andre Dik;Catharina C. Groß;Kristin Stefanie Melzer;Johanna Maria Helena Rau;Christine Strippel;Constanze Mönig;Karsten Witt;Robert Weissert;Marina Flotats‐Bastardas;S. Schuster;Ina Schröder;Frank Leypoldt;Andreas van Baalen;Justina Dargvainiene;Martina Jansen;Ina-Isabelle Schmütz;Gesa Schreyer;Klaus‐Peter Wandinger;Halime Gül;Jan Lewerenz;Loana Penner;Makbule Şenel;Hayrettin Tumani;Methab Türedi;Luise Appeltshauser;Kathrin Doppler;Claudia Sommer;Dirk Fitzner;Jens Schmidt;Niels Hansen;Kevin Rostásy;Michael Adelmann"
"https://doi.org/10.1371/journal.pbio.3000734",2020,"Jia Li;Yang Zhao;Jaesung P. Choi;Ka Ka Ting;Paul R. Coleman;Jinbiao Chen;Victoria C. Cogger;Li Wan;Zhong‐Song Shi;Thorleif Møller;Xiangjian Zheng;Mathew A. Vadas;Jennifer R. Gamble"
"https://doi.org/10.1371/journal.pcbi.1008315",2020,"Wei Liu;Mo Li;Wenfeng Zhang;Geyu Zhou;Xing Wu;Jiawei Wang;Qiongshi Lu;Hongyu Zhao"
"https://doi.org/10.1371/journal.pcbi.1010203",2022,"Verónica Martínez;Pedro A. Saa;Jason Jooste;Kanupriya Tiwari;Lake‐Ee Quek;Lars K. Nielsen"
"https://doi.org/10.1371/journal.pcbi.1010749",2023,"Vishal H. Oza;Jordan H. Whitlock;Elizabeth J. Wilk;Angelina Uno-Antonison;Brandon Wilk;Manavalan Gajapathy;Timothy C. Howton;Austyn Trull;Lara Ianov;Elizabeth A. Worthey;Brittany N. Lasseigne"
"https://doi.org/10.1371/journal.pgen.1007607",2018,"Oneil G. Bhalala;Artika P. Nath;Michael Inouye;Christopher R. Sibley"
"https://doi.org/10.1371/journal.pgen.1007611",2018,"Jennifer K. Pleiman;Amy A. Irving;Zhishi Wang;Erik Toraason;Linda Clipson;William F. Dove;Dustin A. Deming;Michael A. Newton"
"https://doi.org/10.1371/journal.pgen.1007889",2019,"Alvaro Barbeira;Milton Pividori;Jiamao Zheng;Heather E. Wheeler;Dan L. Nicolae;Hae Kyung Im"
"https://doi.org/10.1371/journal.pgen.1008977",2020,"Eldad D. Shulman;Ran Elkon"
"https://doi.org/10.1371/journal.pgen.1009018",2020,"Zong Miao;Marcus Alvarez;Arthur Ko;Yash V Bhagat;Elior Rahmani;Brandon Jew;Sini Heinonen;L. Hernández;Miguel Francisco Herrera-Hernández;Carlos A. Aguilar‐Salinas;Teresa Tusié‐Luna;Karen L. Mohlke;Markku Laakso;Kirsi H. Pietiläinen;Eran Halperin;Päivi Pajukanta"
"https://doi.org/10.1371/journal.pgen.1010588",2023,"Meytal Chernoff;Dayana Delgado;Tong Lin;Lin Chen;Meritxell Oliva;Lizeth I. Tamayo;Lyle G. Best;Shelley A. Cole;Farzana Jasmine;Muhammad G. Kibriya;Heather H. Nelson;Lei Huang;Karin Haack;Jack W. Kent;Jason G. Umans;Joseph H. Graziano;Ana Navas‐Acién;Margaret R. Karagas;Ahsan Habib;Brandon L. Pierce"
"https://doi.org/10.1371/journal.pone.0205322",2018,"Lauren Shaw;Corrine Mansfield;Lauren Colquitt;Cailu Lin;Jaime M. Ferreira;J. Emmetsberger;Danielle R. Reed"
"https://doi.org/10.1371/journal.pone.0247060",2021,"Steven Andrew Baker;Shirley Kwok;Gerald J. Berry;Thomas J. Montine"
"https://doi.org/10.1371/journal.pone.0280282",2023,"Paolo Alberto Lorenzini;Elena S. Gusareva;Amit Gourav Ghosh;Nurul Adilah Binte Ramli;Peter R. Preiser;Hie Lim Kim"
"https://doi.org/10.1519/jsc.0000000000003814",2020,"Julen Diaz-Ramirez;Jesús Álvarez‐Herms;Arkaitz Castañeda-Babarro;Jon Larruskain;Xabier Ramírez de la Piscina;Oleg Borisov;Ekaterina A. Semenova;Elena Kostryukova;Nikolay A. Kulemin;Oleg N. Andryushchenko;Andrey K. Larin;Liliya B. Andryushchenko;Edward V. Generozov;Ildus I. Ahmetov;Adrián Odriozola"
"https://doi.org/10.15252/emmm.201910880",2019,"Jinbeom Heo;Byeong‐Joo Noh;Seungun Lee;Hye‐Yeon Lee;YongHwan Kim;Jisun Lim;Hyein Ju;Hwan Yeul Yu;Chae‐Min Ryu;Peter CW Lee;Hwangkyo Jeong;Yumi Oh;Kyunggon Kim;Sang‐Yeob Kim;Jaekyoung Son;Bumsik Hong;Jong Soo Kim;Yong Mee Cho;Dong‐Myung Shin"
"https://doi.org/10.1534/genetics.118.301833",2018,"Emily C. Glassberg;Ziyue Gao;Arbel Harpak;Xun Lan;Jonathan K. Pritchard"
"https://doi.org/10.18632/oncotarget.18450",2017,"Ziyu Le;Xiaoshuang Niu;Ying Chen;Xiaomin Ou;Guoqi Zhao;Qi Liu;Wenzhi Tu;Chaosu Hu;Lin Kong;Yong Liu"
"https://doi.org/10.2147/dmso.s322083",2021,"D.R. Powell;Jean‐Pierre Revelli;Deon Doree;Christopher M. DaCosta;Urvi Desai;Melanie K. Shadoan;L. Henriquez Rodriguez;Michael A. Mullens;Qi M Yang;Zhi‐Ming Ding;Laura Kirkpatrick;Peter Vogel;Brian Zambrowicz;Arthur Sands;Kenneth A. Platt;Gwenn M. Hansen;Robert Brommage"
"https://doi.org/10.26508/lsa.201900303",2019,"Christin Glorioso;Andreas R. Pfenning;Sam S Lee;David A. Bennett;Etienne Sibille;Manolis Kellis;Leonard Guarente"
"https://doi.org/10.26508/lsa.201900578",2019,"Rhys Pryce;Kristopher D. Azarm;Ilona Rissanen;Karl Harlos;Thomas A. Bowden;Benhur Lee"
"https://doi.org/10.3389/fendo.2021.664839",2021,"Chae Won Chung;Eun Young Mo;Gyung Seo Jung;Yoo Hyung Kim;Sun Wook Cho;Do Joon Park;Jeong Mo Bae;Young Joo Park"
"https://doi.org/10.3389/fgene.2017.00043",2017,"Helle K. Pedersen;Valborg Guðmundsdóttir;Søren Brunak"
"https://doi.org/10.3389/fgene.2020.00194",2020,"Claudio Lo Giudice;Domenico Alessandro Silvestris;Shalom Hillel Roth;Eli Eisenberg;Graziano Pesole;Angela Gallo;Ernesto Picardi"
"https://doi.org/10.3389/fgene.2020.512940",2021,"Irina Ponomarenko;Evgeny Reshetnikov;Alexey Polonikov;I.N. Verzilina;И. Н. Сорокина;Anna Yermachenko;Volodymyr Dvornyk;Mikhail Churnosov"
"https://doi.org/10.3389/fgene.2021.657171",2021,"Sara B. Fernandes;Nathalie Grova;Sarah Roth;Radu Corneliu Duca;Lode Godderis;Pauline Guébels;Sophie B. Mériaux;Andrew I. Lumley;Pascaline Bouillaud-Kremarik;Isabelle Ernens;Yvan Devaux;Henri Schroeder;Jonathan D. Turner"
"https://doi.org/10.3389/fimmu.2021.652846",2021,"Praxedis Martin;Jérémie D. Goldstein;Loïc Mermoud;Alejandro Díaz-Barreiro;Gaby Palmer"
"https://doi.org/10.3389/fimmu.2022.1008764",2022,"Leticia Corrales;Susanne Hipp;Katharina D. Martin;Nicolas Sabarth;Iñigo Tirapu;Klaus Fuchs;Barbara Thaler;Christian Walterskirchen;K. H. Bauer;Markus Fabits;Michael Bergmann;Carina Binder;Paolo ML. Chetta;Anne B. Vogt;Paul J. Adam"
"https://doi.org/10.3389/fmolb.2017.00080",2017,"Gianluca Molla"
"https://doi.org/10.3389/fnagi.2016.00183",2016,"Candice Brinkmeyer‐Langford;Jinting Guan;Guoli Ji;James J. Cai"
"https://doi.org/10.3389/fnagi.2021.690632",2021,"Sejal Patel;Derek Howard;Leon French"
"https://doi.org/10.3389/fneur.2021.635419",2021,"Oliver Schmetzer;Elisa Lakin;Ben Roediger;Ankelien Duchow;Susanna Asseyer;Friedemann Paul;Nadja Siebert"
"https://doi.org/10.3389/fnmol.2019.00037",2019,"Pradipta Ray;Jawad Khan;Andi Wangzhou;Diana Tavares‐Ferreira;Armen N. Akopian;Gregory Dussor;Theodore J. Price"
"https://doi.org/10.3389/fnmol.2022.1033224",2022,"Alex Sirp;Anastassia Shubina;Jürgen Tuvikene;Laura Tamberg;Carl Sander Kiir;Laura Kranich;Tõnis Timmusk"
"https://doi.org/10.3390/biom12091259",2022,"Anastasia N. Vaganova;Nataliia V. Katolikova;Ramilya Z. Murtazina;Savelii R. Kuvarzin;Raul R. Gainetdinov"
"https://doi.org/10.3390/biom8040111",2018,"Roger S. Holmes;Keri Barron;Natalia I. Krupenko"
"https://doi.org/10.3390/cancers12082106",2020,"Jacopo Boni;Carlota Rubio-Pérez;Núria López-Bigas;Cristina Fillat;Susana de la Luna"
"https://doi.org/10.3390/cancers12102959",2020,"Domenico Alessandro Silvestris;Chiara Scopa;Sara Hanchi;Franco Locatelli;Angela Gallo"
"https://doi.org/10.3390/cells10051048",2021,"Olga Pivovarova‐Ramich;Jennifer Loske;Silke Hornemann;Mariya Markova;Nicole Seebeck;Anke Rosenthal;Frederick Klauschen;José Pedro Castro;René Buschow;Tilman Grune;Volker Lange;Natalia Rudovich;D. Margriet Ouwens"
"https://doi.org/10.3390/cells10051235",2021,"Meenakshi Basu Shrivastava;Alina Kozoriz;Solange Desagher;Irina Lassot"
"https://doi.org/10.3390/cells10113094",2021,"Carmen Serrano-Rísquez;Mohamed Omar;María Amparo Gómez-Vidal;Luís Miguel Real;Juan A. Pineda;Antonio Rivero;António Rivero‐Juarez;Donald N. Forthal;Francisco J. Márquez;Sergio Lo Caputo;Mario Clerici;Mara Biasin;Antonio Carúz"
"https://doi.org/10.3390/ijms23063108",2022,"Lena Stange;K. Lucia;Adnan Ghori;Peter Vajkoczy;Marcus Czabanka;Thomas Broggini"
"https://doi.org/10.3390/metabo13020307",2023,"Rania Saeed;Abdul Khader Mohammed;Sarra E. Saleh;Khaled M. Aboshanab;Mohammad Aboulwafa;Jalal Taneera"
"https://doi.org/10.3892/ol.2022.13339",2022,"Mohammad Imran Khan;Suza Mohammad Nur;Wesam H. Abdulaal"
"https://doi.org/10.7554/elife.41927",2019,"Aminah T. Ali;Lena Boehme;Guillermo Carbajosa;Vlad C. Seitan;Kerrin S. Small;Alan Hodgkinson"
"https://doi.org/10.7554/elife.59929",2020,"Benjamin Fair;Lauren E. Blake;Abhishek Sarkar;Bryan J. Pavlovic;Claudia Cuevas;Yoav Gilad"
"https://doi.org/10.7554/elife.65554",2021,"Yi Liu;Nicolas Basty;Brandon Whitcher;Jimmy D. Bell;Elena P. Sorokin;Nick van Bruggen;E. Louise Thomas;Madeleine Cule"
"https://doi.org/10.7554/elife.76887",2022,"Leandro M. Vélez;Cassandra Van;Timothy M. Moore;Zhenqi Zhou;Casey Johnson;Andrea L. Hevener;Marcus M. Seldin"
"https://doi.org/10.1002/cti2.1191",2020,"Lisa M. Ebert;Wenbo Yu;Tessa Gargett;John Toubia;Paris M. Kollis;Melinda N. Tea;Brenton Ebert;Cédric Bardy;Mark van den Hurk;Claudine S. Bonder;Jim Manavis;Kathleen S. Ensbey;Mariana Oksdath Mansilla;Kaitlin G. Scheer;Sally L. Perrin;Rebecca J. Ormsby;Santosh Poonnoose;Barbara Koszyca;Stuart M. Pitson;Bryan W. Day;Guillermo A. Gómez;Michael P. Brown"
"https://doi.org/10.1007/s00335-021-09877-1",2021,"Nicole A. Hawkins;Toshihiro Nomura;Samantha Duarte;Levi Barse;Robert W. Williams;Gregg E. Homanics;Megan K. Mulligan;Anis Contractor;Jennifer A. Kearney"
"https://doi.org/10.1007/s10067-020-05006-6",2020,"Tingting Zhu;Jiaqi Hong;Zongwen Shuai;Shengqian Xu;Danfeng Qian;Xiaojie Hong;Yaoguang Liu;Min Chen;Ziyuan Meng;Lijun Zheng;Danlin Zheng;Xuejun Zhang;Lu Liu"
"https://doi.org/10.1016/j.ajhg.2019.01.012",2019,"Hernán Gonorazky;Sergey Naumenko;Arun Ramani;Viswateja Nelakuditi;Pouria Mashouri;Peiqui Wang;Dennis Kao;Krish Ohri;Senthuri Viththiyapaskaran;Mark A. Tarnopolsky;Katherine D. Mathews;Steven A. Moore;Andres Nascimiento Osorio;David Villanova;Dwi U. Kemaladewi;Ronald D. Cohn;Michael Brudno;James J. Dowling"
"https://doi.org/10.1016/j.crmeth.2022.100218",2022,"Sheila M. Gaynor;Maud Fagny;Xihong Lin;John Platig;John Quackenbush"
"https://doi.org/10.1016/j.ebiom.2021.103588",2021,"Mahmoud Koko;Roland Krause;Thomas Sander;Dheeraj Reddy Bobbili;Michael Nothnagel;Patrick May;Holger Lerche;Yen‐Chen Anne Feng;Daniel P. Howrigan;Liam Abbott;Katherine Tashman;Felecia Cerrato;Tarjinder Singh;Henrike Heyne;Andrea Byrnes;Claire Churchhouse;Nick Watts;Matthew Solomonson;Dennis Lal;Erin L. Heinzen;Ryan S. Dhindsa;Kate E. Stanley;Gianpiero L. Cavalleri;Hákon Hákonarson;Ingo Helbig;Roland Krause;Patrick May;Sarah Weckhuysen;Slavé Petrovski;Sitharthan Kamalakaran;Sanjay M. Sisodiya;Patrick Cossette;Chris Cotsapas;Peter DeJonghe;Tracy Dixon‐Salazar;Renzo Guerrini;Patrick Kwan;Anthony G Marson;Randy Stewart;Chantal Depondt;Dennis Dlugos;Ingrid E. Scheffer;Pasquale Striano;Catharine Freyer;Kevin E. McKenna;Brigid M. Regan;Susannah T. Bellows;Costin Leu;Caitlin A. Bennett;Esther M.C. Johns;Alexandra MacDonald;Hannah Shilling;Rosemary Burgess;Sarah Weckhuysen;Melanie Bahlo;Terence J. O’Brien;Marian Todaro;Hannah Stamberger;Danielle M. Andrade;Tara Sadoway;Kelly Mo;Heinz Krestel;Sabina Gallati;Savvas Papacostas;Ioanna Kousiappa;George A. Tanteles;Katalin Štěrbová;Markéta Vlčková;Lucie Sedláčková;Petra Laššuthová;Karl Martin Klein;Felix Rosenow;Philipp S. Reif;Susanne Knake;Wolfram S. Kunz;Gábor Zsurka;Christian E. Elger;Jürgen Bauer;Michael Rademacher;Manuela Pendziwiat;Hiltrud Muhle;Annika Rademacher;Andreas vanBaalen;Sarah vonSpiczak;Ulrich Stephani;Zaid Afawi;Amos D. Korczyn;Moien Kanaan;Christina Canavati;Gerhard Kurlemann;Karen Müller‐Schlüter;Gerhard Kluger;Martin Häusler;Ilan Blatt;Johannes R. Lemke;Ilona Krey;Yvonne G. Weber;Stefan Wolking;Felicitas Becker;Christian Hengsbach;Sarah Rau;Ana F. Maisch;Bernhard J. Steinhoff;Andreas Schulze‐Bonhage;Susanne Schubert‐Bast;Herbert Schreiber;Ingo Borggräfe;Christoph J. Schankin;Patrick May;Rudolf Korinthenberg;Knut Brockmann;Gerhard Kurlemann;Dieter Dennig;Rene Madeleyn;Reetta Kälviäinen;Pia Auvinen;Anni Saarela;Tarja Linnankivi;Anna‐Elina Lehesjoki;Mark I. Rees;Seo‐Kyung Chung;William Owen Pickrell;Robert Powell;Natascha Schneider;Simona Balestrini;Sara Zagaglia;Vera Braatz;Michael R. Johnson;Pauls Auce;Graeme J. Sills;Larry Baum;Pak C. Sham;Stacey S. Cherny;Colin Hiu Tung Lui;Nina Barišić;Norman Delanty;Colin P. Doherty;Arif Shukralla;Mark McCormack;Hany El‐Naggar;Laura Canafoglia;Silvana Franceschetti;Barbara Castellotti;Tiziana Granata;Federico Zara;Michele Iacomino;Francesca Madia;Maria Stella Vari;Maria Margherita Mancardi;Vincenzo Salpietro;Francesca Bisulli;Paolo Tinuper;Laura Licchetta;Tommaso Pippucci;Carlotta Stipa;Raffaella Minardi;Antonio Gambardella;Angelo Labate;Grazia Annesi;Ida Manna;Monica Gagliardi;Elena Parrini;Davide Mei;Annalisa Vetro;Claudia Bianchini;Martino Montomoli;Viola Doccini;Carla Marini;Toshimitsu Suzuki;Yushi Inoue;Kazuhiro Yamakawa;Birutė Tumienė;Lynette G. Sadleir;Chontelle King;Emily Mountier;Hande Çağlayan;Mutluay Arslan;Zühal Yapıcı;Uluç Yiş;Pınar Topaloğlu;Bülent Kara;Dilşad Türkdoğan;Aslı Gündoğdu-Eken;Nerses Bebek;Sibel Uğur‐İşeri;Betül Baykan;Barış Salman;Garen Haryanyan;Emrah Yücesan;Yeşim Kesim;Çiğdem Özkara;Annapurna Poduri;Beth R. Shiedley;Catherine Shain;Russell J. Buono;Thomas N. Ferraro;Michael R. Sperling;Warren Lo;Michael Privitera;Jacqueline A. French;Steven C. Schachter;Ruben Kuzniecky;Orrin Devinsky;Manu Hegde;Pouya Khankhanian;Katherine L. Helbig;Colin A. Ellis;Gianfranco Spalletta;Fabrizio Piras;Federica Piras;Tommaso Gili;Valentina Ciullo;Andreas Reif;Andrew McQuillin;Nicholas Bass;Andrew M. McIntosh;Douglas Blackwood;Mandy Johnstone;Aarno Palotie;Michele T. Pato;Carlos N. Pato;Evelyn J. Bromet;Célia Barreto Carvalho;Eric D. Achtyes;M.H. Azevedo;Roman Kotov;Douglas S. Lehrer;Dolores Malaspina;Stephen R. Marder;Helena Medeiros;Christopher P. Morley;Diana O. Perkins;Janet L. Sobell;P.F. Buckley;Fabìo Macciardi;Mark Hyman Rapaport;James A. Knowles;Genomic Psychiatry Cohort;Ayman H. Fanous;Steven A. McCarroll;Namrata Gupta;Stacey Gabriel;Mark J Daly;Eric S. Lander;Daniel H. Lowenstein;David B. Goldstein;Holger Lerche;Samuel F. Berkovic;Benjamin M. Neale"
"https://doi.org/10.1016/j.isci.2022.105252",2022,"Sachiko Kobayashi;Shunbun Kita;Daisuke Okuzaki;Yuya Fujishima;Michio Otsuki;Hisashi Kato;Yasuko Nishizawa;Kazuya Miyashita;Chieko Yokoyama;Atsunori Fukuhara;Eiichi Morii;Iichiro Shimomura"
"https://doi.org/10.1016/j.xcrm.2021.100250",2021,"Mel·lina Pinsach‐Abuin;Bernat del Olmo;Adrian Pérez-Agustín;Jesús Matés;Catarina Allegue;Anna Iglesias;Qi Ma;Daria Merkurjev;S. I. Konovalov;Jing Zhang;F. S. El Sheikh;Amalio Telenti;Josép Brugada;Ramón Brugada;Melissa Gymrek;Julia di Iulio;Ivan García-Bassets;Sara Pagans"
"https://doi.org/10.1016/j.xgen.2022.100180",2022,"Arjun Bhattacharya;Jibril Hirbo;Dan Zhou;Wei Zhou;Jie Zheng;Masahiro Kanai;Bogdan Paşaniuc;Eric R. Gamazon;Nancy J. Cox"
"https://doi.org/10.1016/j.xhgg.2021.100056",2021,"Zong Miao;Kristina M. Garske;David Z. Pan;Amogha Koka;Dorota Kamińska;Ville Männistö;Janet S. Sinsheimer;Jussi Pihlajamäki;Päivi Pajukanta"
"https://doi.org/10.1016/j.xhgg.2021.100068",2021,"Randy L. Parrish;Greg Gibson;Michael P. Epstein;Jingjing Yang"
"https://doi.org/10.1016/j.xhgg.2022.100125",2022,"Samantha J. Bryen;Michaela Yuen;Himanshu Joshi;Ruebena Dawes;Katharine Zhang;Jessica K. Lu;Kristi Jones;Christina Liang;Wui‐Kwan Wong;Anthony Peduto;Leigh B. Waddell;Frances J. Evesson;Sandra T. Cooper"
"https://doi.org/10.1016/j.xpro.2022.101831",2022,"Xi Xi;Haochen Li;Lei Wei;Xuegong Zhang"
"https://doi.org/10.1021/acs.jmedchem.1c00518",2021,"Essam Eldin A. Osman;Alnawaz Rehemtulla;Nouri Neamati"
"https://doi.org/10.1038/mp.2017.88",2017,"Laura M. Huckins;Konstantinos Hatzikotoulas;Lorraine Southam;Laura M. Thornton;Julia Steinberg;F. Aguilera-Mckay;Janet Treasure;Ulrike Schmidt;Cerisse Gunasinghe;Atocha Romero;Charles Curtis;Daniel R. Rhodes;Jonathan Moens;Gursharan Kalsi;David W. Dempster;Reynold Leung;Aoife Keohane;Roland Burghardt;Stefan Ehrlich;Johannes Hebebrand;Anke Hinney;Andrea G. Ludolph;Esther Walton;Panos Deloukas;Albert Hofman;Aarno Palotie;Priit Palta;Frank J.A. van Rooij;Kathleen Stirrups;Roger A.H. Adan;Claudette Boni;Roger D. Cone;George Dedoussis;Eric F. van Furth;Fragiskos Gonidakis;Philip Gorwood;James I. Hudson;Jaakko Kaprio;Martien J. Kas;A. Keski-Rahonen;Kirsty Kiezebrink;G-P Knudsen;M Landt;Mario Maj;Alessio Maria Monteleone;Palmiero Monteleone;Anu Raevuori;T. Reichborn-Kjennerud;Federica Tozzi;Άρτεμις Τσίτσικα;Annemarie van Elburg;David Collier;Patrick F. Sullivan;Gerome Breen;Cynthia M. Bulik;E Zeggini"
"https://doi.org/10.1038/nature24277",2017,"Alexis Battle;Andrew Brown;Barbara E. Engelhardt;Stephen B. Montgomery"
"https://doi.org/10.1038/ncomms12342",2016,"Manuel A. Rivas;Daniel B. Graham;Patrick Sulem;Christine Stevens;A. Nicole Desch;Philippe Goyette;Daníel F. Guðbjartsson;Ingileif Jónsdóttir;Unnur Þorsteinsdóttir;Frauke Degenhardt;Sören Mucha;Mitja Kurki;Dalin Li;Mauro D’Amato;Vito Annese;Séverine Vermeire;Rinse K. Weersma;Jonas Halfvarson;Paulina Paavola–Sakki;Maarit Lappalainen;Monkol Lek;Beryl B. Cummings;Taru Tukiainen;Talin Haritunians;Leena Halme;Lotta L. E. Koskinen;Ashwin N. Ananthakrishnan;Yang Luo;Graham Heap;Marijn C. Visschedijk;Jeffrey C. Barrett;Kim de Lange;Cathryn Edwards;AL Hart;C J Hawkey;Luke Jostins;Nicholas A. Kennedy;Christopher A Lamb;James Lee;Charlie W. Lees;John Mansfield;Christopher G. Mathew;C. Mowatt;William G. Newman;Elaine Nimmo;Miles Parkes;Martin Pollard;Natalie J. Prescott;Jessica Randall;Daniel L Rice;Jack Satsangi;Alison Simmons;Mark Tremelling;Holm H. Uhlig;David C. Wilson;Clara Abraham;J ACHKAR;Alain Bitton;Gabrielle Boucher;Kenneth Croitoru;Phil Fleshner;Jürgen Glas;Subra Kugathasan;Johan Van Limbergen;Raquel Milgrom;Deborah D. Proctor;Miguel Regueiro;L. Philip Schumm;Yashoda Sharma;Joanne M. Stempak;Stephan R. Targan;M. H. Wang;Daniel G. MacArthur;Benjamin M. Neale;Tariq Ahmad;Carl A. Anderson;Steven R. Brant;Richard H. Duerr;Mark S. Silverberg;Judy H. Cho;Aarno Palotie;Päivi Saavalainen;Kimmo Kontula;Martti Färkkilâ;Dermot McGovern;André Franke;Kári Stéfansson;John D. Rioux;Ramnik J. Xavier;Mark J. Daly"
"https://doi.org/10.1038/ncomms12817",2016,"Stephane E. Castel;Pejman Mohammadi;Wendy K. Chung;Yufeng Shen;Tuuli Lappalainen"
"https://doi.org/10.1038/ng.3697",2016,"Amy B. Wilfert;Katherine R. Chao;Madhurima Kaushal;Sanjay Jain;Sebastian Zöllner;David R. Adams;Donald F. Conrad"
"https://doi.org/10.1038/nmeth.4078",2016,"Yashar S. Niknafs;Balaji Pandian;Hariharan Iyer;Arul M. Chinnaiyan;Matthew K. Iyer"
"https://doi.org/10.1038/s41398-020-00966-4",2020,"Magdalena Jurkiewicz;Dirk Moser;Antonius Koller;Lei Yu;Emily I. Chen;David A. Bennett;Turhan Canli"
"https://doi.org/10.1038/s41398-020-01158-w",2021,"Taimoor I. Sheikh;Nasim Vasli;Stephen F. Pastore;Kimia Kharizi;Ricardo Harripaul;Zohreh Fattahi;Shruti Pande;Farooq Naeem;A. Hussain;Asif Mir;Omar Islam;Katta M. Girisha;Muhammad Irfan;Muhammad Ayub;Christoph Schwarzer;Hossein Najmabadi;Anju Shukla;Valentina C. Sladky;Vincent Z. Braun;Irmina García-Carpio;Andreas Villunger;John B. Vincent"
"https://doi.org/10.1038/s41419-022-05315-5",2022,"Fei Li;Yuanyan Xiong;Mo Yang;Peiling Chen;Jingkai Zhang;Qiong Wang;Miao Xu;Yiming Wang;Zuyong He;Xin Zhao;Junyu Huang;Xiaoqiong Gu;Li Zhang;Rui Sun;Xunsha Sun;Jingyao Li;Jinxin Ou;Ting Xu;Xueying Huang;Yange Cao;Xiaohong Xu;Danielle Karakas;June Li;Heyu Ni;Qing Zhang"
"https://doi.org/10.1038/s41431-021-00831-y",2021,"Chiara E. Cotroneo;Nunzia Mangano;Tommaso A. Dragani;Francesca Colombo"
"https://doi.org/10.1038/s41467-018-03371-0",2018,"Yang Wu;Jian Zeng;Futao Zhang;Zhihong Zhu;Ting Qi;Zhili Zheng;Luke R. Lloyd‐Jones;Riccardo E. Marioni;Nicholas G. Martin;Grant W. Montgomery;Ian J. Deary;Naomi R. Wray;Peter M. Visscher;Allan F. McRae;Jian Yang"
"https://doi.org/10.1038/s41467-018-04875-5",2018,"Arif Harmanci;Mark Gerstein"
"https://doi.org/10.1038/s41467-019-10717-9",2020,"Nicola Whiffin;Konrad J. Karczewski;Xiaolei Zhang;Sonia Chothani;Miriam J. Smith;D. Gareth Evans;Angharad M. Roberts;Nicholas M. Quaife;Sebastian Schäfer;Owen J. L. Rackham;Jessica Alföldi;Anne O’Donnell‐Luria;Laurent C. Francioli;Irina M. Armean;Eric Banks;Louis Bergelson;Kristian Cibulskis;Ryan L. Collins;Kristen M. Connolly;Miguel Covarrubias;Beryl B. Cummings;Mark J. Daly;Stacey Donnelly;Yossi Farjoun;Steven Ferriera;Stacey Gabriel;Laura D. Gauthier;Jeff Gentry;Namrata Gupta;Thibault Jeandet;Diane Kaplan;Kristen M. Laricchia;Christopher Llanwarne;Eric Vallabh Minikel;Ruchi Munshi;Benjamin M. Neale;Sam Novod;Nikelle Petrillo;Timothy Poterba;David Roazen;Valentín Ruano-Rubio;Andrea Saltzman;Kaitlin E. Samocha;Molly Schleicher;Cotton Seed;Matthew Solomonson;José Soto;Grace Tiao;Kathleen Tibbetts;Charlotte Tolonen;Christopher Vittal;Gordon Wade;Arcturus Wang;Qingbo Wang;Nicholas A. Watts;Ben Weisburd;Carlos A. Aguilar‐Salinas;Tariq Ahmad;Christine M. Albert;Diego Ardissino;Gil Atzmon;John Barnard;Laurent Beaugerie;Emelia J. Benjamin;Michael Boehnke;Lori L. Bonnycastle;Erwin P. Böttinger;Donald W. Bowden;Matthew J. Bown;John C. Chambers;Juliana C.N. Chan;Daniel I. Chasman;Judy H. Cho;Mina K. Chung;Bruce M. Cohen;Adolfo Correa;Dana Dabelea;Mark J. Daly;Dawood Darbar;Ravindranath Duggirala;Josée Dupuis;Patrick T. Ellinor;Roberto Elosúa;Jeanette Erdmann;Tõnu Esko;Martti Färkkilâ;José C. Florez;André Franke;Gad Getz;Benjamin Gläser;Stephen J. Glatt;David Goldstein;Clicerio González;Leif Groop;Christopher Haiman;Craig L. Hanis;Matthew B. Harms;Mikko Hiltunen;Matti Holi;Christina M. Hultman;Mikko Kallela;Jaakko Kaprio;Sekar Kathiresan;Bong‐Jo Kim;Young Jin Kim;George Kirov;Jaspal S. Kooner;Seppo Koskinen;Harlan M. Krumholz;Subra Kugathasan;Soo Heon Kwak;Markku Laakso;Terho Lehtimäki;Ruth J. F. Loos;Steven A. Lubitz;Ronald C.W.;Jaume Marrugat;Kari M. Mattila;Steven A. McCarroll;Mark I. McCarthy;Dermot McGovern;Ruth McPherson;James B. Meigs;Olle Melander;Andres Metspalu;Benjamin M. Neale;Peter M. Nilsson;Michael O’Donovan;Döst Öngür;Lorena Orozco;Michael J. Owen;Nicholette D. Palmer;Aarno Palotie;Kyong Soo Park;Carlos N. Pato;Ann E. Pulver;Nazneen Rahman;Anne M. Remes;John D. Rioux;Samuli Ripatti;Dan M. Roden;Danish Saleheen;Veikko Salomaa;Nilesh J. Samani;Jeremiah M. Scharf;Heribert Schunkert;M. Benjamin Shoemaker;Pamela Sklar;Hilkka Soininen;Harry Sokol;Tim D. Spector;Patrick F. Sullivan;Jaana Suvisaari;E. Shyong Tai;Yik Ying Teo;Jaakko Tuomilehto;Ming T. Tsuang;Dan Turner;Teresa Tusié‐Luna;Erkki Vartiainen;Hugh Watkins;Rinse K. Weersma;Maija Wessman;James G. Wilson;Ramnik J. Xavier;Marquis P. Vawter;Stuart A. Cook;Paul J.R. Barton;Daniel G. MacArthur;James S. Ware"
"https://doi.org/10.1038/s41467-019-12351-x",2019,"Wensong Zhang;An Pan;Xu Zhang;Ang Ying;Gaoxiang Ma;Baolin Liu;Lian‐Wen Qi;Qun Liu;Ping Li"
"https://doi.org/10.1038/s41467-020-14843-7",2020,"Marios Arvanitis;Emmanouil Tampakakis;Yanxiao Zhang;Wei Wang;Adam Auton;Michelle Agee;Stella Aslibekyan;Robert K. Bell;Katarzyna Bryc;Sarah Clark;Sarah L. Elson;Kipper Fletez‐Brant;Pierre Fontanillas;Nicholas A. Furlotte;Pooja Gandhi;Karl Heilbron;Barry Hicks;David A. Hinds;Karen E. Huber;Ethan M. Jewett;Yunxuan Jiang;Aaron Kleinman;Keng‐Han Lin;Nadia K. Litterman;Jennifer C. McCreight;Matthew H. McIntyre;Kimberly F. McManus;Joanna L. Mountain;Sahar V. Mozaffari;Priyanka Nandakumar;Elizabeth S. Noblin;Carrie A. M. Northover;Jared O’Connell;Steven J. Pitts;G. David Poznik;J. Fah Sathirapongsasuti;Anjali J. Shastri;Janie F. Shelton;Suyash Shringarpure;Chao Tian;Joyce Y. Tung;Robert J. Tunney;Vladimir Vacic;Xin Wang;Amir S. Zare;Diptavo Dutta;Stephanie Glavaris;Ali R. Keramati;Nilanjan Chatterjee;C. Neil;Bing Ren;Wendy S. Post;Alexis Battle"
"https://doi.org/10.1038/s41467-020-15821-9",2020,"Tim O. Nieuwenhuis;Stephanie Yang;Rohan Verma;Vamsee Pillalamarri;Dan E. Arking;Avi Z. Rosenberg;Matthew N. McCall;Marc K. Halushka"
"https://doi.org/10.1038/s41467-020-16857-7",2020,"Igor Mandric;Jeremy Rotman;Harry Taegyun Yang;Nicolas Strauli;Dennis Montoya;William Van Der Wey;Jiem R. Ronas;Benjamin Statz;Douglas Yao;Velislava Petrova;Alex Zelikovsky;Roberto Spreafico;Sagiv Shifman;Noah Zaitlen;Maura Rossetti;K. Mark Ansel;Eleazar Eskin;Serghei Mangul"
"https://doi.org/10.1038/s41467-020-20573-7",2021,"Christian Mertes;Ines F. Scheller;Vicente A. Yépez;Muhammed Hasan Çelik;Yingjiqiong Liang;Laura S. Kremer;Mirjana Gušić;Holger Prokisch;Julien Gagneur"
"https://doi.org/10.1038/s41467-021-24378-0",2021,"Tsung-Yu Lu;Katherine M. Munson;Alexandra P. Lewis;Qihui Zhu;Luke J. Tallon;Scott E. Devine;Charles Lee;Evan E. Eichler;Mark Chaisson"
"https://doi.org/10.1038/s41467-022-28348-y",2022,"Caralyn Reisle;Laura M. Williamson;Erin Pleasance;Anna Davies;Brayden Pellegrini;Dustin W. Bleile;Karen Mungall;Eric Chuah;Martin Jones;Yussanne Ma;Eleanor Lewis;Isaac Beckie;David Pham;Raphael Matiello Pletz;Amir Muhammadzadeh;Brandon M. Pierce;Jacky Li;Ross Stevenson;Hansen Wong;Lance R. Bailey;Abbey Reisle;Matthew Douglas;Melika Bonakdar;Jessica Nelson;Cameron J. Grisdale;Martin Krzywinski;Ana Fisic;Teresa Mitchell;Daniel J. Renouf;Stephen Yip;Janessa Laskin;Marco A. Marra;Steven J.M. Jones"
"https://doi.org/10.1038/s41467-022-31845-9",2022,"Diptavo Dutta;Yuan He;Ashis Saha;Marios Arvanitis;Alexis Battle;Nilanjan Chatterjee"
"https://doi.org/10.1038/s41467-022-34433-z",2022,"Tae Kyeong Kim;Sejin Jeon;Seonjun Park;Seongkeun Sonn;Seungwoon Seo;Joo‐Won Suh;Jing Jin;Hyae Yon Kweon;Sinai Kim;Shin Hye Moon;Okhee Kweon;Bon‐Hyeock Koo;Nayoung Kim;Hae‐Ock Lee;Young‐Myeong Kim;Young-Joon Kim;Sung Ho Park;Goo Taeg Oh"
"https://doi.org/10.1038/s41467-023-35888-4",2023,"Xiaoyu Song;Jiayi Ji;Joseph H. Rothstein;Stacey E. Alexeeff;Lori C. Sakoda;Adriana Sistig;Ninah Achacoso;Eric Jorgenson;Alice S. Whittemore;Robert J. Klein;Laurel A. Habel;Pei Wang;Weiva Sieh"
"https://doi.org/10.1038/s41467-023-36585-y",2023,"Jorge Vaquero-Garcia;Joseph K. Aicher;San Jewell;Matthew R. Gazzara;Caleb M. Radens;Anupama Jha;Scott Norton;Nicholas F. Lahens;Gregory R. Grant;Yoseph Barash"
"https://doi.org/10.1038/s41467-023-36862-w",2023,"Qile Dai;Geyu Zhou;Hongyu Zhao;Urmo Võsa;Lude Franke;Alexis Battle;Alexander Teumer;Terho Lehtimäki;Olli T. Raitakari;Tõnu Esko;Mawussé Agbessi;Habibul Ahsan;Isabel Alves;Anand Kumar Andiappan;Wibowo Arindrarto;Philip Awadalla;Alexis Battle;Frank Beutner;Marc Jan Bonder;Dorret I. Boomsma;Mark Christiansen;Annique Claringbould;Patrick Deelen;Marie-Julie Favé;Timothy M. Frayling;Sina A. Gharib;Greg Gibson;Bastiaan T. Heijmans;Gibran Hemani;Rick Jansen;Mika Kähönen;Anette Kalnapenkis;Silva Kasela;Johannes Kettunen;Yungil Kim;Holger Kirsten;Péter Kovács;Knut Krohn;Jaanika Kronberg;Viktorija Kukushkina;Zoltán Kutalik;Bernett Lee;Markus Loeffler;Urko M. Marigorta;Hailang Mei;Lili Milani;Grant W. Montgomery;Martina Müller‐Nurasyid;Matthias Nauck;Michel G. Nivard;Brenda W.J.H. Penninx;Markus Perola;Natalia Pervjakova;Brandon L. Pierce;Joseph E. Powell;Holger Prokisch;Bruce M. Psaty;Samuli Ripatti;Olaf Rötzschke;Sina Rüeger;Ashis Saha;Markus Scholz;Katharina Schramm;Ilkka Seppälä;P. Eline Slagboom;Coen D.A. Stehouwer;Michael Stümvoll;Patrick Sullivan;Peter A.C. ‘t Hoen;Joachim Thiery;Tong Lin;Anke Tönjes;Jenny van Dongen;Maarten van Iterson;Joyce B. J. van Meurs;Jan H. Veldink;Joost Verlouw;Peter M. Visscher;Uwe Völker;Harm-Jan Westra;Cisca Wijmenga;Hanieh Yaghootka;Jian Yang;Biao Zeng;Futao Zhang;Michael P. Epstein;Jingjing Yang"
"https://doi.org/10.1038/s41525-022-00294-0",2022,"Narumi Sakaguchi;Mikita Suyama"
"https://doi.org/10.1038/s41586-019-1289-x",2019,"Silvia Velasco;Amanda J. Kedaigle;Sean Simmons;Allison Nash;Marina Pereira Rocha;Giorgia Quadrato;Bruna Paulsen;Lan Nguyễn;Xian Adiconis;Aviv Regev;Joshua Z. Levin;Paola Arlotta"
"https://doi.org/10.1038/s41586-020-2267-z",2020,"Eric Vallabh Minikel;Konrad J. Karczewski;Hilary C. Martin;Beryl B. Cummings;Nicola Whiffin;Daniel R. Rhodes;Jessica Alföldi;Richard C. Trembath;David A. van Heel;Mark J. Daly;Jessica Alföldi;Irina M. Armean;Eric Banks;Louis Bergelson;Kristian Cibulskis;Ryan L. Collins;Kristen M. Connolly;Miguel Covarrubias;Beryl B. Cummings;Mark J. Daly;Stacey Donnelly;Yossi Farjoun;Steven Ferriera;Laurent C. Francioli;Stacey Gabriel;Laura D. Gauthier;Jeff Gentry;Namrata Gupta;Thibault Jeandet;Diane Kaplan;Konrad J. Karczewski;Kristen M. Laricchia;Christopher Llanwarne;Eric Vallabh Minikel;Ruchi Munshi;Benjamin M. Neale;Sam Novod;Anne O’Donnell‐Luria;Nikelle Petrillo;Timothy Poterba;David Roazen;Valentín Ruano-Rubio;Andrea Saltzman;Kaitlin E. Samocha;Molly Schleicher;Cotton Seed;Matthew Solomonson;José Soto;Grace Tiao;Kathleen Tibbetts;Charlotte Tolonen;Christopher Vittal;Gordon Wade;Arcturus Wang;Qingbo Wang;James S. Ware;Nicholas A. Watts;Ben Weisburd;Nicola Whiffin;Carlos A. Aguilar‐Salinas;Tariq Ahmad;Christine M. Albert;Diego Ardissino;Gil Atzmon;J. A. Barnard;Laurent Beaugerie;Emelia J. Benjamin;Michael Boehnke;Lori L. Bonnycastle;Erwin P. Böttinger;Donald W. Bowden;Matthew J. Bown;John C. Chambers;Juliana C.N. Chan;Daniel I. Chasman;Judy H. Cho;Mina K. Chung;Bruce M. Cohen;Adolfo Correa;Dana Dabelea;Mark J. Daly;Dawood Darbar;Ravindranath Duggirala;Josée Dupuis;Patrick T. Ellinor;Roberto Elosúa;Jeanette Erdmann;Tõnu Esko;Martti Färkkilâ;José C. Florez;André Franke;Gad Getz;Benjamin Gläser;Stephen J. Glatt;David Goldstein;Clicerio González;Per‐Henrik Groop;Christopher Haiman;Craig L. Hanis;Matthew Harms;Mikko Hiltunen;Matti Holi;Christina M. Hultman;Mikko Kallela;Jaakko Kaprio;Sekar Kathiresan;Bong‐Jo Kim;Young Jin Kim;George Kirov;Jaspal S. Kooner;Seppo Koskinen;Harlan M. Krumholz;Subra Kugathasan;Soo Heon Kwak;Markku Laakso;Terho Lehtimäki;Ruth J. F. Loos;Steven A. Lubitz;Ronald C.W.;Daniel G. MacArthur;Jaume Marrugat;Kari M. Mattila;Steven A. McCarroll;Mark I. McCarthy;Dermot McGovern;Ruth McPherson;James B. Meigs;Olle Melander;Andres Metspalu;Benjamin M. Neale;Peter M. Nilsson;Michael O’Donovan;Döst Öngür;Lorena Orozco;Michael J. Owen;Nicholette D. Palmer;Aarno Palotie;Kyong Soo Park;Carlos N. Pato;Ann E. Pulver;Nazneen Rahman;Anne M. Remes;John D. Rioux;Samuli Ripatti;Dan M. Roden;Danish Saleheen;Veikko Salomaa;Nilesh J. Samani;Jeremiah M. Scharf;Heribert Schunkert;M. Benjamin Shoemaker;Pamela Sklar;Hilkka Soininen;Harry Sokol;Tim D. Spector;Patrick F. Sullivan;Jaana Suvisaari;E. Shyong Tai;Yik Ying Teo;Jaakko Tuomilehto;Ming T. Tsuang;Teresa Dan Turner;Teresa Tusié‐Luna;Erkki Vartiainen;Marquis P. Vawter;James S. Ware;Hugh Watkins;Rinse K. Weersma;Maija Wessman;James G. Wilson;Ramnik J. Xavier;Stuart L. Schreiber;Daniel G. MacArthur"
"https://doi.org/10.1038/s41586-020-2329-2",2020,"Beryl B. Cummings;Konrad J. Karczewski;Jack A. Kosmicki;Eleanor G. Seaby;Nicholas A. Watts;Moriel Singer‐Berk;Jonathan M. Mudge;Juha Karjalainen;F. Kyle Satterstrom;Anne O’Donnell‐Luria;Timothy Poterba;Cotton Seed;Matthew Solomonson;Jessica Alföldi;Jessica Alföldi;Irina M. Armean;Eric Banks;Louis Bergelson;Kristian Cibulskis;Ryan L. Collins;Kristen M. Connolly;Miguel Covarrubias;Beryl B. Cummings;Mark J. Daly;Stacey Donnelly;Yossi Farjoun;Steven Ferriera;Laurent C. Francioli;Stacey Gabriel;Laura D. Gauthier;Jeff Gentry;Namrata Gupta;Thibault Jeandet;Diane Kaplan;Konrad J. Karczewski;Kristen M. Laricchia;Christopher Llanwarne;Eric Vallabh Minikel;Ruchi Munshi;Benjamin M. Neale;Sam Novod;Anne O’Donnell‐Luria;Nikelle Petrillo;Timothy Poterba;David Roazen;Valentín Ruano-Rubio;Andrea Saltzman;Kaitlin E. Samocha;Molly Schleicher;Cotton Seed;Matthew Solomonson;José Soto;Grace Tiao;Kathleen Tibbetts;Charlotte Tolonen;Christopher Vittal;Gordon Wade;Arcturus Wang;Qingbo Wang;James S. Ware;Nicholas A. Watts;Ben Weisburd;Nicola Whiffin;Carlos A. Aguilar‐Salinas;Tariq Ahmad;Christine M. Albert;Diego Ardissino;Gil Atzmon;John Barnard;Laurent Beaugerie;Emelia J. Benjamin;Michael Boehnke;Lori L. Bonnycastle;Erwin P. Böttinger;Donald W. Bowden;Matthew J. Bown;John C. Chambers;Juliana C.N. Chan;Daniel I. Chasman;Judy H. Cho;Mina K. Chung;Bruce M. Cohen;Adolfo Correa;Dana Dabelea;Mark J. Daly;Dawood Darbar;Ravindranath Duggirala;Josée Dupuis;Patrick T. Ellinor;Roberto Elosúa;Jeanette Erdmann;Tõnu Esko;Martti Färkkilâ;José C. Florez;André Franke;Gad Getz;Benjamin Gläser;Stephen J. Glatt;David Goldstein;Clicerio González;Per‐Henrik Groop;Christopher Haiman;Craig L. Hanis;Matthew Harms;Mikko Hiltunen;Matti Holi;Christina M. Hultman;Mikko Kallela;Jaakko Kaprio;Sekar Kathiresan;Bong-Jo Kim;Young Jin Kim;George Kirov;Jaspal S. Kooner;Seppo Koskinen;Harlan M. Krumholz;Subra Kugathasan;Soo Heon Kwak;Markku Laakso;Terho Lehtimäki;Ruth J. F. Loos;Steven A. Lubitz;Ronald C.W.;Daniel G. MacArthur;Jaume Marrugat;Kari M. Mattila;Steven A. McCarroll;Mark I. McCarthy;Dermot McGovern;Ruth McPherson;James B. Meigs;Olle Melander;Andres Metspalu;Benjamin M. Neale;Peter M. Nilsson;Michael O’Donovan;Döst Öngür;Lorena Orozco;Michael J. Owen;Nicholette D. Palmer;Aarno Palotie;Kyong Soo Park;Carlos N. Pato;Ann E. Pulver;Nazneen Rahman;Anne M. Remes;John D. Rioux;Samuli Ripatti;Dan M. Roden;Danish Saleheen;Veikko Salomaa;Nilesh J. Samani;Jeremiah M. Scharf;Heribert Schunkert;M. Benjamin Shoemaker;Pamela Sklar;Hilkka Soininen;Harry Sokol;Tim D. Spector;Patrick F. Sullivan;Jaana Suvisaari;E. Shyong Tai;Yik Ying Teo;Jaakko Tuomilehto;Ming T. Tsuang;Dan Turner;Teresa Tusié‐Luna;Erkki Vartiainen;Marquis P. Vawter;James S. Ware;Hugh Watkins;Rinse K. Weersma;Maija Wessman;James G. Wilson;Ramnik J. Xavier;Mark J. Daly;Daniel G. MacArthur"
"https://doi.org/10.1038/s41588-018-0154-4",2018,"Eric R. Gamazon;Ayellet V. Segrè;Martijn van de Bunt;Xiaoquan Wen;Hualin Simon Xi;Farhad Hormozdiari;Halit Ongen;Anuar Konkashbaev;Eske M. Derks;François Aguet;Jie Quan;Dan L. Nicolae;Eleazar Eskin;Manolis Kellis;Gad Getz;Mark I. McCarthy;Emmanouil T. Dermitzakis;Nancy J. Cox;Kristin Ardlie"
"https://doi.org/10.1038/s41588-018-0192-y",2018,"Stephane E. Castel;Alejandra Cervera;Pejman Mohammadi;François Aguet;Ferrán Reverter;Aaron Wolman;Roderic Guigó;Ivan Iossifov;Ana Vasileva;Tuuli Lappalainen"
"https://doi.org/10.1038/s41588-018-0268-8",2018,"Sarah Urbut;Gao Wang;Peter Carbonetto;Matthew Stephens"
"https://doi.org/10.1038/s41588-021-00924-w",2021,"Nurlan Kerimov;James Hayhurst;Kateryna Peikova;Jonathan Manning;Peter Walter;Liis Kolberg;Marija Samoviča;Manoj Pandian Sakthivel;Ivan Kuzmin;Stephen J. Trevanion;Tony Burdett;Simon Jupp;Helen Parkinson;Irene Papatheodorou;Andrew Yates;Daniel R. Zerbino;Kaur Alasoo"
"https://doi.org/10.1038/s41598-018-23453-9",2018,"Silvia Sookoian;Diego Flichman;Martín Garaycoechea;Carla Gazzi;Julio San Martino;Gustavo Castaño;Carlos J. Pirola"
"https://doi.org/10.1038/s41598-018-24219-z",2018,"Tobias Strunz;Felix Graßmann;Javier Gayán;Satu Nahkuri;Débora C. Souza-Costa;Cyrille Maugeais;Sascha Fauser;Everson Nogoceke;Bernhard H. F. Weber"
"https://doi.org/10.1038/s41598-019-53560-0",2019,"Bao‐Zhu Yang;Hang Zhou;Zhongshan Cheng;Henry R. Kranzler;Joel Gelernter"
"https://doi.org/10.1038/s41598-019-55454-7",2019,"María Peña-Chilet;Marina Esteban‐Medina;Matías Marín Falco;Kinza Rian;Marta R. Hidalgo;Carlos Loucera;Joaquı́n Dopazo"
"https://doi.org/10.1038/s41598-020-73214-w",2020,"Judith Somekh"
"https://doi.org/10.1038/s41598-021-86240-z",2021,"Leonardo Capistrano Ferreira;Carlos Eduardo Maia Gomes;Priya Duggal;Ingrid De Paula Holanda;Amanda Samara de Lima;Paulo Ricardo Porfírio do Nascimento;Selma M. B. Jerônimo"
"https://doi.org/10.1038/s41598-021-86690-5",2021,"George A. R. Wiggins;Michael A. Black;Anita K. Dunbier;Tony R. Merriman;Esther M. John;Logan C. Walker"
"https://doi.org/10.1038/s41598-021-89904-y",2021,"Zhenhua Zhang;Freerk van Dijk;Niek de Klein;Mariëlle van Gijn;Lude Franke;Richard J. Sinke;Morris A. Swertz;K. Joeri van der Velde"
"https://doi.org/10.1038/s41598-021-99747-2",2021,"Charlie F Rowlands;Huw B. Thomas;Jenny Lord;Htoo A. Wai;Gavin Arno;Glenda M. Beaman;Panagiotis I. Sergouniotis;Beatriz Gomes-Silva;Christopher Campbell;Nicole Gossan;Claire Hardcastle;Kevin Webb;Christopher O’Callaghan;Robert A. Hirst;Simon Ramsden;Elizabeth A. Jones;Jill Clayton‐Smith;Andrew R. Webster;John C. Ambrose;Prabhu Arumugam;R. Bevers;Marta Bleda;F. Boardman-Pretty;C. R. Boustred;Helen Brittain;Mark J. Caulfield;G. C. Chan;Tom Fowler;Adam Giess;Angela Hamblin;Shirley Henderson;Tim Hubbard;R. Jackson;J. Louise Jones;Dalia Kasperavičiūtė;Melis Kayikci;Athanasios Kousathanas;L. Lahnstein;S. E. A. Leigh;I. U. S. Leong;Fabrice Lopez;F. Maleady-Crowe;Meriel McEntagart;Federico Minneci;Loukas Moutsianas;Michael Mueller;Nirupa Murugaesu;Anna C. Need;Peter O’Donovan;Christopher A. Odhams;Christine Patch;D. Perez-Gil;Mariana Buongermino Pereira;J. Pullinger;T. Rahim;Augusto Rendon;T. Rogers;K. Savage;K. Sawant;Richard H. Scott;Afshan Siddiq;A. Sieghart;Samuel C. Smith;Alona Sosinsky;A. Stuckey;M. Tanguy;Ana Lisa Taylor Tavares;Ellen Thomas;Simon R. Thompson;Arianna Tucci;M. J. Welland;Eleanor Williams;K. Witkowsa;S. M. Wood;Andrew G. L. Douglas;Raymond T. O’Keefe;William G. Newman;Diana Baralle;Graeme Black;Jamie M. Ellingford"
"https://doi.org/10.1038/s41598-022-08588-0",2022,"Helmut Schaschl;Tobias Göllner;David Morris"
"https://doi.org/10.1038/s41598-022-13637-9",2022,"Sára Lenárt;Peter Lenárt;Lucia Knopfová;Hana Kotasová;Vendula Pelková;Veronika Sedláková;Ondřej Vacek;Jana Pokludová;Vladimír Čan;Jan Šmarda;Karel Souček;Aleš Hampl;Petr Beneš"
"https://doi.org/10.1038/s42003-020-0879-3",2020,"Aminah T. Ali;Youssef Idaghdour;Alan Hodgkinson"
"https://doi.org/10.1038/s42003-023-04611-w",2023,"Piotr Przanowski;Roza Przanowska;Michael J. Guertin"
"https://doi.org/10.1038/srep22223",2016,"Yukinori Okada;Tomoki Muramatsu;Naomasa Suita;Masahiro Kanai;Eiryo Kawakami;Valentina Iotchkova;Nicole Soranzo;Johji Inazawa;Toshihiro Tanaka"
"https://doi.org/10.1084/jem.20202446",2021,"Peng Xu;Jerry C. Chang;Xiaopu Zhou;Wei Wang;Michael Bamkole;Eitan Wong;Karima Bettayeb;Lu-Lin Jiang;Timothy Y. Huang;Wenjie Luo;Huaxi Xu;Angus C. Nairn;Marc Flajolet;Nancy Y. Ip;Yue‐Ming Li;Paul Greengard"
"https://doi.org/10.1093/bioinformatics/btw245",2016,"Shahin Mohammadi;Ananth Grama"
"https://doi.org/10.1093/database/baab007",2021,"Pascal Jézéquel;Wilfried Gouraud;Fadoua Ben Azzouz;Catherine Guérin‐Charbonnel;Philippe Juin;Hamza Lasla;Mario Campone"
"https://doi.org/10.1093/ije/dyz155",2019,"Venexia Walker;Patrick G. Kehoe;Richard M. Martin;Neil M Davies"
"https://doi.org/10.1093/nar/gkaa940",2020,"Zhao Zhang;Wei Hong;Hang Ruan;Ying Jing;Shengli Li;Yaoming Liu;Jun Wang;Wenbo Li;Lixia Diao;Leng Han"
"https://doi.org/10.1093/nar/gkab031",2021,"Arjun Bhattacharya;Alina M. Hamilton;Melissa A. Troester;Michael I. Love"
"https://doi.org/10.1093/nar/gkab1159",2021,"Zishuo Zeng;Ariel A. Aptekmann;Yana Bromberg"
"https://doi.org/10.1098/rsob.200116",2020,"Sandra Anne Banack;Rachael A. Dunlop;Paul Alan Cox"
"https://doi.org/10.1101/2020.08.27.270819",2020,"Ersin Akıncı;Minsun Cha;Lin Lin;Grace Hui Ting Yeo;Marisa C. Hamilton;Callie J. Donahue;Heysol C. Bermudez-Cabrera;Larissa C. Zanetti;Maggie Chen;Sammy Barkal;Benyapa Khowpinitchai;Nam Chu;Minja Velimirovic;Rikita Jodhani;James D. Fife;Miha Sovrovic;Philip A. Cole;Robert A. Davey;Christopher A. Cassa;Richard I. Sherwood"
"https://doi.org/10.1101/2021.11.23.469714",2021,"Jaewon Song;Ryan D. Chow;Mario A. Peña-Hernández;Li Zhang;Skylar A. Loeb;Eui‐Young So;Olin D. Liang;Craig B. Wilen;Sanghyun Lee"
"https://doi.org/10.1101/gr.216754.116",2017,"Fan Yang;Jiebiao Wang;Brandon L. Pierce;Lin Chen"
"https://doi.org/10.1101/gr.275488.121",2021,"Alexandra J. Scott;Colby Chiang;Ira M. Hall"
"https://doi.org/10.1101/gr.276013.121",2022,"Kristen M. Laricchia;Nicole J. Lake;Nicholas A. Watts;Megan Shand;Andrea Haessly;Laura D. Gauthier;David Benjamin;Eric Banks;José Soto;Kiran Garimella;James Emery;Heidi L. Rehm;Daniel G. MacArthur;Grace Tiao;Monkol Lek;Vamsi K. Mootha;Sarah E. Calvo"
"https://doi.org/10.1126/sciadv.adf3264",2023,"Zhaozhao Zhao;Yu Chen;Xiaomeng Cheng;Leihuan Huang;Haimei Wen;Qiushi Xu;Xiaolan Zhou;Xiaoyang Zhang;Jing Chen;Ting Ni"
"https://doi.org/10.1128/msystems.00158-21",2021,"Wei Fan;Hui Kan;Haiyan Liu;Tianlei Wang;Yining He;Miao Zhang;Yaxin Li;Yijie Li;Wei Meng;Qing Li;Anqun Hu;Yingjie Zheng"
"https://doi.org/10.1136/ard-2022-222796",2022,"Bora Nam;Sungsin Jo;So‐Young Bang;Young‐Ho Park;Ji Hui Shin;Ye‐Soo Park;Seunghun Lee;Kyung Bin Joo;Tae‐Hwan Kim"
"https://doi.org/10.1177/03000605211039798",2021,"Shushan Zhao;Ping Liu;Zhe Ruan;Jianhuang Li;Shan Zeng;Meizuo Zhong;Lanhua Tang"
"https://doi.org/10.1186/s12859-017-1847-x",2017,"Joseph N. Paulson;Cho-Yi Chen;Camila M. Lopes‐Ramos;Marieke L. Kuijjer;John Platig;Abhijeet R. Sonawane;Maud Fagny;Kimberly Glass;John Quackenbush"
"https://doi.org/10.1186/s12859-021-04126-3",2021,"Neel Patel;William S. Bush"
"https://doi.org/10.1186/s12864-020-06874-7",2020,"Xumin Ni;Mengshi Zhou;Heming Wang;Karen He;Uli Broeckel;Craig L. Hanis;Sharon L.R. Kardia;Susan Redline;Stephen S. Rich;Hua Tang;Xiaofeng Zhu"
"https://doi.org/10.1186/s12864-022-08356-4",2022,"Karen He;Tanika N. Kelly;Heming Wang;Jingjing Liang;Luke Zhu;Brian E. Cade;Themistocles L. Assimes;Lewis C. Becker;Amber L. Beitelshees;Lawrence F. Bielak;Adam P. Bress;Jennifer A. Brody;Yen-Pei C. Chang;Yi‐Cheng Chang;Paul S. de Vries;Ravindranath Duggirala;Ervin R. Fox;Nora Franceschini;Anna Furniss;Yan Gao;Xiuqing Guo;Jeffrey Haessler;Yi‐Jen Hung;Shih‐Jen Hwang;Marguerite R. Irvin;Rita R. Kalyani;Yongmei Liu;Chunyu Liu;Lisa W. Martin;May E. Montasser;Paul Muntner;Stanford Mwasongwe;Take Naseri;Walter Palmas;Muagututi’a Sefuiva Reupena;Kenneth Rice;Wayne H.-H. Sheu;Daichi Shimbo;Jennifer A. Smith;Beverly M. Snively;Lisa R. Yanek;Wei Zhao;John Blangero;Eric Boerwinkle;Yii‐Der Ida Chen;Adolfo Correa;L. Adrienne Cupples;Joanne E. Curran;Myriam Fornage;Jiang He;Lifang Hou;Robert C. Kaplan;Sharon L.R. Kardia;Eimear E. Kenny;Charles Kooperberg;Donald M. Lloyd‐Jones;Ruth J. F. Loos;Rasika A. Mathias;Stephen T. McGarvey;Braxton D. Mitchell;Kari E. North;Patricia A. Peyser;Bruce M. Psaty;Laura M. Raffield;D. C. Rao;Susan Redline;Alex P. Reiner;Stephen S. Rich;Jerome I. Rotter;Kent D. Taylor;Russell P. Tracy;Ramachandran S. Vasan;Alanna C. Morrison;Daniel Levy;Aravinda Chakravarti;Donna K. Arnett;Xiaofeng Zhu"
"https://doi.org/10.1186/s12885-022-10157-7",2022,"Carolina Di Benedetto;Justin Oh;Zainab Choudhery;Weiquan Shi;Gilmer Valdés;Paola Betancur"
"https://doi.org/10.1186/s12916-020-01883-5",2021,"Yang Hu;Jingyi Sun;Yan Zhang;Haihua Zhang;Shan Gao;Tao Wang;Zhifa Han;Longcai Wang;Baoliang Sun;Guiyou Liu"
"https://doi.org/10.1186/s12920-017-0274-1",2017,"Jack Humphrey;Warren Emmett;Pietro Fratta;Adrian M. Isaacs;Vincent Plagnol"
"https://doi.org/10.1186/s12920-019-0581-9",2019,"Filisia Agus;Diego Crespo;Richard H. Myers;Adam Labadorf"
"https://doi.org/10.1186/s12920-019-0630-4",2019,"Zhixun Zhao;Hui Peng;Xiaocai Zhang;Yi Zheng;Fang Chen;Liang Fang;Jinyan Li"
"https://doi.org/10.1186/s12967-018-1632-2",2018,"Nicolas Jonckheere;Isabelle Van Seuningen"
"https://doi.org/10.1186/s13059-019-1647-x",2019,"Domenico Alessandro Silvestris;Ernesto Picardi;Valeriana Cesarini;Bruno Fosso;Nicolò Mangraviti;Luca Massimi;Maurizio Martini;Graziano Pesole;Franco Locatelli;Angela Gallo"
"https://doi.org/10.1186/s13059-019-1801-5",2019,"Lin Jiang;Chao Xue;Sheng Dai;Shangzhen Chen;Peikai Chen;Pak C. Sham;Haijun Wang;Miaoxin Li"
"https://doi.org/10.1186/s13059-020-02129-6",2020,"Yuan He;Surya B. Chhetri;Marios Arvanitis;Kaushik Srinivasan;François Aguet;Kristin Ardlie;Alvaro Barbeira;Rodrigo Bonazzola;Hae Kyung Im;Christopher D. Brown;Alexis Battle"
"https://doi.org/10.1186/s13059-020-02252-4",2021,"Alvaro Barbeira;Rodrigo Bonazzola;Eric R. Gamazon;Yanyu Liang;YoSon Park;Sarah Kim-Hellmuth;Gao Wang;Zhuoxun Jiang;Dan Zhou;Farhad Hormozdiari;Boxiang Liu;Abhiram Rao;Andrew R. Hamel;Milton Pividori;François Aguet;Lisa Bastarache;Daniel M. Jordan;Marie Verbanck;Ron Do;Matthew Stephens;Kristin Ardlie;Mark McCarthy;Stephen B. Montgomery;Ayellet V. Segrè;Christopher D. Brown;Tuuli Lappalainen;Xiaoquan Wen;Hae Kyung Im"
"https://doi.org/10.1186/s13059-021-02259-5",2021,"Lin Wang;Karin Shamardani;Husam Babikir;Francisca Catalan;Takahide Nejo;Susan Chang;Joanna J. Phillips;Hideho Okada;Aaron A. Diaz"
"https://doi.org/10.1186/s13059-021-02273-7",2021,"Jun Cheng;Muhammed Hasan Çelik;Anshul Kundaje;Julien Gagneur"
"https://doi.org/10.1186/s13059-021-02353-8",2021,"Farhad Hormozdiari;Junghyun Jung;Eleazar Eskin;Jong Wha J. Joo"
"https://doi.org/10.1186/s13059-021-02507-8",2021,"Marek Cmero;Breon Schmidt;Ian J. Majewski;Paul G. Ekert;Alicia Oshlack;N. Davidson"
"https://doi.org/10.1186/s13073-019-0670-6",2019,"Yanran Wang;Maximilian Miller;Yuri Astrakhan;Britt‐Sabina Petersen;Stefan Schreiber;André Franke;Yana Bromberg"
"https://doi.org/10.1186/s13073-021-00905-y",2021,"Sushant Patkar;Kerstin Heselmeyer‐Haddad;Noam Auslander;Daniela Hirsch;Jordi Camps;Daniel Bronder;Markus Brown;Wei-Dong Chen;Rachel Lokanga;Darawalee Wangsa;Danny Wangsa;Yue Hu;Annette Lischka;Rüdiger Braun;Georg Emons;Β. Michael Ghadimi;Jochen Gaedcke;Marian Grade;Cristina Montagna;Yuri Lazebnik;Michael J. Difilippantonio;Jens K. Habermann;Gert Auer;Eytan Ruppin;Thomas Ried"
"https://doi.org/10.1186/s13073-021-00939-2",2021,"David Z. Pan;Zong Miao;Caroline Comenho;Sandhya Rajkumar;Amogha Koka;Seung Hyuk Lee;Marcus Alvarez;Dorota Kamińska;Arthur Ko;Janet S. Sinsheimer;Karen L. Mohlke;Nicholas Mancuso;L. Hernández;Miguel Francisco Herrera-Hernández;Marı́a Teresa Tusié-Luna;Carlos A. Aguilar‐Salinas;Kirsi H. Pietiläinen;Jussi Pihlajamäki;Markku Laakso;Kristina M. Garske;Päivi Pajukanta"
"https://doi.org/10.1186/s13073-023-01163-w",2023,"Haoxue Wang;Yimin Cai;Meng Jin;Chao Qun Huang;Caibo Ning;Siyuan Niu;Linyun Fan;Bin Li;Ming Zhang;Zequn Lu;Xuesi Dong;Zilin Luo;Rong Zhong;Heng Li;Ying Zhu;Xiaoping Miao;Xiaojun Yang;Jiang Chang;Ni Li;Jianbo Tian"
"https://doi.org/10.1186/s13293-020-00312-9",2020,"Kimberly C. Olney;Sarah M. Brotman;Jocelyn P. Andrews;Valeria A. Valverde-Vesling;Melissa A. Wilson"
"https://doi.org/10.1210/jendso/bvac092",2022,"Elizabeth Paz-Pacheco;Jose B. Nevado;Eva Maria C. Cutiongco–de la Paz;Gabriel Jasul;Aimee Yvonne Criselle L. Aman;Elizabeth Laurize A Ribaya;Mark David Francisco;Ma Luz Vicenta V Guanzon;May L Uyking-Naranjo;Ma. Cecille S. Anonuevo-Cruz;Maria Patricia Deanna Maningat;Cristina Jaring;Paulette D. Nacpil-Dominguez;Aniza B Pala-Mohamad;Abigail Uy Canto;John Paul Montinola Quisumbing;Annabelle Marie Lat;Diane Carla Bernardo;Noemie Marie M. Mansibang;Karell Jo Angelique Calpito;Vincent Sean D Ribaya;Julius Patrick Ferrer;Jessica H Biwang;Jodelyn Melegrito;Christian Deo T. Deguit;Carlos Emmanuel G Panerio"
"https://doi.org/10.1212/nxg.0000000000000554",2021,"Leigh B. Waddell;Samantha J. Bryen;Beryl B. Cummings;Adam Bournazos;Frances J. Evesson;Himanshu Joshi;Jamie L. Marshall;Taru Tukiainen;Elise Valkanas;Ben Weisburd;Simon Sadedin;Mark R. Davis;Fathimath Faiz;Rebecca Gooding;Sarah A. Sandaradura;Gina L. O’Grady;Michel Tchan;David Mowat;Emily C. Oates;Michelle A. Farrar;Hugo Sampaio;Alan Ma;Katherine Neas;Min‐Xia Wang;Amanda Charlton;Charles Chan;Diane Kenwright;Nicole Graf;Susan Arbuckle;Nigel F. Clarke;Daniel G. MacArthur;Kristi Jones;Monkol Lek;Sandra T. Cooper"
"https://doi.org/10.1245/s10434-021-10771-y",2021,"Jin‐On Jung;Naita M. Wirsik;Henrik Nienhüser;Leila Peters;Beat P. Müller‐Stich;Timo Hess;Vitalia Schüller;Johannes Schumacher;Thomas Schmidt"
"https://doi.org/10.1371/journal.pcbi.1005537",2017,"Jin Hyun Ju;Sushila Shenoy;Ronald G. Crystal;Jason G. Mezey"
"https://doi.org/10.1371/journal.pcbi.1007293",2019,"Fábio C. P. Navarro;Jacob Hoops;Lauren Bellfy;Eliza Cerveira;Qihui Zhu;Chengsheng Zhang;Charles Lee;Mark Gerstein"
"https://doi.org/10.1371/journal.pgen.1006599",2017,"Kushal K. Dey;Chiaowen Joyce Hsiao;Matthew Stephens"
"https://doi.org/10.1371/journal.pgen.1008481",2019,"Jennifer Zou;Farhad Hormozdiari;Brandon Jew;Stephane E. Castel;Tuuli Lappalainen;Jason Ernst;Jae Hoon Sul;Eleazar Eskin"
"https://doi.org/10.1371/journal.pgen.1008981",2020,"Tiit Örd;Tarmo Puurand;Daima Örd;Tarmo Annilo;Märt Möls;Maido Remm;T. Örd"
"https://doi.org/10.1371/journal.pgen.1010573",2023,"Laura S. Kremer;Lyuba V. Bozhilova;Diana Rubalcava-Gracia;Roberta Filograna;Mamta Upadhyay;Camilla Koolmeister;Patrick F. Chinnery;Nils‐Göran Larsson"
"https://doi.org/10.1371/journal.pone.0221371",2019,"Erin A. Marshall;Greg L. Stewart;Adam P. Sage;Wan L. Lam;Carolyn J. Brown"
"https://doi.org/10.1371/journal.pone.0223337",2019,"Gavin R. Oliver;Xiaojia Tang;Laura Schultz‐Rogers;Noemi Vidal‐Folch;W. Garrett Jenkinson;Tanya L. Schwab;Krutika S. Gaonkar;Margot A. Cousin;Asha Nair;Shubham Basu;Pritha Chanana;Devin Oglesbee;Eric W. Klee"
"https://doi.org/10.1371/journal.pone.0249148",2021,"Nicholas A. Kinney;Lin Kang;Harpal Bains;Elizabeth Lawson;Mesam Husain;Kumayl Husain;Inderjit Sandhu;Yongdeok Shin;Javan K. Carter;Ramu Anandakrishnan;Pawel Michalak;Harold R. Garner"
"https://doi.org/10.1371/journal.pone.0250518",2021,"Gavin R. Oliver;Sofia Marcano-Bonilla;Jonathan Quist;Ezequiel J. Tolosa;Eriko Iguchi;Amy A. Swanson;Nicole L. Hoppman;Tanya L. Schwab;Ashley Sigafoos;Naresh Prodduturi;Jesse S. Voss;Shannon M. Knight;Jin Zhang;Numrah Fadra;Raúl Urrutia;Michael A. Zimmerman;Jan B. Egan;Anthony G. Bilyeu;Jin Jen;Ema Veras;Rema'a Ahmad Al-Safi;Matthew S. Block;Sarah Kerr;Martín E. Fernández-Zapico;John K. Schoolmeester;Eric W. Klee"
"https://doi.org/10.1371/journal.pone.0266620",2022,"Kohei Yamakawa;Michiyo Koyanagi‐Aoi;Keiichiro Uehara;Atsuhiro Masuda;Hiroaki Yanagimoto;Hirochika Toyama;Takumi Fukumoto;Yuzo Kodama;Takashi Aoi"
"https://doi.org/10.14309/ctg.0000000000000210",2020,"Christopher H. Dampier;Matthew A.M. Devall;Lucas T. Jennelle;Virginia Díez‐Obrero;Sarah J. Plummer;Vı́ctor Moreno;Graham Casey"
"https://doi.org/10.1530/jme-20-0160",2021,"Nathan Appanna;Hylton Gibson;Elena Gangitano;Niall Dempster;Karen Morris;Sherly George;Anastasia Arvaniti;Laura Gathercole;Brian Keevil;T.M. Penning;Karl‐Heinz Storbeck;Jeremy Tomlinson;Nikolaos Nikolaou"
"https://doi.org/10.18632/aging.102196",2019,"Zhe Zhou;Yizhang Zhu;Yang Liu;Yuxin Yin"
"https://doi.org/10.18632/aging.103067",2020,"Meirong Bai;Weibo Niu;Minghao Yin;Yiming Gong;Yan-Jiao Lu;Xianxian Yu;Zhiliang Wei;Wenjie Wu;Huan-Lei Song;Wen-Wen Yu;Bei-Lin Gu;Wei Cai;Xun Chu"
"https://doi.org/10.18632/aging.103615",2020,"Chengqi Xu;Rongfeng Zhang;Yunlong Xia;Liang Xiong;Wei Yang;Pengyun Wang"
"https://doi.org/10.2147/ijgm.s329064",2021,"Jian Li;Wen Chen;Yi Cao;Zhengrong Li"
"https://doi.org/10.26508/lsa.202201609",2022,"Evgeniia Golovina;Tayaza Fadason;Rachel Jaros;Haribalan Kumar;Joyce John;Kelly Burrowes;Merryn H. Tawhai;Justin M. O’Sullivan"
"https://doi.org/10.3389/fendo.2022.966644",2022,"Seonhyang Jeong;Seul Gi Lee;Kook Hwan Kim;Xuguang Zhu;Woo Kyung Lee;Hwa Young Lee;Sun‐Mi Park;Myung‐Shik Lee;Sheue-yann Cheng;Jandee Lee;Young Suk Jo"
"https://doi.org/10.3389/fgene.2019.00460",2019,"Md. Bahadur Badsha;Audrey Qiuyan Fu"
"https://doi.org/10.3389/fgene.2020.00488",2020,"Monah Abou Alezz;Ludovica Celli;Giulia Belotti;Antonella Lisa;Silvia Bione"
"https://doi.org/10.3389/fgene.2020.00738",2020,"Weibo Niu;Meirong Bai;Huan-Lei Song;Yan-Jiao Lu;Wenjie Wu;Yiming Gong;Xianxian Yu;Zhiliang Wei;Wen-Wen Yu;Bei-Lin Gu;Wei Cai;Xun Chu"
"https://doi.org/10.3389/fgene.2021.684002",2021,"Junjie Liu;Wei Lv;Shuling Li;Jingwen Deng"
"https://doi.org/10.3389/fgene.2021.717621",2021,"Tianzi Liu;Mohetaboer Momin;Huiyue Zhou;Qiwen Zheng;Fangfang Fan;Jia Jia;Mengyuan Liu;Minghui Bao;Jianping Li;Yong Huo;Jialin Liu;Yaning Zhang;Xuemei Mao;Xiao Han;Zhiyuan Hu;Changqing Zeng;Fan Liu;Yan Zhang"
"https://doi.org/10.3389/fgene.2022.797129",2022,"Edmundo Torres-González;Kateryna D. Makova"
"https://doi.org/10.3389/fimmu.2021.730746",2021,"Sílvia Pineda;Evangelina López de Maturana;Katharine Yu;Akshay Ravoor;Inés Wood;Núria Malats;Marina Sirota"
"https://doi.org/10.3389/fimmu.2022.964365",2022,"Lisa U. Teufel;Dennis M. de Graaf;Mihai G. Netea;Charles A. Dinarello;Leo A. B. Joosten;Rob J.W. Arts"
"https://doi.org/10.3389/fmolb.2021.689719",2021,"Loredano Pollegioni;Gianluca Molla;Silvia Sacchi;Giulia Murtas"
"https://doi.org/10.3389/fmolb.2023.1101953",2023,"Dovydas Širvinskas;Giedrius Steponaitis;Rytis Stakaitis;Arimantas Tamašauskas;Paulina Vaitkienė;Daina Skiriutė"
"https://doi.org/10.3389/fneur.2021.660087",2021,"Mar Pacheco‐Herrero;Luis O. Soto-Rojas;Charles R. Harrington;Yazmin M. Flores-Martínez;Marcos M. Villegas-Rojas;Alfredo M. León-Aguilar;Paola A. Martínez-Gómez;B. Berenice Campa-Córdoba;Ricardo Apátiga-Pérez;Carolin N. Corniel-Taveras;Jesabelle de J. Dominguez-García;Víctor Manuel Blanco-Álvarez;José Luna‐Muñoz"
"https://doi.org/10.3389/fnins.2020.00651",2020,"Qiao Mao;Xiaoping Wang;Bin Chen;Longhua Fan;Shuhong Wang;Yong Zhang;Xiandong Lin;Yuping Cao;Yun‐Cheng Wu;Jiawu Ji;Jianying Xu;Jianming Zheng;Huihao Zhang;Chengchou Zheng;Wenzhong Chen;Wenhong Cheng;Xingqun Luo;Kesheng Wang;Lingjun Zuo;Longli Kang;Chiang‐Shan R. Li;Xingguang Luο"
"https://doi.org/10.3389/fonc.2022.1021940",2022,"C. Munugula;Junjie Hu;E. Christodoulou;Venkata D. Yellapantula"
"https://doi.org/10.3390/brainsci8070116",2018,"Jennifer Ciarochi;Jingyu Liu;Vince D. Calhoun;Hans J. Johnson;Maria Misiura;H. Jeremy Bockholt;Flor A. Espinoza;Arvind Caprihan;Sergey M. Plis;Jessica A. Turner;Jane S. Paulsen"
"https://doi.org/10.3390/cancers12010055",2019,"Guillaume B. Cardin;Monique Bernard;Houda Bahig;Phuc Félix Nguyen-Tân;Olivier Ballivy;Édith Filion;Denis Soulières;Pierre Philouze;Tareck Ayad;Louis Guertin;Éric Bissada;Françis Rodier;Apostolos Christopoulos"
"https://doi.org/10.3390/cells9081793",2020,"Ho‐Su Lee;Maaike Vancamelbeke;Sare Verstockt;Tom Wilms;Bram Verstockt;João Sabino;Marc Ferrante;Séverine Vermeire;Isabelle Cleynen"
"https://doi.org/10.3390/genes13050929",2022,"Hengwei Lu;Yi-Ching Tang;Assaf Gottlieb"
"https://doi.org/10.3390/ijerph14121596",2017,"Jennifer A. Smith;Wei Zhao;Kalyn Yasutake;Ella August;Scott M. Ratliff;Jessica D. Faul;Eric Boerwinkle;Aravinda Chakravarti;Ana Diez Roux;Yan Gao;Michael Griswold;Gerardo Heiss;Sharon Kardia;Alanna C. Morrison;Solomon K. Musani;Stanford Mwasongwe;K.E. North;Kathryn M. Rose;Mario Sims;Yan V. Sun;David R. Weir;Belinda L. Needham"
"https://doi.org/10.3390/ijms21238922",2020,"C. Marcelo Aldaz;Tabish Hussain"
"https://doi.org/10.3390/ijms22052452",2021,"Suhyeon Park;Yumin Kim;Jibeom Lee;Jeong Yun Lee;Hail Kim;Sunjae Lee;Chang‐Myung Oh"
"https://doi.org/10.3390/ijms22062927",2021,"Ali Afrasiabi;Nicole Fewings;Stephen D. Schibeci;Jeremy T. Keane;David R. Booth;Grant P. Parnell;Sanjay Swaminathan"
"https://doi.org/10.3390/ijms23137327",2022,"Elham Kayvanpour;Michael J. Wisdom;Maximilian Lackner;Farbod Sedaghat‐Hamedani;Jes‐Niels Boeckel;Marion Müller;Rose Eghbalian;Jan Dudek;Shirin Doroudgar;Christoph Maack;Norbert Frey;Benjamin Meder"
"https://doi.org/10.3892/ol.2019.10082",2019,"Cheng Li;Yan Zhao;Maochun Tang;Zhengsheng Luo;Xingpeng Wang"
"https://doi.org/10.4172/2153-0602.1000211",2017,"Roger S. Holmes;Kimberly D. Spradling‐Reeves;Laura A. Cox"
"https://doi.org/10.7554/elife.45051",2019,"Tamara Sirey;Kenny Roberts;Wilfried Haerty;Oscar C. Bedoya-Reina;Sebastian Rogatti;Jennifer Y. Tan;Nick Li;Lisa C. Heather;Roderick N. Carter;Sarah Cooper;Andrew J. Finch;Jimi Wills;Nicholas M. Morton;Ana Claudia Marques;Chris P. Ponting"
"https://doi.org/10.7554/elife.53392",2020,"Daniel Wells;Emmanuelle Bitoun;Daniela Moralli;Gang Zhang;Anjali Gupta Hinch;Julia D. Jankowska;Peter Donnelly;Catherine Green;Simon Myers"
"https://doi.org/10.7554/elife.85537",2023,"Richard Benton;Nathaniel J. Himmel"
"https://doi.org/10.1002/acn3.50824",2019,"Jaya Punetha;Ender Karaca;Alper Gezdirici;Ryan E. Lamont;Davut Pehli̇van;Dana Marafi;Juan Pablo Appendino;Jill V. Hunter;Zeynep Coban‐Akdemir;Jawid M. Fatih;Shalini N. Jhangiani;Richard A. Gibbs;A. Micheil Innes;Jennifer E. Posey;James R. Lupski"
"https://doi.org/10.1002/art.40040",2017,"Kimberly E. Taylor;Quenna Wong;David Levine;Caitlin McHugh;Cathy C. Laurie;Kimberly F. Doheny;Mi Y. Lam;Alan N. Baer;Stephen Challacombe;Héctor Lanfranchi;Morten Schiødt;Muthiah Srinivasan;Hisanori Umehara;Frederick B. Vivino;Yan Zhao;Stephen Shiboski;Troy E. Daniels;John S. Greenspan;Caroline H. Shiboski;Lindsey A. Criswell"
"https://doi.org/10.1002/cjp2.213",2021,"Kei Sano;Takuo Hayashi;Yoshiyuki Suehara;Masaki Hosoya;Kazuya Takamochi;Shinji Kohsaka;Satsuki Kishikawa;Monami Kishi;Satomi Saito;Fumiyuki Takahashi;Kazuo Kaneko;Kenji Suzuki;Takashi Yao;Muneaki Ishijima;Tsuyoshi Saito"
"https://doi.org/10.1002/gepi.22440",2022,"Xiaofeng Zhu;Luke Zhu;Heming Wang;Stephen S. Rich;Aravinda Chakravarti"
"https://doi.org/10.1002/ijc.32988",2020,"Shuai Yuan;Siddhartha Kar;Mathew Vithayathil;Paul Carter;Amy M. Mason;Stephen Burgess;Susanna C. Larsson"
"https://doi.org/10.1002/mds.28197",2020,"Francis P. Grenn;Jonggeol J. Kim;Mary B. Makarious;Hirotaka Iwaki;Anastasia Illarionova;Kajsa Brolin;Jillian H. Kluss;Artur Francisco Schumacher Schuh;Hampton L. Leonard;Faraz Faghri;Kimberley Billingsley;Lynne Krohn;Ashley Hall;Mónica Díez-Fairén;María Teresa Periñán;Jia Nee Foo;Cynthia Sandor;Caleb Webber;Brian Fiske;J. Raphael Gibbs;Mike A. Nalls;Andrew Singleton;Sara Bandrés‐Ciga;Xylena Reed;Cornelis Blauwendraat"
"https://doi.org/10.1007/s00125-022-05653-1",2022,"Venexia Walker;Marijana Vujković;Alice R Carter;Neil M Davies;Miriam S. Udler;Michael G. Levin;George Davey Smith;Benjamin F. Voight;Tom R. Gaunt;Scott M. Damrauer"
"https://doi.org/10.1007/s00125-022-05806-2",2022,"Lauren Stalbow;Michael Preuß;Roelof A.J. Smit;Nathalie Chami;Lise Bjørkhaug;Ingvild Aukrust;Anna L. Gloyn;Ruth J. F. Loos"
"https://doi.org/10.1007/s00439-019-02099-1",2019,"Nandita Mukhopadhyay;Madison R. Bishop;Michael Mortillo;Pankaj Chopra;Jacqueline B. Hetmanski;Margaret A. Taub;Lina M. Moreno;Luz Consuelo Valencia‐Ramirez;Claudia Restrepo;George L. Wehby;Jacqueline T. Hecht;Frederic W.‐B. Deleyiannis;Azeez Butali;Seth M. Weinberg;Terri H. Beaty;Jeffrey C. Murray;Elizabeth J. Leslie;Eleanor Feingold;Mary L. Marazita"
"https://doi.org/10.1016/j.ajhg.2019.08.011",2019,"Zachary A. Szpiech;Angel C. Y. Mak;Marquitta J. White;Donglei Hu;Celeste Eng;Esteban G. Burchard;Ryan D. Hernandez"
"https://doi.org/10.1016/j.biopsych.2021.09.020",2021,"Adam X. Maihofer;Karmel W. Choi;Jonathan R. I. Coleman;Nikolaos P. Daskalakis;Christy A. Denckla;Elizabeth Ketema;Rajendra A. Morey;Renato Polimanti;Andrew Ratanatharathorn;Katy Torres;Aliza P. Wingo;Clement C. Zai;Allison E. Aiello;Lynn M. Almli;Ananda B. Amstadter;Søren Bo Andersen;Ole A. Andreassen;Paul A. Arbisi;Allison E. Ashley‐Koch;S. Bryn Austin;Esmina Avdibegović;Anders D. Børglum;Dragan Babić;Marie Bækvad-Hansen;Dewleen G. Baker;Jean C. Beckham;Laura J. Bierut;Jonathan I. Bisson;Marco P. Boks;Elizabeth Bolger;Bekh Bradley;Meghan M. Brashear;Gerome Breen;Richard A. Bryant;Angela C. Bustamante;Jonas Bybjerg‐Grauholm;Joseph R. Calabrese;José Miguel Caldas‐de‐Almeida;Chia‐Yen Chen;Anders M. Dale;Shareefa Dalvie;Jürgen Deckert;Douglas L. Delahanty;Michelle F. Dennis;Seth G. Disner;Katharina Domschke;Laramie E. Duncan;Alma Džubur Kulenović;Christopher R. Erbes;Alexandra Evans;Lindsay A. Farrer;Norah C. Feeny;Janine D. Flory;David Forbes;Carol E. Franz;Sandro Galea;Melanie E. Garrett﻿;Aarti Gautam;Bizu Gelaye;Joel Gelernter;Elbert Geuze;Charles F. Gillespie;Afërdita Goçi;Scott D. Gordon;Guia Guffanti;Rasha Hammamieh;Michael A. Hauser;Andrew C. Heath;Sian Hemmings;David M. Hougaard;Miro Jakovljević;Marti Jett;Eric O. Johnson;Ian Jones;Tanja Jovanović;Xuejun Qin;Karen‐Inge Karstoft;Milissa L. Kaufman;Ronald C. Kessler;Anzalee Khan;Nathan A. Kimbrel;Anthony P. King;Nastassja Koen;Henry R. Kranzler;William S. Kremen;Bruce R. Lawford;Lauren A. M. Lebois;Cathryn M. Lewis;Israel Liberzon;Sarah D. Linnstaedt;Mark W. Logue;Adriana Lori;Božo Lugonja;Jurjen J. Luykx;Michael J. Lyons;Jessica L. Maples‐Keller;Charles R. Marmar;Nicholas G. Martin;Douglas Maurer;Matig Mavissakalian;Alexander C. McFarlane;Regina E. McGlinchey;Katie A. McLaughlin;Samuel A. McLean;Divya Mehta;Rebecca Mellor;Vasiliki Michopoulos;William Milberg;Mark W. Miller;C. Phillip Morris;Ole Mors;Preben Bo Mortensen;Elliot C. Nelson;Merete Nordentoft;Sonya B. Norman;Meaghan O’Donnell;Holly K. Orcutt;Matthew S. Panizzon;Edward Peters;Alan L. Peterson;Matthew Peverill;Robert H. Pietrzak;Melissa A. Polusny;John P. Rice;Victoria B. Risbrough;Andrea L. Roberts;Alex O. Rothbaum;Barbara O. Rothbaum;Peter Roy‐Byrne;Kenneth J. Ruggiero;Ariane L. Rung;Bart P. F. Rutten;Nancy L. Saccone;Sixto E. Sánchez;Dick Schijven;Soraya Seedat;Antonia V. Seligowski;Julia S. Seng;Christina M. Sheerin;Derrick Silove;Alicia K. Smith;Jordan W. Smoller;Scott R. Sponheim;Dan J. Stein;Jennifer S. Stevens;Martin H. Teicher;Wesley K. Thompson;Edward Trapido;Monica Uddin;Robert J. Ursano;Leigh L. van den Heuvel;Miranda Van Hooff;Eric Vermetten;Christiaan H. Vinkers;Joanne Voisey;Yunpeng Wang;Zhewu Wang;Thomas Werge;Michelle A. Williams;Douglas E. Williamson;Sherry Winternitz;Christiane Wolf;Erika J. Wolf;Rachel Yehuda;Keith A. Young;Ross McD. Young;Hongyu Zhao;Lori A. Zoellner;Magali Haas;Heather C. Lasseter;Allison C. Provost;Rany M. Salem;Jonathan Sebat;Richard A. Shaffer;Tianying Wu;Stephan Ripke;Mark J. Daly;Kerry J. Ressler;Karestan C. Koenen;Murray B. Stein;Caroline M. Nievergelt"
"https://doi.org/10.1016/j.bpsgos.2021.06.005",2021,"Alexander S. Hatoum;Claire L. Morrison;Sarah M. C. Colbert;Evan A. Winiger;Emma C. Johnson;Arpana Agrawal;Ryan Bogdan"
"https://doi.org/10.1016/j.celrep.2017.10.001",2017,"Abhijeet R. Sonawane;John Platig;Maud Fagny;Cho-Yi Chen;Joseph N. Paulson;Camila M. Lopes‐Ramos;Dawn L. DeMeo;John Quackenbush;Kimberly Glass;Marieke L. Kuijjer"
"https://doi.org/10.1016/j.celrep.2021.109965",2021,"Quanwei Zhang;Gregory Tombline;Julia Ablaeva;Lei Zhang;Xuming Zhou;Zachary D. Smith;Yang Zhao;Alus M. Xiaoli;Zhen Wang;Jhih-Rong Lin;M. Reza Jabalameli;Joydeep Mitra;Nha Nguyen;Jan Vijg;Andrei Seluanov;Vadim N. Gladyshev;Vera Gorbunova;Zhengdong D. Zhang"
"https://doi.org/10.1016/j.compbiomed.2022.106209",2022,"Halima Hajji;Marwa Alaqarbeh;Tahar Lakhlifi;Mohammed Aziz Ajana;Nada Alsakhen;Mohammed Bouachrıne"
"https://doi.org/10.1016/j.ebiom.2020.103157",2021,"Bridget M. Lin;Kelsey Grinde;Jennifer A. Brody;Charles E. Breeze;Laura M. Raffield;Josyf C. Mychaleckyj;Timothy A. Thornton;James A. Perry;Leslie J. Baier;Lisa de las Fuentes;Xiuqing Guo;Ben Heavner;Robert L. Hanson;Yi‐Jen Hung;Huijun Qian;Chao A. Hsiung;Shih‐Jen Hwang;M.R. Irvin;Deepti Jain;Tanika N. Kelly;Sayuko Kobes;Leslie A. Lange;James P. Lash;Yun Li;Xiaoming Liu;Xuenan Mi;Solomon K. Musani;George Papanicolaou;Afshin Parsa;Alex P. Reiner;Shabnam Salimi;Wayne H-H Sheu;Alan R. Shuldiner;Kent D. Taylor;Albert V. Smith;Jennifer A. Smith;Adrienne Tin;Dhananjay Vaidya;Robert B. Wallace;Kenichi Yamamoto;Saori Sakaue;Koichi Matsuda;Yoichiro Kamatani;Yukihide Momozawa;Lisa R. Yanek;Betsi A Young;Wei Zhao;Yukinori Okada;Gonzalo Abecasis;Bruce M. Psaty;Donna K. Arnett;Eric Boerwinkle;Jianwen Cai;Ida Yii-Der Chen;Adolfo Correa;L. Adrienne Cupples;Jiang He;Sharon LR Kardia;Charles Kooperberg;Rasika A. Mathias;Braxton D. Mitchell;Deborah A. Nickerson;Steve T Turner;Ramachandran S. Vasan;Jerome I. Rotter;Daniel Levy;Holly Kramer;Anna Köttgen;NHLBI Trans-Omics for Precision Medicine Consortium;TOPMed Kidney Working Group;Stephen S. Rich;D. Y. Lin;Sharon R. Browning;Nora Franceschini"
"https://doi.org/10.1016/j.gpb.2022.07.003",2022,"Yongbing Zhao;Jinfeng Shao;Yan W. Asmann"
"https://doi.org/10.1016/j.ijcard.2020.03.053",2020,"Shuai Yuan;Ang Lin;Qi‐qiang He;Stephen Burgess;Susanna C. Larsson"
"https://doi.org/10.1016/j.isci.2021.103322",2021,"Kuniyo Sueyoshi;Daisuke Komura;Hiroto Katoh;Asami Yamamoto;Takumi Onoyama;Tsuyoshi Chijiwa;Takayuki Isagawa;Mariko Tanaka;Hiroshi Suemizu;Masato Nakamura;Yohei Miyagi;Hiroyuki Aburatani;Shumpei Ishikawa"
"https://doi.org/10.1016/j.xcrm.2022.100844",2022,"Michael Elgart;Matthew Goodman;Carmen R. Isasi;Han Chen;Alanna C. Morrison;Paul S. de Vries;Huichun Xu;Ani Manichaikul;Xiuqing Guo;Nora Franceschini;Bruce M. Psaty;Stephen S. Rich;Jerome I. Rotter;Donald M. Lloyd‐Jones;Myriam Fornage;Adolfo Correa;Nancy L. Heard‐Costa;Ramachandran S. Vasan;Ryan D. Hernandez;Robert C. Kaplan;Susan Redline;Tamar Sofer"
"https://doi.org/10.1016/j.xgen.2021.100006",2021,"Xue Liu;Ryan J. Longchamps;Kerri L. Wiggins;Laura M. Raffield;Lawrence F. Bielak;Wei Zhao;Achilleas Pitsillides;Thomas W. Blackwell;Jie Yao;Xiuqing Guo;Nuzulul Kurniansyah;Bharat Thyagarajan;Nathan Pankratz;Stephen S. Rich;Kent D. Taylor;Patricia A. Peyser;Susan R. Heckbert;Sudha Seshadri;L. Adrienne Cupples;Eric Boerwinkle;Megan L. Grove;Nicholas B. Larson;Jennifer A. Smith;Ramachandran S. Vasan;Tamar Sofer;Annette L. Fitzpatrick;Myriam Fornage;Jun Ding;Adolfo Correa;Gonçalo R. Abecasis;Bruce M. Psaty;James G. Wilson;Daniel Levy;Jerome I. Rotter;Joshua C. Bis;Claudia L. Satizábal;Dan E. Arking;Chunyu Liu"
"https://doi.org/10.1016/j.xhgg.2020.100013",2020,"Daokun Sun;Melissa A. Richard;Solomon K. Musani;Yan V. Sun;Thomas W. Winkler;Karen Schwander;Jin Fang Chai;Xiuqing Guo;Tuomas O. Kilpeläinen;Dina Vojinović;Hugues Aschard;Traci M. Bartz;Lawrence F. Bielak;Michael R. Brown;Kumaraswamy Naidu Chitrala;Fernando Pires Hartwig;Andréa R. V. R. Horimoto;Yongmei Liu;Alisa K. Manning;Raymond Noordam;Albert V. Smith;Sarah E. Harris;Brigitte Kühnel;Leo‐Pekka Lyytikäinen;Ilja M. Nolte;Rainer Rauramaa;Peter J. van der Most;Ying Wang;Erin B. Ware;Stefan Weiß;Wanqing Wen;Lisa R. Yanek;Dan E. Arking;Donna K. Arnett;Ana Barac;Eric Boerwinkle;Ulrich Broeckel;Aravinda Chakravarti;Yii‐Der Ida Chen;L. Adrienne Cupples;Martha L. Davigulus;Lisa de las Fuentes;Renée de Mutsert;Paul S. de Vries;Joseph A. Delaney;Ana V. Diez Roux;Marcus Dörr;Jessica D. Faul;Amanda M. Fretts;Linda C. Gallo;Hans J. Grabe;C. Charles Gu;Tamara B. Harris;Catharina C.A. Hartman;Sami Heikkinen;M. Arfan Ikram;Carmen R. Isasi;W. Craig Johnson;Jost B. Jonas;Robert C. Kaplan;Pirjo Komulainen;José Eduardo Krieger;Daniel Levy;Jianjun Liu;Kurt Lohman;Annemarie I. Luik;Lisa W. Martin;Thomas Meitinger;Yuri Milaneschi;Jeff O’Connell;Walter R. Palmas;Annette Peters;Patricia A. Peyser;Laura Pulkki‐Råback;Leslie J. Raffel;Alex P. Reiner;Kenneth Rice;Jennifer G. Robinson;Frits R. Rosendaal;Carsten Oliver Schmidt;Pamela J. Schreiner;Lars Schwettmann;James M. Shikany;Xiao‐Ou Shu;Stephen Sidney;Mario Sims;Jennifer A. Smith;Nona Sotoodehnia;Konstantin Strauch;E. Shyong Tai;Kent D. Taylor;André G. Uitterlinden;Cornelia M. van Duijn;Mélanie Waldenberger;Hwee Lin Wee;Wenbin Wei;Gregory Wilson;Xuan Deng;Jie Yao;Donglin Zeng;Wei Zhao;Xiaofeng Zhu;Alan B. Zonderman;Diane M. Becker;Ian J. Deary;Christian Gieger;Timo A. Lakka;Terho Lehtimäki;Kari E. North;Albertine J. Oldehinkel;Brenda W.J.H. Penninx;Harold Snieder;Ya Xing Wang;David R. Weir;Wei Zheng;Michele K. Evans;W. James Gauderman;Vilmundur Guðnason;Bernardo Lessa Horta;Yongmei Liu;Dennis O. Mook‐Kanamori;Alanna C. Morrison;Alexandre C. Pereira;Bruce M. Psaty;Najaf Amin;Ervin R. Fox;Charles Kooperberg;Xueling Sim;Laura J. Bierut;Jerome I. Rotter;Sharon L.R. Kardia;Nora Franceschini;D. C. Rao;Myriam Fornage"
"https://doi.org/10.1016/j.xhgg.2023.100177",2023,"Laura Y. Zhou;Tamar Sofer;Andréa R. V. R. Horimoto;Gregory A. Talavera;James P. Lash;Jianwen Cai;Nora Franceschini"
"https://doi.org/10.1038/mp.2016.192",2016,"C Liu;Riccardo E. Marioni;Åsa K. Hedman;Liliane Pfeiffer;Pei-Chien Tsai;Lindsay M. Reynolds;Allan C. Just;Qing Duan;Cindy G. Boer;Toshiko Tanaka;Cathy E. Elks;Stella Aslibekyan;Jennifer A. Brody;Brigitte Kühnel;Christian Herder;Lynn M. Almli;Deugi Zhi;Yaqiang Wang;Tianxiao Huan;Chen Yao;Michael Mendelson;Roby Joehanes;Liming Liang;S F Love;Weihua Guan;Sonia Shah;Allan F. McRae;Anja Kretschmer;Holger Prokisch;Konstantin Strauch;Annette Peters;Peter M. Visscher;Naomi R. Wray;Xiuqing Guo;Kerri L. Wiggins;Alicia K. Smith;Elisabeth B. Binder;Kerry J. Ressler;Marguerite R. Irvin;Devin Absher;Dena Hernández;Luigi Ferrucci;Stefania Bandinelli;Kurt Lohman;Jianqing Ding;Letizia Trevisi;Stefan Gustafsson;Johanna K. Sandling;Lisette Stolk;André G. Uitterlinden;İdil Yet;Juan Castillo‐Fernandez;Tim D. Spector;Joel Schwartz;Pantel Vokonas;Lars Lind;Y Li;Myriam Fornage;Donna K. Arnett;Nicholas J. Wareham;N Sotoodehnia;Ken K. Ong;Joyce B. J. van Meurs;Karen N. Conneely;Andrea Baccarelli;Ian J. Deary;Jordana T. Bell;Kari E. North;Yi Liu;Mélanie Waldenberger;Stephanie J. London;Erik Ingelsson;Daniel Levy"
"https://doi.org/10.1038/nature15395",2015,"Dan A. Landau;Eugen Tausch;Amaro Taylor‐Weiner;Chip Stewart;Johannes G. Reiter;Jasmin Bahlo;Sandra Kluth;Ivana Božić;Robert Lawrence;Sebastian Böttcher;Scott L. Carter;Kristian Cibulskis;Daniel Mertens;Carrie Sougnez;Mara Rosenberg;Julian M. Hess;Jennifer Edelmann;Sabrina Kless;Michael Kneba;Matthias Ritgen;Anna Maria Fink;Kirsten Fischer;Stacey Gabriel;Eric S. Lander;Martin A. Nowak;Hartmut Döhner;Michael Hallek;Donna Neuberg;Gad Getz;Stephan Stilgenbauer;Catherine J. Wu"
"https://doi.org/10.1038/nature24267",2017,"Xin Li;Yungil Kim;Emily K. Tsang;Joe R. Davis;Farhan N. Damani;Colby Chiang;Gaelen T. Hess;Zachary Zappala;Benjamin J. Strober;Alexandra J. Scott;Amy Li;Andrea Ganna;Michael C. Bassik;Jason D. Merker;Ira M. Hall;Alexis Battle;Stephen B. Montgomery"
"https://doi.org/10.1038/s41380-022-01544-4",2022,"Thomas S. Wingo;Ekaterina S. Gerasimov;Yue Liu;Duc M. Duong;Selina Vattathil;Adriana Lori;Jake Gockley;Michael S. Breen;Adam X. Maihofer;Caroline M. Nievergelt;Karestan C. Koenen;Daniel F. Levey;Joel Gelernter;Murray B. Stein;Kerry J. Ressler;David A. Bennett;Allan I. Levey;Nicholas T. Seyfried;Aliza P. Wingo"
"https://doi.org/10.1038/s41398-021-01736-6",2021,"Jan Bressler;Gail Davies;Albert V. Smith;Yasaman Saba;Joshua C. Bis;Xueqiu Jian;Caroline Hayward;Lisa R. Yanek;Jennifer A. Smith;Saira Saeed Mirza;Ruiqi Wang;Hieab H.H. Adams;Diane M. Becker;Eric Boerwinkle;Archie Campbell;Simon R. Cox;Guðný Eiríksdóttir;Chloe Fawns‐Ritchie;Rebecca F. Gottesman;Megan L. Grove;Xiuqing Guo;Edith Hofer;Sharon L. R. Kardia;Maria J. Knol;Marisa Koini;Oscar L. López;Riccardo E. Marioni;Paul Nyquist;Alison Pattie;Ozren Polašek;David J. Porteous;Igor Rudan;Claudia L. Satizábal;Helena Schmidt;Reinhold Schmidt;Stephen Sidney;Jeannette Simino;Blair H. Smith;Stephen T. Turner;Sven J. van der Lee;Erin B. Ware;Rachel A. Whitmer;Kristine Yaffe;Qiong Yang;Wei Zhao;Vilmundur Guðnason;Lenore J. Launer;Annette L. Fitzpatrick;Bruce M. Psaty;Myriam Fornage;M. Arfan Ikram;Cornelia M. van Duijn;Sudha Seshadri;Thomas H. Mosley;Ian J. Deary"
"https://doi.org/10.1038/s41398-022-02029-2",2022,"Dongbing Lai;Tae‐Hwi Schwantes‐An;Marco Abreu;Grace Chan;Victor Hesselbrock;Chella Kamarajan;Yunlong Liu;Jacquelyn L. Meyers;John I. Nürnberger;Martin H. Plawecki;Leah Wetherill;Marc A. Schuckit;Pengyue Zhang;Howard J. Edenberg;Bernice Porjesz;Arpana Agrawal;Tatiana Foroud"
"https://doi.org/10.1038/s41398-022-02071-0",2022,"Brandon C. McKinney;Lora McClain;Christopher Hensler;Yue Wei;Lambertus Klei;David A. Lewis;Bernie Devlin;Jiebiao Wang;Ying Ding;Robert A. Sweet"
"https://doi.org/10.1038/s41398-023-02409-2",2023,"Youshu Cheng;Cecilia Dao;Hang Zhou;Boyang Li;Rachel L. Kember;Sylvanus Toikumo;Hongyu Zhao;Joel Gelernter;Henry R. Kranzler;Amy C. Justice;Ke Xu"
"https://doi.org/10.1038/s41416-018-0108-8",2018,"Sonja Neumeyer;Barbara L. Banbury;Volker Arndt;Sonja I. Berndt;Stéphane Bézieau;Stephanie A. Bien;Daniel D. Buchanan;Katja Butterbach;Bette J. Caan;Peter T. Campbell;Graham Casey;Andrew T. Chan;Stephen J. Chanock;James Y. Dai;Steven Gallinger;Edward L. Giovannucci;Graham G. Giles;William M. Grady;Jochen Hampe;Michael Hoffmeister;John L. Hopper;Li Hsu;Mark A. Jenkins;Amit D. Joshi;Susanna C. Larsson;Loı̈c Le Marchand;Annika Lindblom;Vı́ctor Moreno;Mathieu Lemire;Li Li;Yi Lin;Kenneth Offit;Polly A. Newcomb;Paul D Pharaoh;John D. Potter;Lihong Qi;Gad Rennert;Clemens Schafmayer;Robert E. Schoen;Martha L. Slattery;Mingyang Song;Cornelia M. Ulrich;Aung Ko Win;Emily White;Alicja Wolk;Michael O. Woods;Anna H. Wu;Stephen B. Gruber;Hermann Brenner;Ulrike Peters;Jenny Chang‐Claude"
"https://doi.org/10.1038/s41467-018-05369-0",2018,"Annah B. Wyss;Tamar Sofer;Mi Kyeong Lee;Natalie Terzikhan;Jennifer N. Nguyen;Lies Lahousse;Jeanne C. Latourelle;Albert V. Smith;Traci M. Bartz;Mary F. Feitosa;Wei Gao;Tarunveer S. Ahluwalia;Wenbo Tang;Christopher Oldmeadow;Qing Duan;Kim de Jong;Mary K. Wojczynski;Xin‐Qun Wang;Raymond Noordam;Fernando Pires Hartwig;Victoria E. Jackson;Tianyuan Wang;Ma’en Obeidat;Brian D. Hobbs;Tianxiao Huan;Hongsheng Gui;Margaret M. Parker;Donglei Hu;Lauren S. Mogil;Gleb Kichaev;Jianping Jin;Mariaelisa Graff;Tamara B. Harris;Ravi Kalhan;Susan R. Heckbert;Lavinia Paternoster;Kristin M. Burkart;Yongmei Liu;Elizabeth G. Holliday;James G. Wilson;Judith M. Vonk;Jason L. Sanders;R. Graham Barr;Renée de Mutsert;Ana Maria Baptista Menezes;Hieab H.H. Adams;Maarten van den Berge;Roby Joehanes;Albert M. Levin;Jennifer Liberto;Lenore J. Launer;Alanna C. Morrison;Colleen M. Sitlani;Juan C. Celedón;Stephen B. Kritchevsky;Rodney J. Scott;Kaare Christensen;Jerome I. Rotter;Tobias Bonten;Fernando C. Wehrmeister;Yohan Bossé;Shujie Xiao;Sam S. Oh;Nora Franceschini;Jennifer A. Brody;Robert C. Kaplan;Kurt Lohman;Mark McEvoy;Michael A. Province;Frits R. Rosendaal;Kent D. Taylor;David C. Nickle;L. Keoki Williams;Esteban G. Burchard;Heather E. Wheeler;Don D. Sin;Vilmundur Guðnason;Kari E. North;Myriam Fornage;Bruce M. Psaty;Richard H. Myers;George O'connor;Torben Hansen;Cathy C. Laurie;Patricia A. Cassano;Joohon Sung;Woo Jin Kim;John Attia;Leslie A. Lange;H. Marike Boezen;Bharat Thyagarajan;Stephen S. Rich;Dennis O. Mook‐Kanamori;Bernardo Lessa Horta;André G. Uitterlinden;Hae Kyung Im;Michael H. Cho;Guy Brusselle;Sina A. Gharib;Josée Dupuis;Ani Manichaikul;Stephanie J. London"
"https://doi.org/10.1038/s41467-018-05747-8",2018,"Pradeep Natarajan;Gina M. Peloso;Seyedeh M. Zekavat;May E. Montasser;Andrea Ganna;Mark Chaffin;Amit V. Khera;Wei Zhou;Jonathan M. Bloom;J Engreitz;Jason Ernst;Jeffrey R. O’Connell;Sanni Ruotsalainen;Maris Alver;Ani Manichaikul;W. Craig Johnson;James A. Perry;Timothy Poterba;Cotton Seed;Ida Surakka;Tõnu Esko;Samuli Ripatti;Veikko Salomaa;Adolfo Correa;Ramachandran S. Vasan;Manolis Kellis;Benjamin M. Neale;Eric S. Lander;Gonçalo R. Abecasis;Braxton D. Mitchell;Stephen S. Rich;James G. Wilson;L. Adrienne Cupples;Jerome I. Rotter;Cristen J. Willer;Sekar Kathiresan;Namiko Abe;Christine M. Albert;Nicholette Palmer Allred;Laura Almasy;Álvaro Alonso;Seth A. Ament;Peter Anderson;Pramod Anugu;Deborah Applebaum‐Bowden;Dan E. Arking;Donna K. Arnett;Allison E. Ashley‐Koch;Stella Aslibekyan;Tim Assimes;Paul L. Auer;Dimitrios Avramopoulos;J. A. Barnard;Kathleen C. Barnes;R. Graham Barr;Emily Barron‐Casella;Terri H. Beaty;Diane M. Becker;Lewis C. Becker;Rebecca Beer;Ferdouse Begum;Amber L. Beitelshees;Emelia J. Benjamin;Marcos Bezerra;Larry Bielak;Joshua C. Bis;Thomas W. Blackwell;John Blangero;Eric Boerwinkle;Ingrid B. Borecki;Russell P. Bowler;Jennifer A. Brody;Ulrich Broeckel;Jai Broome;Karen Bunting;Esteban Burchard;Jonathan Cardwell;Cara L. Carty;Richard Casaburi;James F. Casella;Christy Chang;Daniel I. Chasman;Sameer Chavan;Bo-Juen Chen;Wei‐Min Chen;Yii-Der Ida Chen;Michael H. Cho;Seung Hoan Choi;Lee‐Ming Chuang;Mina K. Chung;Elaine Cornell;Carolyn Crandall;James D. Crapo;Joanne E. Curran;Jeffrey L. Curtis;Brian Custer;Coleen Damcott;Dawood Darbar;Sayantan Das;Sean P. David;Colleen Davis;Michelle Daya;Mariza de Andrade;Michael R. DeBaun;Ranjan Deka;Dawn L. DeMeo;Scott E. Devine;Ron Do;Qing Duan;Ravi Duggirala;Peter Durda;Susan K. Dutcher;Charles B. Eaton;Lynette Ekunwe;Patrick T. Ellinor;Leslie Emery;Charles R. Farber;Leanna Farnam;Tasha E. Fingerlin;Matthew Flickinger;Myriam Fornage;Nora Franceschini;Mao Fu;M Fullerton;Lucinda A. Fulton;Stacey Gabriel;Weiniu Gan;Yan Gao;Margery Gass;Bruce D. Gelb;Xiaoqi Geng;Søren Germer;Chris Gignoux;Mark T. Gladwin;David C. Glahn;Stephanie M. Gogarten;Da‐Wei Gong;Harald H.H. Göring;C. Charles Gu;Yue Guan;Xiuqing Guo;Jeff Haessler;Michael E. Hall;Daniel Harris;Nicola L. Hawley;Jiang He;Ben Heavner;Susan R. Heckbert;Ryan D. Hernandez;David M. Herrington;Craig P. Hersh;Bertha Hidalgo;James E. Hixson;John S. Hokanson;Elliott Hong;Karin F. Hoth;Chao A. Hsiung;Haley Huston;Chii Min Hwu;Marguerite R. Irvin;Rebecca Jackson;Deepti Jain;Cashell E. Jaquish;Min A. Jhun;Jill M. Johnsen;Andrew D. Johnson;Rich Johnston;Kimberly Marie Jones;Hyun Min Kang;Robert C. Kaplan;Sharon L. R. Kardia;Laura J. Kaufman;Shannon Kelly;Eimear E. Kenny;Michael Kessler;Alyna Khan;Gregory L. Kinney;Barbara A. Konkle;Charles Kooperberg;Holly Kramer;Stephanie Krauter;Christoph Lange;Ethan M. Lange;Leslie A. Lange;Cathy C. Laurie;Cecelia Laurie;Meryl S. LeBoff;Seunggeun Shawn Lee;Wen‐Jane Lee;Jonathon LeFaive;David Levine;Daniel Levy;Joshua R. Lewis;Yun Li;Honghuang Lin;Keng Han Lin;Simin Liu;Yongmei Liu;Ruth J. F. Loos;Steven A. Lubitz;Kathryn L. Lunetta;James Luo;Michael C. Mahaney;Barry J. Make;JoAnn E. Manson;Lauren Margolin;Lisa W. Martin;Susan K. Mathai;Rasika A. Mathias;Patrick F. McArdle;Merry‐Lynn McDonald;Sean McFarland;Stephen T. McGarvey;Hao Mei;Deborah A. Meyers;Julie Mikulla;Yuan‐I Min;Mollie Minear;Ryan L. Minster;Solomon K. Musani;Stanford Mwasongwe;Josyf C. Mychaleckyj;Girish N. Nadkarni;Rakhi P. Naik;Sergeï Nekhai;Deborah A. Nickerson;Kari North;Tim O’Connor;Heather M. Ochs‐Balcom;James S. Pankow;George Papanicolaou;Margaret M. Parker;Afshin Parsa;Sara Penchev;Juan M. Peralta;Marco Perez;Annette Peters;Patricia A. Peyser;Larry Phillips;Sam Phillips;Toni I. Pollin;Wendy S. Post;Julia Powers Becker;Meher Preethi Boorgula;Michael Preuß;Dmitry Prokopenko;Bruce M. Psaty;Pankaj Qasba;Dandi Qiao;Zhaohui Qin;Nicholas Rafaels;Laura M. Raffield;D. C. Rao;Laura J. Rasmussen‐Torvik;Aakrosh Ratan;Susan Redline;Robert D. Reed;Elizabeth Regan;Alex P. Reiner;Kenneth Rice;Dan M. Roden;Carolina Roselli;Ingo Ruczinski;Pamela Russell;Sarah Ruuska;Kathleen A. Ryan;Phuwanat Sakornsakolpat;Shabnam Salimi;Steven L. Salzberg;Kevin Sandow;Vijay G. Sankaran;Ellen M. Schmidt;Karen Schwander;David B. Schwartz;Frank C. Sciurba;Christine E. Seidman;Vivien A. Sheehan;Amol C. Shetty;Aniket Shetty;Wayne Hui-Heng Sheu;M. Benjamin Shoemaker;Brian Silver;Edwin K. Silverman;Jennifer A. Smith;Josh Smith;Nicholas L. Smith;Tanja Smith;Sylvia Smoller;Beverly M. Snively;Tamar Sofer;Nona Sotoodehnia;Adrienne M. Stilp;Elizabeth A. Streeten;Yan V. Sun;Jody Sylvia;Adam A. Szpiro;Carole Sztalryd;Daniel Taliun;Hua Tang;Margaret A. Taub;Kent D. Taylor;Simeon I. Taylor;Marilyn J. Telen;Timothy Thornton;Lesley F. Tinker;David Tirschwell;H.K. Tiwari;Russell P. Tracy;Michael Tsai;Dhananjay Vaidya;Peter VandeHaar;Scott Vrieze;Tarik Walker;Robert K. Wallace;Avram Walts;Emily S. Wan;Fei Fei Wang;Karol Watson;Daniel E. Weeks;B. S. Weir;Scott T. Weiss;Lu‐Chen Weng;Cristen J. Willer;Kayleen Williams;L. Keoki Williams;Carla Wilson;Quenna Wong;Huichun Xu;Lisa R. Yanek;Ivana V. Yang;Rongze Yang;Norann A. Zaghloul;Yingze Zhang;Snow Xueyan Zhao;Xiuwen Zheng;Degui Zhi;Xiang Zhou;Michael C. Zody;Sebastian Zoellner"
"https://doi.org/10.1038/s41467-018-06234-w",2018,"Dina Vojinović;Hieab H.H. Adams;Xueqiu Jian;Qiong Yang;Albert V. Smith;Joshua C. Bis;Alexander Teumer;Markus Scholz;Nicola J. Armstrong;Edith Hofer;Yasaman Saba;Michelle Luciano;Manon Bernard;Stella Trompet;Jingyun Yang;Nathan A. Gillespie;Sven J. van der Lee;Alexander Neumann;Shahzad Ahmad;Ole A. Andreassen;David Ames;Najaf Amin;Konstantinos Arfanakis;Mark E. Bastin;Diane M. Becker;Alexa S. Beiser;Frauke Beyer;Henry Brodaty;R. Nick Bryan;Robin Bülow;Anders M. Dale;Philip L. De Jager;Ian J. Deary;Charles DeCarli;Debra Fleischman;Rebecca F. Gottesman;Jeroen van der Grond;Vilmundur Guðnason;Tamara B. Harris;Georg Homuth;David S. Knopman;John B. Kwok;Cora E. Lewis;Shuo Li;Markus Loeffler;Oscar L. López;Pauline Maillard;Hanan El Marroun;Karen A. Mather;Thomas H. Mosley;Ryan L. Muetzel;Matthias Nauck;Paul Nyquist;Matthew S. Panizzon;Zdenka Pausová;Bruce M. Psaty;Kenneth Rice;Jerome I. Rotter;Natalie A. Royle;Claudia L. Satizábal;Reinhold Schmidt;Peter R. Schofield;Pamela J. Schreiner;Stephen Sidney;David J. Stott;Anbupalam Thalamuthu;André G. Uitterlinden;Maria C. Valdés Hernández;Meike W. Vernooij;Wei Wen;Tonya White;A. Veronica Witte;Katharina Wittfeld;Margaret J. Wright;Lisa R. Yanek;Henning Tiemeier;William S. Kremen;David A. Bennett;J. Wouter Jukema;Tomáš Paus;Joanna M. Wardlaw;Helena Schmidt;Perminder S. Sachdev;Arno Villringer;Hans J. Grabe;W. T. Longstreth;Cornelia M. van Duijn;Lenore J. Launer;Sudha Seshadri;M. Arfan Ikram;Myriam Fornage"
"https://doi.org/10.1038/s41467-018-06356-1",2018,"Alexander Teumer;Layal Chaker;Stefan Groeneweg;Yong Li;Celia Di Munno;Caterina Barbieri;Ulla T. Schultheiß;Michela Traglia;Tarunveer S. Ahluwalia;Masato Akiyama;Emil V. R. Appel;Dan E. Arking;Alice M. Arnold;Arne Astrup;Marian Beekman;John Beilby;Sofie Bekaert;Eric Boerwinkle;Suzanne J. Brown;Marc De Buyzere;Purdey J. Campbell;Graziano Ceresini;Charlotte Cerqueira;Francesco Cucca;Ian J. Deary;Joris Deelen;Kai‐Uwe Eckardt;Arif B. Ekici;Johan G. Eriksson;Luigi Ferrrucci;Tom Fiers;Edoardo Fiorillo;Ian Ford;Caroline S. Fox;Christian Fuchsberger;Tessel E. Galesloot;Christian Gieger;Martin Gögele;Alessandro De Grandi;Niels Grarup;Karin Halina Greiser;Kadri Haljas;Torben Hansen;Sarah E. Harris;Diana van Heemst;Martin den Heijer;Andrew A. Hicks;Wouter den Hollander;Georg Homuth;Jennie Hui;M. Arfan Ikram;Till Ittermann;Richard A. Jensen;Jiaojiao Jing;J. Wouter Jukema;Eero Kajantie;Yoichiro Kamatani;Elisa Kasbohm;Jean‐Marc Kaufman;Lambertus A. Kiemeney;M. Kloppenburg;Florian Kronenberg;Michiaki Kubo;Jari Lahti;Bruno Lapauw;Shuo Li;David C. Liewald;Behrooz Z. Alizadeh;H. Marike Boezen;Lude Franke;Pim van der Harst;Gerjan Navis;Marianne G. Rots;Harold Snieder;Morris A. Swertz;Cisca Wijmenga;Ee Mun Lim;Allan Linneberg;Michela Marina;Deborah Mascalzoni;Koichi Matsuda;Daniel Medenwald;Christa Meisinger;Ingrid Meulenbelt;Tim De Meyer;Henriette E. Meyer zu Schwabedissen;Rafael Mikolajczyk;Matthijs Moed;Romana T. Netea–Maier;Ilja M. Nolte;Yukinori Okada;Mauro Pala;Cristian Pattaro;Oluf Pedersen;Astrid Petersmann;Eleonora Porcu;Iris Postmus;Peter P. Pramstaller;Bruce M. Psaty;Y.F. Ramos;Rajesh Rawal;Paul Redmond;J. Brent Richards;Ernst Rietzschel;Fernando Rivadeneira;Greet Roef;Jerome I. Rotter;Cinzia Sala;David Schlessinger;Elizabeth Selvin;P. Eline Slagboom;Nicole Soranzo;Thorkild I. A. Sørensen;Timothy D. Spector;John M. Starr;David J. Stott;Youri Taes;Daniel Taliun;Toshiko Tanaka;Betina H. Thuesen;Daniel Tiller;Daniela Toniolo;André G. Uitterlinden;W. Edward Visser;John P. Walsh;Scott G. Wilson;Bruce H. R. Wolffenbuttel;Qiong Yang;Hou‐Feng Zheng;Anne Rentoumis Cappola;Robin P. Peeters;Silvia Naitza;Henry Völzke;Serena Sanna;Anna Köttgen;Theo J. Visser;Marco Medici"
"https://doi.org/10.1038/s41467-018-08054-4",2019,"Xia Jiang;Hilary K. Finucane;Fredrick R. Schumacher;Stephanie L. Schmit;Jonathan P. Tyrer;Younghun Han;Kyriaki Michailidou;Corina Lesseur;Karoline Kuchenbaecker;Joe Dennis;David V. Conti;Graham Casey;Mia M. Gaudet;Jeroen R. Huyghe;Demetrius Albanes;Melinda C. Aldrich;Angeline S. Andrew;Irene L. Andrulis;Hoda Anton‐Culver;Antonis C. Antoniou;Natalia Antonenkova;Susanne M. Arnold;Kristan J. Aronson;Banu K. Arun;Elisa V. Bandera;Rósa B. Barkardóttir;Daniel R. Barnes;Jyotsna Batra;Matthias W. Beckmann;Javier Benı́tez;Sara Benlloch;Andrew Berchuck;Sonja I. Berndt;Heike Bickeböller;Stephanie A. Bien;Carl Blomqvist;Stefania Boccia;Natalia Bogdanova;Stig E. Bojesen;Manjeet K. Bolla;Hiltrud Brauch;Hermann Brenner;James D. Brenton;Mark N. Brook;Joan Brunet;Hans Brunnström;Daniel D. Buchanan;Barbara Burwinkel;Ralf Bützow;Gabriella Cadoni;Trinidad Caldés;Maria A. Caligo;Ian Campbell;Peter T. Campbell;Géraldine Cancel‐Tassin;Lisa Cannon‐Albright;Daniele Campa;Neil E. Caporaso;André Lopes Carvalho;Andrew T. Chan;Jenny Chang‐Claude;Stephen J. Chanock;Chu Chen;David C. Christiani;Kathleen Claes;Frank Claessens;Judith A. Clements;J. Margriet Collée;Marcia Cruz Correa;Fergus J. Couch;Angela Cox;Julie M. Cunningham;Cezary Cybulski;Kamila Czene;Mary B. Daly;Anna deFazio;Peter Devilee;Orland Dı́ez;Manuela Gago-Domínguez;Jenny Donovan;Thilo Dörk;Eric J. Duell;Alison M. Dunning;Miriam Dwek;Diana Eccles;Christopher K. Edlund;Digna R. Velez Edwards;Carolina Ellberg;D. Gareth Evans;Peter A. Fasching;Robert L. Ferris;Triantafillos Liloglou;Jane C. Figueiredo;Olivia Fletcher;Renée T. Fortner;Florentia Fostira;Silvia Franceschi;Eitan Friedman;Steven Gallinger;Patricia A. Ganz;Judy E. Garber;José Á. García-Sáenz;Simon A. Gayther;Graham G. Giles;Andrew K. Godwin;Mark S. Goldberg;David E. Goldgar;Ellen L. Goode;Marc T. Goodman;Gary E. Goodman;Kjell Grankvist;Mark H. Greene;Henrik Grönberg;Jacek Gronwald;Pascal Guénel;Niclas Håkansson;Per Hall;Ute Hamann;Freddie C. Hamdy;Robert J. Hamilton;Jochen Hampe;Aage Haugen;Florian Heitz;Rolando Herrero;Peter Hillemanns;Michael Hoffmeister;Estrid Høgdall;Yun‐Chul Hong;John L. Hopper;Richard S. Houlston;Peter J. Hulick;David J. Hunter;David G. Huntsman;Gregory Idos;Evgeny N. Imyanitov;Sue A. Ingles;Claudine Isaacs;Anna Jakubowska;Paul A. James;Mark A. Jenkins;Mattias Johansson;Mikael Johansson;Esther M. John;Amit D. Joshi;Radka Kaneva;Beth Y. Karlan;Linda E. Kelemen;Tabea Kühl;Kay‐Tee Khaw;Э. К. Хуснутдинова;Adam S. Kibel;Lambertus A. Kiemeney;Jeri Kim;Susanne K. Kjær;Julia A. Knight;Manolis Kogevinas;Zsofia Kote‐Jarai;Stella Koutros;Vessela N. Kristensen;Jolanta Kupryjańczyk;Martin Lacko;Stephan Lam;Diether Lambrechts;Maria Teresa Landi;Philip Lazarus;Nhu D. Le;Eunjung Lee;Flavio Lejbkowicz;Heinz‐Josef Lenz;Goska Leslie;Davor Lessel;Jenny Lester;Douglas A. Levine;Li Li;Christopher I. Li;Annika Lindblom;Noralane M. Lindor;Geoffrey Liu;Fotios Loupakis;Jan Lubiński;Lovise Mæhle;Christiane Maier;Graham J. Mann;Loı̈c Le Marchand;Sara Margolin;Taymaa May;Lesley McGuffog;Alfons Meindl;Pooja Middha;Austin Miller;Roger L. Milne;Robert J. MacInnis;Francesmary Modugno;Marco Montagna;Vı́ctor Moreno;Kirsten B. Moysich;Lorelei A. Mucci;Kenneth Muir;Anna Marie Mulligan;Katherine L. Nathanson;David E. Neal;Andy Ness;Susan L. Neuhausen;Heli Nevanlinna;Polly A. Newcomb;Lisa F. Newcomb;Finn Cilius Nielsen;Liene Ņikitina-Zaķe;Børge G. Nordestgaard;Robert L. Nussbaum;Kenneth Offit;Edith Oláh;Ali Amin Al Olama;Olufunmilayo I. Olopade;Andrew F. Olshan;Håkan Olsson;Ana Osório;Hardev Pandha;Jong Y. Park;Nora Pashayan;Michael T. Parsons;Tanja Pejović;Kathryn L. Penney;Wilbert H.M. Peters;Catherine M. Phelan;Amanda I. Phipps;Dijana Plaseska‐Karanfilska;Miranda Pring;Darya Prokofyeva;Paolo Radice;Kári Stéfansson;Susan J. Ramus;Leon Raskin;Gad Rennert;Hedy S. Rennert;Elizabeth J. van Rensburg;Marjorie J. Riggan;Harvey A. Risch;Angela Risch;Monique J. Roobol;Barry S. Rosenstein;Mary Anne Rossing;Kim De Ruyck;Emmanouil Saloustros;Dale P. Sandler;Elinor J. Sawyer;Matthew B. Schabath;Johanna Schleutker;Marjanka K. Schmidt;Veronica Wendy Setiawan;Hongbing Shen;Erin M. Siegel;Weiva Sieh;Christian F. Singer;Martha L. Slattery;Karina D. Sørensen;Melissa C. Southey;Amanda B. Spurdle;Janet L. Stanford;Victoria L. Stevens;Sebastian Stintzing;Jennifer Stone;Karin Sundfeldt;Rebecca Sutphen;Anthony J. Swerdlow;Eloíza H. Tajara;Catherine M. Tangen;Adonina Tardón;Jack A. Taylor;M. Dawn Teare;Manuel R. Teixeira;Mary Beth Terry;Kathryn L. Terry;Stephen N. Thibodeau;Mads Thomassen;Line Bjørge;Marc Tischkowitz;Amanda E. Toland;Diana Torres;Paul A. Townsend;Ruth C. Travis;Nadine Tung;Shelley S. Tworoger;Cornelia M. Ulrich;Nawaid Usmani;Celine M. Vachon;Els Van Nieuwenhuysen;Ana Vega;Miguel E. Aguado‐Barrera;Qin Wang;Penelope M. Webb;Clarice R. Weinberg;Stephanie J. Weinstein;Mark C. Weissler;Jeffrey N. Weitzel;Catharine West;Emily White;Alice S. Whittemore;H‐Erich Wichmann;Fredrik Wiklund;Robert Winqvist;Alicja Wolk;Penella J. Woll;Michael O. Woods;Anna H. Wu;Xifeng Wu;Drakoulis Yannoukakos;Wei Zheng;Shanbeh Zienolddiny;Argyrios Ziogas;Kristin K. Zorn;Jacqueline M. Lane;Richa Saxena;Duncan C. Thomas;Rayjean J. Hung;Brenda Diergaarde;James McKay;Ulrike Peters;Li Hsu;Montserrat García‐Closas;Rosalind A. Eeles;Georgia Chenevix‐Trench;Paul Brennan;Christopher A. Haiman;Jacques Simard;Douglas F. Easton;Stephen B. Gruber;Paul D.P. Pharoah;Alkes L. Price;Bogdan Paşaniuc;Christopher I. Amos;Peter Kraft;Sara Lindström"
"https://doi.org/10.1038/s41467-019-09480-8",2019,"Henry R. Kranzler;Hang Zhou;Rachel L. Kember;Rachel Vickers‐Smith;Amy C. Justice;Scott M. Damrauer;Philip S. Tsao;Derek Klarin;Aris Baras;Jeffrey G. Reid;John D. Overton;Daniel J. Rader;Zhongshan Cheng;Janet P. Tate;William C. Becker;John Concato;Ke Xu;Renato Polimanti;Hongyu Zhao;Joel Gelernter"
"https://doi.org/10.1038/s41467-019-12438-5",2020,"Qingbo Wang;Emma Pierce‐Hoffman;Beryl B. Cummings;Jessica Alföldi;Laurent C. Francioli;Laura D. Gauthier;Andrew Hill;Anne O’Donnell‐Luria;Irina M. Armean;Eric Banks;Louis Bergelson;Kristian Cibulskis;Ryan L. Collins;Kristen M. Connolly;Miguel Covarrubias;Mark J. Daly;Stacey Donnelly;Yossi Farjoun;Steven Ferriera;Stacey Gabriel;Jeff Gentry;Namrata Gupta;Thibault Jeandet;Diane Kaplan;Kristen M. Laricchia;Christopher Llanwarne;Eric Vallabh Minikel;Ruchi Munshi;Benjamin M. Neale;Sam Novod;Nikelle Petrillo;Timothy Poterba;David Roazen;Valentín Ruano-Rubio;Andrea Saltzman;Kaitlin E. Samocha;Molly Schleicher;Cotton Seed;Matthew Solomonson;José Soto;Grace Tiao;Kathleen Tibbetts;Charlotte Tolonen;Christopher Vittal;Gordon Wade;Arcturus Wang;James S. Ware;Nicholas A. Watts;Ben Weisburd;Nicola Whiffin;Carlos A. Aguilar‐Salinas;Tariq Ahmad;Christine M. Albert;Diego Ardissino;Gil Atzmon;John Barnard;Laurent Beaugerie;Emelia J. Benjamin;Michael Boehnke;Lori L. Bonnycastle;Erwin P. Böttinger;Donald W. Bowden;Matthew J. Bown;John C. Chambers;Juliana C.N. Chan;Daniel I. Chasman;Judy H. Cho;Mina K. Chung;Bruce M. Cohen;Adolfo Correa;Dana Dabelea;Dawood Darbar;Ravindranath Duggirala;Josée Dupuis;Patrick T. Ellinor;Roberto Elosúa;Jeanette Erdmann;Tõnu Esko;Martti Färkkilâ;José C. Florez;André Franke;Gad Getz;Benjamin Gläser;Stephen J. Glatt;David Goldstein;Clicerio González;Leif Groop;Christopher Haiman;Craig L. Hanis;Matthew B. Harms;Mikko Hiltunen;Matti Holi;Christina M. Hultman;Mikko Kallela;Jaakko Kaprio;Sekar Kathiresan;Bong-Jo Kim;Young Jin Kim;George Kirov;Jaspal S. Kooner;Seppo Koskinen;Harlan M. Krumholz;Subra Kugathasan;Soo Heon Kwak;Markku Laakso;Terho Lehtimäki;Ruth J. F. Loos;Steven A. Lubitz;Ronald C.W.;Jaume Marrugat;Kari M. Mattila;Steven A. McCarroll;Mark I. McCarthy;Dermot McGovern;Ruth McPherson;James B. Meigs;Olle Melander;Andres Metspalu;Peter M. Nilsson;Michael O’Donovan;Döst Öngür;Lorena Orozco;Michael J. Owen;Nicholette D. Palmer;Aarno Palotie;Kyong Soo Park;Carlos N. Pato;Ann E. Pulver;Nazneen Rahman;Anne M. Remes;John D. Rioux;Samuli Ripatti;Dan M. Roden;Danish Saleheen;Veikko Salomaa;Nilesh J. Samani;Jeremiah M. Scharf;Heribert Schunkert;M. Benjamin Shoemaker;Pamela Sklar;Hilkka Soininen;Harry Sokol;Tim D. Spector;Patrick F. Sullivan;Jaana Suvisaari;E. Shyong Tai;Yik Ying Teo;Jaakko Tuomilehto;Ming T. Tsuang;Dan Turner;Teresa Tusié‐Luna;Erkki Vartiainen;Hugh Watkins;Rinse K. Weersma;Maija Wessman;James Wilson;Ramnik J. Xavier;Marquis P. Vawter;Konrad J. Karczewski;Daniel G. MacArthur"
"https://doi.org/10.1038/s41467-019-12971-3",2019,"Pei Y. Liu;Andrew E. Tee;Giorgio Milazzo;Katherine M. Hannan;Jesper L.V. Mååg;Sujanna Mondal;Bernard Atmadibrata;Nenad Bartoniček;Hui Peng;Nicholas Ho;Chelsea Mayoh;Roberto Ciaccio;Yuting Sun;Michelle J. Henderson;Jixuan Gao;Celine Everaert;Amy E. Hulme;Matthew Wong;Qing Lan;Belamy B. Cheung;Leming Shi;Jenny Wang;Thorsten Simon;Matthias Fischer;Xu Dong Zhang;Glenn M. Marshall;Murray D. Norris;Michelle Haber;Jo Vandesompele;Jinyan Li;Pieter Mestdagh;Ross D. Hannan;Marcel E. Dinger;Giovanni Perini;Tao Liu"
"https://doi.org/10.1038/s41467-020-14404-y",2020,"David S.M. Lee;Louis R. Ghanem;Yoseph Barash"
"https://doi.org/10.1038/s41467-020-15932-3",2020,"Elodie Persyn;Ken B. Hanscombe;Joanna M. M. Howson;Cathryn M. Lewis;Matthew Traylor;Hugh S. Markus"
"https://doi.org/10.1038/s41467-020-18334-7",2020,"Xutong Zhao;Dandi Qiao;Chaojie Yang;Silva Kasela;Wonji Kim;Yanlin Ma;Nick Shrine;Chiara Batini;Tamar Sofer;Sarah A. Gagliano Taliun;Phuwanat Sakornsakolpat;Pallavi Balte;Dmitry Prokopenko;Bing Yu;Leslie A. Lange;Josée Dupuis;Brian E. Cade;Jiwon Lee;Sina A. Gharib;Michelle Daya;Cecelia Laurie;Ingo Ruczinski;L. Adrienne Cupples;Laura R. Loehr;Traci M. Bartz;Alanna C. Morrison;Bruce M. Psaty;Ramachandran S. Vasan;James G. Wilson;Kent D. Taylor;Peter Durda;W. Craig Johnson;Elaine Cornell;Xiuqing Guo;Yongmei Liu;Russell P. Tracy;Kristin Ardlie;François Aguet;David J. Vandenberg;George Papanicolaou;Jerome I. Rotter;Kathleen C. Barnes;Deepti Jain;Deborah A. Nickerson;Donna M. Muzny;Ginger Metcalf;HarshaVardhan Doddapaneni;Shannon Dugan‐Perez;Namrata Gupta;Stacey Gabriel;Stephen S. Rich;George O'connor;Susan Redline;Robert M. Reed;Cathy C. Laurie;Martha L. Daviglus;Liana K. Preudhomme;Kristin M. Burkart;Robert C. Kaplan;Louise V. Wain;Martin D. Tobin;Stephanie J. London;Tuuli Lappalainen;Elizabeth C. Oelsner;Gonçalo R. Abecasis;Edwin K. Silverman;R. Graham Barr;Michael H. Cho;Ani Manichaikul"
"https://doi.org/10.1038/s41467-020-18489-3",2020,"Ke Xu;Boyang Li;Kathleen A. McGinnis;Rachel Vickers‐Smith;Cecilia Dao;Ning Sun;Rachel L. Kember;Hang Zhou;William C. Becker;Joel Gelernter;Henry R. Kranzler;Hongyu Zhao;Amy C. Justice"
"https://doi.org/10.1038/s41467-020-20323-9",2021,"Ryan D. Chow;Medha Majety;Sidi Chen"
"https://doi.org/10.1038/s41467-021-23470-9",2021,"Ali R. Keramati;Ming‐Huei Chen;Benjamin A.T. Rodriguez;Lisa R. Yanek;Arunoday Bhan;Brady Gaynor;Kathleen A. Ryan;Jennifer A. Brody;Xue Zhong;Qiang Wei;Namiko Abe;Gonçalo R. Abecasis;François Aguet;Christine M. Albert;Laura Almasy;Alvaro Alonso;Seth A. Ament;Peter Anderson;Pramod Anugu;Deborah Applebaum‐Bowden;Kristin Ardlie;Dan E. Arking;Donna K. Arnett;Allison E. Ashley‐Koch;Stella Aslibekyan;Tim Assimes;Paul L. Auer;Dimitrios Avramopoulos;Najib Ayas;Adithya Balasubramanian;John Barnard;Kathleen C. Barnes;R. Graham Barr;Emily Barron‐Casella;Lucas Barwick;Terri Beaty;Gerald J. Beck;Diane M. Becker;Lewis C. Becker;Rebecca Beer;Amber L. Beitelshees;Emelia J. Benjamin;Takis Benos;Marcos Bezerra;Larry Bielak;Joshua C. Bis;Thomas W. Blackwell;John Blangero;Eric Boerwinkle;Donald W. Bowden;Russell Bowler;Jennifer A. Brody;Ulrich Broeckel;Jai Broome;Deborah Brown;Karen Bunting;Esteban G. Burchard;Carlos D. Bustamante;Erin Buth;Brian E. Cade;Jonathan Cardwell;Vincent J. Carey;Julie Carrier;Cara L. Carty;Richard Casaburi;Juan P. Romero;James F. Casella;Peter J. Castaldi;Mark Chaffin;Christy Chang;Yi‐Cheng Chang;Daniel I. Chasman;Sameer Chavan;Bo-Juen Chen;Wei‐Min Chen;Y Eugene Chen;Michael Cho;Seung Hoan Choi;Lee‐Ming Chuang;Mina K. Chung;Ren‐Hua Chung;Clary B. Clish;Suzy Comhair;Matthew P. Conomos;Elaine Cornell;Adolfo Correa;Carolyn Crandall;James D. Crapo;L. Adrienne Cupples;Joanne E. Curran;Jeffrey L. Curtis;Brian Custer;Coleen Damcott;Dawood Darbar;Sean P. David;Colleen Davis;Michelle Daya;Mariza de Andrade;Lisa de las Fuentes;Paul S. de Vries;Michael R. DeBaun;Ranjan Deka;Dawn L. DeMeo;Scott E. Devine;Huyen Dinh;HarshaVardhan Doddapaneni;Qing Duan;Shannon Dugan‐Perez;Ravi Duggirala;Jon Peter Durda;Susan K. Dutcher;Charles B. Eaton;Lynette Ekunwe;Adel Boueiz;Patrick T. Ellinor;Leslie Emery;Serpil C. Erzurum;Charles R. Farber;Jesse Farek;Tasha E. Fingerlin;Matthew Flickinger;Myriam Fornage;Nora Franceschini;Chris Frazar;Mao Fu;Stephanie M. Fullerton;Lucinda Fulton;Stacey Gabriel;Weiniu Gan;Shanshan Gao;Yan Gao;Margery Gass;Heather Geiger;Bruce D. Gelb;Mark W. Geraci;Søren Germer;Robert E. Gerszten;Auyon Ghosh;Richard A. Gibbs;Chris Gignoux;Mark T. Gladwin;David C. Glahn;Stephanie M. Gogarten;Da‐Wei Gong;Harald H.H. Göring;Sharon Graw;Kathryn J. Gray;Daniel Grine;Colin Gross;C. Charles Gu;Yue Guan;Xiuqing Guo;Namrata Gupta;David M. Haas;Jeff Haessler;Michael E. Hall;Yi Han;Patrick J. Hanly;Daniel Harris;Nicola L. Hawley;Jiang He;Ben Heavner;Susan R. Heckbert;Ryan D. Hernandez;David Herrington;Craig P. Hersh;Bertha Hidalgo;James E. Hixson;Brian D. Hobbs;John E. Hokanson;Elliott Hong;Karin F. Hoth;Chao A. Hsiung;Taobo Hu;Yi‐Jen Hung;Haley Huston;Chii Min Hwu;Marguerite R. Irvin;Rebecca D. Jackson;Deepti Jain;Cashell E. Jaquish;Jill M. Johnsen;Andrew D. Johnson;Craig Johnson;Rich Johnston;Kimberly Marie Jones;Hyun Min Kang;Robert M. Kaplan;Sharon L. R. Kardia;Shannon Kelly;Eimear Kenny;Michael D. Kessler;Alyna Khan;Ziad Khan;Wonji Kim;John Kimoff;Gregory L. Kinney;Barbara A. Konkle;Charles Kooperberg;Holly Kramer;Christoph Lange;Ethan M. Lange;Leslie Lange;Cathy C. Laurie;Cecelia Laurie;Meryl S. LeBoff;Jiwon Lee;Sandra Lee;Wen‐Jane Lee;Jonathon LeFaive;David Levine;Daniel Levy;Joshua P. Lewis;Xiaohui Li;Yun Li;Henry J. Lin;Honghuang Lin;Xihong Lin;Simin Liu;Yongmei Liu;Yu Liu;Ruth J. F. Loos;Steven A. Lubitz;Kathryn L. Lunetta;James Luo;Ulysses J. Magalang;Michael C. Mahaney;Barry J. Make;Ani Manichaikul;Alisa K. Manning;JoAnn E. Manson;Lisa W. Martin;Melissa Marton;Susan K. Mathai;Rasika A. Mathias;Susanne May;Patrick F. McArdle;Merry‐Lynn McDonald;Sean McFarland;Stephen T. McGarvey;Daniel McGoldrick;Caitlin McHugh;Becky McNeil;Hao Mei;James B. Meigs;Vipin K. Menon;Luisa Mestroni;Ginger Metcalf;Deborah A. Meyers;Emmanuel Mignot;Julie Mikulla;Yuan‐I Min;Mollie Minear;Ryan L. Minster;Braxton D. Mitchell;Matt Moll;Zeineen Momin;May E. Montasser;Courtney G. Montgomery;Donna M. Muzny;Josyf C. Mychaleckyj;Girish N. Nadkarni;Rakhi P. Naik;Take Naseri;Pradeep Natarajan;Sergeï Nekhai;Sarah C. Nelson;Bonnie Neltner;Caitlin Nessner;Deborah A. Nickerson;Osuji Nkechinyere;Kari E. North;Jeff O’Connell;Tim O’Connor;Heather M. Ochs‐Balcom;Geoffrey Okwuonu;Allan I Pack;David T. Paik;Nicholette D. Palmer;James S. Pankow;George Papanicolaou;Corette B. Parker;Gina M. Peloso;Juan M. Peralta;Marco Perez;James A. Perry;Annette Peters;Patricia A. Peyser;Lawrence S. Phillips;Jacob Pleiness;Toni I. Pollin;Wendy S. Post;Julia Powers Becker;Meher Preethi Boorgula;Michael Preuß;Bruce M. Psaty;Pankaj Qasba;Dandi Qiao;Zhaohui Qin;Nicholas Rafaels;Laura M. Raffield;Mahitha Rajendran;Ramachandran S. Vasan;D. C. Rao;Laura J. Rasmussen‐Torvik;Aakrosh Ratan;Susan Redline;Robert M. Reed;Catherine Reeves;Elizabeth A. Regan;Alex P. Reiner;Muagututi’a Sefuiva Reupena;Kenneth Rice;Stephen S. Rich;Rébecca Robillard;Nicolas Robine;Dan M. Roden;Carolina Roselli;Jerome I. Rotter;Ingo Ruczinski;Alexi Runnels;Pamela Russell;Sarah Ruuska;Kathleen A. Ryan;Éster Cerdeira Sabino;Danish Saleheen;Shabnam Salimi;Sejal Salvi;Steven L. Salzberg;Kevin Sandow;Vijay G. Sankaran;Jireh Santibanez;Karen Schwander;David C. Schwartz;Frank C. Sciurba;Christine Seidman;Jonathan G. Seidman;Frédéric Sériès;Vivien A. Sheehan;Stephanie L. Sherman;Amol C. Shetty;Aniket Shetty;Wayne Hui-Heng Sheu;M. Benjamin Shoemaker;Brian Silver;Edwin K. Silverman;Robert Skomro;Albert V. Smith;Jennifer E. Smith;J. G. Smith;Nicholas L. Smith;Tanja Smith;Sylvia Smoller;Beverly M. Snively;M Snyder;Tamar Sofer;Nona Sotoodehnia;Adrienne M. Stilp;Garrett Storm;Elizabeth A. Streeten;Jessica Lasky‐Su;Yan V. Sun;Jody Sylvia;Adam A. Szpiro;Daniel Taliun;Hua Tang;Margaret A. Taub;Kent D. Taylor;Matthew R.G. Taylor;Simeon I. Taylor;Marilyn J. Telen;Timothy A. Thornton;Machiko Threlkeld;Lesley F. Tinker;David Tirschwell;Sarah A. Tishkoff;Hemant K. Tiwari;Catherine Tong;Russell P. Tracy;Michael Y. Tsai;Dhananjay Vaidya;David Van Den Berg;Peter VandeHaar;Scott Vrieze;Tarik Walker;Robert L. Wallace;Avram Walts;Fei Fei Wang;Heming Wang;Jiongming Wang;Karol Watson;Jennifer Watt;Daniel E. Weeks;Bruce S. Weir;Scott T. Weiss;Lu‐Chen Weng;Jennifer Wessel;Cristen J. Willer;Kayleen Williams;L. Keoki Williams;Carla G. Wilson;James F. Wilson;Lara Winterkorn;Quenna Wong;Joseph C. Wu;Huichun Xu;Lisa R. Yanek;Ivana V. Yang;Ketian Yu;Seyedeh M. Zekavat;Yingze Zhang;Snow Xueyan Zhao;Wei Zhao;Xiaofeng Zhu;Michael C. Zody;Sebastian Zoellner;Kai Kammers;Kanika Kanchan;Kruthika Iyer;Madeline H. Kowalski;Achilleas Pitsillides;L. Adrienne Cupples;Bingshan Li;Thorsten M. Schlaeger;Alan R. Shuldiner;Jeffrey R. O’Connell;Ingo Ruczinski;Braxton D. Mitchell;Nauder Faraday;Margaret A. Taub;Lewis C. Becker;Joshua P. Lewis;Rasika A. Mathias;Andrew D. Johnson"
"https://doi.org/10.1038/s41467-021-24484-z",2021,"Chenchen Zhu;Jingyan Wu;Han Sun;Francesca Briganti;Benjamin Meder;Wei Wu;Lars M. Steinmetz"
"https://doi.org/10.1038/s41467-021-26623-y",2021,"Aidan M. Fenix;Yuichiro Miyaoka;Alessandro Bertero;Steven M. Blue;Matthew J. Spindler;Kenneth K. B. Tan;Juan A. Pérez-Bermejo;Amanda H. Chan;Steven J. Mayerl;Trieu Nguyen;Caitlin R. Russell;Paweena Lizarraga;Annie Truong;Po-Lin So;Aishwarya Kulkarni;Kashish Chetal;Shashank Sathe;Nathan J. Sniadecki;G Yeo;Charles E. Murry;Bruce R. Conklin;Nathan Salomonis"
"https://doi.org/10.1038/s41467-022-35354-7",2022,"Marsha M. Wheeler;Adrienne M. Stilp;Shuquan Rao;Bjarni V. Halldórsson;Doruk Beyter;Jia Wen;Anna V. Mihkaylova;Caitlin McHugh;John Lane;Min-Zhi Jiang;Laura M. Raffield;Goo Jun;Fritz J. Sedlazeck;Ginger Metcalf;Yao Yao;Joshua C. Bis;Nathalie Chami;Paul S. de Vries;Pinkal Desai;James S. Floyd;Yan Gao;Kai Kammers;Wonji Kim;Jee‐Young Moon;Aakrosh Ratan;Lisa R. Yanek;Laura Almasy;Lewis C. Becker;John Blangero;Michael H. Cho;Joanne E. Curran;Myriam Fornage;Robert C. Kaplan;Joshua P. Lewis;Ruth J. F. Loos;Braxton D. Mitchell;Alanna C. Morrison;Michael Preuß;Bruce M. Psaty;Stephen S. Rich;Jerome I. Rotter;Hua Tang;Russell P. Tracy;Eric Boerwinkle;Gonçalo R. Abecasis;Thomas W. Blackwell;Albert V. Smith;Andrew D. Johnson;Rasika A. Mathias;Deborah A. Nickerson;Matthew P. Conomos;Yun Li;Unnur Þorsteinsdóttir;Magnús K. Magnússon;Kári Stéfansson;Nathan Pankratz;Daniel E. Bauer;Paul L. Auer;Alex P. Reiner"
"https://doi.org/10.1038/s41467-022-35553-2",2022,"Jie Huang;Jennifer E. Huffman;Yunfeng Huang;Ítalo Faria do Valle;Themistocles L. Assimes;Sridharan Raghavan;Benjamin F. Voight;Chang Liu;Albert‐László Barabási;Rose D. L. Huang;Qin Hui;Xuan‐Mai T. Nguyen;Yuk‐Lam Ho;Luc Djoussé;Julie A. Lynch;Marijana Vujković;Catherine Tcheandjieu;Hua Tang;Scott M. Damrauer;Peter D. Reaven;Donald R. Miller;Lawrence S. Phillips;Maggie C. Y. Ng;Mariaelisa Graff;Christopher A. Haiman;Ruth J. F. Loos;Kari E. North;Loïc Yengo;George Davey Smith;Danish Saleheen;J. Michael Gaziano;Daniel J. Rader;Philip S. Tsao;Kelly Cho;Kyong‐Mi Chang;Peter W.F. Wilson;Yan V. Sun;Christopher J. O’Donnell"
"https://doi.org/10.1038/s41559-016-0069",2017,"Megan Y. Dennis;Lana Harshman;Bradley J. Nelson;Osnat Penn;Stuart Cantsilieris;John Huddleston;Francesca Antonacci;Kelsi Penewit;Laura Denman;Archana N. Raja;Carl Baker;Kenneth M. K. Mark;Maika Malig;Nicolette Janke;Claudia Y. Espinoza;Holly A.F. Stessman;Xander Nuttle;Kendra Hoekzema;Tina A. Lindsay-Graves;Richard K. Wilson;Evan E. Eichler"
"https://doi.org/10.1038/s41586-020-1970-0",2020,"Claudia Calabrese;Natalie R. Davidson;Deniz Demircioğlu;Nuno A. Fonseca;Yao He;André Kahles;Kjong-Van Lehmann;Fenglin Liu;Yuichi Shiraishi;Cameron M. Soulette;Lara Urban;Claudia Calabrese;Natalie R. Davidson;Deniz Demircioğlu;Nuno A. Fonseca;Yao He;André Kahles;Kjong-Van Lehmann;Fenglin Liu;Yuichi Shiraishi;Cameron M. Soulette;Lara Urban;Liliana Greger;Siliang Li;Dongbing Liu;Marc D. Perry;Qian Xiang;Fan Zhang;Junjun Zhang;Peter J. Bailey;Serap Erkek;Katherine A. Hoadley;Yong Hou;Matthew R. Huska;Helena Kilpinen;Jan O. Korbel;Maximillian G. Marin;Julia Markowski;Tannistha Nandi;Qiang Pan‐Hammarström;Chandra Sekhar Pedamallu;Reiner Siebert;Stefan G. Stark;Hong Su;Patrick Tan;Sebastian M. Waszak;Christina K. Yung;Shida Zhu;Philip Awadalla;Chad J. Creighton;Matthew Meyerson;B. F. Francis Ouellette;Kui Wu;Huanming Yang;Nuno A. Fonseca;André Kahles;Kjong-Van Lehmann;Lara Urban;Cameron M. Soulette;Yuichi Shiraishi;Fenglin Liu;Yao He;Deniz Demircioğlu;Natalie R. Davidson;Claudia Calabrese;Junjun Zhang;Marc D. Perry;Qian Xiang;Liliana Greger;Siliang Li;Dongbing Liu;Stefan G. Stark;Fan Zhang;Samirkumar B. Amin;Peter J. Bailey;Aurélien Chateigner;Isidro Cortés‐Ciriano;Brian Craft;Serap Erkek;Milana Frenkel‐Morgenstern;Mary J. Goldman;Katherine A. Hoadley;Yong Hou;Matthew R. Huska;Ekta Khurana;Helena Kilpinen;Jan O. Korbel;Fabien C. Lamaze;David K. Chang;Xiaobo Li;Xinyue Li;Xingmin Liu;Maximillian G. Marin;Julia Markowski;Tannistha Nandi;Morten M. Nielsen;Akinyemi I. Ojesina;Qiang Pan‐Hammarström;Peter J. Park;Chandra Sekhar Pedamallu;Jakob Skou Pedersen;Reiner Siebert;Hong Su;Patrick Tan;Bin Tean Teh;Jian Wang;Sebastian M. Waszak;Heng Xiong;Sergei Yakneen;Chen Ye;Christina K. Yung;Xiuqing Zhang;Liangtao Zheng;Jingchun Zhu;Shida Zhu;Philip Awadalla;Chad J. Creighton;Matthew Meyerson;B. F. Francis Ouellette;Kui Wu;Huanming Yang;Jonathan Göke;Roland F. Schwarz;Oliver Stegle;Zemin Zhang;Alvis Brāzma;Gunnar Rätsch;Angela N. Brooks;Alvis Brāzma;Angela N. Brooks;Jonathan Göke;Gunnar Rätsch;Roland F. Schwarz;Oliver Stegle;Zemin Zhang;Lauri A. Aaltonen;Federico Abascal;Adam Abeshouse;Hiroyuki Aburatani;David J. Adams;Nishant Agrawal;Keun Soo Ahn;Sung‐Min Ahn;Hiroshi Aikata;Rehan Akbani;Kadir C. Akdemir;Hikmat Al‐Ahmadie;Sultan T. Al‐Sedairy;Fátima Al‐Shahrour;Malik Alawi;Monique Albert;Kenneth Aldape;Ludmil B. Alexandrov;Adrian Ally;Kathryn Alsop;Eva G. Álvarez;Fernanda Amary;Samirkumar B. Amin;Brice Aminou;Ole Ammerpohl;Matthew J. Anderson;Yeng Ang;Davide Antonello;Pavana Anur;Samuel Aparício;Elizabeth L. Appelbaum;Yasuhito Arai;Axel Aretz;Koji Arihiro;Shun‐ichi Ariizumi;Joshua Armenia;Laurent Arnould;L. Sylvia;Yassen Assenov;Gurnit Atwal;Sietse Aukema;J. Todd Auman;Miriam R. R. Aure;Philip Awadalla;Marta Aymerich;Gary D. Bader;Adrian Baez‐Ortega;Matthew H. Bailey;Peter J. Bailey;Miruna Balasundaram;Saianand Balu;Pratiti Bandopadhayay;Rosamonde E. Banks;Stefano Barbi;Andrew P. Barbour;Jonathan Barenboim;Jill S. Barnholtz‐Sloan;Hugh Barr;Elisabet Barrera;John Bartlett;Javier Bartolomé;Claudio Bassi;Oliver F. Bathe;Daniel Baumhoer;Prashant Bavi;Stephen B. Baylin;Wojciech Bażant;Duncan Beardsmore;Timothy A. Beck;Sam Behjati;Andreas Behren;Beifang Niu;Cindy Bell;Sergi Beltrán;Christopher C. Benz;Andrew Berchuck;Anke K. Bergmann;Erik N. Bergstrom;Benjamin P. Berman;Daniel M. Berney;Stephan Wolf;Rameen Beroukhim;Mario Berríos;Samantha Bersani;Johanna Bertl;Miguel Betancourt;Vinayak Bhandari;Shriram G. Bhosle;Andrew V. Biankin;Matthias Bieg;Darell D. Bigner;Hans Binder;Ewan Birney;Michael Birrer;Nidhan K. Biswas;Bodil Bjerkehagen;Tom Bodenheimer;Lori Boice;Giada Bonizzato;Johann S. de Bono;Arnoud Boot;Arnoud Boot;Åke Borg;Arndt Borkhardt;Keith A. Boroevich;Ivan Borozan;Christoph W. Borst;Marcus Bosenberg;Mattia Bosio;Jacqueline Boultwood;Guillaume Bourque;Paul C. Boutros;G. Steven Bova;David Bowen;Reanne Bowlby;David D.L. Bowtell;Sandrine Boyault;Rich Boyce;Jeffrey M. Boyd;Alvis Brāzma;Paul Brennan;Daniel Brewer;Arie B. Brinkman;Robert G. Bristow;Russell R. Broaddus;Jane E. Brock;Malcolm V. Brock;Annegien Broeks;Angela N. Brooks;Denise Brooks;Benedikt Brors;Søren Brunak;Timothy J. C. Bruxner;Alicia L. Bruzos;Alex Buchanan;Ivo Buchhalter;Christiane Buchholz;Susan Bullman;Hazel Burke;Birgit Burkhardt;Kathleen H. Burns;John Busanovich;Carlos D. Bustamante;Adam P. Butler;Atul J. Butte;Niall J. Byrne;Anne‐Lise Børresen‐Dale;Rory Johnson;Andy Cafferkey;Declan Cahill;Claudia Calabrese;Carlos Caldas;Fabien Calvo;Niedzica Camacho;Peter J. Campbell;Elı́as Campo;Cinzia Cantù;Shaolong Cao;Thomas E. Carey;Joana Carlevaro-Fita;Rebecca Carlsen;Ivana Cataldo;Mario Cazzola;Jonathan Cebon;Robert Cerfolio;Dianne Chadwick;Dimple Chakravarty;Drc Chalmers;Calvin Wing Yiu Chan;Kin Chan;Michelle Chan‐Seng‐Yue;Vishal S. Chandan;David K. Chang;Stephen J. Chanock;Keiran Raine;Aurélien Chateigner;Nilanjan Chatterjee;Kazuaki Chayama;Hsiao-Wei Chen;Jieming Chen;Ken Chen;Yiwen Chen;Zhaohong Chen;Andrew D. Cherniack;Jeremy Chien;Yoke-Eng Chiew;Suet‐Feung Chin;Juok Cho;Sunghoon Cho;Jung Kyoon Choi;Wan Choi;Christine Chomienne;Zechen Chong;Su Pin Choo;Angela Chou;Angelika N. Christ;Elizabeth L. Christie;Eric Chuah;Carrie Cibulskis;Kristian Cibulskis;Sara Cingarlini;Peter Clapham;Alexander Claviez;Sean P. Cleary;Nicole Cloonan;Marek Cmero;Colin C. Collins;Ashton A. Connor;Susanna L. Cooke;Colin S. Cooper;Leslie Cope;Vincenzo Corbo;Matthew G. Cordes;Stephen Cordner;Isidro Cortés‐Ciriano;Kyle Covington;Prue A. Cowin;Brian Craft;David Craft;Chad J. Creighton;Yupeng Cun;Erin Curley;Ioana Cutcutache;Karolina Czajka;Bogdan Czerniak;Rebecca A. Dagg;Ludmila Danilova;Maria Vittoria Davì;Natalie R. Davidson;Helen Davies;Ian J. Davis;Brandi N. Davis‐Dusenbery;Kevin J. Dawson;Francisco M. De La Vega;Ricardo De Paoli‐Iseppi;Timothy Defreitas;Angelo Paolo Dei Tos;Olivier Delaneau;John A. Demchok;Jonas Demeulemeester;German Demidov;Deniz Demircioğlu;Nening M. Dennis;Robert E. Denroche;Stefan C. Dentro;Nikita Desai;Vikram Deshpande;Amit G. Deshwar;Christine Desmedt;Jordi Deu-Pons;Noreen Dhalla;Neesha C. Dhani;Priyanka Dhingra;Rajiv Dhir;Anthony DiBiase;Klev Diamanti;Li Ding;Shimin Shuai;Huy Q. Dinh;Luc Dirix;HarshaVardhan Doddapaneni;Nilgun Donmez;Michelle T. Dow;Ronny Drapkin;Oliver Drechsel;Ruben M. Drews;Serge Serge;Tim Dudderidge;Ana Dueso-Barroso;Andrew Dunford;Michael J. Dünn;Lewis Jonathan Dursi;Fraser R. Duthie;Ken Dutton‐Regester;Jenna Eagles;Douglas F. Easton;Stuart Edmonds;Paul A. Edwards;Sandra E. Edwards;Rosalind A. Eeles;Anna Ehinger;Roland Eils;Roland Eils;Adel K. El‐Naggar;Matthew Eldridge;Kyle Ellrott;Serap Erkek;Geòrgia Escaramís;Shadrielle M. G. Espiritu;Xavier Estivill;Dariush Etemadmoghadam;Jórunn E. Eyfjörd;Bishoy M. Faltas;Daiming Fan;Yu Fan;William C. Faquin;Claudiu Farcas;Matteo Fassan;Aquila Fatima;Francesco Favero;Nodirjon Fayzullaev;Ina Felau;Sián Fereday;Martin L. Ferguson;Vincent Ferretti;Lars Feuerbach;Matthew A. Field;J. Lynn Fink;Gaetano Finocchiaro;Cyril Fisher;Matthew W. Fittall;Anna Fitzgerald;Rebecca C. Fitzgerald;Adrienne M. Flanagan;Neil E. Fleshner;Paul Flicek;John A. Foekens;Kwun M. Fong;Nuno A. Fonseca;Christopher S. Foster;Natalie S. Fox;Michael Fraser;Scott Frazer;Milana Frenkel‐Morgenstern;William A. Friedman;Joan Frigola;Catrina C. Fronick;Akihiro Fujimoto;Masashi Fujita;Masashi Fukayama;Lucinda A. Fulton;Robert S. Fulton;Mayuko Furuta;P. Andrew Futreal;Anja Füllgrabe;Stacey Gabriel;Steven Gallinger;Carlo Gambacorti‐Passerini;Jianjiong Gao;Shengjie Gao;Levi A. Garraway;Øystein Garred;Erik Garrison;Dale W. Garsed;Nils Gehlenborg;Josep L. L. Gelpi;Joshy George;Daniela S. Gerhard;Clarissa Gerhäuser;Jeffrey E. Gershenwald;Mark Gerstein;Moritz Gerstung;Gad Getz;Mohammed Ghori;Ronald Ghossein;Nasra H. Giama;Richard A. Gibbs;Bob Gibson;Anthony J. Gill;Pelvender Gill;Dilip D. Giri;Dominik Głodzik;Vincent J. Gnanapragasam;Maria Elisabeth Goebler;Mary J. Goldman;Carmen Gómez;Santiago González;Abel González-Pérez;Dmitry A. Gordenin;James Gossage;Kunihito Gotoh;Ramaswamy Govindan;Dorthe Grabau;Janet S. Graham;Robert C. Grant;Anthony R. Green;Eric D. Green;Liliana Greger;Nicola Grehan;Sonia Grimaldi;Sean M. Grimmond;Robert L. Grossman;Adam Grundhoff;Gunes Gundem;Qianyun Guo;Manaswi Gupta;Shailja Gupta;Marta Gut;Marta Gut;Jonathan Göke;Gavin Ha;Andrea Haake;David Haan;Siegfried Haas;Kerstin Haase;James E. Haber;James E. Haber;Faraz Hach;Syed Haider;Natsuko Hama;Freddie C. Hamdy;Anne Hamilton;Mark Hamilton;Leng Han;George B. Hanna;Martin L. Hansmann;Nicholas J. Haradhvala;Olivier Harismendy;Ivon Harliwong;Arif O. Harmanci;Eoghan Harrington;Takanori Hasegawa;David Haussler;Steve Hawkins;Shinya Hayami;Shuto Hayashi;D. Neil Hayes;Stephen J. Hayes;Nicholas K. Hayward;Steven Hazell;Yao He;Allison P. Heath;Simon Heath;David W. Hedley;Apurva M. Hegde;David I. Heiman;Michael C. Heinold;Zachary Heins;Lawrence E. Heisler;Eva Hellström‐Lindberg;Mohamed Helmy;Seong Gu Heo;Austin J. Hepperla;José María Heredia‐Genestar;Carl Herrmann;Peter Hersey;Julian M. Hess;Hólmfríður Hilmarsdóttir;Jonathan Hinton;Satoshi Hirano;Nobuyoshi Hiraoka;Katherine A. Hoadley;Asger Hobolth;Ermin Hodzic;Jessica I. Hoell;Steve Hoffmann;Oliver Hofmann;Andrea Holbrook;Aliaksei Z. Holik;Michael A. Hollingsworth;Oliver Holmes;Robert A. Holt;Chen Hong;Eun Pyo Hong;Jongwhi H. Hong;Gerrit K. Hooijer;Henrik Hornshøj;Fumie Hosoda;Yong Hou;Volker Hovestadt;William Howat;Alan P. Hoyle;Ralph H. Hruban;Taobo Hu;Taobo Hu;Xing Hua;Kuan‐lin Huang;Mei Huang;Mi Ni Huang;Vincent Huang;Yi Huang;Wolfgang Huber;Thomas J. Hudson;Michael Hummel;Jillian A. Hung;David G. Huntsman;Ted R. Hupp;Jason T. Huse;Matthew R. Huska;Barbara Hutter;Carolyn M. Hutter;Daniel Hübschmann;Christine A. Iacobuzio‐Donahue;Charles D. Imbusch;Marcin Imieliński;Seiya Imoto;William B. Isaacs;Keren Isaev;Shumpei Ishikawa;Murat Iskar;S. M. Ashiqul Islam;Michael Ittmann;Sinisa Ivkovic;José M. G. Izarzugaza;Jocelyne Jacquemier;Valerie Jakrot;Nigel B. Jamieson;Gun Ho Jang;Se Jin Jang;Joy C. Jayaseelan;Reyka G. Jayasinghe;Joshua M. Stuart;Karine Jegalian;Jennifer L. Jennings;Seung-Hyup Jeon;Lara Jerman;Yuan Ji;Wei Jiao;Peter A. Johansson;Amber L. Johns;Jeremy Johns;Rory Johnson;Todd A. Johnson;Clemency Jolly;Yann Joly;Jón G. Jónasson;Corbin D. Jones;David Jones;David Jones;Nic Jones;Steven J.M. Jones;Jos Jonkers;Young Seok Ju;Hartmut Juhl;Jongsun Jung;Malene Juul;Randi Istrup Juul;Randi Istrup Juul;Natalie Jäger;Rolf Kabbe;André Kahles;Abdullah Kahraman;Vera B. Kaiser;Hojabr Kakavand;Sangeetha Kalimuthu;Christof von Kalle;Koo Jeong Kang;Katalin Karászi;Beth Y. Karlan;Rosa Karlić;Dennis Karsch;L. Sylvia;Karin S. Kassahn;Hitoshi Katai;Mamoru Kato;Hiroto Katoh;Yoshiiku Kawakami;Jonathan D. Kay;Stephen H. Kazakoff;Marat D. Kazanov;Maria Keays;Electron Kebebew;Richard Kefford;Manolis Kellis;James G. Kench;Catherine J. Kennedy;Jules N. A. Kerssemakers;David Khoo;Vincent Khoo;Narong Khuntikeo;Ekta Khurana;Helena Kilpinen;Hark Kyun Kim;Hyung‐Lae Kim;Hyung-Yong Kim;Hyunghwan Kim;Jaegil Kim;Jihoon Kim;Jong Kim;Young-Wook Kim;Tari A. King;Wolfram Klapper;Kortine Kleinheinz;Leszek J. Klimczak;Stian Knappskog;Michael Kneba;Bartha Maria Knoppers;Youngil Koh;Jan Komorowski;Daisuke Komura;Mitsuhiro Komura;Gu Kong;Marcel Kool;Jan O. Korbel;Viktoriya Korchina;Andrey Korshunov;Michael Koscher;Roelof Koster;Zsofia Kote‐Jarai;Antonios Koures;Milena Kovacevic;Bárbara Kremeyer;Helene Kretzmer;Markus Kreuz;Savitri Krishnamurthy;Dieter Kube;Kiran Kumar;Pradeep Kumar;Sushant Kumar;Yogesh Kumar;Ritika Kundra;Kirsten Kübler;Ralf Küppers;Jesper Lagergren;Phillip H. Lai;Peter W. Laird;Sunil R. Lakhani;Christopher M. Lalansingh;Emilie Lalonde;Fabien C. Lamaze;Adam Lambert;Eric S. Lander;Pablo Landgraf;Luca Landoni;Anita Langerød;Andrés Lanzós;Denis Larsimont;Erik Larsson;Mark Lathrop;Loretta M. S. Lau;Chris Lawerenz;Rita T. Lawlor;Michael S. Lawrence;Alexander J. Lazar;Ana Mijalkovic Lazic;Xuan Le;Darlene Lee;Dong-Hoon Lee;Eunjung Alice Lee;Hee Jin Lee;Jake June-Koo Lee;Jeong‐Yeon Lee;Juhee Lee;Ming Ta Michael Lee;Henry Lee-Six;Kjong-Van Lehmann;Hans Lehrach;Dido Lenze;Conrad Leonard;Daniel Leongamornlert;Ignaty Leshchiner;Louis Létourneau;Ivica Letunić;Douglas A. Levine;Lora Lewis;Tim Ley;David K. Chang;Constance H. Li;Haiyan Irene Li;Jun Li;Lin Li;Shantao Li;Siliang Li;Xiaobo Li;Xiaotong Li;Xinyue Li;Yilong Li;Han Liang;Sheng‐Ben Liang;Peter Lichter;Pei Lin;Ziao Lin;W. Marston Linehan;Ole Christian Lingjærde;Dongbing Liu;Eric Minwei Liu;Fei-Fei Fei Liu;Fenglin Liu;Jia Liu;Xingmin Liu;Julie Livingstone;Dimitri Livitz;Naomi Livni;Lucas Lochovsky;Markus Loeffler;Georgina V. Long;Armando López‐Guillermo;Shaoke Lou;David N. Louis;Laurence Lovat;Yiling Lu;Yong‐Jie Lu;Youyong Lu;Claudio Luchini;Ilinca M. Lungu;Xuemei Luo;Hayley J. Luxton;Andy G. Lynch;Lisa Lype;Cristina López;Carlos López-Otı́n;Z. Eric;Yussanne Ma;Gaëtan MacGrogan;Shona MacRae;Geoff Macintyre;Tobias Madsen;Kazuhiro Maejima;Andrea Mafficini;Dennis T. Maglinte;Arindam Maitra;Partha P. Majumder;Luca Malcovati;Salem Malikić;Giuseppe Malleo;Graham J. Mann;Luisa Mantovani‐Löffler;Kathleen Marchal;Giovanni Marchegiani;Elaine R. Mardis;Jake Lin;Maximillian G. Marin;Florian Markowetz;Julia Markowski;Jeffrey R. Marks;Tomás Marquès‐Bonet;Marco A. Marra;Luke Marsden;John W.M. Martens;Sancha Martin;José I. Martín‐Subero;Iñigo Martincorena;Alexander Martinez‐Fundichely;Yosef E. Maruvka;R. Jay Mashl;Charlie E. Massie;Thomas J. Matthew;Lucy Matthews;Erik Mayer;Simon Mayes;Michael Mayo;Faridah Mbabaali;Karen McCune;Ultan McDermott;Patrick D. McGillivray;Michael D. McLellan;John D. McPherson;John R. McPherson;Treasa A. McPherson;Samuel R. Meier;Alice Meng;Shaowu Meng;Andrew Menzies;Neil D. Merrett;Sue Merson;Matthew Meyerson;Matthew Meyerson;Piotr A. Mieczkowski;George L. Mihaiescu;Sanja Mijalkovic;Tom Mikkelsen;Michèle Milella;Linda Mileshkin;Christopher A. Miller;David K. Miller;Jessica K. Miller;Gordon B. Mills;Ana Milovanovic;Sarah Minner;Marco Miotto;Gisela Mir Arnau;Kari G. Rabe;Thomas J. Mitchell;Thomas J. Mitchell;Satoru Miyano;Naoki Miyoshi;Shinichi Mizuno;Fruzsina Molnár‐Gábor;Malcolm J. Moore;Richard A. Moore;Sandro Morganella;Quaid Morris;Carl D. Morrison;Lisle E. Mose;Catherine D. Moser;Ferran Muiños;Loris Mularoni;Andrew J. Mungall;Karen Mungall;Elizabeth A. Musgrove;Ville Mustonen;David G. Mutch;Francesc Muyas;Donna M. Muzny;Alfonso Muñoz;Jerome K. Myers;Ola Myklebost;Peter Möller;Genta Nagae;Adnan Nagrial;Hardeep K. Nahal-Bose;Hitoshi Nakagama;Hidewaki Nakagawa;Hiromi Nakamura;Toru Nakamura;Kaoru Nakano;Tannistha Nandi;Jyoti Nangalia;Mia Nastic;Arcadi Navarro;Fábio C. P. Navarro;David E. Neal;Gerd Nettekoven;Felicity Newell;Steven Newhouse;Yulia Newton;Alvin Wei Tian Ng;Anthony Ng;Jonathan Nicholson;David Nicol;Yongzhan Nie;G. Petur Nielsen;Morten Muhlig Nielsen;Serena Nik-Zainal;Michael S. Noble;Kátia Nones;Paul A. Northcott;Faiyaz Notta;Brian D. O’Connor;Peter O’Donnell;Maria O’Donovan;Sarah O’Meara;Brian Patrick O’Neill;J. Robert O’Neill;David Ocana;Angelica Ochoa;Layla Oesper;Christopher Ogden;Hideki Ohdan;Kazuhiro Ohi;Lucila Ohno‐Machado;Karin A. Oien;Akinyemi I. Ojesina;Hidenori Ojima;Takuji Okusaka;Larsson Omberg;Choon Kiat Ong;Stephan Ossowski;German Ott;B. F. Francis Ouellette;Christine P’ng;Marta Paczkowska;Salvatore Paiella;Chawalit Pairojkul;Marina Pajic;Qiang Pan‐Hammarström;Elli Papaemmanuil;Irene Papatheodorou;Nagarajan Paramasivam;Ji Wan Park;Joong-Won Park;Keunchil Park;Kiejung Park;Peter J. Park;Peter J. Park;Simon L. Parsons;Harvey I. Pass;Danielle Pasternack;A. Pastore;Ann‐Marie Patch;Iris Pauporté;Antonio Pea;John V. Pearson;Chandra Sekhar Pedamallu;Jakob Skou Pedersen;Paolo Pederzoli;Martin Peifer;Nathan A. Pennell;Charles M. Perou;Marc D. Perry;Gloria M. Petersen;Myron Peto;Nicholas Petrelli;Robert Petryszak;Stefan M. Pfister;Mark Phillips;Oriol Pich;Hilda A. Pickett;Todd Pihl;Nischalan Pillay;Sarah E. Pinder;Mark Pinese;Andreia V. Pinho;Esa Pitkänen;Xavier Pivot;Elena Piñeiro-Yáñez;Laura Planko;Christoph Plass;Paz Polak;Tirso Pons;Irinel Popescu;Olga Potapova;Aparna Prasad;Shaun R. Preston;Manuel Prinz;Antonia L. Pritchard;Stephenie D. Prokopec;Elena Provenzano;Xosé S. Puente;Susana Puig;Montserrat Puiggròs;Sergio Pulido-Tamayo;Gulietta M. Pupo;Colin A. Purdie;Michael C. Quinn;Raquel Rabionet;Janet S. Rader;Bernhard Radlwimmer;Petar Radovic;Benjamin Raeder;Keiran Raine;Manasa Ramakrishna;Kamna Ramakrishnan;Suresh Ramalingam;Benjamin J. Raphael;W. Kimryn Rathmell;Tobias Rausch;Guido Reifenberger;Jüri Reimand;Jorge S. Reis‐Filho;Victor E. Reuter;Iker Reyes-Salazar;Matthew A. Reyna;Sheila M. Reynolds;Esther Rheinbay;Yasser Riazalhosseini;Andrea L. Richardson;Julia Richter;Matthew D. Ringel;Markus Ringnér;Yasushi Rino;Karsten Rippe;Jeffrey Roach;Lewis R. Roberts;Nicola D. Roberts;Steven A. Roberts;A. Gordon Robertson;Alan J. Robertson;Javier Bartolomé Rodriguez;Bernardo Rodríguez–Martín;F. Germán Rodríguez-González;Michael H. A. Roehrl;Marius Rohde;Hirofumi Rokutan;Gilles Romieu;Ilse Rooman;Tom Roques;Daniel Rosebrock;Mara Rosenberg;Philip Rosenstiel;Andreas Rosenwald;Edward Rowe;Romina Royo;Steve Rozen;Yulia Rubanova;Mark A. Rubin;Carlota Rubio-Pérez;Vasilisa A. Rudneva;Borislav C. Rusev;Andrea Ruzzenente;Gunnar Rätsch;Radhakrishnan Sabarinathan;Veronica Y. Sabelnykova;Sara Sadeghi;S. Cenk Ṣahinalp;Natalie Saini;Mihoko Saito-Adachi;Gordon Saksena;Adriana Salcedo;Roberto Salgado;Leonidas Salichos;Richard Sallari;Charles Saller;Roberto Salvia;Michelle Sam;Jaswinder S. Samra;Francisco Sánchez-Vega;Chris Sander;Grant Sanders;Rajiv Sarin;Iman Sarrafi;Aya Sasaki-Oku;Torill Sauer;Guido Sauter;Robyn P.M. Saw;Maria Scardoni;Christopher J. Scarlett;Aldo Scarpa;Ghislaine Scélo;Dirk Schadendorf;Jacqueline E. Schein;Markus B. Schilhabel;Matthias Schlesner;Thorsten Schlomm;Heather K. Schmidt;Sarah‐Jane Schramm;Stefan Schreiber;Nikolaus Schultz;Steven E. Schumacher;Roland F. Schwarz;Richard A. Scolyer;David Scott;Ralph Scully;Raja S. Seethala;Ayellet V. Segrè;Iris Selander;Colin A. Semple;Yasin Şenbabaoğlu;Subhajit Sengupta;Elisabetta Sereni;Stefano Serra;Dennis C. Sgroi;Mark Shackleton;Nimish Shah;Sagedeh Shahabi;Catherine A. Shang;Ping Shang;Ofer Shapira;Troy Shelton;Ciyue Shen;Hui Shen;Rebecca Shepherd;Ruian Shi;Yan Shi;Yu-Jia Shiah;Tatsuhiro Shibata;Juliann Shih;Eigo Shimizu;Kiyo Shimizu;Seung Jun Shin;Yuichi Shiraishi;Tal Shmaya;Ilya Shmulevich;Solomon I. Shorser;Charles Short;Raunak Shrestha;Suyash Shringarpure;Craig D. Shriver;Shimin Shuai;Nikos Sidiropoulos;Reiner Siebert;Anieta M. Sieuwerts;Lina Sieverling;Sabina Signoretti;Katarzyna Sikora;Michele Simbolo;Ronald Simon;Janae V. Simons;Jared T. Simpson;Peter T. Simpson;Samuel Singer;Nasa Sinnott-Armstrong;Payal Sipahimalani;Tara Skelly;Marcel Smid;Jaclyn Smith;Karen Smith‐McCune;Nicholas D. Socci;Heidi J. Sofia;Matthew G. Soloway;Lei Song;Anil K. Sood;Sharmila Sothi;Christos Sotiriou;Cameron M. Soulette;Paul N. Span;Paul T. Spellman;Nicola Sperandio;Andrew J. Spillane;Oliver Spiro;Jonathan Spring;Johan Staaf;Peter F. Stadler;Peter Staib;Stefan G. Stark;Lucy Stebbings;Ólafur Andri Stefánsson;Oliver Stegle;Lincoln D. Stein;Alasdair Stenhouse;Chip Stewart;Stephan Stilgenbauer;Miranda D. Stobbe;Michael R. Stratton;Jonathan R. Stretch;Adam J. Struck;Joshua M. Stuart;Henk G. Stunnenberg;Hong Su;Xiaoping Su;Ren Sun;Stéphanie Sungalee;Hana Sušak;Akihiro Suzuki;Fred C.G.J. Sweep;Monika Szczepanowski;Holger Sültmann;Takashi Yugawa;Angela Tam;David Tamborero;Benita Kiat Tee Tan;Donghui Tan;Patrick Tan;Hiroko Tanaka;Hirokazu Taniguchi;Tomas Tanskanen;Maxime Tarabichi;Roy Tarnuzzer;Patrick Tarpey;Morgan L. Taschuk;Kenji Tatsuno;Simon Tavaré;Darrin F. Taylor;Amaro Taylor‐Weiner;Jon W. Teague;Bin Tean Teh;Varsha Tembe;Javier Temes;Kevin Thai;Sarah P. Thayer;Nina Thiessen;Gilles Thomas;Sarah Thomas;Alan Thompson;Alastair M. Thompson;John F. Thompson;R. Houston Thompson;Heather Thorne;Leigh B. Thorne;Adrian Thorogood;Grace Tiao;Nebojša Tijanić;Lee E. Timms;Roberto Tirabosco;Marta Tojo;Stefania Tommasi;Christopher W. Toon;Umut H. Toprak;David Torrents;Giampaolo Tortora;Jörg Tost;Yasushi Totoki;David Townend;Nadia Traficante;Isabelle Treilleux;Jean-Rémi Trotta;Lorenz Trümper;Ming‐Sound Tsao;Tatsuhiko Tsunoda;José M. C. Tubío;Olga Tucker;Richard Turkington;Daniel J. Turner;Andrew Tutt;Masaki Ueno;Naoto T. Ueno;Christopher B. Umbricht;Husen M. Umer;Timothy J. Underwood;Lara Urban;Tomoko Urushidate;Tetsuo Ushiku;Liis Uusküla-Reimand;Alfonso Valencia;David Van Den Berg;Steven Van Laere;Peter Van Loo;Erwin G. Van Meir;Gert G. Van den Eynden;Theodorus H. van der Kwast;Naveen Vasudev;Miguél Vázquez;Ravikiran Vedururu;Umadevi Veluvolu;Shankar Vembu;Lieven P. C. Verbeke;Peter Vermeulen;Clare Verrill;Alain Viari;David Vicente;Caterina Vicentini;K. VijayRaghavan;Juris Víksna;Ricardo E. Vilain;Izar Villasante;Anne Vincent‐Salomon;Tapio Visakorpi;Douglas Voet;Paresh Vyas;Ignacio Vázquez-Garćıa;Nick M. Waddell;Nicola Waddell;Claes Wadelius;Lina Wadi;Rabea Wagener;Jeremiah A. Wala;Jian Wang;Jiayin Wang;Linghua Wang;Qi Wang;Wenyi Wang;Yumeng Wang;Zhining Wang;Paul Waring;Hans-Jörg Warnatz;Jonathan Warrell;Anne Y. Warren;Sebastian M. Waszak;David C. Wedge;Dieter Weichenhan;Paul Weinberger;John N. Weinstein;Joachim Weischenfeldt;Daniel J. Weisenberger;Ian Welch;Michael C. Wendl;Johannes Werner;Justin P. Whalley;David A. Wheeler;Hayley C. Whitaker;Dennis A. Wigle;Matthew D. Wilkerson;Ashley Williams;James S. Wilmott;Gavin W. Wilson;Julie M. Wilson;Richard K. Wilson;Boris Winterhoff;Jeffrey A. Wintersinger;Maciej Wiznerowicz;Stephan Wolf;Bernice H. Wong;Tina Wong;Winghing Wong;Youngchoon Woo;Scott Wood;Bradly G. Wouters;A. Jordan Wright;Derek Wright;Mark H. Wright;Chin‐Lee Wu;Dai‐Ying Wu;Guanming Wu;Jianmin Wu;Kui Wu;Yang Wu;Zhenggang Wu;Liu Xi;Tian Xia;Qian Xiang;Xiao Xiao;Rui Xing;Heng Xiong;Qinying Xu;Yanxun Xu;Hong Xue;Shinichi Yachida;Sergei Yakneen;Takafumi N. Yamaguchi;Takafumi N. Yamaguchi;Masakazu Yamamoto;Shogo Yamamoto;Hiroki Yamaue;Fan Yang;Huanming Yang;Jean Yang;Liming Yang;Lixing Yang;Shanlin Yang;Tsun-Po Yang;Yang Yang;Xiaotong Yao;Marie‐Laure Yaspo;Lucy Yates;Christina Yau;Chen Ye;Kai Ye;Venkata D. Yellapantula;Sung-Soo Yoon;Sung-Soo Yoon;Fouad Yousif;Jun Yu;Kaixian Yu;Willie Yu;Yingyan Yu;Ke Yuan;Yuan Yuan;Denis Yuen;Christina K. Yung;Olga Zaikova;Jorge Zamora;Marc Zapatka;Jean C. Zenklusen;Thorsten Zenz;Nikolajs Zeps;Cheng‐Zhong Zhang;Fan Zhang;Hailei Zhang;Hongwei Zhang;Hongxin Zhang;Jiashan Zhang;Jing Zhang;Junjun Zhang;Xiuqing Zhang;Xuanping Zhang;Yan Zhang;Zemin Zhang;Zhongming Zhao;Liangtao Zheng;Xiuqing Zheng;Wanding Zhou;Yong Zhou;Bin Zhu;Hongtu Zhu;Jingchun Zhu;Shida Zhu;Lihua Zou;Xueqing Zou;Anna deFazio;Nicholas van As;Carolien H. M. van Deurzen;Marc J. van de Vijver;L. van’t Veer;Christian von Mering"
"https://doi.org/10.1038/s41588-017-0004-9",2017,"Yang Li;David A. Knowles;Jack Humphrey;Alvaro Barbeira;Scott Dickinson;Hae Kyung Im;Jonathan K. Pritchard"
"https://doi.org/10.1038/s41588-018-0286-6",2018,"Jeroen R. Huyghe;Stephanie A. Bien;Tabitha A. Harrison;Hyun Min Kang;Sai Chen;Stephanie L. Schmit;David V. Conti;Conghui Qu;Jihyoun Jeon;Christopher K. Edlund;Peyton Greenside;Michael Wainberg;Fredrick R. Schumacher;Joshua D. Smith;David Levine;Sarah C. Nelson;Nasa Sinnott-Armstrong;Demetrius Albanes;M. Henar Alonso;Kristin E. Anderson;Coral Arnau‐Collell;Volker Arndt;Christina Bamia;Barbara L. Banbury;John A. Baron;Sonja I. Berndt;Stéphane Bézieau;D. Timothy Bishop;Juergen Boehm;Heiner Boeing;Hermann Brenner;Stefanie Brezina;Stephan Buch;Daniel D. Buchanan;Andrea N. Burnett‐Hartman;Katja Butterbach;Bette J. Caan;Peter T. Campbell;Christopher S. Carlson;Sergi Castellví‐Bel;Andrew T. Chan;Jenny Chang-Claude;Stephen J. Chanock;María‐Dolores Chirlaque;Sang‐Hee Cho;Charles M. Connolly;Amanda J. Cross;Katarina Ćuk;Keith R. Curtis;Albert de la Chapelle;Kimberly F. Doheny;David Duggan;Douglas F. Easton;Sjoerd G. Elias;Faye Elliott;Dallas R. English;Edith J. M. Feskens;Jane C. Figueiredo;Rocky Fischer;Liesel M. FitzGerald;David Forman;Manish Gala;Steven Gallinger;W. James Gauderman;Graham G. Giles;Elizabeth M. Gillanders;Jian Gong;Phyllis J. Goodman;William M. Grady;John Grove;Andrea Gsur;Marc J. Gunter;Robert W. Haile;Jochen Hampe;Heather Hampel;Sophia Harlid;Richard B. Hayes;Philipp Hofer;Michael Hoffmeister;John L. Hopper;Wan‐Ling Hsu;Wen‐Yi Huang;Thomas J. Hudson;David J. Hunter;Gemma Ibáñez‐Sanz;Gregory Idos;Roxann Ingersoll;Rebecca D. Jackson;Eric J. Jacobs;Mark A. Jenkins;Amit D. Joshi;Corinne E. Joshu;Temitope O. Keku;Timothy J. Key;Hyeong Rok Kim;Emiko Kobayashi;Laurence N. Kolonel;Charles Kooperberg;Tilman Kühn;Sébastien Küry;Sun‐Seog Kweon;Susanna C. Larsson;Cecelia Laurie;Loı̈c Le Marchand;Suzanne M. Leal;Soo Chin Lee;Flavio Lejbkowicz;Mathieu Lemire;Christopher I. Li;Li Li;Wolfgang Lieb;Yi Lin;Annika Lindblom;Noralane M. Lindor;Hua Ling;Tin L. Louie;Satu Männistö;Sanford D. Markowitz;Vicente Martín;Giovanna Masala;Caroline McNeil;Marilena Melas;Roger L. Milne;Lorena Moreno;Neil Murphy;Robin Myte;Alessio Naccarati;Polly A. Newcomb;Kenneth Offit;Shuji Ogino;N. Charlotte Onland-Moret;Barbara Pardini;Patrick S. Parfrey;Rachel Pearlman;Vittorio Perduca;Paul D.P. Pharoah;Mila Pinchev;Elizabeth A. Platz;Ross L. Prentice;Elizabeth Pugh;Leon Raskin;Gad Rennert;Hedy S. Rennert;Elio Ríboli;Miguel Rodríguez‐Barranco;Jane Romm;Lori C. Sakoda;Clemens Schafmayer;Robert Schoen;Daniela Seminara;Mitul Shah;Tameka Shelford;Min‐Ho Shin;Katerina Shulman;Sabina Sieri;Martha L. Slattery;Melissa C. Southey;Zsofia K. Stadler;Christa Stegmaier;Yu‐Ru Su;Catherine M. Tangen;Stephen N. Thibodeau;Duncan C. Thomas;Sushma S. Thomas;Amanda E. Toland;Antonia Trichopoulou;Cornelia M. Ulrich;David Van Den Berg;Franzel J. B. van Duijnhoven;Bethany Van Guelpen;Henk van Kranen;Joseph Vijai;Kala Visvanathan;Pavel Vodička;Ludmila Vodičková;Veronika Vymetalkova;Korbinian Weigl;Stephanie J. Weinstein;Emily White;Aung Ko Win;C. Roland Wolf;Alicja Wolk;Michael O. Woods;Anna H. Wu;Syed H. Zaidi;Brent W. Zanke;Qing Zhang;Wei Zheng;Peter C. Scacheri;John D. Potter;Michael C. Bassik;Anshul Kundaje;Graham Casey;Vı́ctor Moreno;Gonçalo R. Abecasis;Deborah A. Nickerson;Stephen B. Gruber;Li Hsu;Ulrike Peters"
"https://doi.org/10.1038/s41588-018-0303-9",2018,"Ayush Giri;Jacklyn N. Hellwege;Jacob M. Keaton;Jihwan Park;Chengxiang Qiu;Helen Warren;Eric S. Torstenson;Csaba P. Kövesdy;Yan V. Sun;Otis D. Wilson;Cassianne Robinson‐Cohen;Christianne L. Roumie;Cecilia P. Chung;Kelly A. Birdwell;Scott M. Damrauer;Scott L. DuVall;Derek Klarin;Kelly Cho;Yu Wang;Εvangelos Εvangelou;Claudia P. Cabrera;Louise V. Wain;Rojesh Shrestha;Brian S. Mautz;Elvis A. Akwo;Muralidharan Sargurupremraj;Stéphanie Debette;Michael Boehnke;Laura J. Scott;Jian’an Luan;Jing-Hua Zhao;Sara M. Willems;Sébastien Thériault;Nabi Shah;Christopher Oldmeadow;Peter Almgren;Ruifang Li‐Gao;Niek Verweij;Thibaud Boutin;Massimo Mangino;Ioanna Ntalla;Elena V. Feofanova;Praveen Surendran;James P. Cook;Savita Karthikeyan;Najim Lahrouchi;Chunyu Liu;Nuno Sepúlveda;Tom G. Richardson;Aldi T. Kraja;Philippe Amouyel;Martin Farrall;Neil R Poulter;Markku Laakso;Eleftheria Zeggini;Peter Sever;Robert A. Scott;Claudia Langenberg;Nicholas J. Wareham;David Conen;Nicholette D. Palmer;John Attia;Daniel I. Chasman;Paul M. Ridker;Olle Melander;Dennis Owen Mook-Kanamori;Pim van der Harst;Francesco Cucca;David Schlessinger;Caroline Hayward;Tim D. Spector;Marjo-Riitta Jarvelin;Branwen J. Hennig;Nicholas J. Timpson;Wei-Qi Wei;Joshua C. Smith;Yaomin Xu;Michael E. Matheny;Edward D. Siew;Cecilia M. Lindgren;Karl‐Heinz Herzig;George Dedoussis;Joshua C. Denny;Bruce M. Psaty;Joanna M. M. Howson;Patricia B. Munroe;Christopher Newton‐Cheh;Mark J. Caulfield;Paul Elliott;J. Michael Gaziano;John Concato;Peter W.F. Wilson;Philip S. Tsao;Digna R. Velez Edwards;Katalin Suszták;Christopher J. O’Donnell;Adriana M. Hung;Todd L. Edwards"
"https://doi.org/10.1038/s41588-019-0519-3",2019,"Derek Klarin;Emma Busenkell;Renae Judy;Julie A. Lynch;Michael G. Levin;Jeffery Haessler;Krishna G. Aragam;Mark Chaffin;Mary E. Haas;Sara Lindström;Themistocles L. Assimes;Jie Huang;Kyung Min Lee;Qing Shao;Jennifer E. Huffman;Christopher Kabrhel;Yunfeng Huang;Yan V. Sun;Marijana Vujković;Danish Saleheen;Donald R. Miller;Peter D. Reaven;Scott L. DuVall;William E. Boden;Saiju Pyarajan;Alex P. Reiner;David‐Alexandre Trégouët;Peter K. Henke;Charles Kooperberg;J. Michael Gaziano;John Concato;Daniel J. Rader;Kelly Cho;Kyong‐Mi Chang;Peter W.F. Wilson;Nicholas L. Smith;Christopher J. O’Donnell;Philip S. Tsao;Sekar Kathiresan;T. Andrea;Scott M. Damrauer;Pradeep Natarajan"
"https://doi.org/10.1038/s41588-020-00713-x",2020,"Praveen Surendran;Elena V. Feofanova;Najim Lahrouchi;Ioanna Ntalla;Savita Karthikeyan;James P. Cook;Lingyan Chen;Borbála Mifsud;Chen Yao;Aldi T. Kraja;James Cartwright;Jacklyn N. Hellwege;Ayush Giri;Vinicius Tragante;Guðmar Þorleifsson;Dajiang J. Liu;Bram P. Prins;Isobel D. Stewart;Claudia P. Cabrera;James Eales;Artur Akbarov;Paul L. Auer;Lawrence F. Bielak;Joshua C. Bis;Vickie Braithwaite;Jennifer A. Brody;E. Warwick Daw;Helen R. Warren;Fotios Drenos;Yan V. Sun;Jessica D. Faul;Eric B. Fauman;Cristiano Fava;Teresa Ferreira;Christopher N. Foley;Nora Franceschini;He Gao;Olga Giannakopoulou;Franco Giulianini;Daníel F. Guðbjartsson;Xiuqing Guo;Sarah E. Harris;Aki S. Havulinna;Anna Helgadóttir;Jennifer E. Huffman;Shih‐Jen Hwang;Stavroula Kanoni;Jukka Kontto;Martin G. Larson;Ruifang Li‐Gao;Jaana Lindström;Luca A. Lotta;Yingchang Lu;Jian’an Luan;Anubha Mahajan;Giovanni Malerba;Nicholas G. D. Masca;Hao Mei;Cristina Menni;Dennis O. Mook‐Kanamori;David Mosén-Ansorena;Martina Müller‐Nurasyid;Guillaume Paré;Dirk S. Paul;Markus Perola;Alaitz Poveda;Rainer Rauramaa;Melissa A. Richard;Tom G. Richardson;Nuno Sepúlveda;Xueling Sim;Albert V. Smith;Jennifer A. Smith;James R Staley;Alena Stanáková;Patrick Sulem;Sébastien Thériault;Unnur Þorsteinsdóttir;Stella Trompet;Tibor V. Varga;Digna R. Velez Edwards;Giovanni Veronesi;Stefan Weiß;Sara M. Willems;Jie Yao;Robin Young;Bing Yu;Weihua Zhang;Jinghua Zhao;Wei Zhao;Wei Zhao;Εvangelos Εvangelou;Stefanie Aeschbacher;Eralda Asllanaj;Stefan Blankenberg;Lori L. Bonnycastle;Jette Bork‐Jensen;Ivan Brandslund;Peter S. Braund;Stephen Burgess;Kelly Cho;Cramer Christensen;John Connell;Renée de Mutsert;Anna F. Dominiczak;Marcus Dörr;Guðný Eiríksdóttir;Aliki‐Eleni Farmaki;J. Michael Gaziano;Niels Grarup;Megan L. Grove;Göran Hallmans;Torben Hansen;Henri Theil;G. Heiss;Marit E. Jørgensen;Jari Lahti;Eero Kajantie;Mihir Kamat;Annemari Käräjämäki;Fredrik Karpe;Heikki A. Koistinen;Csaba P. Kövesdy;Kari Kuulasmaa;Tiina Laatikainen;Lars Lannfelt;I‐Te Lee;Wen‐Jane Lee;Rudolf A. de Boer;Pim van der Harst;Peter van der Meer;Niek Verweij;Allan Linneberg;Lisa W. Martin;Marie Moitry;Girish N. Nadkarni;Matt J. Neville;Nicholette D. Palmer;George Papanicolaou;Oluf Pedersen;James E. Peters;Neil R Poulter;Asif Rasheed;Katrine Laura Rasmussen;Nigel W. Rayner;Reedik Mägi;Frida Renström;Rainer Rettig;Jacques E. Rossouw;Pamela J. Schreiner;Peter Sever;Engilbert Sigurðsson;Tea Skaaby;Yan V. Sun;Johan Sundström;Guðmundur Þorgeirsson;Tõnu Esko;Elisabetta Trabetti;Philip S. Tsao;Jaakko Tuomilehto;Stephen T. Turner;Ioanna Tzoulaki;Ilonca Vaartjes;Anne‐Claire Vergnaud;Cristen J. Willer;Peter W.F. Wilson;Daniel R. Witte;Ekaterina Yonova‐Doing;He Zhang;Naheed Aliya;Peter Almgren;Philippe Amouyel;Folkert W. Asselbergs;Michael R. Barnes;Alexandra I. F. Blakemore;Michael Boehnke;Michiel L. Bots;Erwin P. Böttinger;Julie E. Buring;John C. Chambers;Yii‐Der Ida Chen;Rajiv Chowdhury;David Conen;Adolfo Correa;George Davey Smith;Rudolf A. de Boer;Ian J. Deary;George Dedoussis;Panos Deloukas;Emanuele Di Angelantonio;Paul Elliott;Adam S. Butterworth;John Danesh;Claudia Langenberg;Panos Deloukas;Mark I. McCarthy;Paul W. Franks;Olov Rolandsson;Nicholas J. Wareham;Stephan B. Felix;Jean Ferrières;Ian Ford;Myriam Fornage;Paul W. Franks;Paul W. Franks;Philippe Frossard;Giovanni Gambaro;Tom R. Gaunt;Leif Groop;Vilmundur Guðnason;Tamara B. Harris;Caroline Hayward;Branwen J. Hennig;Karl‐Heinz Herzig;Erik Ingelsson;Jaakko Tuomilehto;Marjo‐Riitta Järvelin;J. Wouter Jukema;Sharon L. R. Kardia;Frank Kee;Jaspal S. Kooner;Charles Kooperberg;Lenore J. Launer;Lars Lind;Ruth J. F. Loos;Abdulla al Shafi Majumder;Markku Laakso;Mark I. McCarthy;Olle Melander;Karen L. Mohlke;Alison D. Murray;Børge G. Nordestgaard;Marju Orho‐Melander;Chris J. Packard;Sandosh Padmanabhan;Walter Palmas;Ozren Polašek;David J. Porteous;Andrew M. Prentice;Michael A. Province;Caroline L. Relton;Kenneth Rice;Paul M. Ridker;Olov Rolandsson;Frits R. Rosendaal;Jerome I. Rotter;Igor Rudan;Veikko Salomaa;Nilesh J. Samani;Naveed Sattar;Wayne H.-H. Sheu;Blair H. Smith;Nicole Soranzo;Timothy D. Spector;John M. Starr;Sylvain Sebért;Kent D. Taylor;Timo A. Lakka;Nicholas J. Timpson;Martin D. Tobin;Bram P. Prins;Eleftheria Zeggini;Pim van der Harst;Peter van der Meer;Ramachandran S. Vasan;Niek Verweij;Jarmo Virtamo;Uwe Völker;David R. Weir;Eleftheria Zeggini;Fadi J. Charchar;Jacklyn N. Hellwege;Ayush Giri;Digna R. Velez Edwards;Kelly Cho;J. Michael Gaziano;Csaba P. Kövesdy;Yan V. Sun;Philip S. Tsao;Peter W.F. Wilson;Todd L. Edwards;Adriana M. Hung;Christopher J. O’Donnell;Nicholas J. Wareham;Claudia Langenberg;Maciej Tomaszewski;Adam S. Butterworth;Mark J. Caulfield;John Danesh;Todd L. Edwards;Hilma Hólm;Adriana M. Hung;Cecilia M. Lindgren;Chunyu Liu;Alisa K. Manning;Andrew P. Morris;Alanna C. Morrison;Christopher J. O’Donnell;Bruce M. Psaty;Danish Saleheen;Kāri Stefánsson;Eric Boerwinkle;Daniel I. Chasman;Daniel Levy;Christopher Newton‐Cheh;Patricia B. Munroe;Joanna M. M. Howson"
"https://doi.org/10.1038/s41588-020-0706-2",2020,"Dan Zhou;Yi Jiang;Xue Zhong;Nancy J. Cox;Chunyu Liu;Eric R. Gamazon"
"https://doi.org/10.1038/s41591-019-0492-5",2019,"Derek Klarin;Julie A. Lynch;Krishna G. Aragam;Mark Chaffin;Themistocles L. Assimes;Jie Huang;Kyung Min Lee;Qing Shao;Jennifer E. Huffman;Pradeep Natarajan;Shipra Arya;Aeron Small;Yan V. Sun;Marijana Vujković;Matthew S. Freiberg;Lu Wang;Jinbo Chen;Danish Saleheen;Jennifer Lee;Donald R. Miller;Peter D. Reaven;Patrick R. Alba;Olga V. Patterson;Scott L. DuVall;William E. Boden;Joshua A. Beckman;J. Michael Gaziano;John Concato;Daniel J. Rader;Kelly Cho;Kyong‐Mi Chang;Peter W.F. Wilson;Christopher J. O’Donnell;Sekar Kathiresan;Philip S. Tsao;Scott M. Damrauer"
"https://doi.org/10.1038/s41598-022-14408-2",2022,"Richard Barfield;Conghui Qu;Robert S. Steinfelder;Chenjie Zeng;Tabitha A. Harrison;Stefanie Brezina;Daniel D. Buchanan;Peter T. Campbell;Graham Casey;Steven Gallinger;Marios Giannakis;Stephen B. Gruber;Andrea Gsur;Li Hsu;Jeroen R. Huyghe;Vı́ctor Moreno;Polly A. Newcomb;Shuji Ogino;Amanda I. Phipps;Martha L. Slattery;Stephen N. Thibodeau;Quang Trinh;Amanda E. Toland;Thomas J. Hudson;Wei Sun;Syed Hassan Ejaz Zaidi;Ulrike Peters"
"https://doi.org/10.1038/s41598-023-30369-6",2023,"Daiane Hemerich;Roelof A.J. Smit;Michael Preuß;Lauren Stalbow;Sander W. van der Laan;Folkert W. Asselbergs;Jessica van Setten;Vinicius Tragante"
"https://doi.org/10.1038/s42003-021-02792-w",2021,"Aine Fairbrother-Browne;Aminah T. Ali;Regina H. Reynolds;Sonia García-Ruiz;David Zhang;Zhongbo Chen;Mina Ryten;Alan Hodgkinson"
"https://doi.org/10.1038/s42003-022-03304-0",2022,"Ani Manichaikul;Honghuang Lin;Chansuk Kang;Chaojie Yang;Stephen S. Rich;Kent D. Taylor;Xiuqing Guo;Jerome I. Rotter;W. Craig Johnson;Elaine Cornell;Russell P. Tracy;Jon Peter Durda;Yongmei Liu;Ramachandran S. Vasan;L. Adrienne Cupples;Robert E. Gerszten;Clary B. Clish;Deepti Jain;Matthew P. Conomos;Thomas W. Blackwell;George Papanicolaou;Annabelle Rodríguez"
"https://doi.org/10.1038/s42003-022-03812-z",2022,"Michael Elgart;Genevieve Lyons;Santiago Romero‐Brufau;Nuzulul Kurniansyah;Jennifer A. Brody;Xiuqing Guo;Henry J. Lin;Laura M. Raffield;Yan Gao;Han Chen;Paul S. de Vries;Donald M. Lloyd‐Jones;Leslie A. Lange;Gina M. Peloso;Myriam Fornage;Jerome I. Rotter;Stephen S. Rich;Alanna C. Morrison;Bruce M. Psaty;Daniel Levy;Susan Redline;Paul S. de Vries;Tamar Sofer"
"https://doi.org/10.1038/s43856-022-00234-0",2023,"Amand F. Schmidt;Roshni Joshi;María Gordillo‐Marañón;Fotios Drenos;Pimphen Charoen;Claudia Giambartolomei;Joshua C. Bis;Tom R. Gaunt;Alun D. Hughes;Debbie A. Lawlor;Andrew Wong;Jackie F. Price;Nish Chaturvedi;S. Goya Wannamethee;Nora Franceschini;Mika Kivimäki;Aroon D. Hingorani;Chris Finan"
"https://doi.org/10.1038/srep35228",2016,"Jing‐Woei Li;Heung Man Lee;Ying Wang;Amy Tong;Kevin Y. Yip;Stephen Kwok‐Wing Tsui;Si Lok;Risa Ozaki;Andrea O. Y. Luk;Alice P.S. Kong;Wing‐Yee So;Ronald C.W.;Juliana C.N. Chan;Ting‐Fung Chan"
"https://doi.org/10.1042/bsr20211201",2021,"Flavia L. Martins;Caio A.M. Tavares;Pamella Araujo Malagrino;Thiago Rentz;Acaris Benetti;Thiago Matheus Santos Rios;Gabriel M.D. Pereira;Bruno Caramelli;Samantha K. Teixeira;José Eduardo Krieger;Adriana Castello Costa Girardi"
"https://doi.org/10.1073/pnas.1902766117",2020,"Michael D. Kessler;Douglas P. Loesch;James A. Perry;Nancy L. Heard‐Costa;Daniel Taliun;Brian E. Cade;Heming Wang;Michelle Daya;John Ziniti;Soma Datta;Juan C. Celedón;Manuel E. Soto-Quirós;Lydiana Ávila;Scott T. Weiss;Kathleen C. Barnes;Susan Redline;Ramachandran S. Vasan;Andrew D. Johnson;Rasika A. Mathias;Ryan D. Hernandez;James G. Wilson;Deborah A. Nickerson;Gonçalo R. Abecasis;Sharon R. Browning;Sebastian Zöllner;Jeffrey R. O’Connell;Braxton D. Mitchell;Timothy D. O’Connor;Sanne E. Aalbers;Moustafa Abdalla;Omar Abdul‐Rahman;Gonçalo R. Abecasis;Avinash Abhyankar;Indra Adrianto;François Aguet;Rachel Akers;Rafet Al-Tobasei;Christine M. Albert;Micheala A. Aldred;Laura Almasy;Márcio Rodrigues de Almeida;Álvaro Alonso;Seth A. Ament;Elizabeth Ampleford;Ping An;Christopher D. Anderson;Charlotte Andersson;Pramod Anugu;Elizabeth L. Appelbaum;Kristin Ardlie;Dan Arking;Sebastian M. Armasu;Donna K. Arnett;Heather T Arruda;Marios Arvanitis;Allison E. Ashley‐Koch;Aneel A. Ashrani;Stella Aslibekyan;Tim Assimes;Elizabeth J. Atkinson;Paul L. Auer;Thomas R. Austin;Christy L. Avery;Julián Ávila-Pacheco;Paul Avillach;Abraham Aviv;Dimitrios Avramopoulos;Christie M. Ballantyne;Pallavi Balte;Michael J. Bamshad;Mike Bancks;John Barnard;Kathleen C. Barnes;R. Graham Barr;Emily Barron‐Casella;Traci M. Bartz;Lucas Barwick;Saonli Basu;Alexis Battle;Michaël Baumann;David Beame;Terri Beaty;Gerald J. Beck;Lewis C. Becker;Diane M. Becker;Rebecca Beer;Ferdouse Begum;Alexa S. Beiser;Amber L. Beitelshees;Emelia J. Benjamin;Takis Benos;Hanna Berk-Rauch;Zachary M Besich;Marcos Bezerra;Surya P. Bhatt;Wenjian Bi;Alexander G. Bick;Larry Bielak;Mary L. Biggs;Joshua C. Bis;Thomas W. Blackwell;John Blangero;Eugene Bleecker;Brandon M. Blobner;Toby Bloom;Elizabeth Blue;Corneliu Bodea;Mike Boehnke;Eric Boerwinkle;Sílvia Bonàs‐Guarch;Donald W. Bowden;Michael Bowers;Russell P. Bowler;Jan Bressler;Jennifer A. Brody;Ulrich Broeckel;Jai Broome;Matthew R. Brown;Michael Brown;Brian L. Browning;Sharon R. Browning;Joseph L. Bundy;Esteban G. Burchard;Robert D. Burk;Carlos D. Bustamante;Erin Buth;Javed Butler;Brian E. Cade;Jonathan Cardwell;Vincent J. Carey;Jenna C. Carlson;Cara L. Carty;Richard Casaburi;James F. Casella;Peter J. Castaldi;Mark Chaffin;Jin Choul Chai;Aravinda Chakravarti;Lavanya Challagundla;Nathalie Chami;Kei Hang;Kei Hang Katie Chan;I-Shou Chang;Christy Chang;Yi‐Cheng Chang;Sinéad B. Chapman;Daniel I. Chasman;Sameer Chavan Yii-Der;Ida Chen;Wei‐Min Chen;Zhanghua Chen;Han Chen;Fang Chen;Shu Hui Chen;Ming‐Huei Chen;Chen Ye;Susan Cheng;Yen‐Feng Chiu;Michael Cho;Seung Hoan Choi;Zechen Chong;Jessica X. Chong;Ingrid E. Christophersen;Audrey Y. Chu;Shih‐Kai Chu;Lee‐Ming Chuang;Sung Chun;Jaeyoon Chung;Mina K. Chung;Ren‐Hua Chung;Mina Cintho;Ozahata Mete Civelek;Steven A. Claas;Robert Clark;Shoa L. Clarke;Melina Claussnitzer;Jean R. Clemenceau;Clary B. Clish;Sean Coady;Bradley P. Coe;John W. Cole;Suzy Comhair;Matthew P. Conomos;Brandon J. Coombes;Matthew G. Cordes;Laura Corlin;Elaine Cornell;Adolfo Correa;André Corvelo;Paul Courchesne;Laura Courtney;Carolyn Crandall;James D. Crapo;Damien C. Croteau‐Chonka;Pedro Cruz;L. Adrienne Cupples;Joanne E. Curran;Jeffrey L. Curtis;Brian Custer;Michael J. Cutler;Coleen Damcott;Scott M. Damrauer;Dawood Darbar;Sean P. David;Warwick Daw;Michelle Daya;Mariza de Andrade;Paul S. de Vries;Michael R. DeBaun;Christopher R. deFilippi;Ranjan Deka;Chris Delaney;Tracie DeLuca;Dawn L. DeMeo;Serkalem Demissie;Xutao Deng;Vimal K. Derebail;Pinkal Desai;Anita L. DeStefano;Scott E. Devine;Daniel DiCorpo;Carla Luana Dinardo;Jingzhong Ding;Jun Ding;Jasmin Divers;Avantika R. Diwadkar;Ron Do;HarshaVardhan Doddapaneni;Huawei Dong;Margaret Mengmeng Du;Qing Duan;Shannon Dugan‐Perez;Ravi Duggirala;Josée Dupuis;Jon Peter Durda;Susan K. Dutcher;Charles B. Eaton;Walter L. Eckalbar;Clara S. Ehrman;Evan E. Eichler;Lynette Ekunwe;Adel Boueiz;Jennifer R. Elhawary;Patrick T. Ellinor;Amanda Elliott;Connor A. Emdin;Leslie Emery;Mary J. Emond;Celeste Eng;Serpil C. Erzurum;Tõnu Esko;Luke M. Evans;Shaohua Fan;Fang Fang;Nauder Faraday;Charles R. Farber;David W. Fardo;Candace N. Farmer;Leanna Farnam;Diane Fatkin;Mary F. Feitosa;Adam L. Felsenfeld;Jean Feng;Mike Feolo;Lindsay Fernández‐Rhodes;Nicole M. Ferraro;Jorge Ferrer;Jessica L. Fetterman;Allison Fialkowski;Tasha E. Fingerlin;Annette L. Fitzpatrick;Jonathan M. Flanagan;Jason Flannick;Katherine Fleck;Matthew Flickinger;José C. Florez;James S. Floyd;Bernard Fongang;Marilyn G. Foreman;Myriam Fornage;Cassandra Foster;Caroline S. Fox;Ervin R. Fox;Nora Franceschini;Laurent C. Francioli;Alan J. Franklin;Chris Frazar;Amanda M. Fretts;Yi‐Ping Fu;Mao Fu;Stephanie M. Fullerton;Lucinda A. Fulton;Anna Furniss;Stacey Gabriel;Sarah A. Gagliano Taliun;Daniel Taliun;Santhi K. Ganesh;Andrea Ganna;Yan Gao;Melissa Garcia;Lori Garman;Michael Garrett;Melanie E. Garrett﻿;N.C. Gassner;W. James Gauderman;Kyle J. Gaulton;Amadou Gaye;Sheila M. Gaynor;Brady Gaynor;Steven Gazal;Bruce D. Gelb;Xin Geng;Mark W. Geraci;Søren Germer;Robert E. Gerszten;Sina A. Gharib;Richard A. Gibbs;Lucas A. Gillenwater;Frank Gilliland;Mark T. Gladwin;David C. Glahn;Jennifer Godfrey;Ponce David Goff;Stephanie M. Gogarten;Rahul Gondalia;Da‐Wei Gong;Hector M. González;Mark O. Goodarzi;Matthew Goodman;Victor R. Gordeuk;Harald H.H. Göring;Daniel J. Gottlieb;Jérôme Goudet;Misa Graff;Jan Graffelman;Sarah E. Graham;Penelope E. Graves;Sharon Graw;Nancy Green;Kelsey Grinde;Michael Griswold;Megan L. Grove;C. Charles Gu;Weihua Guan;Hongsheng Gui;Xiuqing Guo;Namrata Gupta;María Gutiérrez‐Arcelus;Mary E. Haas;Jeff Haessler;Yang Hai;Cassie Hajek;Hákon Hákonarson;Lauren Hale;Michael E. Hall;Ira M. Hall;Amelia Weber Hall;Anne Hamik;Robert E. Handsaker;Sarah C. Hanks;Matthew E.B. Hansen;Manjit Hanspal;Luning Hao;Ross C. Hardison;Bernhard Haring;Kelley Harris;Daniel Harris;Natalie R. Hasbani;David Haussler;Nicola L. Hawley;Lystra P. Hayden;Kathleen M. Hayden;Jiang He;Karen He;Nancy L. Heard‐Costa;Ben Heavner;Susan R. Heckbert;Julian Hecker;Ryan D. Hernandez;Megan Herndon;David Herrington;Craig P. Hersh;Bertha Hidalgo;Heather M. Highland;Blanca E. Himes;Joel N. Hirschhorn;Marie‐France Hivert;James E. Hixson;Brian D. Hobbs;Chani J. Hodonsky;Chancellor Hohensee;John E. Hokanson;Charles C. Hong;Martha Horike‐Pyne;Steve Horvath;Karin F. Hoth;Lifang Hou;Candace M Howard-Claudio;Tzu‐Hung Hsiao;Chao A. Hsiung;Wan-Ling Nicole Hsu;Lucy L. Hsu;Yi‐Hsiang Hsu;Xiaowei Hu;Yao Hu;Tianxiao Huan;Jie Huang;Tianyi Huang;Benjamin Hubert;Jennifer E. Huffman;Timothy M. Hughes;Tae Hyun Hwang;Shih‐Jen Hwang;Chii Min Hwu;Hyacinth Hyacinth;Hae Kyung Im;Marguerite R. Irvin;Carmen R. Isasi;Yuval Itan;Kruthika Iyer;Rebecca Jackson;Deepti Jain;Sidd Jaiswal;Seon-Kyeong Jang;Cashell E. Jaquish;Gail P. Jarvik;Thomas Jaworek;Paul R. Jensen;Min A. Jhun;Xueqiu Jian;Jicai Jiang;Yu Jiang;Roby Joehanes;Eric Johanson;Jill M. Johnsen;Craig Johnson;Andrew D. Johnson;Rich Johnston;Michelle Jones;Kimberly Jones;Jaehyun Joo;Daniel M. Jordan;Kizer Jorge;Aparacio Jose;Brian T. Joyce;Renae Judy;Goo Jun;Anne E. Justice;Priyadarshini Kachroo;Ravi Kalhan;Jonathan R. Kaltman;Rita R. Kalyani;Kanika Kanchan;Hyun Min Kang;Divy Kangeyan;Robert C. Kaplan;David Karasik;Sharon Kardia;Silva Kasela;Sekar Kathiresan;Daniel H. Katz;Katerina Kechris;Addison Keely;Richard Keitch;Spencer T. Kelley;Rachel S. Kelly;Tanika N. Kelly;Shannon Kelly;Eimear E. Kenny;Ali R. Keramati;Michael D. Kessler;Bryan Kestenbaum;Kevin L. Keys;Alyna Khan;Amit V. Khera;Minjung Kho;Muin J. Khoury;Douglas P. Kiel;Hyunjae R. Kim;Woori Kim;Wonji Kim;Eric H. Kim;Eileen King;Gregory L. Kinney;Frederick Kinyua;Kamanu Krzysztof Kiryluk;Steven J. Kittner;Derek Klarin;Małgorzata Klauzińska;Erica L. Kleinbrink;Robert Klemmer;Stacey Knight;Emma Knowles;Darae Ko;Barbara A. Konkle;Charles Kooperberg;Anna Köttgen;Christina Kourkoulis;Aldi T. Kraja;Brian G. Kral;Holly Kramer;William E. Kraus;Michael Krause;Stephanie Krauter;Mohanraj Krishnan;Rajesh Kumar;Roy Kuraisa;Gulriz Kurban;Pui–Yan Kwok;Alain Laederach;Preeti Lakshman;Kumar Jacqueline Lane;John Lane;Christoph Lange;Ethan M. Lange;Leslie A. Lange;Tuuli Lappalainen;Caleb A. Lareau;Martin G. Larson;Katie Larsson;Edward Lau;Lenore Launer;Cathy C. Laurie;Cecelia Laurie;Marie Lauzon;Suzanne M. Leal;Meryl S. LeBoff;David J. Lederer;Wen‐Jane Lee;I‐Te Lee;Seunggeun Shawn Lee;Seung‐been Lee;Eunice Lee;Christina Lee;Jiwon Lee;Grace E. Lee;Dongwon Lee;Jonathon LeFaive;Rozenn N. Lemaître;Samantha Lent;Petra Lenzini;Aaron Leong;Guillaume Lettre;Albert M. Levin;David Levine;Dan Levy;Joshua P. Lewis;Yun Li;Huiqing Li;Xiaohui Li;Zilin Li;Xingnan Li;Xihao Li;Bingshan Li;Jingjing Liang;Elise Lim;Andrew H. Limper;Xihong Lin;Henry J. Lin;Honghuang Lin;D. Y. Lin;Bridget M. Lin;Amarise Little;Mengzhen Liu;Yongmei Liu;Yongmei Liu;Yaowu Liu;Xiaoming Liu;Delong Liu;Dajiang J. Liu;Chunyu Liu;Q. Liu;Jingmin Liu;Simin Liu;Adam E. Locke;Douglas P. Loesch;Stephanie J. London;Michelle T. Long;Ryan J. Longchamps;W. T. Longstreth;Ruth J. F. Loos;Steven A. Lubitz;Kathryn L. Lunetta;Yang Luo;James Luo;Sharon M. Lutz;Yanlin Ma;Daniel G. MacArthur;Purnema Madahar;Anubha Mahajan;Michael C. Mahaney;J. G. Maher;Arch G. Mainous;Timothy D. Majarian;Angel C. Y. Mak;Rajeev Malhotra;Ani Manichaikul;Alisa K. Manning;JoAnn E. Manson;Sandro Marini;Lisa W. Martin;Fernando Martínez;Susan K. Mathai;Rasika A. Mathias;Susanne May;Richard Mayeux;Patrick F. McArdle;Steve McCarroll;Mark I. McCarthy;Merry‐Lynn McDonald;Barbara McDonough;Sean McFarland;Stephen T. McGarvey;Daniel McGoldrick;Daniel McGuire;Caitlin McHugh;Barbara McKnight;John C. McLenithan;David D. McManus;Tonya McSherry;Shannon L. Meeks;Hao Mei;James B. Meigs;Michael Mendelson;George A. Mensah;Josep M. Mercader;Tony R. Merriman;Geralyn Lambert‐Messerlian;Luisa Mestroni;Ginger Metcalf;Deborah A. Meyers;Karen H. Miga;Anna V. Mikhaylova;Julie Mikulla;Clint L. Miller;Yuan‐I Min;Mollie Minear;Ryan L. Minster;Biswapriya B. Misra;Braxton D. Mitchell;Gary F. Mitchell;Deborah Moeller;Sanghamitra Mohanty;Karen L. Mohlke;Jean Monlong;May E. Montasser;Courtney G. Montgomery;Stephen B. Montgomery;Jee‐Young Moon;Andrew E. Moran;Andrew P. Morris;Alanna C. Morrison;Arden Moscati;Thomas H. Mosley;Joanne M. Murabito;Solomon K. Musani;Shaila Musharoff;Rajeeva Musunuri;Donna M. Muzny;Stanford Mwasongwe;Josyf C. Mychaleckyj;Girish N. Nadkarni;Abhishek Nag;Rakhi P. Naik;Tetsushi Nakao;Hongmei Nan;Drew Nannini;Giuseppe Narzisi;Rami Nassir;Pradeep Natarajan;Anjali Nath;Matt Nayor;Benjamin M. Neale;Sergeï Nekhai;Cheryl Nelson;Sarah C. Nelson;Christopher Newton‐Cheh;Maggie Ng;Debby Ngo;Jennifer N. Nguyen;Lan Nguyễn;Deborah A. Nickerson;Jovia L. Nierenberg;Kari E. North;Mehdi Nouraie;Adam M. Novak;Diane J. Nugent;Paul Nyquist;Jeff O’Connell;Tim O’Connor;Brian A. O’Connor;George O'connor;Christopher J. O’Donnell;Christopher D. O’Sullivan;Heather M. Ochs‐Balcom;Elizabeth C. Oelsner;Young S. Oh;Sam S. Oh;Michael Olivier;Nicholas J. Ollberding;Nels C. Olson;Jean L. Olson;Victor E. Ortega;Kevin Osborn;Jim Ostell;Jacqueline M. Otto;Grier P. Page;David T. Paik;Nicholette D. Palmer;Akhil Pampana;Anita Pandit;James S. Pankow;Nathan Pankratz;George Papanicolaou;YoSon Park;Margaret M. Parker;Afshin Parsa;Jay Patel;Sanjay Patel;Aniruddh P. Patel;Benedict Paten;Candace Patterson;Gina M. Peloso;Juán Manuel;Peralta Alexandre;Pereira Marco Perez;James A. Perry;Annette Peters;Patricia A. Peyser;Nathan Pezant;Sam Phillips;Lawrence S. Phillips;Steve Pipe;James P. Pirruccello;Achilleas Pitsillides;Craig Pohl;Linda M. Polfus;Toni I. Pollin;Bianca Porneala;Wendy S. Post;Julia Powers Becker;Katherine Pratte;M Preethi;Boorgula Michael Preuss;Alkes L. Price;Jonathan K. Pritchard;Anna E. Prizment;Dmitry Prokopenko;Mike Province;Bruce M. Psaty;Shaun Purcell;Jennifer Anne Purnell;Sandra Purves;Pankaj Qasba;Qibin Qi;Huijun Qian;Yong Qian;Dandi Qiao;Zhaohui Qin;Hui‐Qi Qu;Corbin Quick;Daniel J. Rader;Nicholas Rafaels;Leslie J. Raffel;Laura M. Raffield;Dan Raftery;Sridharan Raghavan;M.F. Ragland;D. C. Rao;Laura J. Rasmussen‐Torvik;Deepa Rastogi;Aakrosh Ratan;Debashree Ray;Soumya Raychaudhuri;Susan Redline;Robert M. Reed;Elizabeth A. Regan;Amy Denise Reily;Alex P. Reiner;Kathryn M. Rexrode;Jessica A. Rhodes;Kenneth Rice;Stephen S. Rich;Michiel Rienstra;Lauren Lee Rinke;Nicolas Robine;Cassianne Robinson‐Cohen;Angela Rock;Dan M. Roden;Benjamin Steven Andrew;Thomas Rodriguez;Annabelle Rodríguez;Kathryn Roll;Jonathan Rosand;Carolina Roselli;Yohei M. Rosen;Samantha L. Rosenthal;Jerome I. Rotter;Ingo Ruczinski;Michael Rueschman;Alexander P. Runko;Emily M. Russell;Pamela Russell;Sarah Ruuska;Kathleen A. Ryan;Éster Cerdeira Sabino;Aniko Sabo;Nancy L. Saccone;Vandana Sachdev;Shivani Sahni;Phuwanat Sakornsakolpat;Danish Saleheen;Rany M. Salem;William Salerno;Shabnam Salimi;Juan Salomón-Andonie;Steven L. Salzberg;Jason L. Sanders;Kevin Sandow;Vijay G. Sankaran;Chloé Sarnowski;Claudia L. Satizábal;Gretchen Saunders;Richa Saxena;Gerard D. Schellenberg;Armin Schoech;Jenny Schoenberg;Charlene Schramm;Daniel R. Schrider;Karen Schwander;Chip Schwartz;David A. Schwartz;Marvin I. Schwarz;Frank C. Sciurba;Jonathan G. Seidman;Christine E. Seidman;Elizabeth Selvin;Minseok Seo;Vladimir B. Seplyarskiy;Sudha Seshadri;Amanda A. Seyerle;Aladdin H. Shadyab;Sanjiv J. Shah;Palak Shah;Amitabh Sharma;Jessica Shaw;Vivien A. Sheehan;Christopher Sheldahl;Stephanie L. Sherman;Stephen T. Sherry;Amol C. Shetty;Wayne Hui-Heng Sheu;Kevin V. Shianna;Daichi Shimbo;M. Benjamin Shoemaker;Phyliss Sholinsky;Meghan I. Short;Lorraine Silsbee;Brian Silver;Edwin K. Silverman;Jeannette Simino;Noah Simon;Mortiz Sinner;N M Sinnott;Armstrong Colleen Sitlani;Robert Sladek;Patrick Sleiman;Craig Smail;Gustav Smith;Jennifer A. Smith;Benjamin Smith;Nicholas L. Smith;J. G. Smith;Albert V. Smith;Sylvia Smoller;Søren Snitker;Beverly Snively;M Snyder;Tamar Sofer;Mashaal Sohail;Sophie Sokolow;Karen Soldano;Wei Song;Nona Sotoodehnia;Melissa Spear;David Spies;Simon D. Spivack;C.N. Spracklen;Pothur R. Srinivas;Vinodh Srinivasasainagendra;Deepak Srivastava;David Steinberg;Debra F. Stern;Adrienne M. Stilp;Adam Stine;Nathan O. Stitziel;Elizabeth A. Streeten;Anne Sturcke;Jessica Lasky‐Su;Patrick Sullivan;Arvis Sulovari;Pavel Sumazin;Carly C. Ginter Summarell;Ryan Sun;Xiao Sun;Han Kevin Sun;Aishwarya Sundaresan;Yan V. Sun;Shamil Sunyaev;Ida Surakka;Takeki Suzuki;Mary Sweet;Mindy D Szeto;Zachary A. Szpiech;Adam A. Szpiro;Carole Sztalryd;Daniel Taliun;Hua Tang;Weihong Tang;Margaret A. Taub;Kent D. Taylor;Robert E. Taylor;Matthew R.G. Taylor;Simeon I. Taylor;James G. Taylor;Bamidele O. Tayo;Marilyn J. Telen;James G. Terry;E. A. Thompson;Alastair Thomson;Timothy A. Thornton;Bharat Thyagarajan;Adrienne Tin;Lesley F. Tinker;David Tirschwell;Sarah A. Tishkoff;Hemant K. Tiwari;Deirdre K. Tobias;Dominic Tong;Raúl Torres;Russell P. Tracy;Martin Tristani‐Firouzi;Magan Trottier;Michael Y. Tsai;Connie W. Tsao;Dhananjay Vaidya;David Van Den Berg;Mark Van Oene;Peter VandeHaar;Lisa B. VanWagner;Jose D. Vargas;Ramachandran S. Vasan;Marie Verbanck;Karine A. Viaud;Martinez Peter Visscher;A Wright von;Holle Scott Vrieze;Michael Wagner;Jason Waligorski;Tarik Walker;Robert B. Wallace;Avram Walts;Emily S. Wan;Zhe Wang;Tao Wang;Fei Fei Wang;Biqi Wang;Penglong Wang;Yanbing Wang;Fan Wang;Heming Wang;Karol Watson;Daniel E. Weeks;Kate Wehr;Gina S. Wei;Joshua S. Weinstock;Bruce Weir Scott;W. Wen;Lu‐Chen Weng;Stéphane Wenric;Ellen M. Werner;Jennifer Wessel;Marsha M. Wheeler;Marquitta J. White;Wendy White;Peter White;Nedra Whitehead;Kerri L. Wiggins;Cristen J. Willer;Charles A. C. Williams;Kayleen Williams;Lawrence K. Williams;Scott M. Williams;Jessica Williams‐Nguyen;James G. Wilson;Carla Wilson;Mary Kate Wing;Karen Winters;Mary K. Wojczynski;Brooke N. Wolford;Quenna Wong;Peitao Wu;Joseph C. Wu;Ann Chen Wu;Lluvia Xia;Chunlin Xiao;Shujie Xiao;Hanfei Xu;Weiling Xu;Shujing Xu;Huichun Xu;Lisa R. Yanek;Yu‐Chung Yang;Chaojie Yang;Qiong Yang;Ivana V. Yang;Yuichiro Yano;Jie Yao;Y Eugene;Michelle S. Yau;Xianyong Yin;Sachiko Yoneyama;Bessie A. Young;Hannah Young;Kristin Young;Tracey Young;Kendra A. Young;Marston Youngblood;Bing Yu;Chaoyu Yu;Norann A. Zaghloul;Mira Zalokar-Newton;Habil Zare;Joe Zein;Maryam Zekavat;Grace Man Zhang;Wei Zhang;Xiaoyu Zhang;Ying Zhang;Jerry Zhang;Xinruo Zhang;Jingwen Zhang;Xu Zhang;Yingze Zhang;Snow Xueyan Zhao;Lue Ping Zhao;Xutong Zhao;Wei Zhao;Yinan Zheng;Xiuwen Zheng;Degui Zhi;Hufeng Zhou;Lisheng Zhou;Xiang Zhou;Yunyun Zhou;Luke Zhu;Xiaofeng Zhu;Michael C. Zody;Sebastian Zoellner;Barry Zorman;David Beame;Michael Bowers;Sharon R. Browning;Lavanya Challagundla;Matthew P. Conomos;Michelle Daya;Mariza de Andrade;Ranjan Deka;Ron Do;Leslie Emery;Laurent C. Francioli;Yan Gao;Steven Gazal;Stephanie M. Gogarten;María Gutiérrez‐Arcelus;Ira M. Hall;Daniel Harris;Kelley Harris;Kevin Hartman;Ryan D. Hernandez;Chani J. Hodonsky;Kruthika Iyer;Deepti Jain;Jicai Jiang;Andrew D. Johnson;Rich Johnston;Daniel M. Jordan;Anne E. Justice;Hyun Min Kang;Addison Keely;Tanika N. Kelly;Michael D. Kessler;Cathy C. Laurie;Xiaoming Liu;Douglas P. Loesch;Yang Luo;Daniel G. MacArthur;Ani Manichaikul;Rasika A. Mathias;Caitlin McHugh;Julie Mikulla;Ryan L. Minster;Josyf C. Mychaleckyj;Rami Nassir;Sarah C. Nelson;Deborah A. Nickerson;Jeff O’Connell;Tim O’Connor;Grier P. Page;George Papanicolaou;Alkes L. Price;Dmitry Prokopenko;Jennifer Anne Purnell;Soumya Raychaudhuri;Jerome I. Rotter;Armin Schoech;Daniel R. Schrider;Vladimir B. Seplyarskiy;Amol C. Shetty;Tamar Sofer;Mashaal Sohail;Wei Song;Nona Sotoodehnia;Melissa Spear;Patrick Sullivan;Shamil Sunyaev;Zachary A. Szpiech;Hua Tang;Kent D. Taylor;Timothy A. Thornton;Hemant K. Tiwari;Dominic Tong;Raúl Torres;Dhananjay Vaidya;Marie Verbanck;Kate Wehr;Bruce S. Weir;Stéphane Wenric;Quenna Wong;Lisa R. Yanek;Qiong Yang;Degui Zhi;Michael C. Zody;Sebastian Zoellner"
"https://doi.org/10.1093/bioinformatics/btac512",2022,"Brian Y. Chen;William P. Bone;Kim Lorenz;Michael G. Levin;Marylyn D. Ritchie;Benjamin F. Voight"
"https://doi.org/10.1093/brain/awac290",2022,"Yunju Yang;Maria J. Knol;Ruiqi Wang;Aniket Mishra;Dan Liu;Michelle Luciano;Alexander Teumer;Nicola J. Armstrong;Joshua C. Bis;Min A. Jhun;Shuo Li;Hieab H.H. Adams;N. Ahmad Aziz;Mark E. Bastin;Mathieu Bourgey;Jennifer A. Brody;Stefan Frenzel;Rebecca F. Gottesman;Norbert Hosten;Lifang Hou;Sharon L. R. Kardia;Valerie Lohner;Pascale Marquis;Susana Muñoz Maniega;Claudia L. Satizábal;Farzaneh A. Sorond;Maria C. Valdés Hernández;Cornelia M. van Duijn;Meike W. Vernooij;Katharina Wittfeld;Qiong Yang;Wei Zhao;Eric Boerwinkle;Daniel Levy;Ian J. Deary;Jiyang Jiang;Karen A. Mather;Thomas H. Mosley;Bruce M. Psaty;Perminder S. Sachdev;Jennifer A. Smith;Nona Sotoodehnia;Charles DeCarli;Monique M.B. Breteler;M. Arfan Ikram;Hans J. Grabe;Joanna M. Wardlaw;W. T. Longstreth;Lenore J. Launer;Sudha Seshadri;Stéphanie Debette;Myriam Fornage"
"https://doi.org/10.1093/hmg/ddab066",2021,"Rosalie Waller;Robert J. Klein;Joseph Vijai;James McKay;Alyssa Clay‐Gilmour;Xiaomu Wei;Michael J. Madsen;Douglas W. Sborov;Karen Curtin;Susan L Slager;Kenneth Offit;Celine M. Vachon;Steven M. Lipkin;Charles Dumontet;Nicola J. Camp"
"https://doi.org/10.1093/nar/gkw767",2016,"Ernesto Picardi;Anna Maria D’Erchia;Claudio Lo Giudice;Graziano Pesole"
"https://doi.org/10.1093/nar/gkx456",2017,"Di Ran;Z. John Daye"
"https://doi.org/10.1101/2020.05.04.075291",2020,"Pascal H. G. Duijf"
"https://doi.org/10.1101/2023.04.07.536073",2023,"Nicholas R. Powell;Tyler Shugg;Jacob Leighty;Matthew Martin;Rolf P. Kreutz;Michael T. Eadon;Dongbing Lai;Tao Lu;Todd C. Skaar"
"https://doi.org/10.1111/acel.13366",2021,"Daniel Nachun;Ake T. Lu;Alexander G. Bick;Pradeep Natarajan;Joshua Weinstock;Mindy D Szeto;Sekar Kathiresan;Gonçalo R. Abecasis;Kent D. Taylor;Xiuqing Guo;Russ Tracy;Peter Durda;Yongmei Liu;Craig Johnson;Stephen S. Rich;David Van Den Berg;Cecilia A. Laurie;Tom Blackwell;George Papanicolaou;Adolfo Correa;Laura M. Raffield;Andrew D. Johnson;Joanne M. Murabito;JoAnn E. Manson;Pinkal Desai;Charles Kooperberg;Themistocles L. Assimes;Daniel Levy;Jerome I. Rotter;Alex P. Reiner;Eric A. Whitsel;James G. Wilson;Steve Horvath;Siddhartha Jaiswal"
"https://doi.org/10.1126/science.abd4570",2020,"Qian Zhang;Paul Bastard;Zhiyong Liu;Jérémie Le Pen;Marcela Moncada‐Vélez;Jie Chen;Masato Ogishi;Ira K. D. Sabli;Stephanie Hodeib;Cecilia B. Korol;Jérémie Rosain;Kaya Bilgüvar;Junqiang Ye;Alexandre Bolze;Benedetta Bigio;Rui Yang;Andrés A. Arias;Qinhua Zhou;Yu Zhang;Fanny Onodi;Sarantis Korniotis;Léa Karpf;Quentin Philippot;Marwa Chbihi;Lucie Bonnet‐Madin;Karim Dorgham;Nikaïa Smith;William M. Schneider;Brandon S. Razooky;Hans-Heinrich Hoffmann;Eleftherios Michailidis;Leen Moens;Ji Eun Han;Lazaro Lorenzo;Lucy Bizien;Philip Meade;Anna‐Lena Neehus;Aileen Camille Ugurbil;Aurélien Corneau;Gaspard Kerner;Peng Zhang;Franck Rapaport;Yoann Seeleuthner;Jérémy Manry;Cécile Masson;Yohann Schmitt;Agatha Schlüter;Tom Le Voyer;Taushif Khan;Juan Li;Jacques Fellay;Lucie Roussel;Mohammad Shahrooei;Mohammed F. Alosaimi;Davood Mansouri;Haya Al‐Saud;Fahd Al‐Mulla;Feras Almourfi;Saleh Zaid Al-Muhsen;Fahad Alsohime;Saeed Al Turki;Rana Hasanato;Diederik van de Beek;Andrea Biondi;Laura Rachele Bettini;Mariella D’Angiò;Paolo Bonfanti;Luisa Imberti;Alessandra Sottini;Simone Paghera;Eugenia Quirós-Roldán;Camillo Rossi;Andrew J. Oler;Miranda F. Tompkins;Camille Alba;Isabelle Vandernoot;Jean‐Christophe Goffard;Guillaume Smits;Isabelle Migeotte;Filomeen Haerynck;Pere Soler‐Palacín;Andrea Martín-Nalda;Roger Colobrán;Pierre‐Emmanuel Morange;Sevgi Keleş;Fatma Çölkesen;Tayfun Özçelık;Kadriye Kart Yaşar;Sevtap Şenoğlu;Şemsi̇ Nur Karabela;Carlos Rodríguez‐Gallego;Giuseppe Novelli;Sami Hraiech;Yacine Tandjaoui-Lambiotte;Xavier Duval;Cédric Laouénan;Andrew L. Snow;Clifton L. Dalgard;Joshua D. Milner;Donald C. Vinh;Trine H. Mogensen;Nico Marr;András N. Spaan;Bertrand Boisson;Stéphanie Boisson‐Dupuis;Jacinta Bustamante;Anne Puel;Michael J. Ciancanelli;Isabelle Meyts;Tom Maniatis;Vassili Soumelis;Ali Amara;Michel C. Nussenzweig;Adolfo García‐Sastre;Florian Krammer;Aurora Pujol;Darragh Duffy;Richard P. Lifton;Shen‐Ying Zhang;Guy Gorochov;Vivien Béziat;Emmanuelle Jouanguy;Vanessa Sancho‐Shimizu;Charles M. Rice;Laurent Abel;Luigi D. Notarangelo;Aurélie Cobat;Helen C. Su;Jean‐Laurent Casanova;Giuseppe Foti;Giacomo Bellani;Giuseppe Citerio;Ernesto Contro;Alberto Pesci;Maria Grazia Valsecchi;Marina Elena Cazzaniga;Jorge Abad;Sergio Aguilera;Özge Metin Akcan;Ilad Alavi Darazam;Juan C. Aldave;Miquel Alfonso Ramos;Seyed Alireza Nadji;Gülsüm Alkan;Jérôme Allardet-Servent;Luís M. Allende;Laia Alsina;Marie‐Alexandra Alyanakian;Blanca Amador-Borrero;Zahir Amoura;Arnau Antolí;Şevket Arslan;Sophie Trouillet‐Assant;Teresa Auguet;Axelle Azot;Fanny Bajolle;Aurélie Baldolli;Mayte Ballester;Hagit Baris Feldman;B. Barrou;Alexandra Beurton;Agurtzane Bilbao;Géraldine Blanchard-Rohner;Ignacio Blanco;Adeline Blandinières;Daniel Blázquez‐Gamero;Markéta Bloomfield;Mireia Bolívar-Prados;Raphaël Borie;Cédric Bosteels;Ahmed Aziz Bousfiha;Claire Bouvattier;Oksana Boyarchuk;Maria Rita Passos‐Bueno;Jacinta Bustamante;Juan José Cáceres Agra;Semra Calimli;Ruggero Capra;Maria Carrabba;Carlos Casasnovas;Marion Caseris;Martin Castelle;Francesco Castelli;Martín Castillo de Vera;Mateus Vidigal de Castro;Émilie Catherinot;Martin Chalumeau;Bruno Charbit;Matthew P. Cheng;Père Clavé;Bonaventura Clotet;Anna Codina;Fatih Çölkesen;Fatma Çölkesen;Roger Colobrán;Cloé Comarmond;David Dalmau;D.R. Darley;Nicolás Dauby;Stéphane Dauger;Loïc de Pontual;Amin Dehban;Geoffroy Delplancq;Alexandre Demoule;Jean‐Luc Diehl;Stephanie Dobbelaere;Sophie Durand;Waleed Eldars;Mohamed Elgamal;Marwa H. Elnagdy;Melike Emiroğlu;Emine Hafize Erdeniz;Selma Erol Aytekin;Romain Euvrard;Recep Evcen;Fabio Gavarini;Laurence Faivre;Antonin Falck;Muriel Fartoukh;Morgane Faure;Miguel Fernández‐Arquero;Carlos Flores;Bruno François;Victòria Fumadó;Francesca Fusco;Blanca García‐Solis;Pascale Gaussem;Juana Gil-Herrera;Laurent Gilardin;Monica Girona Alarcon;Mònica Girona‐Alarcón;Jean‐Christophe Goffard;Funda Gök;Rafaela González‐Montelongo;Antoine Guerder;Yahya Gül;Şükrü Nail Güner;Marta Gut;Jérôme Hadjadj;Filomeen Haerynck;Rabih Halwani;Lennart Hammarström;Nevin Hatipoğlu;Elisa Hernández-Brito;Cathérine Heijmans;M.S. Holanda Peña;Juan Pablo Horcajada;Levi Hoste;Eric A. J. Hoste;Sami Hraiech;L. Humbert;Alejandro Iglesias;Antonio Íñigo-Campos;Matthieu Jamme;María J. Arranz;Iolanda Jordán;Philippe G. Jorens;Fikret Kanat;Hasan Kapaklı;Iskender Kara;Adem Karbuz;Kadriye Kart Yaşar;Sevgi Keleş;Yasemin Kendir Demirkol;Adam Klocperk;Zbigniew Król;Paul Kuentz;Mike Yat Wah Kwan;Jean‐Christophe Lagier;Bart N. Lambrecht;YL Lau;Fleur Le Bourgeois;Yee‐Sin Leo;Rafael León‐López;Daniel Leung;Michael Levin;Michaël Levy;Romain Lévy;Zhi Li;Agnès Linglart;Bart Loeys;José M. Lorenzo-Salazar;Céline Louapre;Catherine Lubetzki;Charles‐Édouard Luyt;David Chien Lye;Davood Mansouri;Majid Marjani;Jesus Marquez Pereira;Andrea Martín‐Nalda;David Martínez Pueyo;Javier Martínez‐Picado;Iciar Marzana;Alexis Mathian;Larissa R. B. Matos;Gail Matthews;Julien Mayaux;Jean‐Louis Mège;Isabelle Melki;Jean–François Méritet;Özge Metin Akcan;Isabelle Meyts;Mehdi Mezidi;Isabelle Migeotte;Maude Millereux;Tristan Mirault;Clotilde Mircher;Mehdi Mirsaeidi;Abián Montesdeoca Melián;Antonio Morales Martínez;Pierre‐Emmanuel Morange;C. Mordacq;Guillaume Morelle;Stéphane Mouly;Adrián Muñoz‐Barrera;Leslie Naesens;Cyril Nafati;João Farela Neves;Lisa F. P. Ng;Yeray Nóvoa Medina;Esmeralda Núñez Cuadros;J. Gonzalo Ocejo‐Vinyals;Zerrin Orbak;Mehdi Oualha;Tayfun Özçelık;Qiang Pan‐Hammarström;Christophe Parizot;Tiffany Pascreau;Estela Paz‐Artal;Sandra Pellegrini;Rebeca Pérez de Diego;Aurélien Philippe;Quentin Philippot;Laura Planas‐Serra;Dominique Ploin;Julien Poissy;Géraldine Poncelet;Marie Pouletty;Paul Quentric;Didier Raoult;Anne‐Sophie Rebillat;İsmail Reisli;Pilar Ricart;Jean‐Christophe Richard;Nadia Rivet;Jacques G. Rivière;Gemma Rocamora Blanch;Carlos Rodrigo;Carlos Rodríguez‐Gallego;Agustí Rodríguez‐Palmero;Carolina S. Romero;Anya Rothenbühler;Flore Rozenberg;Maria Yolanda Ruiz del Prado;Joan Sabater‐Riera;Olivier Sanchez;Silvia Sánchez‐Ramón;Agatha Schlüter;Matthieu Schmidt;Cyril Schweitzer;Francesco Scolari;Anna Šedivá;Luis Seijó;D. Sène;Sevtap Şenoğlu;Mikko Seppänen;Alex Serra Ilovich;Mohammad Shahrooei;Hans Slabbynck;David M. Smadja;Ali Sobh;Xavier Solanich;Jordi Solé‐Violán;Catherine Soler;Pere Soler‐Palacín;Yuri Stepanovskiy;Annabelle Stoclin;Fabio Silvio Taccone;Yacine Tandjaoui-Lambiotte;Jean‐Luc Taupin;Simon J. Tavernier;Benjamin Terrier;C. Thumerelle;Gabriele Tomasoni;Julie Toubiana;Josep Trenado;Sophie Trouillet‐Assant;Jesús Troya;Alessandra Tucci;Matilde Valeria Ursini;Y. Uzunhan;P. Vabres;Juan Valencia-Ramos;Eva Van Braeckel;Stijn Van de Velde;Ana Maria Van Den Rym;Jens Van Praet;Isabelle Vandernoot;Hülya Vatansev;Valentina Vélez-Santamaría;Sébastien Viel;C Vilain;Marie E. Vilaire;Audrey Vincent;Guillaume Voiriot;Fanny Vuotto;Yosunkaya Alper;Barnaby Edward Young;Fatih Yücel;Faı̈ez Zannad;Mayana Zatz;Alexandre Bélot;Christine Bôle‐Feysot;Stanislas Lyonnet;Cécile Masson;Patrick Nitschké;Aurore Pouliet;Yoann Schmitt;Frédéric Torès;Mohammed Zarhrate;Laurent Abel;Claire Andréjak;François Angoulvant;Delphine Bachelet;Romain Basmaci;Sylvie Behillil;Marine Beluze;Dehbia Benkerrou;Krishna Bhavsar;François Bompart;Lila Bouadma;Maude Bouscambert;Mireille Caralp;Minerva Cervantes-Gonzalez;Anissa Chair;Alexandra Coelho;Camille Couffignal;Sandrine Couffin-Cadièrgues;Éric D’Ortenzio;Charlène Da Silveira;Marie‐Pierre Debray;Dominique Deplanque;Diane Descamps;Mathilde Desvallées;Alpha Diallo;Alphonsine Diouf;Céline Dorival;François Dubos;Xavier Duval;Philippine Eloy;Vincent Enouf;Hélène Esperou;Marina Esposito‐Farèse;Manuel Etienne;Nadia Ettalhaoui;Nathalie Gault;Alexandre Gaymard;Jade Ghosn;Tristan Gigante;Isabelle Gorenne;Jérémie Guedj;Alexandre Hoctin;Isabelle Hoffmann;Salma Jaafoura;Ouifiya Kafif;Florentia Kaguelidou;Sabina Kali;Antoine Khalil;Coralie Khan;Cédric Laouénan;Samira Laribi;Minh Quan Lê;Quentin Le Hingrat;Soizic Le Mestre;Hervé Le Nagard;François‐Xavier Lescure;Yves Lévy;Claire Lévy‐Marchal;Bruno Lina;Guillaume Lingas;Jean Christophe Lucet;Denis Malvy;Marina Mambert;France Mentré;Noémie Mercier;Amina Meziane;Hugo Mouquet;Jimmy Mullaert;Nadège Néant;Marion Noret;Justine Pages;Aurélie Papadopoulos;Christelle Paul;Nathan Peiffer‐Smadja;Ventzislava Petrov–Sanchez;Gilles Peytavin;Olivier Picone;Oriane Puéchal;Manuel Rosa‐Calatrava;Bénédicte Rossignol;Patrick Rossignol;Carine Roy;Marion Schneider;Caroline Semaille;Nassima Si Mohammed;Lysa Tagherset;Coralie Tardivon;Marie-Capucine Tellier;François Téoulé;Olivier Terrier;Jean‐François Timsit;Théo Trioux;Christelle Tual;Sarah Tubiana;Sylvie van der Werf;Noémie Vanel;Aurélie Veislinger;Benoît Visseaux;Aurélie Wiedemann;Yazdan Yazdanpanah;Loubna Alavoine;Karine K. A. Amat;Sylvie Behillil;Julia Bielicki;Patricia Bruijning‐Verhagen;Charles Burdet;Éric Caumes;Charlotte Charpentier;B. Coignard;Yolande Costa;Sandrine Couffin-Cadièrgues;Florence Damond;Aline Dechanet;Christelle Delmas;Diane Descamps;Xavier Duval;Jean-Luc Ecobichon;Vincent Enouf;Hélène Esperou;Wahiba Frezouls;Nadhira Houhou;Emila Ilic-Habensus;Ouifiya Kafif;John Kikoine;Quentin Le Hingrat;David Lebeaux;Anne Leclercq;Jonathan Lehacaut;Sophie Letrou;Bruno Lina;Jean‐Christophe Lucet;Denis Malvy;Pauline Manchon;Milica Mandic;Mohamed Meghadecha;Justina Motiejūnaitė;Mariama Nouroudine;Valentine Piquard;Andreea Postolache;Caroline Quintin;Jade Rexach;Layidé Roufai;Zaven Terzian;Michaël Thy;Sarah Tubiana;Sylvie van der Werf;Valérie Vignali;Benoît Visseaux;Yazdan Yazdanpanah;Michiel A. van Agtmael;Anna Geke Algera;Frank van Baarle;Diane Bax;Martijn Beudel;Harm Jan Bogaard;Marije K. Bomers;Lieuwe D. J. Bos;Michela Botta;Justin de Brabander;Godelieve de Bree;Matthijs C. Brouwer;Sanne de Bruin;Marianna Bugiani;Esther Bulle;Osoul Chouchane;Alex Cloherty;Paul Elbers;Lucas M. Fleuren;Suzanne E. Geerlings;Bart F. Geerts;Teunis B. H. Geijtenbeek;Armand R. J. Girbes;Abraham Goorhuis;Martin P. Grobusch;Florianne Hafkamp;Laura A. Hagens;Jörg Hamann;Vanessa Harris;Robert Hemke;Sabine Hermans;Leo Heunks;Markus W. Hollmann;Janneke Horn;Joppe W. Hovius;Menno D. de Jong;Rutger Koning;Niels van Mourik;Diederik van de Beek;Frederique Paulus;Edgar J.G. Peters;Tom van der Poll;Benedikt Preckel;Jan M. Prins;Jorinde Raasveld;Tom D. Y. Reijnders;Michiel Schinkel;Marcus J. Schultz;Alex R. Schuurman;Kim Sigaloff;Marry R. Smit;Cornelis Stijnis;Willemke Stilma;Charlotte E. Teunissen;Patrick Thoral;Anissa M. Tsonas;Marc van der Valk;Denise P. Veelo;Alexander P. J. Vlaar;Heder de Vries;Michèle van Vugt;W. Joost Wiersinga;Dorien Wouters;Aeilko H. Zwinderman;Diederik van de Beek;Laurent Abel;Alessandro Aiuti;Saleh Al Muhsen;Fahd Al‐Mulla;Mark S. Anderson;Andrés A. Arias;Hagit Baris Feldman;Dusan Bogunovic;Alexandre Bolze;Анастасія Бондаренко;Ahmed Aziz Bousfiha;Petter Brodin;Yenan T. Bryceson;Carlos D. Bustamante;Manish J. Butte;Giorgio Casari;Samya Chakravorty;John Christodoulou;Elizabeth T. Cirulli;Antônio Condino‐Neto;Megan A. Cooper;Clifton L. Dalgard;Alessia David;Joseph L. DeRisi;Murkesh Desai;Beth A. Drolet;Sara Espinosa;Jacques Fellay;Carlos Flores;José Luis Franco;Peter K. Gregersen;Filomeen Haerynck;David Hagin;Rabih Halwani;Jim F. Heath;Sarah E. Henrickson;Elena W.Y. Hsieh;Kohsuke Imai;Yuval Itan;Timokratis Karamitros;Kai Kisand;Cheng‐Lung Ku;YL Lau;Yun Ling;C. Lucas;Tom Maniatis;Davood Mansouri;László Maródi;Isabelle Meyts;Joshua D. Milner;Kristina Mironska;Trine H. Mogensen;Tomohiro Morio;Lisa F. P. Ng;Luigi D. Notarangelo;Antonio Novelli;Giuseppe Novelli;Cliona OʼFarrelly;Satoshi Okada;Tayfun Özçelık;Rebeca Pérez de Diego;Anna M. Planas;Carolina Prando;Aurora Pujol;Lluı́s Quintana-Murci;Laurent Rénia;Alessandra Renieri;Carlos Rodríguez‐Gallego;Vanessa Sancho‐Shimizu;Vijay G. Sankaran;Kelly M. Schiabor Barrett;Mohammed Shahrooei;Andrew L. Snow;Pere Soler‐Palacín;András N. Spaan;Stuart G. Tangye;Stuart E. Turvey;K. M. Furkan Uddin;Mohammed Uddin;Diederik van de Beek;Sara E. Vazquez;Donald C. Vinh;Horst von Bernuth;Nicole L. Washington;Paweł Zawadzki;Helen C. Su;Jean-Laurent Casanova;Huie Jing;Wesley Tung;Christopher R. Luthers;Bradly M. Bauman;Samantha Shafer;Lixin Zheng;Zinan Zhang;Satoshi Kubo;Samuel D. Chauvin;Kazuyuki Meguro;Elana Shaw;Michael J. Lenardo;Justin Lack;Eric Karlins;Daniel M. Hupalo;J. K. Rosenberger;Gauthaman Sukumar;Matthew D. Wilkerson;Xijun Zhang"
"https://doi.org/10.1126/scisignal.abf8483",2021,"Yuping Cai;Daniel Kim;Takehiro Takahashi;David Broadhurst;Yan Hong;Shuangge Ma;Nicholas J. W. Rattray;Arnau Casanovas‐Massana;Benjamin Israelow;Jon Klein;Carolina Lucas;Tianyang Mao;Adam J. Moore;M. Catherine Muenker;Ji Eun Oh;Julio Silva;Patrick Wong;Albert I. Ko;Sajid Khan;Akiko Iwasaki;Caroline H. Johnson"
"https://doi.org/10.1136/gutjnl-2020-321534",2021,"Jeroen R. Huyghe;Tabitha A. Harrison;Stephanie A. Bien;Heather Hampel;Jane C. Figueiredo;Stephanie L. Schmit;David V. Conti;Sai Chen;Conghui Qu;Yi Lin;Richard Barfield;John A. Baron;Amanda J. Cross;Brenda Diergaarde;David Duggan;Sophia Harlid;Liher Imaz;Hyun Min Kang;David Levine;Vittorio Perduca;Aurora Perez‐Cornago;Lori C. Sakoda;Fredrick R. Schumacher;Martha L. Slattery;Amanda E. Toland;Fränzel J.B. van Duijnhoven;Bethany Van Guelpen;Antonio Agudo;Demetrius Albanes;M. Henar Alonso;Kristin E. Anderson;Coral Arnau‐Collell;Volker Arndt;Barbara L. Banbury;Michael C. Bassik;Sonja I. Berndt;Stéphane Bézieau;D. Timothy Bishop;Juergen Boehm;Heiner Boeing;Marie‐Christine Boutron‐Ruault;Hermann Brenner;Stefanie Brezina;Stephan Buch;Daniel D. Buchanan;Andrea N. Burnett‐Hartman;Bette J. Caan;Peter T. Campbell;Prudence R. Carr;Antoni Castells;Sergi Castellví‐Bel;Andrew T. Chan;Jenny Chang‐Claude;Stephen J. Chanock;Keith R. Curtis;Albert de la Chapelle;Douglas F. Easton;Dallas R. English;Edith J. M. Feskens;Manish Gala;Steven Gallinger;W. James Gauderman;Graham G. Giles;Phyllis J. Goodman;William M. Grady;John Grove;Andrea Gsur;Marc J. Gunter;Robert W. Haile;Jochen Hampe;Michael Hoffmeister;John L. Hopper;Wan‐Ling Hsu;Wen‐Yi Huang;Thomas J. Hudson;Mazda Jenab;Mark A. Jenkins;Amit D. Joshi;Temitope O. Keku;Charles Kooperberg;Tilman Kühn;Sébastien Küry;Loı̈c Le Marchand;Flavio Lejbkowicz;Christopher I. Li;Li Li;Wolfgang Lieb;Annika Lindblom;Noralane M. Lindor;Satu Männistö;Sanford D. Markowitz;Roger L. Milne;Lorena Moreno;Neil Murphy;Rami Nassir;Kenneth Offit;Shuji Ogino;Salvatore Panico;Patrick S. Parfrey;Rachel Pearlman;Paul D.P. Pharoah;Amanda I. Phipps;Elizabeth A. Platz;John D. Potter;Ross L. Prentice;Lihong Qi;Leon Raskin;Gad Rennert;Hedy S. Rennert;Elio Ríboli;Clemens Schafmayer;Robert E. Schoen;Daniela Seminara;Mingyang Song;Yu‐Ru Su;Catherine M. Tangen;Stephen N. Thibodeau;Duncan C. Thomas;Antonia Trichopoulou;Cornelia M. Ulrich;Kala Visvanathan;Pavel Vodička;Ludmila Vodičková;Veronika Vymetalková;Korbinian Weigl;Stephanie J. Weinstein;Emily White;Alicja Wolk;Michael O. Woods;Anna H. Wu;Gonçalo R. Abecasis;Deborah A. Nickerson;Peter C. Scacheri;Anshul Kundaje;Graham Casey;Stephen B. Gruber;Li Hsu;Vı́ctor Moreno;Richard B. Hayes;Polly A. Newcomb;Ulrike Peters"
"https://doi.org/10.1136/jmedgenet-2018-105437",2018,"Iván Galván‐Femenía;Mireia Obón‐Santacana;David Piñeyro;Marta Guindo-Martínez;Xavier Duran;Anna Carreras;Raquel Pluvinet;Juan Velasco;Laia Ramos;Susanna Aussò;Josep M. Mercader;L. Puig;Manuel Perucho;David Torrents;Vı́ctor Moreno;Lauro Sumoy;Rafael de Cid"
"https://doi.org/10.1155/2022/8954606",2022,"Tingting Li;Haigang Geng;Yuquan Wang;Zhaorong Wu;Siqian Yang;Yue‐Qing Hu"
"https://doi.org/10.1161/atvbaha.121.316324",2021,"Kun Zhang;Shan‐Shan Dong;Yan Guo;Shi-Hao Tang;Hao Wu;Shi Yao;Pengfei Wang;Kun Zhang;Hanzhong Xue;Wei Huang;Jian Ding;Tie‐Lin Yang"
"https://doi.org/10.1161/atvbaha.122.318149",2023,"John DePaolo;Michael G. Levin;Catherine Tcheandjieu;James R. Priest;Dipender Gill;Stephen Burgess;Scott M. Damrauer;Julio A. Chirinos"
"https://doi.org/10.1161/circgen.117.001758",2018,"Nathan A. Bihlmeyer;Jennifer A. Brody;Albert V. Smith;Helen R. Warren;Honghuang Lin;Aaron Isaacs;Yongmei Liu;Jonathan Marten;Farid Radmanesh;Leanne M. Hall;Niels Grarup;Hao Mei;Martina Müller‐Nurasyid;Jennifer E. Huffman;Niek Verweij;Xiuqing Guo;Jie Yao;Ruifang Li‐Gao;Marten van den Berg;Stefan Weiß;Bram P. Prins;Jessica van Setten;Jeffrey Haessler;Leo‐Pekka Lyytikäinen;Man Li;Álvaro Alonso;Elsayed Z. Soliman;Joshua C. Bis;Tom Austin;Yii-Der Ida Chen;Bruce M. Psaty;Tamara B. Harrris;Lenore J. Launer;Sandosh Padmanabhan;Anna F. Dominiczak;Paul L. Huang;Zhijun Xie;Patrick T. Ellinor;Jan A. Kors;Archie Campbell;Alison D. Murray;Christopher P. Nelson;Martin D. Tobin;Jette Bork‐Jensen;Torben Hansen;Oluf Pedersen;Allan Linneberg;Moritz F. Sinner;Annette Peters;Mélanie Waldenberger;Thomas Meitinger;Siegfried Perz;Ivana Kolčić;Igor Rudan;Rudolf A. de Boer;Peter van der Meer;Henry J. Lin;Kent D. Taylor;Renée de Mutsert;Stella Trompet;J. Wouter Jukema;Arie C. Maan;Bruno H. Stricker;Fernando Rivadeneira;André G. Uitterlinden;Uwe Völker;Georg Homuth;Henry Völzke;Stephan B. Felix;Massimo Mangino;Timothy D. Spector;Michiel L. Bots;Marco Perez;Olli T. Raitakari;Mika Kähönen;Nina Mononen;Vilmundur Guðnason;Patricia B. Munroe;Steven A. Lubitz;Cornelia M. van Duijn;Christopher Newton‐Cheh;Caroline Hayward;Jonathan Rosand;Nilesh J. Samani;Jørgen K. Kanters;James G. Wilson;Stefan Kääb;Ozren Polašek;Pim van der Harst;Susan R. Heckbert;Jerome I. Rotter;Dennis O. Mook‐Kanamori;Mark Eijgelsheim;Marcus Dörr;Yalda Jamshidi;Folkert W. Asselbergs;Charles Kooperberg;Terho Lehtimäki;Dan E. Arking;Nona Sotoodehnia"
"https://doi.org/10.1161/circgen.120.003300",2021,"Seung Hoan Choi;Sean J. Jurgens;Christopher M. Haggerty;Amelia Weber Hall;Jennifer L. Halford;Valerie N. Morrill;Lu‐Chen Weng;Braxton Lagerman;Tooraj Mirshahi;Mary Pettinger;Xiuqing Guo;Henry J. Lin;Álvaro Alonso;Elsayed Z. Soliman;Jelena Kornej;Honghuang Lin;Arden Moscati;Girish N. Nadkarni;Jennifer A. Brody;Kerri L. Wiggins;Brian E. Cade;Jiwon Lee;Christina Austin‐Tse;Tom Blackwell;Mark Chaffin;Christina Ji‐Young Lee;Heidi L. Rehm;Carolina Roselli;Susan Redline;Braxton D. Mitchell;Nona Sotoodehnia;Bruce M. Psaty;Susan R. Heckbert;Ruth J. F. Loos;Ramachandran S. Vasan;Emelia J. Benjamin;Adolfo Correa;Eric Boerwinkle;Dan E. Arking;Jerome I. Rotter;Stephen S. Rich;Eric A. Whitsel;Marco Pérez;Charles Kooperberg;Brandon K. Fornwalt;Kathryn L. Lunetta;Patrick T. Ellinor;Steven A. Lubitz"
"https://doi.org/10.1161/circulationaha.120.047544",2020,"Derek Klarin;Shefali S. Verma;Renae Judy;Ozan Dikilitas;Brooke N. Wolford;Ishan Paranjpe;Michael G. Levin;Cuiping Pan;Catherine Tcheandjieu;Joshua M. Spin;Julie A. Lynch;Themistocles L. Assimes;Linn Åldstedt Nyrønning;Erney Mattsson;Todd L. Edwards;Joshua C. Denny;Eric B. Larson;Ming Ta Michael Lee;David Carrell;Yanfei Zhang;Gail P. Jarvik;Ali G. Gharavi;John B. Harley;Frank Mentch;Jennifer A. Pacheco;Hákon Hákonarson;Anne Heidi Skogholt;Laurent F. Thomas;Maiken E. Gabrielsen;Kristian Hveem;Jonas B. Nielsen;Wei Zhou;Lars G. Fritsche;Jie Huang;Pradeep Natarajan;Yan V. Sun;Scott L. DuVall;Daniel J. Rader;Kelly Cho;Kyong‐Mi Chang;Peter W.F. Wilson;Christopher J. O’Donnell;Sekar Kathiresan;Salvatore T. Scali;Scott A. Berceli;Cristen J. Willer;Gregory T. Jones;Matthew J. Bown;Girish N. Nadkarni;Iftikhar J. Kullo;Marylyn D. Ritchie;Scott M. Damrauer;Philip S. Tsao;J. Michael Gaziano;Rachel Ramoni;Jean C. Beckham;Jim Breeling;Kyong‐Mi Chang;Grant D. Huang;Sumitra Muralidhar;Christopher J. O’Donnell;Jonathan Romero;Philip S. Tsao;Sumitra Muralidhar;Jennifer Moser;Stacey B. Whitbourne;Jessica V. Brewer;John Concato;Stuart Warren;Dean P. Argyres;Philip S. Tsao;J. Michael Gaziano;Brady Stephens;Mary T. Brophy;Donald E. Humphries;Nhan Do;Shahpoor Shayan;Xuan‐Mai T. Nguyen;Christopher J. O’Donnell;Saiju Pyarajan;Philip S. Tsao;Kelly Cho;Saiju Pyarajan;Elizabeth R. Hauser;Yan V. Sun;Hongyu Zhao;Peter W.F. Wilson;Rachel McArdle;Louis J. Dell’Italia;John B. Harley;Clement J. Zablocki;Jeff Whittle;Jean C. Beckham;John A. Wells;Salvador Gutierrez;Gretchen Gibson;Laurence S. Kaminsky;Gerardo Villareal;Scott Kinlay;Junzhe Xu;Mark B. Hamner;Kathlyn Sue Haddock;Sujata Bhushan;Pran Iruvanti;Michael Godschalk;Zuhair K. Ballas;Malcolm Buford;Stephen Mastorides;Jon Klein;Nora Ratcliffe;Hermes Flórez;Alan C. Swann;Maureen Murdoch;Peruvemba Sriram;Shing Shing Yeh;Ronald G. Washburn;Darshana Jhala;Samuel M. Aguayo;David Cohen;Satish Sharma;John Callaghan;Kris Ann Oursler;Mary A. Whooley;Sunil K. Ahuja;Amparo Gutierrez;Ronald Schifman;Jennifer Greco;Michael Rauchman;Richard J. Servatius;Mary E. Oehlert;Agnes Wallbom;Ronald Fernando;Timothy R. Morgan;Todd Stapley;Scott E. Sherman;Gwenevere Anderson;Philip S. Tsao;Elif Sonel;Edward J. Boyko;Laurence Meyer;Samir Gupta;Joseph Fayad;Adriana M. Hung;Jack Lichy;Robin A. Hurley;R. Brooks Robey;Rob Striker"
"https://doi.org/10.1161/circulationaha.121.053797",2021,"Michael G. Levin;Verena Zuber;Venexia Walker;Derek Klarin;Julie A. Lynch;Rainer Malik;Aaron W. Aday;Leonardo Bottolo;Aruna D. Pradhan;Martin Dichgans;Kyong‐Mi Chang;Daniel J. Rader;Philip S. Tsao;Benjamin F. Voight;Dipender Gill;Stephen Burgess;Scott M. Damrauer"
"https://doi.org/10.1161/jaha.117.008160",2018,"Larisa G. Tereshchenko;Nona Sotoodehnia;Colleen M. Sitlani;Foram N. Ashar;Muammar Kabir;Mary L. Biggs;Michael P. Morley;Jonathan W. Waks;Elsayed Z. Soliman;Alfred E. Buxton;Tor Biering‐Sørensen;Scott D. Solomon;Wendy S. Post;Thomas P. Cappola;David S. Siscovick;Dan E. Arking"
"https://doi.org/10.1161/jaha.122.025644",2022,"Anna G. Hoek;Sabine van Oort;Petra J. M. Elders;Joline W. J. Beulens"
"https://doi.org/10.1172/jci.insight.131156",2019,"Alexander Teumer;Teresa Trenkwalder;Thorsten Kessler;Yalda Jamshidi;Marten E. van den Berg;Bernhard M. Kaess;Christopher P. Nelson;Rachel Bastiaenen;Marzia De Bortoli;Alessandra Rossini;Isabel Deisenhofer;Klaus Stark;Solmaz Assa;Peter S. Braund;Claudia Cabrera;Anna F. Dominiczak;Martin Gögele;Leanne M. Hall;M. Arfan Ikram;Maryam Kavousi;Karl J. Lackner;Christian Müller;Thomas Münzel;Matthias Nauck;Sandosh Padmanabhan;Norbert Pfeiffer;Tim D. Spector;André G. Uitterlinden;Niek Verweij;Uwe Völker;Helen Warren;Mobeen Zafar;Stephan B. Felix;Jan A. Kors;Harold Snieder;Patricia B. Munroe;Cristian Pattaro;Christian Fuchsberger;Georg Schmidt;Ilja M. Nolte;Heribert Schunkert;Peter P. Pramstaller;Philipp S. Wild;Pim van der Harst;Bruno H. Stricker;Renate B. Schnabel;Nilesh J. Samani;Christian Hengstenberg;Marcus Dörr;Elijah R. Behr;Wibke Reinhard"
"https://doi.org/10.1172/jci.insight.160332",2022,"Carmelo Carmona‐Rivera;Yu Zhang;Kerry Dobbs;Tovah E. Markowitz;Clifton L. Dalgard;Andrew J. Oler;Dillon Claybaugh;Deborah Draper;Meng Truong;Ottavia M. Delmonte;Francesco Licciardi;Ugo Ramenghi;Nicoletta Crescenzio;Luisa Imberti;Alessandra Sottini;Virginia Quaresima;Chiara Fiorini;Valentina Discepolo;Andrea Lo Vecchio;Alfredo Guarino;Luca Pierri;Andrea Catzola;Andrea Biondi;Paolo Bonfanti;M. Cecilia Poli;Yasmin Espinosa;Camila Astudillo;Emma Rey-Jurado;Cecilia Vial;Javiera de la Cruz;Ricardo González;Cecilia Piñera;Jacqueline W. Mays;Ashley Ng;Andrew P. Platt;Beth A. Drolet;John J. Moon;Edward W. Cowen;Heather Kenney;Sarah Weber;Riccardo Castagnoli;Mary Magliocco;Michael Stack;Gina Montealegre;Karyl S. Barron;Danielle Fink;Douglas B. Kuhns;Stephen M. Hewitt;Lisa M. Arkin;Daniel S. Chertow;Helen C. Su;Luigi D. Notarangelo;Mariana J. Kaplan"
"https://doi.org/10.1182/blood.2021013531",2021,"Peter G. Miller;Dandi Qiao;Joselyn Rojas;Michael C. Honigberg;Adam S. Sperling;Christopher J. Gibson;Alexander G. Bick;Abhishek Niroula;Marie McConkey;Brittany Sandoval;Brian C. Miller;Weiwei Shi;Kaushik Viswanathan;Matthew Leventhal;Lillian Werner;Matthew Moll;Brian E. Cade;R. Graham Barr;Adolfo Correa;L. Adrienne Cupples;Sina A. Gharib;Deepti Jain;Stephanie M. Gogarten;Leslie A. Lange;Stephanie J. London;Ani Manichaikul;George O'connor;Elizabeth C. Oelsner;Susan Redline;Stephen S. Rich;Jerome I. Rotter;Ramachandran S. Vasan;Bing Yu;Lynette M. Sholl;Donna Neuberg;Siddhartha Jaiswal;Bruce D. Levy;Caroline A. Owen;Pradeep Natarajan;Edwin K. Silverman;Peter van Galen;Yohannes Tesfaigzi;Michael H. Cho;Benjamin L. Ebert"
"https://doi.org/10.1186/s12864-022-08405-y",2022,"Jiànróng Lǐ;Mabel Tang;Yafang Li;Christopher I. Amos;Chao Cheng"
"https://doi.org/10.1186/s12915-022-01267-6",2022,"Andrew J. H. Smith;Jayshree Advani;Daniel C. Brock;Jacob Nellissery;Jessica Gumerson;Lijin Dong;L. Aravind;Breandán N. Kennedy;Anand Swaroop"
"https://doi.org/10.1186/s12920-018-0354-x",2018,"Sebastian Boegel;Martin Löwer;Thomas Bukur;Patrick Sorn;John C. Castle;Uğur Şahin"
"https://doi.org/10.1186/s12920-022-01298-6",2022,"Minsu Kim;Jennifer E. Huffman;Amy C. Justice;Ian Goethert;Greeshma Agasthya;Yan V. Sun;Rachel McArdle;Louis J. Dell’Italia;Brady Stephens;Kelly Cho;Saiju Pyarajan;Kristin Mattocks;John B. Harley;Jeff Whittle;Roy O. Mathew;Jean C. Beckham;River Smith;John A. Wells;Salvador Gutierrez;Kimberly Hammer;Pran Iruvanti;Zuhair K. Ballas;Stephen Mastorides;Jonathan P. Moorman;Saib Gappy;Jon Klein;Nora Ratcliffe;Ana Palacio;Olaoluwa Okusaga;Maureen Murdoch;Peruvemba Sriram;Dean P. Argyres;Todd Connor;Gerardo Villareal;Scott Kinlay;Shing Shing Yeh;Darshana Jhala;Neeraj Tandon;Kyong‐Mi Chang;Samuel M. Aguayo;David Cohen;Satish Sharma;Mark B. Hamner;Suthat Liangpunsakul;Michael Godschalk;Kris Ann Oursler;Mary A. Whooley;Jennifer Greco;Sunil K. Ahuja;Joseph Constans;Paul Meyer;Michael Rauchman;Richard J. Servatius;Rachel Ramoni;Sumitra Muralidhar;J. Michael Gaziano;Melinda Gaddy;Agnes Wallbom;James E. Norton;Timothy R. Morgan;Todd Stapley;Peter S. Liang;Sujata Bhushan;Frank J. Jacono;Daryl Fujii;Philip S. Tsao;Donald E. Humphries;Grant D. Huang;James L. Breeling;Jennifer Moser;Jessica V. Brewer;Juan P. Casas;Kelly Cho;Lori Churby;Luis E. Selva;Mary T. Brophy;Nhan Do;Philip S. Tsao;Shahpoor Shayan;Stacey B. Whitbourne;Patrick Strollo;Edward J. Boyko;Jessica Walsh;Saiju Pyarajan;Elizabeth R. Hauser;Scott L. DuVall;Samir Gupta;Mostaqul Huq;Joseph Fayad;Adriana M. Hung;Junzhe Xu;Kathrina Alexander;Robin A. Hurley;Jack Lichy;Hongyu Zhao;Peter W.F. Wilson;R. Brooks Robey;Prakash Balasubramanian;Ioana Danciu"
"https://doi.org/10.1186/s13059-021-02335-w",2021,"Lindsay F. Rizzardi;Peter F. Hickey;Adrian Idrizi;Rakel Tryggvadóttir;Colin M. Callahan;Kimberly E. Stephens;Sean D. Taverna;Hao Zhang;Sinan Ramazanoglu;Kasper D. Hansen;Andrew P. Feinberg"
"https://doi.org/10.1186/s13073-020-00778-7",2020,"Christina A. Castellani;Ryan J. Longchamps;Jason A. Sumpter;C. Newcomb;John Lane;Megan L. Grove;Jan Bressler;Jennifer A. Brody;James S. Floyd;Traci M. Bartz;Kent D. Taylor;Penglong Wang;Adrienne Tin;Josef Coresh;James S. Pankow;Myriam Fornage;Eliseo Güallar;Brian O’Rourke;Nathan Pankratz;Chunyu Liu;Daniel Levy;Nona Sotoodehnia;Eric Boerwinkle;Dan E. Arking"
"https://doi.org/10.1186/s13073-021-00877-z",2021,"Charles E. Breeze;Anna Batorsky;Mi Kyeong Lee;Mindy D Szeto;Xiaoguang Xu;Daniel L. McCartney;Rong Jiang;Amit Patki;Holly Kramer;James Eales;Laura M. Raffield;Leslie A. Lange;Ethan M. Lange;Peter Durda;Yongmei Liu;Russ Tracy;David Van Den Berg;Kathryn L. Evans;William E. Kraus;Svati H. Shah;Hermant K. Tiwari;Lifang Hou;Eric A. Whitsel;Xiao Jiang;Fadi J. Charchar;Andrea Baccarelli;Stephen S. Rich;Andrew P. Morris;Marguerite R. Irvin;Donna K. Arnett;Elizabeth R. Hauser;Jerome I. Rotter;Adolfo Correa;Caroline Hayward;Steve Horvath;Riccardo E. Marioni;Maciej Tomaszewski;Stephan Beck;Sonja I. Berndt;Stephanie J. London;Josyf C. Mychaleckyj;Nora Franceschini"
"https://doi.org/10.1186/s13073-022-01074-2",2022,"Tian Ge;Marguerite R. Irvin;Amit Patki;Vinodh Srinivasasainagendra;Kuang Lin;Hemant K. Tiwari;Nicole D. Armstrong;Barbara Benoit;Chia‐Yen Chen;Karmel W. Choi;James J. Cimino;Brittney H. Davis;Ozan Dikilitas;Bethany Etheridge;Yen‐Chen Anne Feng;Vivian S. Gainer;Hailiang Huang;Gail P. Jarvik;Christopher Kachulis;Eimear E. Kenny;Atlas Khan;Krzysztof Kiryluk;Leah C. Kottyan;Iftikhar J. Kullo;Christoph Lange;Niall J. Lennon;Aaron Leong;Edyta Małolepsza;Ayme D. Miles;Shawn N. Murphy;Bahram Namjou;Renuka Narayan;Mark J. O’Connor;Jennifer A. Pacheco;Emma Perez;Laura J. Rasmussen‐Torvik;Elisabeth A. Rosenthal;Daniel J. Schaid;Maria Stamou;Miriam S. Udler;Wei‐Qi Wei;Scott T. Weiss;Maggie C. Y. Ng;Jordan W. Smoller;Matthew S. Lebo;James B. Meigs;Nita A. Limdi;Elizabeth W. Karlson"
"https://doi.org/10.1186/s13073-023-01156-9",2023,"Junyi Xin;Mulong Du;Dongying Gu;Kewei Jiang;Mengyun Wang;Mingjuan Jin;Yeting Hu;Shuai Ben;Silu Chen;Wei Shao;Shuwei Li;Haiyan Chu;Linjun Zhu;Chen Li;Kun Chen;Kefeng Ding;Zhengdong Zhang;Hongbing Shen;Meilin Wang"
"https://doi.org/10.1186/s13148-022-01385-6",2022,"Shaobo Li;Nicholas Mancuso;Catherine Metayer;Xiaomei Ma;Adam J. de Smith;Joseph L. Wiemels"
"https://doi.org/10.1212/wnl.0000000000010852",2020,"Maria J. Knol;Dongwei Lu;Matthew Traylor;Hieab H.H. Adams;José Rafael J Romero;Albert V. Smith;Myriam Fornage;Edith Hofer;Junfeng Liu;Isabel C. Hostettler;Michelle Luciano;Stella Trompet;Anne‐Katrin Giese;Saima Hilal;Erik B. van den Akker;Dina Vojinović;Shuo Li;Sigurður Sigurðsson;Sven J. van der Lee;Clifford R. Jack;Duncan Wilson;Pınar Yilmaz;Claudia L. Satizábal;David C. Liewald;Jeroen van der Grond;Christopher Chen;Yasaman Saba;Aad van der Lugt;Mark E. Bastin;B. Gwen Windham;Ching‐Yu Cheng;Lukas Pirpamer;Kejal Kantarci;Jayandra J. Himali;Qiong Yang;Zoë Morris;Alexa S. Beiser;Daniel J. Tozer;Meike W. Vernooij;Najaf Amin;Marian Beekman;Jia Yu Koh;David J. Stott;Henry Houlden;Reinhold Schmidt;Rebecca F. Gottesman;Andrew D. MacKinnon;Charles DeCarli;Vilmundur Guðnason;Ian J. Deary;Cornelia M. van Duijn;P. Eline Slagboom;Tien Yin Wong;Natalia S. Rost;J. Wouter Jukema;Thomas H. Mosley;David J. Werring;Helena Schmidt;Joanna M. Wardlaw;M. Arfan Ikram;Sudha Seshadri;Lenore J. Launer;Hugh S. Markus"
"https://doi.org/10.1371/journal.pgen.1006609",2017,"Krzysztof Kiryluk;Yifu Li;Zina Moldoveanu;Hitoshi Suzuki;Colin Reily;Ping Hou;Jingyuan Xie;Nikol Mladkova;Sindhuri Prakash;Clara Fischman;Samantha L. Shapiro;Robert A. LeDesma;Drew Bradbury;Iuliana Ionita‐Laza;Frank Eitner;Thomas Rauen;Nicolas Maillard;F. Berthoux;Jürgen Floege;Nan Chen;Hong Zhang;Francesco Scolari;Robert Wyatt;Bruce A. Julian;Ali G. Gharavi;Jan Novák"
"https://doi.org/10.1371/journal.pgen.1006719",2017,"Maggie C. Y. Ng;Mariaelisa Graff;Yingchang Lu;Anne E. Justice;Poorva Mudgal;Yongmei Liu;Kristin L. Young;Lisa R. Yanek;Mary F. Feitosa;Mary K. Wojczynski;Kristin A. Rand;Jennifer A. Brody;Brian E. Cade;Latchezar Dimitrov;Qing Duan;Xiuqing Guo;Leslie A. Lange;Michael A. Nalls;Hayrettin Okut;Salman M. Tajuddin;Bamidele O. Tayo;Sailaja Vedantam;Jonathan P. Bradfield;Guanjie Chen;Wei‐Min Chen;Alessandra Chesi;Marguerite R. Irvin;Badri Padhukasahasram;Jennifer A. Smith;Wei Zheng;Matthew Allison;Christine B. Ambrosone;Elisa V. Bandera;Traci M. Bartz;Sonja I. Berndt;Leslie Bernstein;William J. Blot;Erwin P. Böttinger;John Carpten;Stephen J. Chanock;Yii‐Der Ida Chen;David V. Conti;Stephen S. Rich;Myriam Fornage;Barry I. Freedman;Melissa García;Phyllis J. Goodman;Yu-Han H. Hsu;Jennifer J. Hu;Chad Huff;Sue A. Ingles;Esther M. John;Rick A. Kittles;Eric A. Klein;Jin Li;Barbara McKnight;Uma Nayak;Barbara Nemesure;Adesola Ogunniyi;Andrew F. Olshan;Michael F. Press;Rebecca Rohde;Benjamin A. Rybicki;Babatunde Salako;Maureen Sanderson;Yaming Shao;David S. Siscovick;Janet L. Stanford;Victoria L. Stevens;Alex Stram;Sara S. Strom;Dhananjay Vaidya;John S. Witte;Jie Yao;Xiaofeng Zhu;Regina G. Ziegler;Alan B. Zonderman;Adebowale Adeyemo;Stefan Ambs;Mary Cushman;Jessica D. Faul;Hákon Hákonarson;Albert M. Levin;Katherine L. Nathanson;Erin B. Ware;David R. Weir;Wei Zhao;Degui Zhi;Donna K. Arnett;Struan F.A. Grant;Sharon L. R. Kardia;Olufunmilayo I. Oloapde;D. C. Rao;Charles N. Rotimi;Michèle M. Sale;L. Keoki Williams;Babette S. Zemel;Diane M. Becker;Ingrid B. Borecki;Michele K. Evans;Tamara B. Harris;Joel N. Hirschhorn;Yun Li;Sanjay R. Patel;Bruce M. Psaty;Jerome I. Rotter;James G. Wilson;Donald W. Bowden;L. Adrienne Cupples;Christopher A. Haiman;Ruth J. F. Loos;Kari E. North"
"https://doi.org/10.1371/journal.pgen.1006811",2017,"Sara R. Rashkin;Goo Jun;Sai Chen;Gonçalo R. Abecasis"
"https://doi.org/10.1371/journal.pgen.1007601",2018,"Pradeep Suri;Melody R. Palmer;Yakov A. Tsepilov;Maxim B. Freidin;Cindy G. Boer;Michelle S. Yau;Daniel S. Evans;Andrea Gelemanović;Traci M. Bartz;Maria Nethander;Liubov Arbeeva;Lennart C. Karssen;Tuhina Neogi;Archie Campbell;Dan Mellström;Claes Ohlsson;Lynn M. Marshall;Eric Orwoll;André G. Uitterlinden;Jerome I. Rotter;Gordan Lauc;Bruce M. Psaty;Magnus K. Karlsson;Nancy E. Lane;Gail P. Jarvik;Ozren Polašek;Marc C. Hochberg;Joanne M. Jordan;Joyce B. J. van Meurs;Rebecca D. Jackson;Carrie M. Nielson;Braxton D. Mitchell;Blair H. Smith;Caroline Hayward;Nicholas L. Smith;Yurii S. Aulchenko;Frances M. K. Williams"
"https://doi.org/10.1371/journal.pgen.1007890",2019,"Isabella Cera;Laura Whitton;Gary Donohoe;Derek W. Morris;Georg Dechant;Galina Apostolova"
"https://doi.org/10.1371/journal.pgen.1008500",2019,"Madeline H. Kowalski;Huijun Qian;Ziyi Hou;Jonathan D. Rosen;Amanda L. Tapia;Yue Shan;Deepti Jain;Maria Argos;Donna K. Arnett;Christy L. Avery;Kathleen C. Barnes;Lewis C. Becker;Stephanie A. Bien;Joshua C. Bis;John Blangero;Eric Boerwinkle;Donald W. Bowden;Steven Buyske;Jianwen Cai;Michael H. Cho;Seung Hoan Choi;Hélène Choquet;L. Adrienne Cupples;Mary Cushman;Michelle Daya;Paul S. de Vries;Patrick T. Ellinor;Nauder Faraday;Myriam Fornage;Stacey Gabriel;Santhi K. Ganesh;Misa Graff;Namrata Gupta;Jiang He;Susan R. Heckbert;Bertha Hidalgo;Chani J. Hodonsky;Marguerite R. Irvin;Andrew D. Johnson;Eric Jorgenson;Robert C. Kaplan;Sharon L. R. Kardia;Tanika N. Kelly;Charles Kooperberg;Jessica Lasky‐Su;Ruth J. F. Loos;Steven A. Lubitz;Rasika A. Mathias;Caitlin McHugh;Courtney G. Montgomery;Jee‐Young Moon;Alanna C. Morrison;Nicholette D. Palmer;Nathan Pankratz;George Papanicolaou;Juan M. Peralta;Patricia A. Peyser;Stephen S. Rich;Jerome I. Rotter;Edwin K. Silverman;Jennifer A. Smith;Nicholas L. Smith;Kent D. Taylor;Timothy A. Thornton;Hemant K. Tiwari;Russell P. Tracy;Tao Wang;Scott T. Weiss;Lu‐Chen Weng;Kerri L. Wiggins;James G. Wilson;Lisa R. Yanek;Sebastian Zöllner;Kari E. North;Paul L. Auer;Laura M. Raffield;Alexander P. Reiner;Yun Li"
"https://doi.org/10.1371/journal.pgen.1008947",2020,"Xinyuan Dong;Yu‐Ru Su;Richard Barfield;Stephanie A. Bien;Qianchuan He;Tabitha A. Harrison;Jeroen R. Huyghe;Temitope O. Keku;Noralane M. Lindor;Clemens Schafmayer;Andrew T. Chan;Stephen B. Gruber;Mark A. Jenkins;Charles Kooperberg;Ulrike Peters;Li Hsu"
"https://doi.org/10.1371/journal.pgen.1009802",2021,"Sumeet A. Khetarpal;Cecilia Vitali;Michael G. Levin;Derek Klarin;Joseph Park;Akhil Pampana;John S. Millar;Takashi Kuwano;Sugasini Dhavamani;Papasani V. Subbaiah;Jeffrey T. Billheimer;Pradeep Natarajan;Daniel J. Rader"
"https://doi.org/10.1371/journal.pgen.1010623",2023,"Allison E. Ashley‐Koch;Nathan A. Kimbrel;Xuejun Qin;Jennifer H. Lindquist;Melanie E. Garrett﻿;Michelle F. Dennis;Lauren P. Hair;Jennifer E. Huffman;Daniel Jacobson;Ravi Madduri;Hilary Coon;Anna R. Docherty;Jooeun Kang;Niamh Mullins;Douglas M. Ruderfer;Philip D. Harvey;Benjamin H. McMahon;David W. Oslin;Elizabeth R. Hauser;Michael A. Hauser;Jean C. Beckham"
"https://doi.org/10.1371/journal.pmed.1003302",2020,"Kelsey E. Johnson;Katherine M. Siewert;Derek Klarin;Scott M. Damrauer;Kyong‐Mi Chang;Philip S. Tsao;Themistocles L. Assimes;Kara N. Maxwell;Benjamin F. Voight"
"https://doi.org/10.1371/journal.pmed.1004039",2022,"Anya Topiwala;Chaoyue Wang;Klaus P. Ebmeier;Stephen Burgess;Steven Bell;Daniel F. Levey;Hang Zhou;Celeste McCracken;Adriana Roca‐Fernández;Steffen E. Petersen;Betty Raman;Masud Husain;Joel Gelernter;Karla L. Miller;Stephen M. Smith;Thomas E. Nichols"
"https://doi.org/10.1371/journal.pone.0140496",2015,"Joshua C. Bis;Colleen M. Sitlani;Ryan Irvin;Christy L. Avery;Albert V. Smith;Fangui Sun;Daniel S. Evans;Solomon K. Musani;Xiaohui Li;Stella Trompet;Bouwe P. Krijthe;Tamara B. Harris;P. Miguel Quibrera;Jennifer A. Brody;Serkalem Demissie;Barry R. Davis;Kerri L. Wiggins;Gregory J. Tranah;Leslie A. Lange;Nona Sotoodehnia;David J. Stott;Oscar H. Franco;Lenore J. Launer;Til Stürmer‎;Kent D. Taylor;L. Adrienne Cupples;John H. Eckfeldt;Nicholas L. Smith;Yongmei Liu;James G. Wilson;Susan R. Heckbert;Brendan M. Buckley;M. Arfan Ikram;Eric Boerwinkle;Yii-Der Ida Chen;Anton J. M. de Craen;André G. Uitterlinden;Jerome I. Rotter;Ian Ford;Albert Hofman;Naveed Sattar;P. Eline Slagboom;Rudi G. J. Westendorp;Vilmundur Guðnason;Ramachandran S. Vasan;Thomas Lumley;Steven R. Cummings;Herman A. Taylor;Wendy S. Post;J. Wouter Jukema;Bruno H. Stricker;Eric A. Whitsel;Bruce M. Psaty;Donna K. Arnett"
"https://doi.org/10.1371/journal.pone.0144997",2016,"Abbas Dehghan;Joshua C. Bis;Charles C. White;Albert V. Smith;Alanna C. Morrison;L. Adrienne Cupples;Stella Trompet;Daniel I. Chasman;Thomas Lumley;Uwe Völker;Brendan M. Buckley;Jingzhong Ding;Majken K. Jensen;Aaron R. Folsom;Stephen B. Kritchevsky;Cynthia J. Girman;Ian Ford;Marcus Dörr;Veikko Salomaa;André G. Uitterlinden;Guðný Eiríksdóttir;Ramachandran S. Vasan;Nora Franceschini;Cara L. Carty;Jarmo Virtamo;Serkalem Demissie;Philippe Amouyel;Dominique Arveiler;Susan R. Heckbert;Jean Ferrières;Pierre Ducimetière;Nicholas L. Smith;Ying A. Wang;David S. Siscovick;Kenneth Rice;Per-Gunnar Wiklund;Kent D. Taylor;Alun Evans;Frank Kee;Jerome I. Rotter;Juha Karvanen;Kari Kuulasmaa;Gerardo Heiss;Peter Kraft;Lenore J. Launer;Albert Hofman;Marcello Ricardo Paulista Markus;Lynda M. Rose;Kaisa Silander;Peter J. Wagner;Emelia J. Benjamin;Kurt Lohman;David J. Stott;Fernando Rivadeneira;Tamara B. Harris;Daniel Levy;Yongmei Liu;Eric B. Rimm;J. Wouter Jukema;Henry Völzke;Paul M. Ridker;Stefan Blankenberg;Oscar H. Franco;Vilmundur Guðnason;Bruce M. Psaty;Eric Boerwinkle;Christopher J. O’Donnell"
"https://doi.org/10.1371/journal.pone.0157521",2016,"Mengmeng Du;Shuo Jiao;Stephanie A. Bien;Manish Gala;Gonçalo R. Abecasis;Stéphane Bézieau;Hermann Brenner;Katja Butterbach;Bette J. Caan;Christopher S. Carlson;Graham Casey;Jenny Chang‐Claude;David V. Conti;Keith R. Curtis;David Duggan;Steven Gallinger;Robert W. Haile;Tabitha A. Harrison;Richard B. Hayes;Michael Hoffmeister;John L. Hopper;Thomas J. Hudson;Mark A. Jenkins;Sébastien Küry;Loı̈c Le Marchand;Suzanne M. Leal;Polly A. Newcomb;Deborah A. Nickerson;John D. Potter;Robert E. Schoen;Fredrick R. Schumacher;Daniela Seminara;Martha L. Slattery;Li Hsu;Andrew T. Chan;Emily White;Sonja I. Berndt;Ulrike Peters"
"https://doi.org/10.1371/journal.pone.0181269",2017,"Malka Gorfine;Sonja I. Berndt;Jenny Chang‐Claude;Michael Hoffmeister;Loı̈c Le Marchand;John D. Potter;Martha L. Slattery;Nir Keret;Ulrike Peters;Li Hsu"
"https://doi.org/10.1371/journal.pone.0183874",2017,"Kolsoum InanlooRahatloo;Grace Liang;Davis Vo;Antje Ebert;Ivy Nguyen;Patricia K. Nguyen"
"https://doi.org/10.1371/journal.pone.0186456",2017,"Dariush Mozaffarian;Hassan S. Dashti;Mary K. Wojczynski;Audrey Y. Chu;Jennifer A. Nettleton;Satu Männistö;Kati Kristiansson;Mägi Reedik;Jari Lahti;Denise K. Houston;Marilyn C. Cornelis;Frank J.A. van Rooij;Maria Dimitriou;Stavroula Kanoni;Vera Mikkilä;Lyn M. Steffen;Marcia C. de Oliveira Otto;Lu Qi;Bruce M. Psaty;Luc Djoussé;Jerome I. Rotter;Kennet Harald;Markus Perola;Harri Rissanen;Antti Jula;Fischer Krista;Evelin Mihailov;Mary F. Feitosa;Julius S. Ngwa;Luting Xue;Paul F. Jacques;Mia-Maria Perälä;Aarno Palotie;Yongmei Liu;Nike A. Nalls;Luigi Ferrucci;Dena G. Hernandez;Ani Manichaikul;Michael Y. Tsai;Jessica C. Kiefte–de Jong;Albert Hofman;André G. Uitterlinden;Lοukianos S. Rallidis;Paul M. Ridker;Lynda M. Rose;Julie E. Buring;Terho Lehtimäki;Mika Kähönen;Jorma Viikari;Rozenn N. Lemaître;Veikko Salomaa;Paul Knekt;Andres Metspalu;Ingrid B. Borecki;L. Adrienne Cupples;Johan G. Eriksson;Stephen B. Kritchevsky;Stefania Bandinelli;David S. Siscovick;Oscar H. Franco;Panos Deloukas;George Dedoussis;Daniel I. Chasman;Olli T. Raitakari;Toshiko Tanaka"
"https://doi.org/10.1371/journal.pone.0198166",2018,"Mary F. Feitosa;Aldi T. Kraja;Daniel I. Chasman;Yan V. Sun;Thomas W. Winkler;Ιωάννα Ντάλλα;Xiuqing Guo;Nora Franceschini;Ching‐Yu Cheng;Xueling Sim;Dina Vojinović;Jonathan Marten;Solomon K. Musani;Changwei Li;Amy R. Bentley;Michael R. Brown;Karen Schwander;Melissa A. Richard;Raymond Noordam;Hugues Aschard;Traci M. Bartz;Lawrence F. Bielak;Rajkumar Dorajoo;Virginia Fisher;Fernando Pires Hartwig;A.R.V.R. Horimoto;Kurt K. Lohman;Alisa K. Manning;Tuomo Rankinen;Albert V. Smith;Salman M. Tajuddin;Mary K. Wojczynski;Maris Alver;Mathilde Boissel;Qiuyin Cai;Archie Campbell;Jin Fang Chai;Xu Chen;Jasmin Divers;Chuan Gao;Anuj Goel;Yanick Hagemeijer;Sarah E. Harris;Meian He;Fang‐Chi Hsu;Anne Jackson;Mika Kähönen;Anuradhani Kasturiratne;Pirjo Komulainen;Brigitte Kühnel;Federica Laguzzi;Jian’an Luan;Nana Matoba;Ilja M. Nolte;Sandosh Padmanabhan;Muhammad Riaz;Rico Rueedi;Antonietta Robino;M. Abdullah Said;Robert A. Scott;Tamar Sofer;Alena Stančáková;Fumihiko Takeuchi;Bamidele O. Tayo;Peter J. van der Most;Tibor V. Varga;Véronique Vitart;Yajuan Wang;Erin B. Ware;Helen Warren;Stefan Weiß;Wanqing Wen;Lisa R. Yanek;Weihua Zhang;Jing Hua Zhao;Saima Afaq;Najaf Amin;Marzyeh Amini;Dan E. Arking;Tin Aung;Eric Boerwinkle;Ingrid B. Borecki;Ulrich Broeckel;Morris J. Brown;Marco Brumat;Gregory L. Burke;Mickaël Canouil;Aravinda Chakravarti;Charumathi Sabanayagam;Yii-Der Ida Chen;John Connell;Adolfo Correa;Lisa de las Fuentes;Renée de Mutsert;H. Janaka de Silva;Xuan Deng;Jingzhong Ding;Qing Duan;Charles B. Eaton;Georg Ehret;Ruben N. Eppinga;Εvangelos Εvangelou;Jessica D. Faul;Stephan B. Felix;Nita G. Forouhi;Terrence Forrester;Oscar H. Franco;Yechiel Friedlander;Ilaria Gandin;He Gao;Mohsen Ghanbari;Bruna Gigante;C. Charles Gu;Dongfeng Gu;Saskia P. Hagenaars;Göran Hallmans;Tamara B. Harris;Jiang He;Sami Heikkinen;Chew‐Kiat Heng;Makoto Hirata;Barbara V. Howard;M. Arfan Ikram;Ulrich John;Tomohiro Katsuya;Chiea Chuen Khor;Tuomas O. Kilpeläinen;Woon‐Puay Koh;José Eduardo Krieger;Stephen B. Kritchevsky;Michiaki Kubo;Johanna Kuusisto;Timo A. Lakka;Carl D. Langefeld;Claudia Langenberg;Lenore J. Launer;Benjamin Lehne;Cora E. Lewis;Yize Li;Shiow J. Lin;Jianjun Liu;Jingmin Liu;Marie Loh;Tin Louie;Reedik Mägi;Colin A. McKenzie;Thomas Meitinger;Andres Metspalu;Yuri Milaneschi;Lili Milani;Karen L. Mohlke;Yukihide Momozawa;Mike A. Nalls;Christopher P. Nelson;Nona Sotoodehnia;Jill M. Norris;Jeff O’Connell;Nicholette D. Palmer;Thomas T. Perls;Nancy L. Pedersen;Annette Peters;Patricia A. Peyser;Neil R Poulter;Leslie J. Raffel;Olli T. Raitakari;Kathryn Roll;Lynda M. Rose;Frits R. Rosendaal;Jerome I. Rotter;Carsten Oliver Schmidt;Pamela J. Schreiner;Nicole Schupf;William R. Scott;Peter S. Sever;Yuan Shi;Stephen Sidney;Mario Sims;Colleen M. Sitlani;Jennifer A. Smith;Harold Snieder;John M. Starr;Konstantin Strauch;Heather M. Stringham;Nicholas Tan;Hua Tang;Kent D. Taylor;Yik Ying Teo;Yih‐Chung Tham;Stephen T. Turner;André G. Uitterlinden;Péter Vollenweider;Mélanie Waldenberger;Lihua Wang;Ya Xing Wang;Wen Bin Wei;Christine A. Williams;Jie Yao;Caizheng Yu;Jian‐Min Yuan;Wei Zhao;Alan B. Zonderman;Diane M. Becker;Michael Boehnke;Donald W. Bowden;John C. Chambers;Ian J. Deary;Tõnu Esko;Martin Farrall;Paul W. Franks;Barry I. Freedman;Philippe Froguel;Paolo Gasparini;Christian Gieger;Jost B. Jonas;Yoichiro Kamatani;Norihiro Kato;Jaspal S. Kooner;Zoltán Kutalik;Markku Laakso;Cathy C. Laurie;Karin Leander;Terho Lehtimäki;Lifelines Cohort Study;Patrik K. E. Magnusson;Albertine J. Oldehinkel;Brenda W.J.H. Penninx;Ozren Polašek;David J. Porteous;Rainer Rauramaa;Nilesh J. Samani;James Scott;Xiao‐Ou Shu;Pim van der Harst;Lynne E. Wagenknecht;Nicholas J. Wareham;Hugh Watkins;David R. Weir;Rajitha Wickremasinghe;Tangchun Wu;Wei Zheng;Claude Bouchard;Kaare Christensen;Michele K. Evans;Vilmundur Guðnason;Bernardo Lessa Horta;Sharon L. R. Kardia;Yongmei Liu;Alexandre C. Pereira;Bruce M. Psaty;Paul M. Ridker;Rob M. van Dam;W. James Gauderman;Xiaofeng Zhu;Dennis O. Mook‐Kanamori;Myriam Fornage;Charles N. Rotimi;L. Adrienne Cupples;Tanika N. Kelly;Ervin R. Fox;Caroline Hayward;Cornelia M. van Duijn;E. Shyong Tai;Tien Yin Wong;Charles Kooperberg;Walter Palmas;Kenneth Rice;Alanna C. Morrison;Paul Elliott;Mark J. Caulfield;Patricia B. Munroe;D. C. Rao;Michael A. Province;Daniel Levy"
"https://doi.org/10.1371/journal.pone.0206519",2018,"Kelsey A. Chun;Jonathan Kocarnik;Sheetal Hardikar;Jamaica R. M. Robinson;Sonja I. Berndt;Andrew T. Chan;Jane C. Figueiredo;Noralane M. Lindor;Mingyang Song;Robert E. Schoen;Richard B. Hayes;John D. Potter;Rami Nassir;Stéphane Bézieau;Loı̈c Le Marchand;Martha L. Slattery;Emily White;Ulrike Peters;Polly A. Newcomb"
"https://doi.org/10.1371/journal.pone.0217796",2019,"Brenton R. Swenson;Tin Louie;Henry J. Lin;Raúl Méndez-Giráldez;Jennifer E. Below;Cathy C. Laurie;Kathleen F. Kerr;Heather M. Highland;Timothy A. Thornton;Kelli K. Ryckman;Charles Kooperberg;Elsayed Z. Soliman;Amanda A. Seyerle;Xiuqing Guo;Kent D. Taylor;Jie Yao;Susan R. Heckbert;Dawood Darbar;Lauren E. Petty;Barbara McKnight;Susan Cheng;Natalie A. Bello;Eric A. Whitsel;Craig L. Hanis;Mike A. Nalls;Daniel S. Evans;Jerome I. Rotter;Tamar Sofer;Christy L. Avery;Nona Sotoodehnia"
"https://doi.org/10.1371/journal.pone.0230035",2020,"Julie Hahn;Yi-Ping Fu;Michael R. Brown;Joshua C. Bis;Paul S. de Vries;Mary F. Feitosa;Lisa R. Yanek;Stefan Weiß;Franco Giulianini;Albert V. Smith;Xiuqing Guo;Traci M. Bartz;Diane M. Becker;Lewis C. Becker;Eric Boerwinkle;Jennifer A. Brody;Yii-Der Ida Chen;Oscar H. Franco;Megan L. Grove;Tamara B. Harris;Albert Hofman;Shih-Jen Hwang;Brian G. Kral;Lenore J. Launer;Marcello Ricardo Paulista Markus;Kenneth Rice;Stephen S. Rich;Paul M. Ridker;Fernando Rivadeneira;Jerome I. Rotter;Nona Sotoodehnia;Kent D. Taylor;André G. Uitterlinden;Uwe Völker;Henry Völzke;Jie Yao;Daniel I. Chasman;Marcus Dörr;Vilmundur Guðnason;Rasika A. Mathias;Wendy S. Post;Bruce M. Psaty;Abbas Dehghan;Christopher J. O’Donnell;Alanna C. Morrison"
"https://doi.org/10.1371/journal.pone.0253611",2021,"Chloé Sarnowski;Han Chen;Mary L. Biggs;Sylvia Wassertheil‐Smoller;Jan Bressler;Marguerite R. Irvin;Kathleen A. Ryan;David Karasik;Donna K. Arnett;L. Adrienne Cupples;David W. Fardo;Stephanie M. Gogarten;Ben Heavner;Deepti Jain;Hyun Min Kang;Charles Kooperberg;Arch G. Mainous;Braxton D. Mitchell;Alanna C. Morrison;Jeffrey R. O’Connell;Bruce M. Psaty;Kenneth Rice;Albert V. Smith;Ramachandran S. Vasan;B. Gwen Windham;Douglas P. Kiel;Joanne M. Murabito;Kathryn L. Lunetta"
"https://doi.org/10.1371/journal.pone.0266481",2022,"Wen‐Yi Yang;Benedetta Izzi;Adam P. Bress;Lutgarde Thijs;Lorena Citterio;Fang‐Fei Wei;Erika Salvi;Simona Delli Carpini;Paolo Manunta;Daniele Cusi;Marc Hoylaerts;Aernout Luttun;Peter Verhamme;Sheetal Hardikar;Tim S. Nawrot;Jan A. Staessen;Zhen‐Yu Zhang"
"https://doi.org/10.1371/journal.pone.0266980",2022,"Taylor Hickman;Eugene Choi;Kathleen R. Whiteman;Sujatha Muralidharan;Tapasya Pai;Tyler Johnson;Avani Parikh;Taylor Friedman;Madaline Gilbert;Binzhang Shen;Luke Barron;Kathleen E. McGinness;Seth A. Ettenberg;Greg Motz;Glen J. Weiss;Amy Jensen-Smith"
"https://doi.org/10.1371/journal.pone.0267900",2022,"Rose D. L. Huang;Xuan‐Mai T. Nguyen;Gina M. Peloso;Mark Trinder;Daniel Posner;Krishna G. Aragam;Yuk‐Lam Ho;Julie A. Lynch;Scott M. Damrauer;Kyong‐Mi Chang;Philip S. Tsao;Pradeep Natarajan;Themistocles L. Assimes;J. Michael Gaziano;Luc Djoussé;Kelly Cho;Peter W.F. Wilson;Jennifer E. Huffman;Christopher J. O’Donnell"
"https://doi.org/10.2217/epi-2019-0066",2019,"Sinjini Sikdar;Roby Joehanes;Bonnie R. Joubert;Cheng‐Jian Xu;Marta Vives-Usano;Faisal I. Rezwan;Janine F. Felix;James M. Ward;Weihua Guan;Rebecca C. Richmond;Jennifer A. Brody;Leanne K. Küpers;Nour Baïz;Siri E. Håberg;Jennifer A. Smith;Sarah E. Reese;Stella Aslibekyan;Cathrine Hoyo;Radhika Dhingra;Christina A. Markunas;Tao Xu;Lindsay M. Reynolds;Allan C. Just;Pooja R. Mandaviya;Akram Ghantous;Brian D. Bennett;Tianyuan Wang;The BIOS Consortium;Kelly M. Bakulski;Erik Melén;Shanshan Zhao;Jianping Jin;Zdenko Herceg;Joyce B. J. van Meurs;Jack A. Taylor;Andrea Baccarelli;Susan K. Murphy;Yongmei Liu;Monica Cheng Munthe‐Kaas;Ian J. Deary;Wenche Nystad;Mélanie Waldenberger;Isabella Annesi‐Maesano;Karen N. Conneely;Vincent W. V. Jaddoe;Donna K. Arnett;Harold Snieder;Sharon L. R. Kardia;Caroline L. Relton;Ken K. Ong;Susan Ewart;Hortensia Moreno-Macías;Isabelle Romieu;Nona Sotoodehnia;Myriam Fornage;Alison A. Motsinger‐Reif;Gerard H. Koppelman;Mariona Bustamante;Daniel Levy;Stephanie J. London"
"https://doi.org/10.3389/fcvm.2022.1003246",2022,"Anurag Sethi;D. Leland Taylor;J. Graham Ruby;Jagadish Venkataraman;Elena P. Sorokin;Madeleine Cule;Eugene Melamud"
"https://doi.org/10.3389/fendo.2022.863893",2022,"Zhe Wang;Shing Wan Choi;Nathalie Chami;Eric Boerwinkle;Myriam Fornage;Susan Redline;Joshua C. Bis;Jennifer A. Brody;Bruce M. Psaty;Wonji Kim;Merry‐Lynn McDonald;Elizabeth A. Regan;Edwin K. Silverman;Yongmei Liu;Ramachandran S. Vasan;Rita R. Kalyani;Rasika A. Mathias;Lisa R. Yanek;Donna K. Arnett;Anne E. Justice;Kari E. North;Robert C. Kaplan;Susan R. Heckbert;Mariza de Andrade;Xiuqing Guo;Leslie A. Lange;Stephen S. Rich;Jerome I. Rotter;Patrick T. Ellinor;Steven A. Lubitz;John Blangero;M. Benjamin Shoemaker;Dawood Darbar;Mark T. Gladwin;Christine M. Albert;Daniel I. Chasman;Rebecca D. Jackson;Charles Kooperberg;Alexander P. Reiner;Paul F. O’Reilly;Ruth J. F. Loos"
"https://doi.org/10.3389/fgene.2021.740134",2021,"Xi Su;Wenqiang Li;Luxian Lv;Xiaoyan Li;Jinfeng Yang;Xiong‐Jian Luo;Jiewei Liu"
"https://doi.org/10.3389/fgene.2021.777076",2022,"Gina M. Peloso;Catherine Tcheandjieu;John E. McGeary;Daniel Posner;Yuk‐Lam Ho;Jin Zhou;Austin T. Hilliard;Jacob Joseph;Christopher J. O’Donnell;Jimmy T. Efird;Dana C. Crawford;Wen‐Chih Wu;Mehrdad Arjomandi;Yan V. Sun;Themistocles L. Assimes;Jennifer E. Huffman"
"https://doi.org/10.3389/fgene.2021.787545",2022,"Tiffany R. Bellomo;William P. Bone;Brian Y. Chen;Katerina A.B. Gawronski;David Zhang;Joseph Park;Michael G. Levin;Noah L. Tsao;Derek Klarin;Julie A. Lynch;Themistocles L. Assimes;J. Michael Gaziano;Peter W.F. Wilson;Kelly Cho;Marijana Vujković;Christopher J. O’Donnell;Kyong‐Mi Chang;Philip S. Tsao;Daniel J. Rader;Marylyn D. Ritchie;Scott M. Damrauer;Benjamin F. Voight"
"https://doi.org/10.3389/fgene.2022.954713",2022,"Timothy D. Majarian;Amy R. Bentley;Vincent Laville;Michael R. Brown;Daniel I. Chasman;Paul S. de Vries;Mary F. Feitosa;Nora Franceschini;W. James Gauderman;Casey Marchek;Daniel Levy;Alanna C. Morrison;Michael A. Province;D. C. Rao;Karen Schwander;Yan V. Sun;Charles N. Rotimi;Hugues Aschard;C. Charles Gu;Alisa K. Manning"
"https://doi.org/10.3389/fimmu.2021.739048",2021,"Robert C. Sharp;Matthew E. Brown;Melanie R. Shapiro;Amanda L. Posgai;Todd M. Brusko"
"https://doi.org/10.3389/fimmu.2022.997851",2022,"Kang Tang;Jing Tang;Jinfeng Zeng;Wei Shen;Min Zou;Chi Zhang;Qianru Sun;Xiaoyan Ye;Chunwei Li;Caijun Sun;Siyang Liu;Guozhi Jiang;Xiangjun Du"
"https://doi.org/10.3389/fmolb.2018.00055",2018,"Silvia Sacchi;Pamela Cappelletti;Giulia Murtas"
"https://doi.org/10.3389/fphar.2021.679857",2022,"Stella Trompet;Iris Postmus;Helen R. Warren;Raymond Noordam;Roelof A.J. Smit;Elizabeth Theusch;Xiaohui Li;Benoît J. Arsenault;Daniel I. Chasman;G. A. Hitman;Patricia B. Munroe;Jerome I. Rotter;Bruce M. Psaty;Mark J. Caulfield;Ron M. Krauss;L. Adrienne Cupples;J. Wouter Jukema"
"https://doi.org/10.3390/biom11121799",2021,"Antonela Blažeković;Kristina Gotovac;Fran Borovečki"
"https://doi.org/10.3390/biom12060745",2022,"Marharyta Semenikhina;Mariia Stefanenko;Denisha Spires;Daria V. Ilatovskaya;Oleg Palygin"
"https://doi.org/10.3390/cancers12051122",2020,"Maik Friedrich;Karolin Wiedemann;Kristin Reiche;Sven-Holger Puppel;Gabriele Pfeifer;Ivonne Zipfel;Stefanie Binder;Ulrike Köhl;Gerd A. Müller;Kurt Engeland;Achim Aigner;S. Füssel;M. Fröhner;Claudia Peitzsch;Anna Dubrovska;Michael Rade;Sabina Christ;S Schreiber;Jörg Hackermüller;Jörg Lehmann;Marieta Toma;Michael H. Muders;Ulrich Sommer;Gustavo Baretton;Manfred P. Wirth;Friedemann Horn"
"https://doi.org/10.3390/genes12020216",2021,"Emma B. Johannsen;Linda B. Baughn;Neeraj Sharma;Nicolina Zjacic;Mehdi Pirooznia;Eran Elhaik"
"https://doi.org/10.3390/genes13010111",2022,"Andreas Kühnapfel;Katrin Horn;Ulrike Klotz;Michael Kiehntopf;Maciej Rosołowski;Markus Loeffler;Peter Ahnert;Norbert Suttorp;Martin Witzenrath;Markus Scholz"
"https://doi.org/10.3390/genes14010147",2023,"In‐Hee Lee;Sek Won Kong"
"https://doi.org/10.3390/ijms22042065",2021,"André Fischer;Manuel Sellner;Karolina Mitusińska;Maria Bzówka;Markus A. Lill;Artur Góra;Martin Smieško"
"https://doi.org/10.3390/ijms23020992",2022,"Laura Crisponi;Insa Buers;Frank Rutsch"
"https://doi.org/10.7554/elife.68048",2022,"Hamit İzgi;Dingding Han;Ulaş Işıldak;Shuyun Huang;Ece Kocabiyik;Philipp Khaitovich;Mehmet Somel;Handan Melike Dönertaş"
"https://doi.org/10.7554/elife.80980",2022,"Johannes Elferich;Giulia Schiroli;David T. Scadden;Nikolaus Grigorieff"
"https://doi.org/10.1002/elps.202000121",2020,"Christin Scheller;Finja Krebs;Robert Minkner;Isabel Astner;María Gil‐Moles;Hermann Wätzig"
"https://doi.org/10.1002/jmv.26299",2020,"Dennis C. Copertino;Rodrigo R. R. Duarte;Timothy R. Powell;Miguel de Mulder Rougvie;Douglas F. Nixon"
"https://doi.org/10.1002/prot.26341",2022,"Shasank S. Swain;Satya Ranjan Singh;Alaka Sahoo;Pritam Kumar Panda;Tahziba Hussain;Sanghamitra Pati"
"https://doi.org/10.1002/ptr.7442",2022,"Bárbara Longhini Gonzalez;Natalia Castelhano de Oliveira;Mariane Roberta Ritter;Fernanda S. Tonin;Eduardo Borges de Melo;Andréia Cristina Conegero Sanches;Fernando Fernandez‐Llimós;Marcus Vinícius Petruco;João Carlos Palazzo de Mello;Danielly Chierrito;Daniela Cristina de Medeiros Araújo"
"https://doi.org/10.1002/slct.202100854",2021,"Pradip Debnath;Samhita Bhaumik;Debanjan Sen;Ravi Kumar Muttineni;Sudhan Debnath"
"https://doi.org/10.1007/s10930-020-09933-w",2020,"Mihaela Ionescu"
"https://doi.org/10.1007/s10930-021-09967-8",2021,"Francis K. Yoshimoto"
"https://doi.org/10.1007/s11030-020-10134-x",2020,"Probir Kumar Ojha;Supratik Kar;Jillella Gopala Krishna;Kunal Roy;Jerzy Leszczyński"
"https://doi.org/10.1007/s11030-022-10383-y",2022,"Sathaiah Gunaseelan;Arunkumar Malaisamy;Manikka Kubendran Aravind;Santhalingam Gayathri;Senthil Rajkeerthana;Verma Mohankumar;Balasubramaniem Ashokkumar;Perumal Varalakshmi"
"https://doi.org/10.1007/s12010-021-03790-8",2022,"Asma Baig;S. Hemalatha"
"https://doi.org/10.1007/s12559-021-09840-x",2021,"Shatadru Majumdar;Soumik Kumar Nandi;Shuvam Ghosal;Bavrabi Ghosh;Writam Mallik;Nilanjana Dutta Roy;Arindam Biswas;Subhankar Mukherjee;Souvik Pal;Nabarun Bhattacharyya"
"https://doi.org/10.1007/s41061-021-00335-9",2021,"Linsheng Zhuo;Mingshu Wang;Jing‐Fang Yang;Hong-Chuang Xu;Wei Huang;Luqing Shang;Guang‐Fu Yang"
"https://doi.org/10.1016/b978-0-12-821618-7.00111-5",2022,"Rukmini Mukherjee;Ivan Ðikić"
"https://doi.org/10.1016/j.antiviral.2022.105458",2022,"Montserrat Fàbrega-Ferrer;A. Herrera-Morandé;Sara Muriel-Goñi;Julia Pérez-Saavedra;Paula Alexandra Reis Bueno;Victoria Castro;Urtzi Garaigorta;Pablo Gastaminza;Miquel Coll"
"https://doi.org/10.1016/j.apsb.2021.06.016",2021,"Rong Xiang;Zhengsen Yu;Yang Wang;Lili Wang;Shanshan Huo;Yanbai Li;Ruiying Liang;Qing-Hong Hao;Tianlei Ying;Yaning Gao;Fei Yu;Shibo Jiang"
"https://doi.org/10.1016/j.biochi.2021.01.010",2021,"Mira A. M. Behnam"
"https://doi.org/10.1016/j.biopha.2021.111742",2021,"Mahmudul Hasan;Md. Sorwer Alam Parvez;Kazi Faizul Azim;Md. Abdus Shukur Imran;Topu Raihan;Airin Gulshan;Samuel Muhit;Mst Rubaiat Nazneen Akhand;Syed Sayeem Uddin Ahmed;Md Bashir Uddin"
"https://doi.org/10.1016/j.bmc.2021.116366",2021,"Jacqueline A. Takahashi;Bianca Vianna Rodrigues Barbosa;Matheus Thomaz Nogueira Silva Lima;Patrícia Gomes Cardoso;Christiane Contigli;Lúcia Pinheiro Santos Pimenta"
"https://doi.org/10.1016/j.bmcl.2022.128732",2022,"Emily G. Hicks;Sylvie E. Kandel;Jed N. Lampe"
"https://doi.org/10.1016/j.bpc.2020.106510",2020,"Snehasis Banerjee"
"https://doi.org/10.1016/j.bpj.2020.11.2277",2020,"Vishram L. Terse;Shachi Gosavi"
"https://doi.org/10.1016/j.compbiomed.2020.104054",2020,"Sinosh Skariyachan;Dharshini Gopal;Shweta Chakrabarti;Priya Kempanna;Akshay Uttarkar;Aditi G. Muddebihalkar;Vidya Niranjan"
"https://doi.org/10.1016/j.csbj.2021.04.003",2021,"Chung‐ke Chang;Shanmeng Lin;Roshan Satange;Shih‐Chao Lin;Sin-Cih Sun;Hung‐Yi Wu;Kylene Kehn‐Hall;Ming‐Hon Hou"
"https://doi.org/10.1016/j.ejmech.2021.113530",2021,"Adam G. Kreutzer;Maj Krumberger;Elizabeth M. Diessner;Chelsea Marie T. Parrocha;Michael A. Morris;Gretchen Guaglianone;Carter T. Butts;James S. Nowick"
"https://doi.org/10.1016/j.ejphar.2020.173705",2020,"Claudio N. Cavasotto;Maximiliano Sánchez‐Lamas;Julián Maggini"
"https://doi.org/10.1016/j.freeradbiomed.2020.06.032",2020,"Helmut Sies;Michael J. Parnham"
"https://doi.org/10.1016/j.ijantimicag.2020.106119",2020,"Helyson Lucas Bezerra Braz;João Alison de Moraes Silveira;Aline Diogo Marinho;Maria Elisabete Amaral de Moraes;Manoel Odorico de Moraes;Helena Serra Azul Monteiro;Roberta Jeane Bezerra Jorge"
"https://doi.org/10.1016/j.ijbiomac.2020.07.235",2020,"Olga Abián;David Ortega-Alarcón;Ana Jiménez-Alesanco;Laura Ceballos-Laita;Sonia Vega;Hugh T. Reyburn;Bruno Rizzuti;Adrián Velazquez‐Campoy"
"https://doi.org/10.1016/j.ijbiomac.2022.04.077",2022,"Ghada Obeid Almutairi;Ajamaluddin Malik;Mona Alonazi;Javed Masood Khan;Abdullah S. Alhomida;Mohd Shahnawaz Khan;Amal Alenad;Nojood Altwaijry;Nouf Omar Alafaleq"
"https://doi.org/10.1016/j.immuni.2023.02.005",2023,"Pan-Pan Zhou;Ge Song;Hejun Liu;Meng Yuan;Wanting He;Nathan Beutler;Xueyong Zhu;Longping V. Tse;David R. Martinez;Alexandra Schäfer;Fabio Anzanello;Peter Yong;Linghang Peng;Katharina Dueker;Rami Musharrafieh;Sean Callaghan;Tazio Capozzola;Oliver Limbo;Mara Parren;Elijah Garcia;Stephen A. Rawlings;Davey M. Smith;David Nemazee;Joseph G. Jardine;Yana Safonova;Bryan Briney;Thomas F. Rogers;Ian A. Wilson;Ralph S. Baric;Lisa E. Gralinski;Dennis R. Burton;Raiees Andrabi"
"https://doi.org/10.1016/j.isci.2023.106323",2023,"Jakob Kreye;S. Momsen Reincke;Stefan Edelburg;Lara M. Jeworowski;Hans‐Christian Kornau;Jakob Trimpert;Peter Hombach;Sophia Halbe;Volker Nölle;Martin Meyer;Stefanie Kattenbach;Elisa Sánchez-Sendín;Marie Luisa Schmidt;Tatjana Schwarz;Ruben Rose;Andi Krumbholz;Sophie Merz;Julia M. Adler;Kathrin Eschke;Azza Abdelgawad;Dietmar Schmitz;Leif Erik Sander;Uwe Janßen;Victor M. Corman;Harald Prüß"
"https://doi.org/10.1016/j.jbc.2022.101739",2022,"Scott Legare;Fabian Heide;Ben A. Bailey-Elkin;Jörg Stetefeld"
"https://doi.org/10.1016/j.jics.2022.100417",2022,"Maheswata Moharana;Anuradha Das;Satya Narayan Sahu;Subrat Kumar Pattanayak;Fahmida Khan"
"https://doi.org/10.1016/j.jinorgbio.2020.111179",2020,"John J. Kozak;Harry B. Gray;Roberto A. Garza-López"
"https://doi.org/10.1016/j.jiph.2022.10.013",2022,"Madhur Babu Singh;Ritika Sharma;Durgesh Kumar;Pankaj Khanna;Mansi;Leena Khanna;Vinod Kumar;Kamlesh Kumari;Akanksha Gupta;Preeti Chaudhary;Neha Kaushik;Eun Ha Choi;Nagendra Kumar Kaushik;Prashant Singh"
"https://doi.org/10.1016/j.jmb.2022.167748",2022,"Léonie Strömich;Nan Wu;Mauricio Barahona;Sophia N. Yaliraki"
"https://doi.org/10.1016/j.jmgm.2021.108023",2021,"Rodrigo Ochoa;Karen Palacio‐Rodríguez;Camila M. Clemente;Natalia S. Adler"
"https://doi.org/10.1016/j.jviromet.2021.114070",2021,"Riya Bhattacharya;Kamal Dev;Anuradha Sourirajan"
"https://doi.org/10.1016/j.matpr.2020.10.055",2020,"Vivek Srivastava;Ankush Yadav;Paratpar Sarkar"
"https://doi.org/10.1016/j.molliq.2022.119867",2022,"Pushyaraga P. Venugopal;Omkar Singh;Debashree Chakraborty"
"https://doi.org/10.1016/j.molstruc.2020.128878",2020,"Amin O. Elzupir"
"https://doi.org/10.1016/j.molstruc.2020.129454",2020,"Ahmed S. Al‐Janabi;Amin O. Elzupir;Tarek A. Yousef"
"https://doi.org/10.1016/j.molstruc.2021.130094",2021,"Deep Bhowmik;Ravi Datta Sharma;Amresh Prakash;Diwakar Kumar"
"https://doi.org/10.1016/j.molstruc.2021.130488",2021,"Normi D. Gajjar;Tejas M. Dhameliya;Gaurang Shah"
"https://doi.org/10.1016/j.molstruc.2022.134642",2022,"Suvankar Banerjee;Sandip Kumar Baidya;Nilanjan Adhikari;Balaram Ghosh;Tarun Jha"
"https://doi.org/10.1016/j.physrep.2020.07.005",2020,"Ernesto Estrada"
"https://doi.org/10.1016/j.sjbs.2021.09.072",2021,"Mandeep Kumar Arora;Parul Grover;Syed Mohammed Basheeruddin Asdaq;Lovekesh Mehta;Ritu Tomar;Mohd Imran;Anuj Pathak;Ashok Jangra;Jagannath Sahoo;Abdulhakeem S. Alamri;Walaa F. Alsanie;Majid Alhomrani"
"https://doi.org/10.1016/j.sjbs.2021.10.023",2021,"Estari Mamidala;Rakesh Davella;Munipally Praveen Kumar;Satyanarayana Swamy;Mruthinti Abhiav;Zahid Ali Kaimkhani;Khalid A. Al‐Ghanim;Shahid Mahboob"
"https://doi.org/10.1016/j.str.2021.06.002",2021,"M.G. Deshmukh;Joseph A. Ippolito;Chunhui Zhang;Elizabeth A. Stone;R. Reilly;Scott J. Miller;William L. Jorgensen;Karen S. Anderson"
"https://doi.org/10.1021/acs.biochem.0c00462",2020,"Thomas J. Cross;Gemma R. Takahashi;Elizabeth M. Diessner;Marquise G. Crosby;Vesta Farahmand;Shannon Zhuang;Carter T. Butts;Rachel W. Martin"
"https://doi.org/10.1021/acs.biochem.2c00479",2023,"Elizabeth M. Diessner;Gemma R. Takahashi;Thomas J. Cross;Rachel W. Martin;Carter T. Butts"
"https://doi.org/10.1021/acs.jcim.0c00634",2020,"Olivier Sheik Amamuddy;Gennady M. Verkhivker;Özlem Taştan Bishop"
"https://doi.org/10.1021/acs.jcim.0c01457",2021,"Anjela Manandhar;Benjamin E. Blass;Dennis Colussi;Imane Almi;Magid Abou‐Gharbia;Michael L. Klein;Khaled M. Elokely"
"https://doi.org/10.1021/acs.jmedchem.0c01140",2020,"Rolando Cannalire;Carmen Cerchia;Andrea R. Beccari;Francesco Saverio Di Leva;Vincenzo Summa"
"https://doi.org/10.1021/acs.jmedchem.2c01131",2022,"Mark S. Cooper;Linlin Zhang;Mohamed Ibrahim;Kaixuan Zhang;Xinyuanyuan Sun;Judith Röske;Matthias Göhl;Mark Brönstrup;Justin K. Cowell;Lucie Sauerhering;Stephan Becker;Laura Vangeel;Dirk Jochmans;Johan Neyts;Katharina Rox;Graham P. Marsh;Hannah J. Maple;Rolf Hilgenfeld"
"https://doi.org/10.1021/acs.jpcb.2c05917",2023,"Arkadeep Banerjee;Shachi Gosavi"
"https://doi.org/10.1021/acs.jpclett.0c00994",2020,"Tien Huynh;Haoran Wang;Binquan Luan"
"https://doi.org/10.1021/acscatal.0c03420",2020,"Carlos A. Ramos‐Guzmán;J. Javier Ruiz‐Pernía;Iñaki Tuñón"
"https://doi.org/10.1021/acscombsci.0c00058",2020,"Bhupesh Goyal;Deepti Goyal"
"https://doi.org/10.1021/acsptsci.0c00215",2021,"Jonas Goßen;Simone Albani;Anton Hanke;Benjamin P. Joseph;Cathrine Bergh;Maria Kuzikov;Elisa Costanzi;Candida Manelfi;Paola Storici;Philip Gribbon;Andrea R. Beccari;Carmine Talarico;Francesca Spyrakis;Erik Lindahl;Andrea Zaliani;Paolo Carloni;Rebecca C. Wade;Francesco Musiani;Daria B. Kokh;Giulia Rossetti"
"https://doi.org/10.1021/jacs.1c03945",2021,"Marta V. Schoenle;Yang Li;Meng Yuan;Michael W. Clarkson;Ian A. Wilson;Wolfgang Peti;Rebecca Page"
"https://doi.org/10.1038/s41467-020-16954-7",2020,"Daniel W. Kneller;G.N. Phillips;Hugh O’Neill;R. Jedrzejczak;Lucy Stols;Paul Langan;A. Joachimiak;Leighton Coates;Andrey Kovalevsky"
"https://doi.org/10.1038/s41467-020-18096-2",2020,"Wayne Vuong;Muhammad Bashir Khan;Conrad Fischer;Elena Arutyunova;Tess Lamer;Justin Shields;Holly A. Saffran;Ryan T. McKay;Marco J. van Belkum;Michael Joyce;Howard S. Young;D. Lorne Tyrrell;John C. Vederas;M. Joanne Lemieux"
"https://doi.org/10.1038/s41467-021-23313-7",2021,"Kangsa Amporndanai;Xiaoli Meng;Weijuan Shang;Zhenming Jin;Michael S. Rogers;Yao Zhao;Zihe Rao;Zhi‐Jie Liu;Haitao Yang;Leike Zhang;Paul M. O’Neill;S.S. Hasnain"
"https://doi.org/10.1038/s41557-021-00707-0",2021,"Maxwell I. Zimmerman;Justin R. Porter;Michael D. Ward;Sukrit Singh;Neha Vithani;Artur Meller;Upasana L. Mallimadugula;Catherine E. Kuhn;Jonathan Borowsky;Rafal Wiewiora;Matthew F. D. Hurley;Aoife M. Harbison;Carl A. Fogarty;Joseph E. Coffland;Elisa Fadda;Vincent A. Voelz;John D. Chodera;Gregory R. Bowman"
"https://doi.org/10.1038/s41598-020-79357-0",2020,"Juliana C. Ferreira;Wael M. Rabeh"
"https://doi.org/10.1038/s41598-022-17204-0",2022,"Yasser Hayek-Orduz;Andrés Felipe Vásquez;Maria F. Villegas-Torres;Paola A. Caicedo;Luke E. K. Achenie;Andrés Fernando González Barrios"
"https://doi.org/10.1038/s41598-023-29119-5",2023,"Baikuntha Aryal;Joseph Tillotson;Kiwon Ok;Andrew T. Stoltzfus;Sarah L. J. Michel;V. Ashutosh Rao"
"https://doi.org/10.1039/d0ra10141a",2021,"Nada M. Mohamed;Eslam M.H. Ali;Asmaa M. AboulMagd"
"https://doi.org/10.1039/d1ra05976a",2021,"Oludare M. Ogunyemi;Gideon Ampoma Gyebi;Ibrahim M. Ibrahim;Charles O. Olaiya;Joshua Ocheje;Modupe M. Fabusiwa;Joseph O. Adebayo"
"https://doi.org/10.1039/d1sc06750h",2022,"Jason Johansen‐Leete;Sven Ullrich;Sarah E. Fry;Rebecca L. Frkic;Max J. Bedding;Anupriya Aggarwal;Anneliese S. Ashhurst;Kasuni B. Ekanayake;Mithun C. Mahawaththa;Vishnu Mini Sasi;Stephanie Luedtke;Daniel Ford;Anthony J. O’Donoghue;Toby Passioura;Mark Larance;Gottfried Otting;Stuart Turville;Colin J. Jackson;Christoph Nitsche;Richard J. Payne"
"https://doi.org/10.1063/5.0013029",2020,"Ernesto Estrada"
"https://doi.org/10.1080/07391102.2020.1760137",2020,"Rakesh S. Joshi;Shounak Jagdale;Sneha B. Bansode;S. Shiva Shankar;Meenakshi B. Tellis;Vaibhav Kumar Pandya;Anita Chugh;Ashok P. Giri;Mahesh J. Kulkarni"
"https://doi.org/10.1080/07391102.2020.1802347",2020,"Rajesh Ghosh;Ayon Chakraborty;Ashis Biswas;Snehasis Chowdhuri"
"https://doi.org/10.1080/07391102.2020.1806930",2020,"Каріна Капуста;Supratik Kar;Jasmine T. Collins;Latasha M. Franklin;Wojciech Kołodziejczyk;Jerzy Leszczyński;Glake Hill"
"https://doi.org/10.1080/07391102.2020.1835728",2020,"Rajesh Ghosh;Ayon Chakraborty;Ashis Biswas;Snehasis Chowdhuri"
"https://doi.org/10.1080/07391102.2020.1835732",2020,"Amin O. Elzupir"
"https://doi.org/10.1080/07391102.2020.1850362",2020,"Satya Narayan Sahu;Biswajit Mishra;Rojalin Sahu;Subrat Kumar Pattanayak"
"https://doi.org/10.1080/07391102.2021.1871863",2021,"Anamika Gupta;Rumana Ahmad;Sahabjada Siddiqui;Kusum Yadav;Aditi Srivastava;Anchal Trivedi;Bilal Ahmad;Mohsin Ali Khan;Amit Kumar Shrivastava;Girish Kumar Singh"
"https://doi.org/10.1080/07391102.2021.1885495",2021,"Shasank S. Swain;Satya Ranjan Singh;Alaka Sahoo;Tahziba Hussain;Sanghamitra Pati"
"https://doi.org/10.1080/07391102.2021.1910571",2021,"Hanife Pekel;Metehan Ilter;Özge Şensoy"
"https://doi.org/10.1080/07391102.2021.1921032",2021,"Arunkumar Malaisamy;Sathaiah Gunaseelan;Manikka Kubendran Aravind;Verma Mohankumar;Anupam Patra;Muniyasamy Harikrishnan;Ayyanar Siva;Balasubramaniem Ashokkumar;Perumal Varalakshmi"
"https://doi.org/10.1080/14756366.2022.2062336",2022,"Matteo Pavan;Davide Bassani;Mattia Sturlese;Stefano Moro"
"https://doi.org/10.1080/14756366.2022.2081847",2022,"Matteo Pavan;Davide Bassani;Mattia Sturlese;Stefano Moro"
"https://doi.org/10.1080/17415993.2020.1817457",2020,"Shamasoddin Shekh;K. Kasi Amarnath Reddy;Konkallu Hanumae Gowd"
"https://doi.org/10.1096/fj.202100994",2021,"Juliana C. Ferreira;Samar Fadl;Metehan Ilter;Hanife Pekel;Rachid Rezgui;Özge Şensoy;Wael M. Rabeh"
"https://doi.org/10.1101/2020.06.27.175430",2020,"Maxwell I. Zimmerman;Justin R. Porter;Michael D. Ward;Sukrit Singh;Neha Vithani;Artur Meller;Upasana L. Mallimadugula;Catherine E. Kuhn;Jonathan Borowsky;Rafal Wiewiora;Matthew F. D. Hurley;Aoife M. Harbison;Carl A. Fogarty;Joseph E. Coffland;Elisa Fadda;Vincent A. Voelz;John D. Chodera;Gregory R. Bowman"
"https://doi.org/10.1101/2021.05.03.437411",2021,"Ali Ebrahim;Blake T. Riley;D. Kumaran;Babak Andi;Martin R. Fuchs;Seán McSweeney;D.A. Keedy"
"https://doi.org/10.1111/febs.15366",2020,"Alexander Wlodawer;Zbigniew Dauter;I.G. Shabalin;Mirosław Gilski;Dariusz Brzeziński;Marcin Kowiel;W. Minor;Bernhard Rupp;Mariusz Jaskólski"
"https://doi.org/10.1128/spectrum.02559-21",2022,"Ningke Hou;Chen Peng;Lijing Zhang;Yuyao Zhu;Qi Hu"
"https://doi.org/10.1155/2022/3697498",2022,"Harrison Onyango;Patrick Odhiambo;David Angwenyi;Patrick Okoth"
"https://doi.org/10.1177/1535370220920540",2020,"Manasi P. Jogalekar;Anurag Veerabathini;Prakash Gangadaran"
"https://doi.org/10.1186/s10020-021-00356-6",2021,"Rodrigo R. R. Duarte;Dennis C. Copertino;L. Iñiguez;Jez L. Marston;Yaron Bram;Yuling Han;Robert E. Schwartz;Shuibing Chen;Douglas F. Nixon;Timothy R. Powell"
"https://doi.org/10.1186/s13321-020-00474-z",2020,"Alzbeta Tuerkova;Barbara Zdrazil"
"https://doi.org/10.1186/s40816-022-00347-y",2022,"Habibu Tijjani;Adegbenro P. Adegunloye;Auwalu Uba;Joseph O. Adebayo;Gideon Ampoma Gyebi;Ibrahim M. Ibrahim"
"https://doi.org/10.1186/s43088-022-00277-1",2022,"Md. Nasir Ahmed;Kerry Hughes"
"https://doi.org/10.1186/s43094-022-00423-7",2022,"Soumya G Katre;Alpana Jagdish Asnani;Pratyush Kumar;Nilima Gangadhar Sakharkar;Ashwini Gajanan Bhope;Kanchan Tekram Sawarkar;Vaibhav Santosh Nimbekar"
"https://doi.org/10.1590/1678-7757-2020-0678",2021,"Pedro Henrique Sette‐de‐Souza;Moan Jéfter Fernandes Costa;Lucas Amaral-Machado;Fábio Andrey da Costa Araújo;Adauto Trigueiro ALMEIDA FILHO;Luiza Rayanna Amorim de Lima"
"https://doi.org/10.2217/fvl-2020-0342",2021,"Abhigyan Choudhury;Nabarun Chandra Das;Ritwik Patra;Manojit Bhattacharya;Pratik Ghosh;Bidhan Chandra Patra;Suprabhat Mukherjee"
"https://doi.org/10.3389/fchem.2021.622898",2021,"Hylemariam Mihiretie Mengist;Tebelay Dilnessa;Tengchuan Jin"
"https://doi.org/10.3389/fchem.2021.692168",2021,"Juliana C. Ferreira;Samar Fadl;Adrian J. Villanueva;Wael M. Rabeh"
"https://doi.org/10.3389/fphar.2021.624006",2021,"Ghazaleh Mosleh;Parmis Badr;Meysam Zaeri;Abdolali Mohagheghzadeh"
"https://doi.org/10.3390/biom12121754",2022,"M. Balasubramanian;Anupriya M. Geethakumari;Ramya Ramadoss;Kabir H. Biswas;Borbála Mifsud"
"https://doi.org/10.3390/cryst12111671",2022,"Bradley Smith;Mark A. Wilson"
"https://doi.org/10.3390/ijms21145152",2020,"Silvia Gervasoni;Giulio Vistoli;Carmine Talarico;Candida Manelfi;Andrea R. Beccari;Gabriel Studer;Gerardo Tauriello;Andrew Waterhouse;Torsten Schwede;Alessandro Pedretti"
"https://doi.org/10.3390/ijms22062977",2021,"Ahmed Abdelaal Ahmed Mahmoud;Michail Georgakis;Lucio R. Montero Valenzuela;M Hamza;Ehab Farag;Jaqui Hodgkinson;Hisham Hosny;Ahmed Mostafa Kamal;Mohamed Wagih;Amr Ahmed Naguib;Hany Mahmoud Yassin;Haytham Zien Algameel;Mohamed Elayashy;Mohamed Abdelhaq;Mohamed Younis;Hassan Mohamed;Mohammed Abdulshafi;Mohamed Adly Elramely"
"https://doi.org/10.3390/ijms22063232",2021,"Brigitta Elsässer;Peter Goettig"
"https://doi.org/10.3390/ijms22137071",2021,"Satyavani Kaliamurthi;Gurudeeban Selvaraj;Chandrabose Selvaraj;Sanjeev Kumar Singh;Dong‐Qing Wei;Gilles H. Peslherbe"
"https://doi.org/10.3390/ijms23063261",2022,"Giuseppe Floresta;Chiara Zagni;Davide Gentile;Vincenzo Patamia;Antonio Rescifina"
"https://doi.org/10.3390/ijms232315264",2022,"Fabio Scarpa;Daria Sanna;Domenico Benvenuto;Alessândra Borsetti;Ilenia Azzena;Marco Casu;Pier Luigi Fiori;Marta Giovanetti;Antonello Maruotti;Giancarlo Ceccarelli;Arnaldo Caruso;Francesca Caccuri;Roberto Cauda;Antonio Cassone;Stefano Pascarella;Massimo Ciccozzi"
"https://doi.org/10.3390/ijms24054401",2023,"Matteo Pavan;Stefano Moro"
"https://doi.org/10.3390/jcm10112306",2021,"Giuseppe Carota;Simone Ronsisvalle;Federica Panarello;Daniele Tibullo;Anna Nicolosi;Giovanni Li Volti"
"https://doi.org/10.3390/microorganisms8081250",2020,"Qingxin Li;CongBao Kang"
"https://doi.org/10.3390/molecules26247458",2021,"Amin O. Elzupir"
"https://doi.org/10.3390/molecules27134292",2022,"Matthias Göhl;Linlin Zhang;Haifa El Kilani;Xinyuanyuan Sun;Kaixuan Zhang;Mark Brönstrup;Rolf Hilgenfeld"
"https://doi.org/10.3390/molecules27154908",2022,"Hajo Idriss;Babeker Siddig;Pamela González-Maldonado;Hatim Mohamed El-Khair;Abbas I. Alakhras;Emad M. Abdallah;Pablo H. Sotelo;Amin O. Elzupir"
"https://doi.org/10.3390/ph14090892",2021,"Bruno Rizzuti;Laura Ceballos-Laita;David Ortega-Alarcón;Ana Jiménez-Alesanco;Sonia Vega;Fedora Grande;Filomena Conforti;Olga Abián;Adrián Velazquez‐Campoy"
"https://doi.org/10.3390/ph14111153",2021,"Katarzyna Papaj;Patrycja Spychalska;Katarzyna Hopko;Patryk Kapica;Andre Fisher;Markus A. Lill;Weronika Bagrowska;Jakub Nowak;Katarzyna Szleper;Martin Smieško;Anna Kasprzycka;Artur Góra"
"https://doi.org/10.3390/plants12030460",2023,"Hajo Idriss;Babeker Siddig;Pamela González-Maldonado;Hatim Mohamed El-Khair;Abbas I. Alakhras;Emad M. Abdallah;Amin O. Elzupir;Pablo H. Sotelo"
"https://doi.org/10.3390/v14112436",2022,"Lamya Alomair;Sabeena Mustafa;M. Saleet Jafri;W. Alharbi;Abdulrhman Aljouie;Fahad Almsned;Mohammed Alawad;Yahya Bokhari;Mamoon Rashid"
"https://doi.org/10.3390/v14112461",2022,"Dhruv Chauhan;Nikhil Chakravarty;Arjit Vijey Jeyachandran;Akshaya Jayakarunakaran;Sanjeev Sinha;Rakesh K. Mishra;Vaithilingaraja Arumugaswami;Arunachalam Ramaiah"
"https://doi.org/10.4103/ijp.ijp_338_20",2020,"Bikash Medhi;Manisha Prajapat;Phulen Sarma;Nishant Shekhar;Ajay Prakash;Pramod Avti;Anusuya Bhattacharyya;Hardeep Kaur;Subodh Kumar;Seema Bansal;Amit Raj Sharma"
