"doi","author","position","dataset","citing_doi"
"10.1002/ajh.25753","Susanne Holzhauer","middle","nm_000298","10.1186/s13256-021-02972-6"
"10.1002/ajh.25753","Susanne Holzhauer","middle","nm_000298","10.1186/1746-6148-8-207"
"10.1002/ajh.25753","Susanne Holzhauer","middle","nm_000298","10.1002/ccr3.5315"
"10.1002/ajh.25753","Susanne Holzhauer","middle","nm_000298","10.1016/j.ebiom.2015.07.008"
"10.1002/ajh.25753","Susanne Holzhauer","middle","nm_000298","10.3390/genes12070958"
"10.1002/ajh.25753","Susanne Holzhauer","middle","nm_000298","10.1371/journal.pone.0133636"
"10.1002/ajh.25753","Susanne Holzhauer","middle","nm_000298","10.3389/fped.2022.1022980"
"10.1002/ajh.25753","Susanne Holzhauer","middle","nm_000298","10.3390/diagnostics13040770"
"10.1002/ajh.25753","Susanne Holzhauer","middle","nm_000298","10.1007/s00277-020-03986-8"
"10.1002/ajh.25753","Susanne Holzhauer","middle","nm_000298","10.1371/journal.pone.0195764"
"10.1002/ajh.25753","Susanne Holzhauer","middle","nm_000298","10.1186/s13256-022-03292-z"
"10.1002/ajh.25753","Susanne Holzhauer","middle","nm_000298","10.1093/nar/gkl639"
"10.1002/eji.202048797","Christopher Mark Skopnik","middle","gse160097","10.3389/fimmu.2022.1068399"
"10.1002/eji.202048797","Anne Sae Lim von Stuckrad","middle","gse160097","10.3389/fimmu.2022.1068399"
"10.1002/eji.202048797","Marcus Mall","middle","gse160097","10.3389/fimmu.2022.1068399"
"10.1002/eji.202048797","Philipp Enghard","middle","gse160097","10.3389/fimmu.2022.1068399"
"10.1002/eji.202048797","Tilmann Kallinich","middle","gse160097","10.3389/fimmu.2022.1068399"
"10.1002/eji.202250162","Patrick Maschmeyer","middle","gse160097","10.3389/fimmu.2022.1068399"
"10.1002/jmv.28450","Rusan Catar","middle","gse161777","10.1080/19490976.2022.2105609"
"10.1002/jmv.28450","Rusan Catar","middle","gse161777","10.1186/s12864-023-09157-z"
"10.1002/jmv.28450","Rusan Catar","middle","gse161777","10.1155/2021/9998697"
"10.1002/jmv.28450","Rusan Catar","middle","gse161777","10.1371/journal.pgen.1010137"
"10.1002/jmv.28450","Guido Moll","middle","gse161777","10.1080/19490976.2022.2105609"
"10.1002/jmv.28450","Guido Moll","middle","gse161777","10.1186/s12864-023-09157-z"
"10.1002/jmv.28450","Guido Moll","middle","gse161777","10.1155/2021/9998697"
"10.1002/jmv.28450","Guido Moll","middle","gse161777","10.1371/journal.pgen.1010137"
"10.1007/s00401-021-02377-1","Simone Schmid","first","gse185041","10.1007/s12022-022-09727-z"
"10.1007/s00401-021-02377-1","Eilís Pérez","middle","gse185041","10.1007/s12022-022-09727-z"
"10.1007/s00401-021-02377-1","Anne Thieme","middle","gse185041","10.1007/s12022-022-09727-z"
"10.1007/s00401-021-02377-1","Carsten Dittmayer","middle","gse185041","10.1007/s12022-022-09727-z"
"10.1007/s00401-021-02377-1","Arend Koch","middle","gse185041","10.1007/s12022-022-09727-z"
"10.1016/j.biopsych.2021.04.006","Ningfei Li","first","10.7910/dvn/25833","10.1101/2022.05.13.491903"
"10.1016/j.biopsych.2021.04.006","Barbara Hollunder","middle","10.7910/dvn/25833","10.1101/2022.05.13.491903"
"10.1016/j.biopsych.2021.04.006","Bassam Al‐Fatly","middle","10.7910/dvn/25833","10.1101/2022.05.13.491903"
"10.1016/j.biopsych.2021.04.006","Andrea A. Kühn","middle","10.7910/dvn/25833","10.1101/2022.05.13.491903"
"10.1016/j.biopsych.2021.04.006","Andreas Horn","last","10.7910/dvn/25833","10.1101/2022.05.13.491903"
"10.1016/j.cell.2020.04.018","Salaheddine Ali","middle","gse84795","10.7554/elife.38555"
"10.1016/j.cell.2020.04.018","Salaheddine Ali","middle","gse84795","10.1101/gr.276196.121"
"10.1016/j.cell.2020.04.018","Stefan Mundlos","middle","gse84795","10.7554/elife.38555"
"10.1016/j.cell.2020.04.018","Stefan Mundlos","middle","gse84795","10.1101/gr.276196.121"
"10.1016/j.cell.2020.04.018","Daniel M. Ibrahim","middle","gse84795","10.7554/elife.38555"
"10.1016/j.cell.2020.04.018","Daniel M. Ibrahim","middle","gse84795","10.1101/gr.276196.121"
"10.1016/j.celrep.2020.108117","Michael Gotthardt","middle","prjna579336","10.1038/s41467-021-26623-y"
"10.1016/j.chom.2021.04.005","Hans‐Christian Kornau","middle","7lm8","10.3390/ijms232315264"
"10.1016/j.chom.2021.04.005","Hans‐Christian Kornau","middle","7lm9","10.1038/s41421-022-00497-w"
"10.1016/j.chom.2021.04.005","S. Momsen Reincke","middle","7lm8","10.3390/ijms232315264"
"10.1016/j.chom.2021.04.005","S. Momsen Reincke","middle","7lm9","10.1038/s41421-022-00497-w"
"10.1016/j.chom.2021.04.005","Harald Prüß","middle","7lm8","10.3390/ijms232315264"
"10.1016/j.chom.2021.04.005","Harald Prüß","middle","7lm9","10.1038/s41421-022-00497-w"
"10.1016/j.chom.2021.04.005","Jakob Kreye","middle","7lm8","10.3390/ijms232315264"
"10.1016/j.chom.2021.04.005","Jakob Kreye","middle","7lm9","10.1038/s41421-022-00497-w"
"10.1016/j.immuni.2023.01.029","Tobias M. Brunner","middle","gse83978","10.1084/jem.20192362"
"10.1016/j.immuni.2023.01.029","Tobias M. Brunner","middle","gse83978","10.1038/s41590-020-0733-2"
"10.1016/j.immuni.2023.01.029","Tobias M. Brunner","middle","gse83978","10.1038/s42003-023-04631-6"
"10.1016/j.immuni.2023.01.029","Tobias M. Brunner","middle","gse83978","10.1371/journal.pone.0274494"
"10.1016/j.immuni.2023.01.029","Jelizaveta Fadejeva","middle","gse83978","10.1084/jem.20192362"
"10.1016/j.immuni.2023.01.029","Jelizaveta Fadejeva","middle","gse83978","10.1038/s41590-020-0733-2"
"10.1016/j.immuni.2023.01.029","Jelizaveta Fadejeva","middle","gse83978","10.1038/s42003-023-04631-6"
"10.1016/j.immuni.2023.01.029","Jelizaveta Fadejeva","middle","gse83978","10.1371/journal.pone.0274494"
"10.1016/j.immuni.2023.01.029","Max Löhning","middle","gse83978","10.1084/jem.20192362"
"10.1016/j.immuni.2023.01.029","Max Löhning","middle","gse83978","10.1038/s41590-020-0733-2"
"10.1016/j.immuni.2023.01.029","Max Löhning","middle","gse83978","10.1038/s42003-023-04631-6"
"10.1016/j.immuni.2023.01.029","Max Löhning","middle","gse83978","10.1371/journal.pone.0274494"
"10.1016/j.isci.2021.102151","Kirstin Mösbauer","middle","gse148729","10.1016/j.chom.2020.12.009"
"10.1016/j.isci.2021.102151","Kirstin Mösbauer","middle","gse148729","10.1101/2021.05.14.444026"
"10.1016/j.isci.2021.102151","Kirstin Mösbauer","middle","gse148729","10.1186/s12967-020-02695-0"
"10.1016/j.isci.2021.102151","Kirstin Mösbauer","middle","gse148729","10.1016/j.isci.2021.103331"
"10.1016/j.isci.2021.102151","Kirstin Mösbauer","middle","gse148729","10.1038/s41598-022-15898-w"
"10.1016/j.isci.2021.102151","Kirstin Mösbauer","middle","gse148729","10.2147/ijgm.s335162"
"10.1016/j.isci.2021.102151","Kirstin Mösbauer","middle","gse148729","10.3390/ijms231810451"
"10.1016/j.isci.2021.102151","Kirstin Mösbauer","middle","gse148729","10.3390/ijms22168663"
"10.1016/j.isci.2021.102151","Kirstin Mösbauer","middle","gse148729","10.1016/j.gene.2020.145325"
"10.1016/j.isci.2021.102151","Kirstin Mösbauer","middle","gse148729","10.1038/s41598-022-23950-y"
"10.1016/j.isci.2021.102151","Kirstin Mösbauer","middle","gse148729","10.7717/peerj.12370"
"10.1016/j.isci.2021.102151","Kirstin Mösbauer","middle","gse148729","10.1016/j.genrep.2022.101641"
"10.1016/j.isci.2021.102151","Kirstin Mösbauer","middle","gse148729","10.3389/fimmu.2021.695242"
"10.1016/j.isci.2021.102151","Kirstin Mösbauer","middle","gse148729","10.1038/s41467-021-25412-x"
"10.1016/j.isci.2021.102151","Kirstin Mösbauer","middle","gse148729","10.1101/2020.06.01.127589"
"10.1016/j.isci.2021.102151","Kirstin Mösbauer","middle","gse148729","10.1021/acsomega.2c05245"
"10.1016/j.isci.2021.102151","Kirstin Mösbauer","middle","gse148729","10.3389/fimmu.2021.656433"
"10.1016/j.isci.2021.102151","Kirstin Mösbauer","middle","gse148729","10.1093/nar/gkac234"
"10.1016/j.isci.2021.102151","Kirstin Mösbauer","middle","gse148729","10.1016/j.mlwa.2021.100150"
"10.1016/j.isci.2021.102151","Kirstin Mösbauer","middle","gse148729","10.1186/s12864-022-08558-w"
"10.1016/j.isci.2021.102151","Kirstin Mösbauer","middle","gse148729","10.3390/v14020374"
"10.1016/j.isci.2021.102151","Kirstin Mösbauer","middle","gse148729","10.1038/s41598-021-03613-0"
"10.1016/j.isci.2021.102151","Kirstin Mösbauer","middle","gse148729","10.1038/s41598-021-82221-4"
"10.1016/j.isci.2021.102151","Kirstin Mösbauer","middle","gse148729","10.1515/jib-2020-0047"
"10.1016/j.isci.2021.102151","Kirstin Mösbauer","middle","gse148729","10.1016/j.isci.2020.101526"
"10.1016/j.isci.2021.102151","Kirstin Mösbauer","middle","gse148729","10.1016/j.stem.2020.10.004"
"10.1016/j.isci.2021.102151","Kirstin Mösbauer","middle","gse148729","10.1128/msphere.00754-20"
"10.1016/j.isci.2021.102151","Kirstin Mösbauer","middle","gse148729","10.3390/pathogens11121479"
"10.1016/j.isci.2021.102151","Kirstin Mösbauer","middle","gse148729","10.3390/genes11111354"
"10.1016/j.isci.2021.102151","Kirstin Mösbauer","middle","gse148729","10.1038/s41431-022-01070-5"
"10.1016/j.isci.2021.102151","Kirstin Mösbauer","middle","gse148729","10.1038/s41392-022-00969-1"
"10.1016/j.isci.2021.102151","Kirstin Mösbauer","middle","gse148729","10.3389/fmicb.2023.1066493"
"10.1016/j.isci.2021.102151","Kirstin Mösbauer","middle","gse148729","10.3390/v13030402"
"10.1016/j.isci.2021.102151","Kirstin Mösbauer","middle","gse148729","10.1038/s42003-022-03663-8"
"10.1016/j.isci.2021.102151","Kirstin Mösbauer","middle","gse148729","10.3389/fimmu.2020.590870"
"10.1016/j.isci.2021.102151","Kirstin Mösbauer","middle","gse148729","10.1371/journal.pcbi.1010021"
"10.1016/j.isci.2021.102151","Kirstin Mösbauer","middle","gse148729","10.1093/bib/bbaa334"
"10.1016/j.isci.2021.102151","Kirstin Mösbauer","middle","gse148729","10.1007/s00018-021-04119-8"
"10.1016/j.isci.2021.102151","Kirstin Mösbauer","middle","gse148729","10.21203/rs.3.rs-1287631/v1"
"10.1016/j.isci.2021.102151","Kirstin Mösbauer","middle","gse148729","10.1371/journal.pone.0257965"
"10.1016/j.isci.2021.102151","Lina Theresa Gottula","middle","gse148729","10.1016/j.chom.2020.12.009"
"10.1016/j.isci.2021.102151","Lina Theresa Gottula","middle","gse148729","10.1101/2021.05.14.444026"
"10.1016/j.isci.2021.102151","Lina Theresa Gottula","middle","gse148729","10.1186/s12967-020-02695-0"
"10.1016/j.isci.2021.102151","Lina Theresa Gottula","middle","gse148729","10.1016/j.isci.2021.103331"
"10.1016/j.isci.2021.102151","Lina Theresa Gottula","middle","gse148729","10.1038/s41598-022-15898-w"
"10.1016/j.isci.2021.102151","Lina Theresa Gottula","middle","gse148729","10.2147/ijgm.s335162"
"10.1016/j.isci.2021.102151","Lina Theresa Gottula","middle","gse148729","10.3390/ijms231810451"
"10.1016/j.isci.2021.102151","Lina Theresa Gottula","middle","gse148729","10.3390/ijms22168663"
"10.1016/j.isci.2021.102151","Lina Theresa Gottula","middle","gse148729","10.1016/j.gene.2020.145325"
"10.1016/j.isci.2021.102151","Lina Theresa Gottula","middle","gse148729","10.1038/s41598-022-23950-y"
"10.1016/j.isci.2021.102151","Lina Theresa Gottula","middle","gse148729","10.7717/peerj.12370"
"10.1016/j.isci.2021.102151","Lina Theresa Gottula","middle","gse148729","10.1016/j.genrep.2022.101641"
"10.1016/j.isci.2021.102151","Lina Theresa Gottula","middle","gse148729","10.3389/fimmu.2021.695242"
"10.1016/j.isci.2021.102151","Lina Theresa Gottula","middle","gse148729","10.1038/s41467-021-25412-x"
"10.1016/j.isci.2021.102151","Lina Theresa Gottula","middle","gse148729","10.1101/2020.06.01.127589"
"10.1016/j.isci.2021.102151","Lina Theresa Gottula","middle","gse148729","10.1021/acsomega.2c05245"
"10.1016/j.isci.2021.102151","Lina Theresa Gottula","middle","gse148729","10.3389/fimmu.2021.656433"
"10.1016/j.isci.2021.102151","Lina Theresa Gottula","middle","gse148729","10.1093/nar/gkac234"
"10.1016/j.isci.2021.102151","Lina Theresa Gottula","middle","gse148729","10.1016/j.mlwa.2021.100150"
"10.1016/j.isci.2021.102151","Lina Theresa Gottula","middle","gse148729","10.1186/s12864-022-08558-w"
"10.1016/j.isci.2021.102151","Lina Theresa Gottula","middle","gse148729","10.3390/v14020374"
"10.1016/j.isci.2021.102151","Lina Theresa Gottula","middle","gse148729","10.1038/s41598-021-03613-0"
"10.1016/j.isci.2021.102151","Lina Theresa Gottula","middle","gse148729","10.1038/s41598-021-82221-4"
"10.1016/j.isci.2021.102151","Lina Theresa Gottula","middle","gse148729","10.1515/jib-2020-0047"
"10.1016/j.isci.2021.102151","Lina Theresa Gottula","middle","gse148729","10.1016/j.isci.2020.101526"
"10.1016/j.isci.2021.102151","Lina Theresa Gottula","middle","gse148729","10.1016/j.stem.2020.10.004"
"10.1016/j.isci.2021.102151","Lina Theresa Gottula","middle","gse148729","10.1128/msphere.00754-20"
"10.1016/j.isci.2021.102151","Lina Theresa Gottula","middle","gse148729","10.3390/pathogens11121479"
"10.1016/j.isci.2021.102151","Lina Theresa Gottula","middle","gse148729","10.3390/genes11111354"
"10.1016/j.isci.2021.102151","Lina Theresa Gottula","middle","gse148729","10.1038/s41431-022-01070-5"
"10.1016/j.isci.2021.102151","Lina Theresa Gottula","middle","gse148729","10.1038/s41392-022-00969-1"
"10.1016/j.isci.2021.102151","Lina Theresa Gottula","middle","gse148729","10.3389/fmicb.2023.1066493"
"10.1016/j.isci.2021.102151","Lina Theresa Gottula","middle","gse148729","10.3390/v13030402"
"10.1016/j.isci.2021.102151","Lina Theresa Gottula","middle","gse148729","10.1038/s42003-022-03663-8"
"10.1016/j.isci.2021.102151","Lina Theresa Gottula","middle","gse148729","10.3389/fimmu.2020.590870"
"10.1016/j.isci.2021.102151","Lina Theresa Gottula","middle","gse148729","10.1371/journal.pcbi.1010021"
"10.1016/j.isci.2021.102151","Lina Theresa Gottula","middle","gse148729","10.1093/bib/bbaa334"
"10.1016/j.isci.2021.102151","Lina Theresa Gottula","middle","gse148729","10.1007/s00018-021-04119-8"
"10.1016/j.isci.2021.102151","Lina Theresa Gottula","middle","gse148729","10.21203/rs.3.rs-1287631/v1"
"10.1016/j.isci.2021.102151","Lina Theresa Gottula","middle","gse148729","10.1371/journal.pone.0257965"
"10.1016/j.isci.2021.102151","Filippos Klironomos","middle","gse148729","10.1016/j.chom.2020.12.009"
"10.1016/j.isci.2021.102151","Filippos Klironomos","middle","gse148729","10.1101/2021.05.14.444026"
"10.1016/j.isci.2021.102151","Filippos Klironomos","middle","gse148729","10.1186/s12967-020-02695-0"
"10.1016/j.isci.2021.102151","Filippos Klironomos","middle","gse148729","10.1016/j.isci.2021.103331"
"10.1016/j.isci.2021.102151","Filippos Klironomos","middle","gse148729","10.1038/s41598-022-15898-w"
"10.1016/j.isci.2021.102151","Filippos Klironomos","middle","gse148729","10.2147/ijgm.s335162"
"10.1016/j.isci.2021.102151","Filippos Klironomos","middle","gse148729","10.3390/ijms231810451"
"10.1016/j.isci.2021.102151","Filippos Klironomos","middle","gse148729","10.3390/ijms22168663"
"10.1016/j.isci.2021.102151","Filippos Klironomos","middle","gse148729","10.1016/j.gene.2020.145325"
"10.1016/j.isci.2021.102151","Filippos Klironomos","middle","gse148729","10.1038/s41598-022-23950-y"
"10.1016/j.isci.2021.102151","Filippos Klironomos","middle","gse148729","10.7717/peerj.12370"
"10.1016/j.isci.2021.102151","Filippos Klironomos","middle","gse148729","10.1016/j.genrep.2022.101641"
"10.1016/j.isci.2021.102151","Filippos Klironomos","middle","gse148729","10.3389/fimmu.2021.695242"
"10.1016/j.isci.2021.102151","Filippos Klironomos","middle","gse148729","10.1038/s41467-021-25412-x"
"10.1016/j.isci.2021.102151","Filippos Klironomos","middle","gse148729","10.1101/2020.06.01.127589"
"10.1016/j.isci.2021.102151","Filippos Klironomos","middle","gse148729","10.1021/acsomega.2c05245"
"10.1016/j.isci.2021.102151","Filippos Klironomos","middle","gse148729","10.3389/fimmu.2021.656433"
"10.1016/j.isci.2021.102151","Filippos Klironomos","middle","gse148729","10.1093/nar/gkac234"
"10.1016/j.isci.2021.102151","Filippos Klironomos","middle","gse148729","10.1016/j.mlwa.2021.100150"
"10.1016/j.isci.2021.102151","Filippos Klironomos","middle","gse148729","10.1186/s12864-022-08558-w"
"10.1016/j.isci.2021.102151","Filippos Klironomos","middle","gse148729","10.3390/v14020374"
"10.1016/j.isci.2021.102151","Filippos Klironomos","middle","gse148729","10.1038/s41598-021-03613-0"
"10.1016/j.isci.2021.102151","Filippos Klironomos","middle","gse148729","10.1038/s41598-021-82221-4"
"10.1016/j.isci.2021.102151","Filippos Klironomos","middle","gse148729","10.1515/jib-2020-0047"
"10.1016/j.isci.2021.102151","Filippos Klironomos","middle","gse148729","10.1016/j.isci.2020.101526"
"10.1016/j.isci.2021.102151","Filippos Klironomos","middle","gse148729","10.1016/j.stem.2020.10.004"
"10.1016/j.isci.2021.102151","Filippos Klironomos","middle","gse148729","10.1128/msphere.00754-20"
"10.1016/j.isci.2021.102151","Filippos Klironomos","middle","gse148729","10.3390/pathogens11121479"
"10.1016/j.isci.2021.102151","Filippos Klironomos","middle","gse148729","10.3390/genes11111354"
"10.1016/j.isci.2021.102151","Filippos Klironomos","middle","gse148729","10.1038/s41431-022-01070-5"
"10.1016/j.isci.2021.102151","Filippos Klironomos","middle","gse148729","10.1038/s41392-022-00969-1"
"10.1016/j.isci.2021.102151","Filippos Klironomos","middle","gse148729","10.3389/fmicb.2023.1066493"
"10.1016/j.isci.2021.102151","Filippos Klironomos","middle","gse148729","10.3390/v13030402"
"10.1016/j.isci.2021.102151","Filippos Klironomos","middle","gse148729","10.1038/s42003-022-03663-8"
"10.1016/j.isci.2021.102151","Filippos Klironomos","middle","gse148729","10.3389/fimmu.2020.590870"
"10.1016/j.isci.2021.102151","Filippos Klironomos","middle","gse148729","10.1371/journal.pcbi.1010021"
"10.1016/j.isci.2021.102151","Filippos Klironomos","middle","gse148729","10.1093/bib/bbaa334"
"10.1016/j.isci.2021.102151","Filippos Klironomos","middle","gse148729","10.1007/s00018-021-04119-8"
"10.1016/j.isci.2021.102151","Filippos Klironomos","middle","gse148729","10.21203/rs.3.rs-1287631/v1"
"10.1016/j.isci.2021.102151","Filippos Klironomos","middle","gse148729","10.1371/journal.pone.0257965"
"10.1016/j.isci.2021.102151","Katja Hönzke","middle","gse148729","10.1016/j.chom.2020.12.009"
"10.1016/j.isci.2021.102151","Katja Hönzke","middle","gse148729","10.1101/2021.05.14.444026"
"10.1016/j.isci.2021.102151","Katja Hönzke","middle","gse148729","10.1186/s12967-020-02695-0"
"10.1016/j.isci.2021.102151","Katja Hönzke","middle","gse148729","10.1016/j.isci.2021.103331"
"10.1016/j.isci.2021.102151","Katja Hönzke","middle","gse148729","10.1038/s41598-022-15898-w"
"10.1016/j.isci.2021.102151","Katja Hönzke","middle","gse148729","10.2147/ijgm.s335162"
"10.1016/j.isci.2021.102151","Katja Hönzke","middle","gse148729","10.3390/ijms231810451"
"10.1016/j.isci.2021.102151","Katja Hönzke","middle","gse148729","10.3390/ijms22168663"
"10.1016/j.isci.2021.102151","Katja Hönzke","middle","gse148729","10.1016/j.gene.2020.145325"
"10.1016/j.isci.2021.102151","Katja Hönzke","middle","gse148729","10.1038/s41598-022-23950-y"
"10.1016/j.isci.2021.102151","Katja Hönzke","middle","gse148729","10.7717/peerj.12370"
"10.1016/j.isci.2021.102151","Katja Hönzke","middle","gse148729","10.1016/j.genrep.2022.101641"
"10.1016/j.isci.2021.102151","Katja Hönzke","middle","gse148729","10.3389/fimmu.2021.695242"
"10.1016/j.isci.2021.102151","Katja Hönzke","middle","gse148729","10.1038/s41467-021-25412-x"
"10.1016/j.isci.2021.102151","Katja Hönzke","middle","gse148729","10.1101/2020.06.01.127589"
"10.1016/j.isci.2021.102151","Katja Hönzke","middle","gse148729","10.1021/acsomega.2c05245"
"10.1016/j.isci.2021.102151","Katja Hönzke","middle","gse148729","10.3389/fimmu.2021.656433"
"10.1016/j.isci.2021.102151","Katja Hönzke","middle","gse148729","10.1093/nar/gkac234"
"10.1016/j.isci.2021.102151","Katja Hönzke","middle","gse148729","10.1016/j.mlwa.2021.100150"
"10.1016/j.isci.2021.102151","Katja Hönzke","middle","gse148729","10.1186/s12864-022-08558-w"
"10.1016/j.isci.2021.102151","Katja Hönzke","middle","gse148729","10.3390/v14020374"
"10.1016/j.isci.2021.102151","Katja Hönzke","middle","gse148729","10.1038/s41598-021-03613-0"
"10.1016/j.isci.2021.102151","Katja Hönzke","middle","gse148729","10.1038/s41598-021-82221-4"
"10.1016/j.isci.2021.102151","Katja Hönzke","middle","gse148729","10.1515/jib-2020-0047"
"10.1016/j.isci.2021.102151","Katja Hönzke","middle","gse148729","10.1016/j.isci.2020.101526"
"10.1016/j.isci.2021.102151","Katja Hönzke","middle","gse148729","10.1016/j.stem.2020.10.004"
"10.1016/j.isci.2021.102151","Katja Hönzke","middle","gse148729","10.1128/msphere.00754-20"
"10.1016/j.isci.2021.102151","Katja Hönzke","middle","gse148729","10.3390/pathogens11121479"
"10.1016/j.isci.2021.102151","Katja Hönzke","middle","gse148729","10.3390/genes11111354"
"10.1016/j.isci.2021.102151","Katja Hönzke","middle","gse148729","10.1038/s41431-022-01070-5"
"10.1016/j.isci.2021.102151","Katja Hönzke","middle","gse148729","10.1038/s41392-022-00969-1"
"10.1016/j.isci.2021.102151","Katja Hönzke","middle","gse148729","10.3389/fmicb.2023.1066493"
"10.1016/j.isci.2021.102151","Katja Hönzke","middle","gse148729","10.3390/v13030402"
"10.1016/j.isci.2021.102151","Katja Hönzke","middle","gse148729","10.1038/s42003-022-03663-8"
"10.1016/j.isci.2021.102151","Katja Hönzke","middle","gse148729","10.3389/fimmu.2020.590870"
"10.1016/j.isci.2021.102151","Katja Hönzke","middle","gse148729","10.1371/journal.pcbi.1010021"
"10.1016/j.isci.2021.102151","Katja Hönzke","middle","gse148729","10.1093/bib/bbaa334"
"10.1016/j.isci.2021.102151","Katja Hönzke","middle","gse148729","10.1007/s00018-021-04119-8"
"10.1016/j.isci.2021.102151","Katja Hönzke","middle","gse148729","10.21203/rs.3.rs-1287631/v1"
"10.1016/j.isci.2021.102151","Katja Hönzke","middle","gse148729","10.1371/journal.pone.0257965"
"10.1016/j.isci.2021.102151","Karen Hoffmann","middle","gse148729","10.1016/j.chom.2020.12.009"
"10.1016/j.isci.2021.102151","Karen Hoffmann","middle","gse148729","10.1101/2021.05.14.444026"
"10.1016/j.isci.2021.102151","Karen Hoffmann","middle","gse148729","10.1186/s12967-020-02695-0"
"10.1016/j.isci.2021.102151","Karen Hoffmann","middle","gse148729","10.1016/j.isci.2021.103331"
"10.1016/j.isci.2021.102151","Karen Hoffmann","middle","gse148729","10.1038/s41598-022-15898-w"
"10.1016/j.isci.2021.102151","Karen Hoffmann","middle","gse148729","10.2147/ijgm.s335162"
"10.1016/j.isci.2021.102151","Karen Hoffmann","middle","gse148729","10.3390/ijms231810451"
"10.1016/j.isci.2021.102151","Karen Hoffmann","middle","gse148729","10.3390/ijms22168663"
"10.1016/j.isci.2021.102151","Karen Hoffmann","middle","gse148729","10.1016/j.gene.2020.145325"
"10.1016/j.isci.2021.102151","Karen Hoffmann","middle","gse148729","10.1038/s41598-022-23950-y"
"10.1016/j.isci.2021.102151","Karen Hoffmann","middle","gse148729","10.7717/peerj.12370"
"10.1016/j.isci.2021.102151","Karen Hoffmann","middle","gse148729","10.1016/j.genrep.2022.101641"
"10.1016/j.isci.2021.102151","Karen Hoffmann","middle","gse148729","10.3389/fimmu.2021.695242"
"10.1016/j.isci.2021.102151","Karen Hoffmann","middle","gse148729","10.1038/s41467-021-25412-x"
"10.1016/j.isci.2021.102151","Karen Hoffmann","middle","gse148729","10.1101/2020.06.01.127589"
"10.1016/j.isci.2021.102151","Karen Hoffmann","middle","gse148729","10.1021/acsomega.2c05245"
"10.1016/j.isci.2021.102151","Karen Hoffmann","middle","gse148729","10.3389/fimmu.2021.656433"
"10.1016/j.isci.2021.102151","Karen Hoffmann","middle","gse148729","10.1093/nar/gkac234"
"10.1016/j.isci.2021.102151","Karen Hoffmann","middle","gse148729","10.1016/j.mlwa.2021.100150"
"10.1016/j.isci.2021.102151","Karen Hoffmann","middle","gse148729","10.1186/s12864-022-08558-w"
"10.1016/j.isci.2021.102151","Karen Hoffmann","middle","gse148729","10.3390/v14020374"
"10.1016/j.isci.2021.102151","Karen Hoffmann","middle","gse148729","10.1038/s41598-021-03613-0"
"10.1016/j.isci.2021.102151","Karen Hoffmann","middle","gse148729","10.1038/s41598-021-82221-4"
"10.1016/j.isci.2021.102151","Karen Hoffmann","middle","gse148729","10.1515/jib-2020-0047"
"10.1016/j.isci.2021.102151","Karen Hoffmann","middle","gse148729","10.1016/j.isci.2020.101526"
"10.1016/j.isci.2021.102151","Karen Hoffmann","middle","gse148729","10.1016/j.stem.2020.10.004"
"10.1016/j.isci.2021.102151","Karen Hoffmann","middle","gse148729","10.1128/msphere.00754-20"
"10.1016/j.isci.2021.102151","Karen Hoffmann","middle","gse148729","10.3390/pathogens11121479"
"10.1016/j.isci.2021.102151","Karen Hoffmann","middle","gse148729","10.3390/genes11111354"
"10.1016/j.isci.2021.102151","Karen Hoffmann","middle","gse148729","10.1038/s41431-022-01070-5"
"10.1016/j.isci.2021.102151","Karen Hoffmann","middle","gse148729","10.1038/s41392-022-00969-1"
"10.1016/j.isci.2021.102151","Karen Hoffmann","middle","gse148729","10.3389/fmicb.2023.1066493"
"10.1016/j.isci.2021.102151","Karen Hoffmann","middle","gse148729","10.3390/v13030402"
"10.1016/j.isci.2021.102151","Karen Hoffmann","middle","gse148729","10.1038/s42003-022-03663-8"
"10.1016/j.isci.2021.102151","Karen Hoffmann","middle","gse148729","10.3389/fimmu.2020.590870"
"10.1016/j.isci.2021.102151","Karen Hoffmann","middle","gse148729","10.1371/journal.pcbi.1010021"
"10.1016/j.isci.2021.102151","Karen Hoffmann","middle","gse148729","10.1093/bib/bbaa334"
"10.1016/j.isci.2021.102151","Karen Hoffmann","middle","gse148729","10.1007/s00018-021-04119-8"
"10.1016/j.isci.2021.102151","Karen Hoffmann","middle","gse148729","10.21203/rs.3.rs-1287631/v1"
"10.1016/j.isci.2021.102151","Karen Hoffmann","middle","gse148729","10.1371/journal.pone.0257965"
"10.1016/j.isci.2021.102151","Anja Richter","middle","gse148729","10.1016/j.chom.2020.12.009"
"10.1016/j.isci.2021.102151","Anja Richter","middle","gse148729","10.1101/2021.05.14.444026"
"10.1016/j.isci.2021.102151","Anja Richter","middle","gse148729","10.1186/s12967-020-02695-0"
"10.1016/j.isci.2021.102151","Anja Richter","middle","gse148729","10.1016/j.isci.2021.103331"
"10.1016/j.isci.2021.102151","Anja Richter","middle","gse148729","10.1038/s41598-022-15898-w"
"10.1016/j.isci.2021.102151","Anja Richter","middle","gse148729","10.2147/ijgm.s335162"
"10.1016/j.isci.2021.102151","Anja Richter","middle","gse148729","10.3390/ijms231810451"
"10.1016/j.isci.2021.102151","Anja Richter","middle","gse148729","10.3390/ijms22168663"
"10.1016/j.isci.2021.102151","Anja Richter","middle","gse148729","10.1016/j.gene.2020.145325"
"10.1016/j.isci.2021.102151","Anja Richter","middle","gse148729","10.1038/s41598-022-23950-y"
"10.1016/j.isci.2021.102151","Anja Richter","middle","gse148729","10.7717/peerj.12370"
"10.1016/j.isci.2021.102151","Anja Richter","middle","gse148729","10.1016/j.genrep.2022.101641"
"10.1016/j.isci.2021.102151","Anja Richter","middle","gse148729","10.3389/fimmu.2021.695242"
"10.1016/j.isci.2021.102151","Anja Richter","middle","gse148729","10.1038/s41467-021-25412-x"
"10.1016/j.isci.2021.102151","Anja Richter","middle","gse148729","10.1101/2020.06.01.127589"
"10.1016/j.isci.2021.102151","Anja Richter","middle","gse148729","10.1021/acsomega.2c05245"
"10.1016/j.isci.2021.102151","Anja Richter","middle","gse148729","10.3389/fimmu.2021.656433"
"10.1016/j.isci.2021.102151","Anja Richter","middle","gse148729","10.1093/nar/gkac234"
"10.1016/j.isci.2021.102151","Anja Richter","middle","gse148729","10.1016/j.mlwa.2021.100150"
"10.1016/j.isci.2021.102151","Anja Richter","middle","gse148729","10.1186/s12864-022-08558-w"
"10.1016/j.isci.2021.102151","Anja Richter","middle","gse148729","10.3390/v14020374"
"10.1016/j.isci.2021.102151","Anja Richter","middle","gse148729","10.1038/s41598-021-03613-0"
"10.1016/j.isci.2021.102151","Anja Richter","middle","gse148729","10.1038/s41598-021-82221-4"
"10.1016/j.isci.2021.102151","Anja Richter","middle","gse148729","10.1515/jib-2020-0047"
"10.1016/j.isci.2021.102151","Anja Richter","middle","gse148729","10.1016/j.isci.2020.101526"
"10.1016/j.isci.2021.102151","Anja Richter","middle","gse148729","10.1016/j.stem.2020.10.004"
"10.1016/j.isci.2021.102151","Anja Richter","middle","gse148729","10.1128/msphere.00754-20"
"10.1016/j.isci.2021.102151","Anja Richter","middle","gse148729","10.3390/pathogens11121479"
"10.1016/j.isci.2021.102151","Anja Richter","middle","gse148729","10.3390/genes11111354"
"10.1016/j.isci.2021.102151","Anja Richter","middle","gse148729","10.1038/s41431-022-01070-5"
"10.1016/j.isci.2021.102151","Anja Richter","middle","gse148729","10.1038/s41392-022-00969-1"
"10.1016/j.isci.2021.102151","Anja Richter","middle","gse148729","10.3389/fmicb.2023.1066493"
"10.1016/j.isci.2021.102151","Anja Richter","middle","gse148729","10.3390/v13030402"
"10.1016/j.isci.2021.102151","Anja Richter","middle","gse148729","10.1038/s42003-022-03663-8"
"10.1016/j.isci.2021.102151","Anja Richter","middle","gse148729","10.3389/fimmu.2020.590870"
"10.1016/j.isci.2021.102151","Anja Richter","middle","gse148729","10.1371/journal.pcbi.1010021"
"10.1016/j.isci.2021.102151","Anja Richter","middle","gse148729","10.1093/bib/bbaa334"
"10.1016/j.isci.2021.102151","Anja Richter","middle","gse148729","10.1007/s00018-021-04119-8"
"10.1016/j.isci.2021.102151","Anja Richter","middle","gse148729","10.21203/rs.3.rs-1287631/v1"
"10.1016/j.isci.2021.102151","Anja Richter","middle","gse148729","10.1371/journal.pone.0257965"
"10.1016/j.isci.2021.102151","Andranik Ivanov","middle","gse148729","10.1016/j.chom.2020.12.009"
"10.1016/j.isci.2021.102151","Andranik Ivanov","middle","gse148729","10.1101/2021.05.14.444026"
"10.1016/j.isci.2021.102151","Andranik Ivanov","middle","gse148729","10.1186/s12967-020-02695-0"
"10.1016/j.isci.2021.102151","Andranik Ivanov","middle","gse148729","10.1016/j.isci.2021.103331"
"10.1016/j.isci.2021.102151","Andranik Ivanov","middle","gse148729","10.1038/s41598-022-15898-w"
"10.1016/j.isci.2021.102151","Andranik Ivanov","middle","gse148729","10.2147/ijgm.s335162"
"10.1016/j.isci.2021.102151","Andranik Ivanov","middle","gse148729","10.3390/ijms231810451"
"10.1016/j.isci.2021.102151","Andranik Ivanov","middle","gse148729","10.3390/ijms22168663"
"10.1016/j.isci.2021.102151","Andranik Ivanov","middle","gse148729","10.1016/j.gene.2020.145325"
"10.1016/j.isci.2021.102151","Andranik Ivanov","middle","gse148729","10.1038/s41598-022-23950-y"
"10.1016/j.isci.2021.102151","Andranik Ivanov","middle","gse148729","10.7717/peerj.12370"
"10.1016/j.isci.2021.102151","Andranik Ivanov","middle","gse148729","10.1016/j.genrep.2022.101641"
"10.1016/j.isci.2021.102151","Andranik Ivanov","middle","gse148729","10.3389/fimmu.2021.695242"
"10.1016/j.isci.2021.102151","Andranik Ivanov","middle","gse148729","10.1038/s41467-021-25412-x"
"10.1016/j.isci.2021.102151","Andranik Ivanov","middle","gse148729","10.1101/2020.06.01.127589"
"10.1016/j.isci.2021.102151","Andranik Ivanov","middle","gse148729","10.1021/acsomega.2c05245"
"10.1016/j.isci.2021.102151","Andranik Ivanov","middle","gse148729","10.3389/fimmu.2021.656433"
"10.1016/j.isci.2021.102151","Andranik Ivanov","middle","gse148729","10.1093/nar/gkac234"
"10.1016/j.isci.2021.102151","Andranik Ivanov","middle","gse148729","10.1016/j.mlwa.2021.100150"
"10.1016/j.isci.2021.102151","Andranik Ivanov","middle","gse148729","10.1186/s12864-022-08558-w"
"10.1016/j.isci.2021.102151","Andranik Ivanov","middle","gse148729","10.3390/v14020374"
"10.1016/j.isci.2021.102151","Andranik Ivanov","middle","gse148729","10.1038/s41598-021-03613-0"
"10.1016/j.isci.2021.102151","Andranik Ivanov","middle","gse148729","10.1038/s41598-021-82221-4"
"10.1016/j.isci.2021.102151","Andranik Ivanov","middle","gse148729","10.1515/jib-2020-0047"
"10.1016/j.isci.2021.102151","Andranik Ivanov","middle","gse148729","10.1016/j.isci.2020.101526"
"10.1016/j.isci.2021.102151","Andranik Ivanov","middle","gse148729","10.1016/j.stem.2020.10.004"
"10.1016/j.isci.2021.102151","Andranik Ivanov","middle","gse148729","10.1128/msphere.00754-20"
"10.1016/j.isci.2021.102151","Andranik Ivanov","middle","gse148729","10.3390/pathogens11121479"
"10.1016/j.isci.2021.102151","Andranik Ivanov","middle","gse148729","10.3390/genes11111354"
"10.1016/j.isci.2021.102151","Andranik Ivanov","middle","gse148729","10.1038/s41431-022-01070-5"
"10.1016/j.isci.2021.102151","Andranik Ivanov","middle","gse148729","10.1038/s41392-022-00969-1"
"10.1016/j.isci.2021.102151","Andranik Ivanov","middle","gse148729","10.3389/fmicb.2023.1066493"
"10.1016/j.isci.2021.102151","Andranik Ivanov","middle","gse148729","10.3390/v13030402"
"10.1016/j.isci.2021.102151","Andranik Ivanov","middle","gse148729","10.1038/s42003-022-03663-8"
"10.1016/j.isci.2021.102151","Andranik Ivanov","middle","gse148729","10.3389/fimmu.2020.590870"
"10.1016/j.isci.2021.102151","Andranik Ivanov","middle","gse148729","10.1371/journal.pcbi.1010021"
"10.1016/j.isci.2021.102151","Andranik Ivanov","middle","gse148729","10.1093/bib/bbaa334"
"10.1016/j.isci.2021.102151","Andranik Ivanov","middle","gse148729","10.1007/s00018-021-04119-8"
"10.1016/j.isci.2021.102151","Andranik Ivanov","middle","gse148729","10.21203/rs.3.rs-1287631/v1"
"10.1016/j.isci.2021.102151","Andranik Ivanov","middle","gse148729","10.1371/journal.pone.0257965"
"10.1016/j.isci.2021.102151","Jan Papies","middle","gse148729","10.1016/j.chom.2020.12.009"
"10.1016/j.isci.2021.102151","Jan Papies","middle","gse148729","10.1101/2021.05.14.444026"
"10.1016/j.isci.2021.102151","Jan Papies","middle","gse148729","10.1186/s12967-020-02695-0"
"10.1016/j.isci.2021.102151","Jan Papies","middle","gse148729","10.1016/j.isci.2021.103331"
"10.1016/j.isci.2021.102151","Jan Papies","middle","gse148729","10.1038/s41598-022-15898-w"
"10.1016/j.isci.2021.102151","Jan Papies","middle","gse148729","10.2147/ijgm.s335162"
"10.1016/j.isci.2021.102151","Jan Papies","middle","gse148729","10.3390/ijms231810451"
"10.1016/j.isci.2021.102151","Jan Papies","middle","gse148729","10.3390/ijms22168663"
"10.1016/j.isci.2021.102151","Jan Papies","middle","gse148729","10.1016/j.gene.2020.145325"
"10.1016/j.isci.2021.102151","Jan Papies","middle","gse148729","10.1038/s41598-022-23950-y"
"10.1016/j.isci.2021.102151","Jan Papies","middle","gse148729","10.7717/peerj.12370"
"10.1016/j.isci.2021.102151","Jan Papies","middle","gse148729","10.1016/j.genrep.2022.101641"
"10.1016/j.isci.2021.102151","Jan Papies","middle","gse148729","10.3389/fimmu.2021.695242"
"10.1016/j.isci.2021.102151","Jan Papies","middle","gse148729","10.1038/s41467-021-25412-x"
"10.1016/j.isci.2021.102151","Jan Papies","middle","gse148729","10.1101/2020.06.01.127589"
"10.1016/j.isci.2021.102151","Jan Papies","middle","gse148729","10.1021/acsomega.2c05245"
"10.1016/j.isci.2021.102151","Jan Papies","middle","gse148729","10.3389/fimmu.2021.656433"
"10.1016/j.isci.2021.102151","Jan Papies","middle","gse148729","10.1093/nar/gkac234"
"10.1016/j.isci.2021.102151","Jan Papies","middle","gse148729","10.1016/j.mlwa.2021.100150"
"10.1016/j.isci.2021.102151","Jan Papies","middle","gse148729","10.1186/s12864-022-08558-w"
"10.1016/j.isci.2021.102151","Jan Papies","middle","gse148729","10.3390/v14020374"
"10.1016/j.isci.2021.102151","Jan Papies","middle","gse148729","10.1038/s41598-021-03613-0"
"10.1016/j.isci.2021.102151","Jan Papies","middle","gse148729","10.1038/s41598-021-82221-4"
"10.1016/j.isci.2021.102151","Jan Papies","middle","gse148729","10.1515/jib-2020-0047"
"10.1016/j.isci.2021.102151","Jan Papies","middle","gse148729","10.1016/j.isci.2020.101526"
"10.1016/j.isci.2021.102151","Jan Papies","middle","gse148729","10.1016/j.stem.2020.10.004"
"10.1016/j.isci.2021.102151","Jan Papies","middle","gse148729","10.1128/msphere.00754-20"
"10.1016/j.isci.2021.102151","Jan Papies","middle","gse148729","10.3390/pathogens11121479"
"10.1016/j.isci.2021.102151","Jan Papies","middle","gse148729","10.3390/genes11111354"
"10.1016/j.isci.2021.102151","Jan Papies","middle","gse148729","10.1038/s41431-022-01070-5"
"10.1016/j.isci.2021.102151","Jan Papies","middle","gse148729","10.1038/s41392-022-00969-1"
"10.1016/j.isci.2021.102151","Jan Papies","middle","gse148729","10.3389/fmicb.2023.1066493"
"10.1016/j.isci.2021.102151","Jan Papies","middle","gse148729","10.3390/v13030402"
"10.1016/j.isci.2021.102151","Jan Papies","middle","gse148729","10.1038/s42003-022-03663-8"
"10.1016/j.isci.2021.102151","Jan Papies","middle","gse148729","10.3389/fimmu.2020.590870"
"10.1016/j.isci.2021.102151","Jan Papies","middle","gse148729","10.1371/journal.pcbi.1010021"
"10.1016/j.isci.2021.102151","Jan Papies","middle","gse148729","10.1093/bib/bbaa334"
"10.1016/j.isci.2021.102151","Jan Papies","middle","gse148729","10.1007/s00018-021-04119-8"
"10.1016/j.isci.2021.102151","Jan Papies","middle","gse148729","10.21203/rs.3.rs-1287631/v1"
"10.1016/j.isci.2021.102151","Jan Papies","middle","gse148729","10.1371/journal.pone.0257965"
"10.1016/j.isci.2021.102151","Marcel A. Müller","middle","gse148729","10.1016/j.chom.2020.12.009"
"10.1016/j.isci.2021.102151","Marcel A. Müller","middle","gse148729","10.1101/2021.05.14.444026"
"10.1016/j.isci.2021.102151","Marcel A. Müller","middle","gse148729","10.1186/s12967-020-02695-0"
"10.1016/j.isci.2021.102151","Marcel A. Müller","middle","gse148729","10.1016/j.isci.2021.103331"
"10.1016/j.isci.2021.102151","Marcel A. Müller","middle","gse148729","10.1038/s41598-022-15898-w"
"10.1016/j.isci.2021.102151","Marcel A. Müller","middle","gse148729","10.2147/ijgm.s335162"
"10.1016/j.isci.2021.102151","Marcel A. Müller","middle","gse148729","10.3390/ijms231810451"
"10.1016/j.isci.2021.102151","Marcel A. Müller","middle","gse148729","10.3390/ijms22168663"
"10.1016/j.isci.2021.102151","Marcel A. Müller","middle","gse148729","10.1016/j.gene.2020.145325"
"10.1016/j.isci.2021.102151","Marcel A. Müller","middle","gse148729","10.1038/s41598-022-23950-y"
"10.1016/j.isci.2021.102151","Marcel A. Müller","middle","gse148729","10.7717/peerj.12370"
"10.1016/j.isci.2021.102151","Marcel A. Müller","middle","gse148729","10.1016/j.genrep.2022.101641"
"10.1016/j.isci.2021.102151","Marcel A. Müller","middle","gse148729","10.3389/fimmu.2021.695242"
"10.1016/j.isci.2021.102151","Marcel A. Müller","middle","gse148729","10.1038/s41467-021-25412-x"
"10.1016/j.isci.2021.102151","Marcel A. Müller","middle","gse148729","10.1101/2020.06.01.127589"
"10.1016/j.isci.2021.102151","Marcel A. Müller","middle","gse148729","10.1021/acsomega.2c05245"
"10.1016/j.isci.2021.102151","Marcel A. Müller","middle","gse148729","10.3389/fimmu.2021.656433"
"10.1016/j.isci.2021.102151","Marcel A. Müller","middle","gse148729","10.1093/nar/gkac234"
"10.1016/j.isci.2021.102151","Marcel A. Müller","middle","gse148729","10.1016/j.mlwa.2021.100150"
"10.1016/j.isci.2021.102151","Marcel A. Müller","middle","gse148729","10.1186/s12864-022-08558-w"
"10.1016/j.isci.2021.102151","Marcel A. Müller","middle","gse148729","10.3390/v14020374"
"10.1016/j.isci.2021.102151","Marcel A. Müller","middle","gse148729","10.1038/s41598-021-03613-0"
"10.1016/j.isci.2021.102151","Marcel A. Müller","middle","gse148729","10.1038/s41598-021-82221-4"
"10.1016/j.isci.2021.102151","Marcel A. Müller","middle","gse148729","10.1515/jib-2020-0047"
"10.1016/j.isci.2021.102151","Marcel A. Müller","middle","gse148729","10.1016/j.isci.2020.101526"
"10.1016/j.isci.2021.102151","Marcel A. Müller","middle","gse148729","10.1016/j.stem.2020.10.004"
"10.1016/j.isci.2021.102151","Marcel A. Müller","middle","gse148729","10.1128/msphere.00754-20"
"10.1016/j.isci.2021.102151","Marcel A. Müller","middle","gse148729","10.3390/pathogens11121479"
"10.1016/j.isci.2021.102151","Marcel A. Müller","middle","gse148729","10.3390/genes11111354"
"10.1016/j.isci.2021.102151","Marcel A. Müller","middle","gse148729","10.1038/s41431-022-01070-5"
"10.1016/j.isci.2021.102151","Marcel A. Müller","middle","gse148729","10.1038/s41392-022-00969-1"
"10.1016/j.isci.2021.102151","Marcel A. Müller","middle","gse148729","10.3389/fmicb.2023.1066493"
"10.1016/j.isci.2021.102151","Marcel A. Müller","middle","gse148729","10.3390/v13030402"
"10.1016/j.isci.2021.102151","Marcel A. Müller","middle","gse148729","10.1038/s42003-022-03663-8"
"10.1016/j.isci.2021.102151","Marcel A. Müller","middle","gse148729","10.3389/fimmu.2020.590870"
"10.1016/j.isci.2021.102151","Marcel A. Müller","middle","gse148729","10.1371/journal.pcbi.1010021"
"10.1016/j.isci.2021.102151","Marcel A. Müller","middle","gse148729","10.1093/bib/bbaa334"
"10.1016/j.isci.2021.102151","Marcel A. Müller","middle","gse148729","10.1007/s00018-021-04119-8"
"10.1016/j.isci.2021.102151","Marcel A. Müller","middle","gse148729","10.21203/rs.3.rs-1287631/v1"
"10.1016/j.isci.2021.102151","Marcel A. Müller","middle","gse148729","10.1371/journal.pone.0257965"
"10.1016/j.isci.2021.102151","Daniela Niemeyer","middle","gse148729","10.1016/j.chom.2020.12.009"
"10.1016/j.isci.2021.102151","Daniela Niemeyer","middle","gse148729","10.1101/2021.05.14.444026"
"10.1016/j.isci.2021.102151","Daniela Niemeyer","middle","gse148729","10.1186/s12967-020-02695-0"
"10.1016/j.isci.2021.102151","Daniela Niemeyer","middle","gse148729","10.1016/j.isci.2021.103331"
"10.1016/j.isci.2021.102151","Daniela Niemeyer","middle","gse148729","10.1038/s41598-022-15898-w"
"10.1016/j.isci.2021.102151","Daniela Niemeyer","middle","gse148729","10.2147/ijgm.s335162"
"10.1016/j.isci.2021.102151","Daniela Niemeyer","middle","gse148729","10.3390/ijms231810451"
"10.1016/j.isci.2021.102151","Daniela Niemeyer","middle","gse148729","10.3390/ijms22168663"
"10.1016/j.isci.2021.102151","Daniela Niemeyer","middle","gse148729","10.1016/j.gene.2020.145325"
"10.1016/j.isci.2021.102151","Daniela Niemeyer","middle","gse148729","10.1038/s41598-022-23950-y"
"10.1016/j.isci.2021.102151","Daniela Niemeyer","middle","gse148729","10.7717/peerj.12370"
"10.1016/j.isci.2021.102151","Daniela Niemeyer","middle","gse148729","10.1016/j.genrep.2022.101641"
"10.1016/j.isci.2021.102151","Daniela Niemeyer","middle","gse148729","10.3389/fimmu.2021.695242"
"10.1016/j.isci.2021.102151","Daniela Niemeyer","middle","gse148729","10.1038/s41467-021-25412-x"
"10.1016/j.isci.2021.102151","Daniela Niemeyer","middle","gse148729","10.1101/2020.06.01.127589"
"10.1016/j.isci.2021.102151","Daniela Niemeyer","middle","gse148729","10.1021/acsomega.2c05245"
"10.1016/j.isci.2021.102151","Daniela Niemeyer","middle","gse148729","10.3389/fimmu.2021.656433"
"10.1016/j.isci.2021.102151","Daniela Niemeyer","middle","gse148729","10.1093/nar/gkac234"
"10.1016/j.isci.2021.102151","Daniela Niemeyer","middle","gse148729","10.1016/j.mlwa.2021.100150"
"10.1016/j.isci.2021.102151","Daniela Niemeyer","middle","gse148729","10.1186/s12864-022-08558-w"
"10.1016/j.isci.2021.102151","Daniela Niemeyer","middle","gse148729","10.3390/v14020374"
"10.1016/j.isci.2021.102151","Daniela Niemeyer","middle","gse148729","10.1038/s41598-021-03613-0"
"10.1016/j.isci.2021.102151","Daniela Niemeyer","middle","gse148729","10.1038/s41598-021-82221-4"
"10.1016/j.isci.2021.102151","Daniela Niemeyer","middle","gse148729","10.1515/jib-2020-0047"
"10.1016/j.isci.2021.102151","Daniela Niemeyer","middle","gse148729","10.1016/j.isci.2020.101526"
"10.1016/j.isci.2021.102151","Daniela Niemeyer","middle","gse148729","10.1016/j.stem.2020.10.004"
"10.1016/j.isci.2021.102151","Daniela Niemeyer","middle","gse148729","10.1128/msphere.00754-20"
"10.1016/j.isci.2021.102151","Daniela Niemeyer","middle","gse148729","10.3390/pathogens11121479"
"10.1016/j.isci.2021.102151","Daniela Niemeyer","middle","gse148729","10.3390/genes11111354"
"10.1016/j.isci.2021.102151","Daniela Niemeyer","middle","gse148729","10.1038/s41431-022-01070-5"
"10.1016/j.isci.2021.102151","Daniela Niemeyer","middle","gse148729","10.1038/s41392-022-00969-1"
"10.1016/j.isci.2021.102151","Daniela Niemeyer","middle","gse148729","10.3389/fmicb.2023.1066493"
"10.1016/j.isci.2021.102151","Daniela Niemeyer","middle","gse148729","10.3390/v13030402"
"10.1016/j.isci.2021.102151","Daniela Niemeyer","middle","gse148729","10.1038/s42003-022-03663-8"
"10.1016/j.isci.2021.102151","Daniela Niemeyer","middle","gse148729","10.3389/fimmu.2020.590870"
"10.1016/j.isci.2021.102151","Daniela Niemeyer","middle","gse148729","10.1371/journal.pcbi.1010021"
"10.1016/j.isci.2021.102151","Daniela Niemeyer","middle","gse148729","10.1093/bib/bbaa334"
"10.1016/j.isci.2021.102151","Daniela Niemeyer","middle","gse148729","10.1007/s00018-021-04119-8"
"10.1016/j.isci.2021.102151","Daniela Niemeyer","middle","gse148729","10.21203/rs.3.rs-1287631/v1"
"10.1016/j.isci.2021.102151","Daniela Niemeyer","middle","gse148729","10.1371/journal.pone.0257965"
"10.1016/j.isci.2021.102151","Andreas C. Hocke","middle","gse148729","10.1016/j.chom.2020.12.009"
"10.1016/j.isci.2021.102151","Andreas C. Hocke","middle","gse148729","10.1101/2021.05.14.444026"
"10.1016/j.isci.2021.102151","Andreas C. Hocke","middle","gse148729","10.1186/s12967-020-02695-0"
"10.1016/j.isci.2021.102151","Andreas C. Hocke","middle","gse148729","10.1016/j.isci.2021.103331"
"10.1016/j.isci.2021.102151","Andreas C. Hocke","middle","gse148729","10.1038/s41598-022-15898-w"
"10.1016/j.isci.2021.102151","Andreas C. Hocke","middle","gse148729","10.2147/ijgm.s335162"
"10.1016/j.isci.2021.102151","Andreas C. Hocke","middle","gse148729","10.3390/ijms231810451"
"10.1016/j.isci.2021.102151","Andreas C. Hocke","middle","gse148729","10.3390/ijms22168663"
"10.1016/j.isci.2021.102151","Andreas C. Hocke","middle","gse148729","10.1016/j.gene.2020.145325"
"10.1016/j.isci.2021.102151","Andreas C. Hocke","middle","gse148729","10.1038/s41598-022-23950-y"
"10.1016/j.isci.2021.102151","Andreas C. Hocke","middle","gse148729","10.7717/peerj.12370"
"10.1016/j.isci.2021.102151","Andreas C. Hocke","middle","gse148729","10.1016/j.genrep.2022.101641"
"10.1016/j.isci.2021.102151","Andreas C. Hocke","middle","gse148729","10.3389/fimmu.2021.695242"
"10.1016/j.isci.2021.102151","Andreas C. Hocke","middle","gse148729","10.1038/s41467-021-25412-x"
"10.1016/j.isci.2021.102151","Andreas C. Hocke","middle","gse148729","10.1101/2020.06.01.127589"
"10.1016/j.isci.2021.102151","Andreas C. Hocke","middle","gse148729","10.1021/acsomega.2c05245"
"10.1016/j.isci.2021.102151","Andreas C. Hocke","middle","gse148729","10.3389/fimmu.2021.656433"
"10.1016/j.isci.2021.102151","Andreas C. Hocke","middle","gse148729","10.1093/nar/gkac234"
"10.1016/j.isci.2021.102151","Andreas C. Hocke","middle","gse148729","10.1016/j.mlwa.2021.100150"
"10.1016/j.isci.2021.102151","Andreas C. Hocke","middle","gse148729","10.1186/s12864-022-08558-w"
"10.1016/j.isci.2021.102151","Andreas C. Hocke","middle","gse148729","10.3390/v14020374"
"10.1016/j.isci.2021.102151","Andreas C. Hocke","middle","gse148729","10.1038/s41598-021-03613-0"
"10.1016/j.isci.2021.102151","Andreas C. Hocke","middle","gse148729","10.1038/s41598-021-82221-4"
"10.1016/j.isci.2021.102151","Andreas C. Hocke","middle","gse148729","10.1515/jib-2020-0047"
"10.1016/j.isci.2021.102151","Andreas C. Hocke","middle","gse148729","10.1016/j.isci.2020.101526"
"10.1016/j.isci.2021.102151","Andreas C. Hocke","middle","gse148729","10.1016/j.stem.2020.10.004"
"10.1016/j.isci.2021.102151","Andreas C. Hocke","middle","gse148729","10.1128/msphere.00754-20"
"10.1016/j.isci.2021.102151","Andreas C. Hocke","middle","gse148729","10.3390/pathogens11121479"
"10.1016/j.isci.2021.102151","Andreas C. Hocke","middle","gse148729","10.3390/genes11111354"
"10.1016/j.isci.2021.102151","Andreas C. Hocke","middle","gse148729","10.1038/s41431-022-01070-5"
"10.1016/j.isci.2021.102151","Andreas C. Hocke","middle","gse148729","10.1038/s41392-022-00969-1"
"10.1016/j.isci.2021.102151","Andreas C. Hocke","middle","gse148729","10.3389/fmicb.2023.1066493"
"10.1016/j.isci.2021.102151","Andreas C. Hocke","middle","gse148729","10.3390/v13030402"
"10.1016/j.isci.2021.102151","Andreas C. Hocke","middle","gse148729","10.1038/s42003-022-03663-8"
"10.1016/j.isci.2021.102151","Andreas C. Hocke","middle","gse148729","10.3389/fimmu.2020.590870"
"10.1016/j.isci.2021.102151","Andreas C. Hocke","middle","gse148729","10.1371/journal.pcbi.1010021"
"10.1016/j.isci.2021.102151","Andreas C. Hocke","middle","gse148729","10.1093/bib/bbaa334"
"10.1016/j.isci.2021.102151","Andreas C. Hocke","middle","gse148729","10.1007/s00018-021-04119-8"
"10.1016/j.isci.2021.102151","Andreas C. Hocke","middle","gse148729","10.21203/rs.3.rs-1287631/v1"
"10.1016/j.isci.2021.102151","Andreas C. Hocke","middle","gse148729","10.1371/journal.pone.0257965"
"10.1016/j.isci.2021.102151","Christian Drosten","middle","gse148729","10.1016/j.chom.2020.12.009"
"10.1016/j.isci.2021.102151","Christian Drosten","middle","gse148729","10.1101/2021.05.14.444026"
"10.1016/j.isci.2021.102151","Christian Drosten","middle","gse148729","10.1186/s12967-020-02695-0"
"10.1016/j.isci.2021.102151","Christian Drosten","middle","gse148729","10.1016/j.isci.2021.103331"
"10.1016/j.isci.2021.102151","Christian Drosten","middle","gse148729","10.1038/s41598-022-15898-w"
"10.1016/j.isci.2021.102151","Christian Drosten","middle","gse148729","10.2147/ijgm.s335162"
"10.1016/j.isci.2021.102151","Christian Drosten","middle","gse148729","10.3390/ijms231810451"
"10.1016/j.isci.2021.102151","Christian Drosten","middle","gse148729","10.3390/ijms22168663"
"10.1016/j.isci.2021.102151","Christian Drosten","middle","gse148729","10.1016/j.gene.2020.145325"
"10.1016/j.isci.2021.102151","Christian Drosten","middle","gse148729","10.1038/s41598-022-23950-y"
"10.1016/j.isci.2021.102151","Christian Drosten","middle","gse148729","10.7717/peerj.12370"
"10.1016/j.isci.2021.102151","Christian Drosten","middle","gse148729","10.1016/j.genrep.2022.101641"
"10.1016/j.isci.2021.102151","Christian Drosten","middle","gse148729","10.3389/fimmu.2021.695242"
"10.1016/j.isci.2021.102151","Christian Drosten","middle","gse148729","10.1038/s41467-021-25412-x"
"10.1016/j.isci.2021.102151","Christian Drosten","middle","gse148729","10.1101/2020.06.01.127589"
"10.1016/j.isci.2021.102151","Christian Drosten","middle","gse148729","10.1021/acsomega.2c05245"
"10.1016/j.isci.2021.102151","Christian Drosten","middle","gse148729","10.3389/fimmu.2021.656433"
"10.1016/j.isci.2021.102151","Christian Drosten","middle","gse148729","10.1093/nar/gkac234"
"10.1016/j.isci.2021.102151","Christian Drosten","middle","gse148729","10.1016/j.mlwa.2021.100150"
"10.1016/j.isci.2021.102151","Christian Drosten","middle","gse148729","10.1186/s12864-022-08558-w"
"10.1016/j.isci.2021.102151","Christian Drosten","middle","gse148729","10.3390/v14020374"
"10.1016/j.isci.2021.102151","Christian Drosten","middle","gse148729","10.1038/s41598-021-03613-0"
"10.1016/j.isci.2021.102151","Christian Drosten","middle","gse148729","10.1038/s41598-021-82221-4"
"10.1016/j.isci.2021.102151","Christian Drosten","middle","gse148729","10.1515/jib-2020-0047"
"10.1016/j.isci.2021.102151","Christian Drosten","middle","gse148729","10.1016/j.isci.2020.101526"
"10.1016/j.isci.2021.102151","Christian Drosten","middle","gse148729","10.1016/j.stem.2020.10.004"
"10.1016/j.isci.2021.102151","Christian Drosten","middle","gse148729","10.1128/msphere.00754-20"
"10.1016/j.isci.2021.102151","Christian Drosten","middle","gse148729","10.3390/pathogens11121479"
"10.1016/j.isci.2021.102151","Christian Drosten","middle","gse148729","10.3390/genes11111354"
"10.1016/j.isci.2021.102151","Christian Drosten","middle","gse148729","10.1038/s41431-022-01070-5"
"10.1016/j.isci.2021.102151","Christian Drosten","middle","gse148729","10.1038/s41392-022-00969-1"
"10.1016/j.isci.2021.102151","Christian Drosten","middle","gse148729","10.3389/fmicb.2023.1066493"
"10.1016/j.isci.2021.102151","Christian Drosten","middle","gse148729","10.3390/v13030402"
"10.1016/j.isci.2021.102151","Christian Drosten","middle","gse148729","10.1038/s42003-022-03663-8"
"10.1016/j.isci.2021.102151","Christian Drosten","middle","gse148729","10.3389/fimmu.2020.590870"
"10.1016/j.isci.2021.102151","Christian Drosten","middle","gse148729","10.1371/journal.pcbi.1010021"
"10.1016/j.isci.2021.102151","Christian Drosten","middle","gse148729","10.1093/bib/bbaa334"
"10.1016/j.isci.2021.102151","Christian Drosten","middle","gse148729","10.1007/s00018-021-04119-8"
"10.1016/j.isci.2021.102151","Christian Drosten","middle","gse148729","10.21203/rs.3.rs-1287631/v1"
"10.1016/j.isci.2021.102151","Christian Drosten","middle","gse148729","10.1371/journal.pone.0257965"
"10.1016/j.jbc.2021.101224","Janine Altmüller","middle","pxd027109","10.1093/nar/gkac1009"
"10.1016/j.lfs.2021.119158","Kathrin Griss","middle","gse94916","10.1097/md.0000000000027737"
"10.1016/j.lfs.2021.119158","Kathrin Griss","middle","gse94916","10.1186/s12920-022-01278-w"
"10.1016/j.lfs.2021.119158","Maria Han","middle","gse94916","10.1097/md.0000000000027737"
"10.1016/j.lfs.2021.119158","Maria Han","middle","gse94916","10.1186/s12920-022-01278-w"
"10.1016/j.lfs.2021.119158","Stefan Hippenstiel","middle","gse94916","10.1097/md.0000000000027737"
"10.1016/j.lfs.2021.119158","Stefan Hippenstiel","middle","gse94916","10.1186/s12920-022-01278-w"
"10.1016/j.lfs.2021.119158","Norbert Suttorp","middle","gse94916","10.1097/md.0000000000027737"
"10.1016/j.lfs.2021.119158","Norbert Suttorp","middle","gse94916","10.1186/s12920-022-01278-w"
"10.1016/j.molcel.2020.11.037","Matthew L. Kraushar","first","6swa","10.7554/elife.80980"
"10.1016/j.molcel.2020.11.037","Matthew L. Kraushar","first","nm_011119","10.1371/journal.pone.0067068"
"10.1016/j.molcel.2020.11.037","Matthew L. Kraushar","first","nm_011119","10.1186/1741-7007-7-25"
"10.1016/j.molcel.2020.11.037","Matthew L. Kraushar","first","nm_011119","10.1007/s00335-013-9486-7"
"10.1016/j.molcel.2020.11.037","Matthew L. Kraushar","first","nm_011119","10.3390/ijms21072609"
"10.1016/j.molcel.2020.11.037","Ferdinand Krupp","middle","6swa","10.7554/elife.80980"
"10.1016/j.molcel.2020.11.037","Ferdinand Krupp","middle","nm_011119","10.1371/journal.pone.0067068"
"10.1016/j.molcel.2020.11.037","Ferdinand Krupp","middle","nm_011119","10.1186/1741-7007-7-25"
"10.1016/j.molcel.2020.11.037","Ferdinand Krupp","middle","nm_011119","10.1007/s00335-013-9486-7"
"10.1016/j.molcel.2020.11.037","Ferdinand Krupp","middle","nm_011119","10.3390/ijms21072609"
"10.1016/j.molcel.2020.11.037","Paul Turko","middle","6swa","10.7554/elife.80980"
"10.1016/j.molcel.2020.11.037","Paul Turko","middle","nm_011119","10.1371/journal.pone.0067068"
"10.1016/j.molcel.2020.11.037","Paul Turko","middle","nm_011119","10.1186/1741-7007-7-25"
"10.1016/j.molcel.2020.11.037","Paul Turko","middle","nm_011119","10.1007/s00335-013-9486-7"
"10.1016/j.molcel.2020.11.037","Paul Turko","middle","nm_011119","10.3390/ijms21072609"
"10.1016/j.molcel.2020.11.037","Mateusz C. Ambrozkiewicz","middle","6swa","10.7554/elife.80980"
"10.1016/j.molcel.2020.11.037","Mateusz C. Ambrozkiewicz","middle","nm_011119","10.1371/journal.pone.0067068"
"10.1016/j.molcel.2020.11.037","Mateusz C. Ambrozkiewicz","middle","nm_011119","10.1186/1741-7007-7-25"
"10.1016/j.molcel.2020.11.037","Mateusz C. Ambrozkiewicz","middle","nm_011119","10.1007/s00335-013-9486-7"
"10.1016/j.molcel.2020.11.037","Mateusz C. Ambrozkiewicz","middle","nm_011119","10.3390/ijms21072609"
"10.1016/j.molcel.2020.11.037","Thiemo Sprink","middle","6swa","10.7554/elife.80980"
"10.1016/j.molcel.2020.11.037","Thiemo Sprink","middle","nm_011119","10.1371/journal.pone.0067068"
"10.1016/j.molcel.2020.11.037","Thiemo Sprink","middle","nm_011119","10.1186/1741-7007-7-25"
"10.1016/j.molcel.2020.11.037","Thiemo Sprink","middle","nm_011119","10.1007/s00335-013-9486-7"
"10.1016/j.molcel.2020.11.037","Thiemo Sprink","middle","nm_011119","10.3390/ijms21072609"
"10.1016/j.molcel.2020.11.037","Theres Schaub","middle","6swa","10.7554/elife.80980"
"10.1016/j.molcel.2020.11.037","Theres Schaub","middle","nm_011119","10.1371/journal.pone.0067068"
"10.1016/j.molcel.2020.11.037","Theres Schaub","middle","nm_011119","10.1186/1741-7007-7-25"
"10.1016/j.molcel.2020.11.037","Theres Schaub","middle","nm_011119","10.1007/s00335-013-9486-7"
"10.1016/j.molcel.2020.11.037","Theres Schaub","middle","nm_011119","10.3390/ijms21072609"
"10.1016/j.molcel.2020.11.037","Agnieszka Münster‐Wandowski","middle","6swa","10.7554/elife.80980"
"10.1016/j.molcel.2020.11.037","Agnieszka Münster‐Wandowski","middle","nm_011119","10.1371/journal.pone.0067068"
"10.1016/j.molcel.2020.11.037","Agnieszka Münster‐Wandowski","middle","nm_011119","10.1186/1741-7007-7-25"
"10.1016/j.molcel.2020.11.037","Agnieszka Münster‐Wandowski","middle","nm_011119","10.1007/s00335-013-9486-7"
"10.1016/j.molcel.2020.11.037","Agnieszka Münster‐Wandowski","middle","nm_011119","10.3390/ijms21072609"
"10.1016/j.molcel.2020.11.037","Jörg Bürger","middle","6swa","10.7554/elife.80980"
"10.1016/j.molcel.2020.11.037","Jörg Bürger","middle","nm_011119","10.1371/journal.pone.0067068"
"10.1016/j.molcel.2020.11.037","Jörg Bürger","middle","nm_011119","10.1186/1741-7007-7-25"
"10.1016/j.molcel.2020.11.037","Jörg Bürger","middle","nm_011119","10.1007/s00335-013-9486-7"
"10.1016/j.molcel.2020.11.037","Jörg Bürger","middle","nm_011119","10.3390/ijms21072609"
"10.1016/j.molcel.2020.11.037","Hiroshi Yamamoto","middle","6swa","10.7554/elife.80980"
"10.1016/j.molcel.2020.11.037","Hiroshi Yamamoto","middle","nm_011119","10.1371/journal.pone.0067068"
"10.1016/j.molcel.2020.11.037","Hiroshi Yamamoto","middle","nm_011119","10.1186/1741-7007-7-25"
"10.1016/j.molcel.2020.11.037","Hiroshi Yamamoto","middle","nm_011119","10.1007/s00335-013-9486-7"
"10.1016/j.molcel.2020.11.037","Hiroshi Yamamoto","middle","nm_011119","10.3390/ijms21072609"
"10.1016/j.molcel.2020.11.037","Dieter Beule","middle","6swa","10.7554/elife.80980"
"10.1016/j.molcel.2020.11.037","Dieter Beule","middle","nm_011119","10.1371/journal.pone.0067068"
"10.1016/j.molcel.2020.11.037","Dieter Beule","middle","nm_011119","10.1186/1741-7007-7-25"
"10.1016/j.molcel.2020.11.037","Dieter Beule","middle","nm_011119","10.1007/s00335-013-9486-7"
"10.1016/j.molcel.2020.11.037","Dieter Beule","middle","nm_011119","10.3390/ijms21072609"
"10.1016/j.molcel.2020.11.037","Victor Tarabykin","middle","6swa","10.7554/elife.80980"
"10.1016/j.molcel.2020.11.037","Victor Tarabykin","middle","nm_011119","10.1371/journal.pone.0067068"
"10.1016/j.molcel.2020.11.037","Victor Tarabykin","middle","nm_011119","10.1186/1741-7007-7-25"
"10.1016/j.molcel.2020.11.037","Victor Tarabykin","middle","nm_011119","10.1007/s00335-013-9486-7"
"10.1016/j.molcel.2020.11.037","Victor Tarabykin","middle","nm_011119","10.3390/ijms21072609"
"10.1016/j.molcel.2020.11.037","Imre Vida","middle","6swa","10.7554/elife.80980"
"10.1016/j.molcel.2020.11.037","Imre Vida","middle","nm_011119","10.1371/journal.pone.0067068"
"10.1016/j.molcel.2020.11.037","Imre Vida","middle","nm_011119","10.1186/1741-7007-7-25"
"10.1016/j.molcel.2020.11.037","Imre Vida","middle","nm_011119","10.1007/s00335-013-9486-7"
"10.1016/j.molcel.2020.11.037","Imre Vida","middle","nm_011119","10.3390/ijms21072609"
"10.1016/j.molcel.2020.11.037","C.M.T. Spahn","last","6swa","10.7554/elife.80980"
"10.1016/j.molcel.2020.11.037","C.M.T. Spahn","last","nm_011119","10.1371/journal.pone.0067068"
"10.1016/j.molcel.2020.11.037","C.M.T. Spahn","last","nm_011119","10.1186/1741-7007-7-25"
"10.1016/j.molcel.2020.11.037","C.M.T. Spahn","last","nm_011119","10.1007/s00335-013-9486-7"
"10.1016/j.molcel.2020.11.037","C.M.T. Spahn","last","nm_011119","10.3390/ijms21072609"
"10.1016/j.stem.2021.03.017","Simon Haas","middle","gse151333","10.1016/j.jbc.2021.100563"
"10.1038/s41375-022-01751-6","Patrı́cia Silva","middle","gse146173","10.1371/journal.pone.0247093"
"10.1038/s41375-022-01751-6","Patrı́cia Silva","middle","gse146173","10.1155/2023/9988405"
"10.1038/s41375-022-01751-6","Patrı́cia Silva","middle","gse146173","10.1155/2022/7727424"
"10.1038/s41375-022-01751-6","Patrı́cia Silva","middle","gse146173","10.3389/fonc.2022.888570"
"10.1038/s41380-022-01800-7","Andreas Heinz","middle","nm_181726","10.18632/oncotarget.22150"
"10.1038/s41380-022-01800-7","Henrik Walter","middle","nm_181726","10.18632/oncotarget.22150"
"10.1038/s41467-020-17467-z","Kolja Schleich","first","gse4475","10.3389/fimmu.2022.1036239"
"10.1038/s41467-020-17467-z","Kolja Schleich","first","gse4475","10.1186/s12943-022-01687-6"
"10.1038/s41467-020-17467-z","Kolja Schleich","first","gse4475","10.1177/15330338221147772"
"10.1038/s41467-020-17467-z","Kolja Schleich","first","gse4475","10.3390/cancers11010088"
"10.1038/s41467-020-17467-z","Kolja Schleich","first","gse4475","10.1016/j.omtn.2022.01.015"
"10.1038/s41467-020-17467-z","Kolja Schleich","first","gse4475","10.1371/journal.pone.0019322"
"10.1038/s41467-020-17467-z","Kolja Schleich","first","gse4475","10.3389/fimmu.2022.900273"
"10.1038/s41467-020-17467-z","Kolja Schleich","first","gse4475","10.3389/fgene.2023.1093163"
"10.1038/s41467-020-17467-z","Kolja Schleich","first","gse4475","10.7150/jca.64661"
"10.1038/s41467-020-17467-z","Kolja Schleich","first","gse4475","10.7150/jca.27655"
"10.1038/s41467-020-17467-z","Kolja Schleich","first","gse4475","10.1073/pnas.2215376120"
"10.1038/s41467-020-17467-z","Kolja Schleich","first","gse4475","10.1158/0008-5472.can-21-1168"
"10.1038/s41467-020-17467-z","Kolja Schleich","first","gse4475","10.1186/s13073-015-0218-3"
"10.1038/s41467-020-17467-z","Kolja Schleich","first","gse4475","10.18632/oncotarget.774"
"10.1038/s41467-020-17467-z","Kolja Schleich","first","gse4475","10.1038/s41467-020-16447-7"
"10.1038/s41467-020-17467-z","Kolja Schleich","first","gse4475","10.1186/1755-8794-2-18"
"10.1038/s41467-020-17467-z","Kolja Schleich","first","gse4475","10.3390/biom12121835"
"10.1038/s41467-020-17467-z","Kolja Schleich","first","gse4475","10.1038/ncomms16041"
"10.1038/s41467-020-17467-z","Kolja Schleich","first","gse4475","10.1371/journal.pone.0055895"
"10.1038/s41467-020-17467-z","Kolja Schleich","first","gse4475","10.1038/s41598-021-00746-0"
"10.1038/s41467-020-17467-z","Kolja Schleich","first","gse4475","10.3390/biology2041411"
"10.1038/s41467-020-17467-z","Kolja Schleich","first","gse4475","10.18632/oncotarget.1637"
"10.1038/s41467-020-17467-z","Kolja Schleich","first","gse4475","10.1158/2159-8290.cd-20-1378"
"10.1038/s41467-020-17467-z","Kolja Schleich","first","gse4475","10.1093/nar/gku451"
"10.1038/s41467-020-17467-z","Kolja Schleich","first","gse4475","10.1186/1471-2105-14-s3-s8"
"10.1038/s41467-020-17467-z","Kolja Schleich","first","gse4475","10.1186/1471-2407-10-586"
"10.1038/s41467-020-17467-z","Kolja Schleich","first","gse4475","10.1186/1471-2105-8-415"
"10.1038/s41467-020-17467-z","Kolja Schleich","first","gse4475","10.1038/ncomms3598"
"10.1038/s41467-020-17467-z","Kolja Schleich","first","gse4475","10.1002/emmm.201202034"
"10.1038/s41467-020-17467-z","Kolja Schleich","first","gse4475","10.1038/s41598-019-48721-0"
"10.1038/s41467-020-17467-z","Kolja Schleich","first","gse4475","10.1158/2326-6066.cir-21-0813"
"10.1038/s41467-020-17467-z","Kolja Schleich","first","gse4475","10.1371/journal.pone.0024617"
"10.1038/s41467-020-17467-z","Kolja Schleich","first","gse4475","10.1186/s13073-015-0187-6"
"10.1038/s41467-020-17467-z","Kolja Schleich","first","gse4475","10.3389/fonc.2022.970544"
"10.1038/s41467-020-17467-z","Kolja Schleich","first","gse4475","10.18632/aging.100096"
"10.1038/s41467-020-17467-z","Kolja Schleich","first","gse4475","10.3389/fonc.2021.691199"
"10.1038/s41467-020-17467-z","Kolja Schleich","first","gse4475","10.3389/fphar.2021.785981"
"10.1038/s41467-020-17467-z","Kolja Schleich","first","gse4475","10.1371/journal.pone.0106788"
"10.1038/s41467-020-17467-z","Kolja Schleich","first","gse4475","10.1186/s12943-017-0580-4"
"10.1038/s41467-020-17467-z","Kolja Schleich","first","gse4475","10.3389/fonc.2020.01520"
"10.1038/s41467-020-17467-z","Kolja Schleich","first","gse4475","10.1002/cjp2.266"
"10.1038/s41467-020-17467-z","Kolja Schleich","first","gse4475","10.3389/fgene.2021.648800"
"10.1038/s41467-020-17467-z","Kolja Schleich","first","gse4475","10.3389/fmolb.2021.745649"
"10.1038/s41467-020-17467-z","Kolja Schleich","first","gse4475","10.7150/ijbs.53312"
"10.1038/s41467-020-17467-z","Kolja Schleich","first","gse4475","10.1155/2022/8115474"
"10.1038/s41467-020-17467-z","Kolja Schleich","first","gse4475","10.1038/bcj.2015.40"
"10.1038/s41467-020-17467-z","Julia Kase","middle","gse4475","10.3389/fimmu.2022.1036239"
"10.1038/s41467-020-17467-z","Julia Kase","middle","gse4475","10.1186/s12943-022-01687-6"
"10.1038/s41467-020-17467-z","Julia Kase","middle","gse4475","10.1177/15330338221147772"
"10.1038/s41467-020-17467-z","Julia Kase","middle","gse4475","10.3390/cancers11010088"
"10.1038/s41467-020-17467-z","Julia Kase","middle","gse4475","10.1016/j.omtn.2022.01.015"
"10.1038/s41467-020-17467-z","Julia Kase","middle","gse4475","10.1371/journal.pone.0019322"
"10.1038/s41467-020-17467-z","Julia Kase","middle","gse4475","10.3389/fimmu.2022.900273"
"10.1038/s41467-020-17467-z","Julia Kase","middle","gse4475","10.3389/fgene.2023.1093163"
"10.1038/s41467-020-17467-z","Julia Kase","middle","gse4475","10.7150/jca.64661"
"10.1038/s41467-020-17467-z","Julia Kase","middle","gse4475","10.7150/jca.27655"
"10.1038/s41467-020-17467-z","Julia Kase","middle","gse4475","10.1073/pnas.2215376120"
"10.1038/s41467-020-17467-z","Julia Kase","middle","gse4475","10.1158/0008-5472.can-21-1168"
"10.1038/s41467-020-17467-z","Julia Kase","middle","gse4475","10.1186/s13073-015-0218-3"
"10.1038/s41467-020-17467-z","Julia Kase","middle","gse4475","10.18632/oncotarget.774"
"10.1038/s41467-020-17467-z","Julia Kase","middle","gse4475","10.1038/s41467-020-16447-7"
"10.1038/s41467-020-17467-z","Julia Kase","middle","gse4475","10.1186/1755-8794-2-18"
"10.1038/s41467-020-17467-z","Julia Kase","middle","gse4475","10.3390/biom12121835"
"10.1038/s41467-020-17467-z","Julia Kase","middle","gse4475","10.1038/ncomms16041"
"10.1038/s41467-020-17467-z","Julia Kase","middle","gse4475","10.1371/journal.pone.0055895"
"10.1038/s41467-020-17467-z","Julia Kase","middle","gse4475","10.1038/s41598-021-00746-0"
"10.1038/s41467-020-17467-z","Julia Kase","middle","gse4475","10.3390/biology2041411"
"10.1038/s41467-020-17467-z","Julia Kase","middle","gse4475","10.18632/oncotarget.1637"
"10.1038/s41467-020-17467-z","Julia Kase","middle","gse4475","10.1158/2159-8290.cd-20-1378"
"10.1038/s41467-020-17467-z","Julia Kase","middle","gse4475","10.1093/nar/gku451"
"10.1038/s41467-020-17467-z","Julia Kase","middle","gse4475","10.1186/1471-2105-14-s3-s8"
"10.1038/s41467-020-17467-z","Julia Kase","middle","gse4475","10.1186/1471-2407-10-586"
"10.1038/s41467-020-17467-z","Julia Kase","middle","gse4475","10.1186/1471-2105-8-415"
"10.1038/s41467-020-17467-z","Julia Kase","middle","gse4475","10.1038/ncomms3598"
"10.1038/s41467-020-17467-z","Julia Kase","middle","gse4475","10.1002/emmm.201202034"
"10.1038/s41467-020-17467-z","Julia Kase","middle","gse4475","10.1038/s41598-019-48721-0"
"10.1038/s41467-020-17467-z","Julia Kase","middle","gse4475","10.1158/2326-6066.cir-21-0813"
"10.1038/s41467-020-17467-z","Julia Kase","middle","gse4475","10.1371/journal.pone.0024617"
"10.1038/s41467-020-17467-z","Julia Kase","middle","gse4475","10.1186/s13073-015-0187-6"
"10.1038/s41467-020-17467-z","Julia Kase","middle","gse4475","10.3389/fonc.2022.970544"
"10.1038/s41467-020-17467-z","Julia Kase","middle","gse4475","10.18632/aging.100096"
"10.1038/s41467-020-17467-z","Julia Kase","middle","gse4475","10.3389/fonc.2021.691199"
"10.1038/s41467-020-17467-z","Julia Kase","middle","gse4475","10.3389/fphar.2021.785981"
"10.1038/s41467-020-17467-z","Julia Kase","middle","gse4475","10.1371/journal.pone.0106788"
"10.1038/s41467-020-17467-z","Julia Kase","middle","gse4475","10.1186/s12943-017-0580-4"
"10.1038/s41467-020-17467-z","Julia Kase","middle","gse4475","10.3389/fonc.2020.01520"
"10.1038/s41467-020-17467-z","Julia Kase","middle","gse4475","10.1002/cjp2.266"
"10.1038/s41467-020-17467-z","Julia Kase","middle","gse4475","10.3389/fgene.2021.648800"
"10.1038/s41467-020-17467-z","Julia Kase","middle","gse4475","10.3389/fmolb.2021.745649"
"10.1038/s41467-020-17467-z","Julia Kase","middle","gse4475","10.7150/ijbs.53312"
"10.1038/s41467-020-17467-z","Julia Kase","middle","gse4475","10.1155/2022/8115474"
"10.1038/s41467-020-17467-z","Julia Kase","middle","gse4475","10.1038/bcj.2015.40"
"10.1038/s41467-020-17467-z","Jan R. Dörr","middle","gse4475","10.3389/fimmu.2022.1036239"
"10.1038/s41467-020-17467-z","Jan R. Dörr","middle","gse4475","10.1186/s12943-022-01687-6"
"10.1038/s41467-020-17467-z","Jan R. Dörr","middle","gse4475","10.1177/15330338221147772"
"10.1038/s41467-020-17467-z","Jan R. Dörr","middle","gse4475","10.3390/cancers11010088"
"10.1038/s41467-020-17467-z","Jan R. Dörr","middle","gse4475","10.1016/j.omtn.2022.01.015"
"10.1038/s41467-020-17467-z","Jan R. Dörr","middle","gse4475","10.1371/journal.pone.0019322"
"10.1038/s41467-020-17467-z","Jan R. Dörr","middle","gse4475","10.3389/fimmu.2022.900273"
"10.1038/s41467-020-17467-z","Jan R. Dörr","middle","gse4475","10.3389/fgene.2023.1093163"
"10.1038/s41467-020-17467-z","Jan R. Dörr","middle","gse4475","10.7150/jca.64661"
"10.1038/s41467-020-17467-z","Jan R. Dörr","middle","gse4475","10.7150/jca.27655"
"10.1038/s41467-020-17467-z","Jan R. Dörr","middle","gse4475","10.1073/pnas.2215376120"
"10.1038/s41467-020-17467-z","Jan R. Dörr","middle","gse4475","10.1158/0008-5472.can-21-1168"
"10.1038/s41467-020-17467-z","Jan R. Dörr","middle","gse4475","10.1186/s13073-015-0218-3"
"10.1038/s41467-020-17467-z","Jan R. Dörr","middle","gse4475","10.18632/oncotarget.774"
"10.1038/s41467-020-17467-z","Jan R. Dörr","middle","gse4475","10.1038/s41467-020-16447-7"
"10.1038/s41467-020-17467-z","Jan R. Dörr","middle","gse4475","10.1186/1755-8794-2-18"
"10.1038/s41467-020-17467-z","Jan R. Dörr","middle","gse4475","10.3390/biom12121835"
"10.1038/s41467-020-17467-z","Jan R. Dörr","middle","gse4475","10.1038/ncomms16041"
"10.1038/s41467-020-17467-z","Jan R. Dörr","middle","gse4475","10.1371/journal.pone.0055895"
"10.1038/s41467-020-17467-z","Jan R. Dörr","middle","gse4475","10.1038/s41598-021-00746-0"
"10.1038/s41467-020-17467-z","Jan R. Dörr","middle","gse4475","10.3390/biology2041411"
"10.1038/s41467-020-17467-z","Jan R. Dörr","middle","gse4475","10.18632/oncotarget.1637"
"10.1038/s41467-020-17467-z","Jan R. Dörr","middle","gse4475","10.1158/2159-8290.cd-20-1378"
"10.1038/s41467-020-17467-z","Jan R. Dörr","middle","gse4475","10.1093/nar/gku451"
"10.1038/s41467-020-17467-z","Jan R. Dörr","middle","gse4475","10.1186/1471-2105-14-s3-s8"
"10.1038/s41467-020-17467-z","Jan R. Dörr","middle","gse4475","10.1186/1471-2407-10-586"
"10.1038/s41467-020-17467-z","Jan R. Dörr","middle","gse4475","10.1186/1471-2105-8-415"
"10.1038/s41467-020-17467-z","Jan R. Dörr","middle","gse4475","10.1038/ncomms3598"
"10.1038/s41467-020-17467-z","Jan R. Dörr","middle","gse4475","10.1002/emmm.201202034"
"10.1038/s41467-020-17467-z","Jan R. Dörr","middle","gse4475","10.1038/s41598-019-48721-0"
"10.1038/s41467-020-17467-z","Jan R. Dörr","middle","gse4475","10.1158/2326-6066.cir-21-0813"
"10.1038/s41467-020-17467-z","Jan R. Dörr","middle","gse4475","10.1371/journal.pone.0024617"
"10.1038/s41467-020-17467-z","Jan R. Dörr","middle","gse4475","10.1186/s13073-015-0187-6"
"10.1038/s41467-020-17467-z","Jan R. Dörr","middle","gse4475","10.3389/fonc.2022.970544"
"10.1038/s41467-020-17467-z","Jan R. Dörr","middle","gse4475","10.18632/aging.100096"
"10.1038/s41467-020-17467-z","Jan R. Dörr","middle","gse4475","10.3389/fonc.2021.691199"
"10.1038/s41467-020-17467-z","Jan R. Dörr","middle","gse4475","10.3389/fphar.2021.785981"
"10.1038/s41467-020-17467-z","Jan R. Dörr","middle","gse4475","10.1371/journal.pone.0106788"
"10.1038/s41467-020-17467-z","Jan R. Dörr","middle","gse4475","10.1186/s12943-017-0580-4"
"10.1038/s41467-020-17467-z","Jan R. Dörr","middle","gse4475","10.3389/fonc.2020.01520"
"10.1038/s41467-020-17467-z","Jan R. Dörr","middle","gse4475","10.1002/cjp2.266"
"10.1038/s41467-020-17467-z","Jan R. Dörr","middle","gse4475","10.3389/fgene.2021.648800"
"10.1038/s41467-020-17467-z","Jan R. Dörr","middle","gse4475","10.3389/fmolb.2021.745649"
"10.1038/s41467-020-17467-z","Jan R. Dörr","middle","gse4475","10.7150/ijbs.53312"
"10.1038/s41467-020-17467-z","Jan R. Dörr","middle","gse4475","10.1155/2022/8115474"
"10.1038/s41467-020-17467-z","Jan R. Dörr","middle","gse4475","10.1038/bcj.2015.40"
"10.1038/s41467-020-17467-z","Animesh Bhattacharya","middle","gse4475","10.3389/fimmu.2022.1036239"
"10.1038/s41467-020-17467-z","Animesh Bhattacharya","middle","gse4475","10.1186/s12943-022-01687-6"
"10.1038/s41467-020-17467-z","Animesh Bhattacharya","middle","gse4475","10.1177/15330338221147772"
"10.1038/s41467-020-17467-z","Animesh Bhattacharya","middle","gse4475","10.3390/cancers11010088"
"10.1038/s41467-020-17467-z","Animesh Bhattacharya","middle","gse4475","10.1016/j.omtn.2022.01.015"
"10.1038/s41467-020-17467-z","Animesh Bhattacharya","middle","gse4475","10.1371/journal.pone.0019322"
"10.1038/s41467-020-17467-z","Animesh Bhattacharya","middle","gse4475","10.3389/fimmu.2022.900273"
"10.1038/s41467-020-17467-z","Animesh Bhattacharya","middle","gse4475","10.3389/fgene.2023.1093163"
"10.1038/s41467-020-17467-z","Animesh Bhattacharya","middle","gse4475","10.7150/jca.64661"
"10.1038/s41467-020-17467-z","Animesh Bhattacharya","middle","gse4475","10.7150/jca.27655"
"10.1038/s41467-020-17467-z","Animesh Bhattacharya","middle","gse4475","10.1073/pnas.2215376120"
"10.1038/s41467-020-17467-z","Animesh Bhattacharya","middle","gse4475","10.1158/0008-5472.can-21-1168"
"10.1038/s41467-020-17467-z","Animesh Bhattacharya","middle","gse4475","10.1186/s13073-015-0218-3"
"10.1038/s41467-020-17467-z","Animesh Bhattacharya","middle","gse4475","10.18632/oncotarget.774"
"10.1038/s41467-020-17467-z","Animesh Bhattacharya","middle","gse4475","10.1038/s41467-020-16447-7"
"10.1038/s41467-020-17467-z","Animesh Bhattacharya","middle","gse4475","10.1186/1755-8794-2-18"
"10.1038/s41467-020-17467-z","Animesh Bhattacharya","middle","gse4475","10.3390/biom12121835"
"10.1038/s41467-020-17467-z","Animesh Bhattacharya","middle","gse4475","10.1038/ncomms16041"
"10.1038/s41467-020-17467-z","Animesh Bhattacharya","middle","gse4475","10.1371/journal.pone.0055895"
"10.1038/s41467-020-17467-z","Animesh Bhattacharya","middle","gse4475","10.1038/s41598-021-00746-0"
"10.1038/s41467-020-17467-z","Animesh Bhattacharya","middle","gse4475","10.3390/biology2041411"
"10.1038/s41467-020-17467-z","Animesh Bhattacharya","middle","gse4475","10.18632/oncotarget.1637"
"10.1038/s41467-020-17467-z","Animesh Bhattacharya","middle","gse4475","10.1158/2159-8290.cd-20-1378"
"10.1038/s41467-020-17467-z","Animesh Bhattacharya","middle","gse4475","10.1093/nar/gku451"
"10.1038/s41467-020-17467-z","Animesh Bhattacharya","middle","gse4475","10.1186/1471-2105-14-s3-s8"
"10.1038/s41467-020-17467-z","Animesh Bhattacharya","middle","gse4475","10.1186/1471-2407-10-586"
"10.1038/s41467-020-17467-z","Animesh Bhattacharya","middle","gse4475","10.1186/1471-2105-8-415"
"10.1038/s41467-020-17467-z","Animesh Bhattacharya","middle","gse4475","10.1038/ncomms3598"
"10.1038/s41467-020-17467-z","Animesh Bhattacharya","middle","gse4475","10.1002/emmm.201202034"
"10.1038/s41467-020-17467-z","Animesh Bhattacharya","middle","gse4475","10.1038/s41598-019-48721-0"
"10.1038/s41467-020-17467-z","Animesh Bhattacharya","middle","gse4475","10.1158/2326-6066.cir-21-0813"
"10.1038/s41467-020-17467-z","Animesh Bhattacharya","middle","gse4475","10.1371/journal.pone.0024617"
"10.1038/s41467-020-17467-z","Animesh Bhattacharya","middle","gse4475","10.1186/s13073-015-0187-6"
"10.1038/s41467-020-17467-z","Animesh Bhattacharya","middle","gse4475","10.3389/fonc.2022.970544"
"10.1038/s41467-020-17467-z","Animesh Bhattacharya","middle","gse4475","10.18632/aging.100096"
"10.1038/s41467-020-17467-z","Animesh Bhattacharya","middle","gse4475","10.3389/fonc.2021.691199"
"10.1038/s41467-020-17467-z","Animesh Bhattacharya","middle","gse4475","10.3389/fphar.2021.785981"
"10.1038/s41467-020-17467-z","Animesh Bhattacharya","middle","gse4475","10.1371/journal.pone.0106788"
"10.1038/s41467-020-17467-z","Animesh Bhattacharya","middle","gse4475","10.1186/s12943-017-0580-4"
"10.1038/s41467-020-17467-z","Animesh Bhattacharya","middle","gse4475","10.3389/fonc.2020.01520"
"10.1038/s41467-020-17467-z","Animesh Bhattacharya","middle","gse4475","10.1002/cjp2.266"
"10.1038/s41467-020-17467-z","Animesh Bhattacharya","middle","gse4475","10.3389/fgene.2021.648800"
"10.1038/s41467-020-17467-z","Animesh Bhattacharya","middle","gse4475","10.3389/fmolb.2021.745649"
"10.1038/s41467-020-17467-z","Animesh Bhattacharya","middle","gse4475","10.7150/ijbs.53312"
"10.1038/s41467-020-17467-z","Animesh Bhattacharya","middle","gse4475","10.1155/2022/8115474"
"10.1038/s41467-020-17467-z","Animesh Bhattacharya","middle","gse4475","10.1038/bcj.2015.40"
"10.1038/s41467-020-17467-z","Elizabeth M. Wailes","middle","gse4475","10.3389/fimmu.2022.1036239"
"10.1038/s41467-020-17467-z","Elizabeth M. Wailes","middle","gse4475","10.1186/s12943-022-01687-6"
"10.1038/s41467-020-17467-z","Elizabeth M. Wailes","middle","gse4475","10.1177/15330338221147772"
"10.1038/s41467-020-17467-z","Elizabeth M. Wailes","middle","gse4475","10.3390/cancers11010088"
"10.1038/s41467-020-17467-z","Elizabeth M. Wailes","middle","gse4475","10.1016/j.omtn.2022.01.015"
"10.1038/s41467-020-17467-z","Elizabeth M. Wailes","middle","gse4475","10.1371/journal.pone.0019322"
"10.1038/s41467-020-17467-z","Elizabeth M. Wailes","middle","gse4475","10.3389/fimmu.2022.900273"
"10.1038/s41467-020-17467-z","Elizabeth M. Wailes","middle","gse4475","10.3389/fgene.2023.1093163"
"10.1038/s41467-020-17467-z","Elizabeth M. Wailes","middle","gse4475","10.7150/jca.64661"
"10.1038/s41467-020-17467-z","Elizabeth M. Wailes","middle","gse4475","10.7150/jca.27655"
"10.1038/s41467-020-17467-z","Elizabeth M. Wailes","middle","gse4475","10.1073/pnas.2215376120"
"10.1038/s41467-020-17467-z","Elizabeth M. Wailes","middle","gse4475","10.1158/0008-5472.can-21-1168"
"10.1038/s41467-020-17467-z","Elizabeth M. Wailes","middle","gse4475","10.1186/s13073-015-0218-3"
"10.1038/s41467-020-17467-z","Elizabeth M. Wailes","middle","gse4475","10.18632/oncotarget.774"
"10.1038/s41467-020-17467-z","Elizabeth M. Wailes","middle","gse4475","10.1038/s41467-020-16447-7"
"10.1038/s41467-020-17467-z","Elizabeth M. Wailes","middle","gse4475","10.1186/1755-8794-2-18"
"10.1038/s41467-020-17467-z","Elizabeth M. Wailes","middle","gse4475","10.3390/biom12121835"
"10.1038/s41467-020-17467-z","Elizabeth M. Wailes","middle","gse4475","10.1038/ncomms16041"
"10.1038/s41467-020-17467-z","Elizabeth M. Wailes","middle","gse4475","10.1371/journal.pone.0055895"
"10.1038/s41467-020-17467-z","Elizabeth M. Wailes","middle","gse4475","10.1038/s41598-021-00746-0"
"10.1038/s41467-020-17467-z","Elizabeth M. Wailes","middle","gse4475","10.3390/biology2041411"
"10.1038/s41467-020-17467-z","Elizabeth M. Wailes","middle","gse4475","10.18632/oncotarget.1637"
"10.1038/s41467-020-17467-z","Elizabeth M. Wailes","middle","gse4475","10.1158/2159-8290.cd-20-1378"
"10.1038/s41467-020-17467-z","Elizabeth M. Wailes","middle","gse4475","10.1093/nar/gku451"
"10.1038/s41467-020-17467-z","Elizabeth M. Wailes","middle","gse4475","10.1186/1471-2105-14-s3-s8"
"10.1038/s41467-020-17467-z","Elizabeth M. Wailes","middle","gse4475","10.1186/1471-2407-10-586"
"10.1038/s41467-020-17467-z","Elizabeth M. Wailes","middle","gse4475","10.1186/1471-2105-8-415"
"10.1038/s41467-020-17467-z","Elizabeth M. Wailes","middle","gse4475","10.1038/ncomms3598"
"10.1038/s41467-020-17467-z","Elizabeth M. Wailes","middle","gse4475","10.1002/emmm.201202034"
"10.1038/s41467-020-17467-z","Elizabeth M. Wailes","middle","gse4475","10.1038/s41598-019-48721-0"
"10.1038/s41467-020-17467-z","Elizabeth M. Wailes","middle","gse4475","10.1158/2326-6066.cir-21-0813"
"10.1038/s41467-020-17467-z","Elizabeth M. Wailes","middle","gse4475","10.1371/journal.pone.0024617"
"10.1038/s41467-020-17467-z","Elizabeth M. Wailes","middle","gse4475","10.1186/s13073-015-0187-6"
"10.1038/s41467-020-17467-z","Elizabeth M. Wailes","middle","gse4475","10.3389/fonc.2022.970544"
"10.1038/s41467-020-17467-z","Elizabeth M. Wailes","middle","gse4475","10.18632/aging.100096"
"10.1038/s41467-020-17467-z","Elizabeth M. Wailes","middle","gse4475","10.3389/fonc.2021.691199"
"10.1038/s41467-020-17467-z","Elizabeth M. Wailes","middle","gse4475","10.3389/fphar.2021.785981"
"10.1038/s41467-020-17467-z","Elizabeth M. Wailes","middle","gse4475","10.1371/journal.pone.0106788"
"10.1038/s41467-020-17467-z","Elizabeth M. Wailes","middle","gse4475","10.1186/s12943-017-0580-4"
"10.1038/s41467-020-17467-z","Elizabeth M. Wailes","middle","gse4475","10.3389/fonc.2020.01520"
"10.1038/s41467-020-17467-z","Elizabeth M. Wailes","middle","gse4475","10.1002/cjp2.266"
"10.1038/s41467-020-17467-z","Elizabeth M. Wailes","middle","gse4475","10.3389/fgene.2021.648800"
"10.1038/s41467-020-17467-z","Elizabeth M. Wailes","middle","gse4475","10.3389/fmolb.2021.745649"
"10.1038/s41467-020-17467-z","Elizabeth M. Wailes","middle","gse4475","10.7150/ijbs.53312"
"10.1038/s41467-020-17467-z","Elizabeth M. Wailes","middle","gse4475","10.1155/2022/8115474"
"10.1038/s41467-020-17467-z","Elizabeth M. Wailes","middle","gse4475","10.1038/bcj.2015.40"
"10.1038/s41467-020-17467-z","Dorothy Ngo-Yin Fan","middle","gse4475","10.3389/fimmu.2022.1036239"
"10.1038/s41467-020-17467-z","Dorothy Ngo-Yin Fan","middle","gse4475","10.1186/s12943-022-01687-6"
"10.1038/s41467-020-17467-z","Dorothy Ngo-Yin Fan","middle","gse4475","10.1177/15330338221147772"
"10.1038/s41467-020-17467-z","Dorothy Ngo-Yin Fan","middle","gse4475","10.3390/cancers11010088"
"10.1038/s41467-020-17467-z","Dorothy Ngo-Yin Fan","middle","gse4475","10.1016/j.omtn.2022.01.015"
"10.1038/s41467-020-17467-z","Dorothy Ngo-Yin Fan","middle","gse4475","10.1371/journal.pone.0019322"
"10.1038/s41467-020-17467-z","Dorothy Ngo-Yin Fan","middle","gse4475","10.3389/fimmu.2022.900273"
"10.1038/s41467-020-17467-z","Dorothy Ngo-Yin Fan","middle","gse4475","10.3389/fgene.2023.1093163"
"10.1038/s41467-020-17467-z","Dorothy Ngo-Yin Fan","middle","gse4475","10.7150/jca.64661"
"10.1038/s41467-020-17467-z","Dorothy Ngo-Yin Fan","middle","gse4475","10.7150/jca.27655"
"10.1038/s41467-020-17467-z","Dorothy Ngo-Yin Fan","middle","gse4475","10.1073/pnas.2215376120"
"10.1038/s41467-020-17467-z","Dorothy Ngo-Yin Fan","middle","gse4475","10.1158/0008-5472.can-21-1168"
"10.1038/s41467-020-17467-z","Dorothy Ngo-Yin Fan","middle","gse4475","10.1186/s13073-015-0218-3"
"10.1038/s41467-020-17467-z","Dorothy Ngo-Yin Fan","middle","gse4475","10.18632/oncotarget.774"
"10.1038/s41467-020-17467-z","Dorothy Ngo-Yin Fan","middle","gse4475","10.1038/s41467-020-16447-7"
"10.1038/s41467-020-17467-z","Dorothy Ngo-Yin Fan","middle","gse4475","10.1186/1755-8794-2-18"
"10.1038/s41467-020-17467-z","Dorothy Ngo-Yin Fan","middle","gse4475","10.3390/biom12121835"
"10.1038/s41467-020-17467-z","Dorothy Ngo-Yin Fan","middle","gse4475","10.1038/ncomms16041"
"10.1038/s41467-020-17467-z","Dorothy Ngo-Yin Fan","middle","gse4475","10.1371/journal.pone.0055895"
"10.1038/s41467-020-17467-z","Dorothy Ngo-Yin Fan","middle","gse4475","10.1038/s41598-021-00746-0"
"10.1038/s41467-020-17467-z","Dorothy Ngo-Yin Fan","middle","gse4475","10.3390/biology2041411"
"10.1038/s41467-020-17467-z","Dorothy Ngo-Yin Fan","middle","gse4475","10.18632/oncotarget.1637"
"10.1038/s41467-020-17467-z","Dorothy Ngo-Yin Fan","middle","gse4475","10.1158/2159-8290.cd-20-1378"
"10.1038/s41467-020-17467-z","Dorothy Ngo-Yin Fan","middle","gse4475","10.1093/nar/gku451"
"10.1038/s41467-020-17467-z","Dorothy Ngo-Yin Fan","middle","gse4475","10.1186/1471-2105-14-s3-s8"
"10.1038/s41467-020-17467-z","Dorothy Ngo-Yin Fan","middle","gse4475","10.1186/1471-2407-10-586"
"10.1038/s41467-020-17467-z","Dorothy Ngo-Yin Fan","middle","gse4475","10.1186/1471-2105-8-415"
"10.1038/s41467-020-17467-z","Dorothy Ngo-Yin Fan","middle","gse4475","10.1038/ncomms3598"
"10.1038/s41467-020-17467-z","Dorothy Ngo-Yin Fan","middle","gse4475","10.1002/emmm.201202034"
"10.1038/s41467-020-17467-z","Dorothy Ngo-Yin Fan","middle","gse4475","10.1038/s41598-019-48721-0"
"10.1038/s41467-020-17467-z","Dorothy Ngo-Yin Fan","middle","gse4475","10.1158/2326-6066.cir-21-0813"
"10.1038/s41467-020-17467-z","Dorothy Ngo-Yin Fan","middle","gse4475","10.1371/journal.pone.0024617"
"10.1038/s41467-020-17467-z","Dorothy Ngo-Yin Fan","middle","gse4475","10.1186/s13073-015-0187-6"
"10.1038/s41467-020-17467-z","Dorothy Ngo-Yin Fan","middle","gse4475","10.3389/fonc.2022.970544"
"10.1038/s41467-020-17467-z","Dorothy Ngo-Yin Fan","middle","gse4475","10.18632/aging.100096"
"10.1038/s41467-020-17467-z","Dorothy Ngo-Yin Fan","middle","gse4475","10.3389/fonc.2021.691199"
"10.1038/s41467-020-17467-z","Dorothy Ngo-Yin Fan","middle","gse4475","10.3389/fphar.2021.785981"
"10.1038/s41467-020-17467-z","Dorothy Ngo-Yin Fan","middle","gse4475","10.1371/journal.pone.0106788"
"10.1038/s41467-020-17467-z","Dorothy Ngo-Yin Fan","middle","gse4475","10.1186/s12943-017-0580-4"
"10.1038/s41467-020-17467-z","Dorothy Ngo-Yin Fan","middle","gse4475","10.3389/fonc.2020.01520"
"10.1038/s41467-020-17467-z","Dorothy Ngo-Yin Fan","middle","gse4475","10.1002/cjp2.266"
"10.1038/s41467-020-17467-z","Dorothy Ngo-Yin Fan","middle","gse4475","10.3389/fgene.2021.648800"
"10.1038/s41467-020-17467-z","Dorothy Ngo-Yin Fan","middle","gse4475","10.3389/fmolb.2021.745649"
"10.1038/s41467-020-17467-z","Dorothy Ngo-Yin Fan","middle","gse4475","10.7150/ijbs.53312"
"10.1038/s41467-020-17467-z","Dorothy Ngo-Yin Fan","middle","gse4475","10.1155/2022/8115474"
"10.1038/s41467-020-17467-z","Dorothy Ngo-Yin Fan","middle","gse4475","10.1038/bcj.2015.40"
"10.1038/s41467-020-17467-z","Maja Milanovic","middle","gse4475","10.3389/fimmu.2022.1036239"
"10.1038/s41467-020-17467-z","Maja Milanovic","middle","gse4475","10.1186/s12943-022-01687-6"
"10.1038/s41467-020-17467-z","Maja Milanovic","middle","gse4475","10.1177/15330338221147772"
"10.1038/s41467-020-17467-z","Maja Milanovic","middle","gse4475","10.3390/cancers11010088"
"10.1038/s41467-020-17467-z","Maja Milanovic","middle","gse4475","10.1016/j.omtn.2022.01.015"
"10.1038/s41467-020-17467-z","Maja Milanovic","middle","gse4475","10.1371/journal.pone.0019322"
"10.1038/s41467-020-17467-z","Maja Milanovic","middle","gse4475","10.3389/fimmu.2022.900273"
"10.1038/s41467-020-17467-z","Maja Milanovic","middle","gse4475","10.3389/fgene.2023.1093163"
"10.1038/s41467-020-17467-z","Maja Milanovic","middle","gse4475","10.7150/jca.64661"
"10.1038/s41467-020-17467-z","Maja Milanovic","middle","gse4475","10.7150/jca.27655"
"10.1038/s41467-020-17467-z","Maja Milanovic","middle","gse4475","10.1073/pnas.2215376120"
"10.1038/s41467-020-17467-z","Maja Milanovic","middle","gse4475","10.1158/0008-5472.can-21-1168"
"10.1038/s41467-020-17467-z","Maja Milanovic","middle","gse4475","10.1186/s13073-015-0218-3"
"10.1038/s41467-020-17467-z","Maja Milanovic","middle","gse4475","10.18632/oncotarget.774"
"10.1038/s41467-020-17467-z","Maja Milanovic","middle","gse4475","10.1038/s41467-020-16447-7"
"10.1038/s41467-020-17467-z","Maja Milanovic","middle","gse4475","10.1186/1755-8794-2-18"
"10.1038/s41467-020-17467-z","Maja Milanovic","middle","gse4475","10.3390/biom12121835"
"10.1038/s41467-020-17467-z","Maja Milanovic","middle","gse4475","10.1038/ncomms16041"
"10.1038/s41467-020-17467-z","Maja Milanovic","middle","gse4475","10.1371/journal.pone.0055895"
"10.1038/s41467-020-17467-z","Maja Milanovic","middle","gse4475","10.1038/s41598-021-00746-0"
"10.1038/s41467-020-17467-z","Maja Milanovic","middle","gse4475","10.3390/biology2041411"
"10.1038/s41467-020-17467-z","Maja Milanovic","middle","gse4475","10.18632/oncotarget.1637"
"10.1038/s41467-020-17467-z","Maja Milanovic","middle","gse4475","10.1158/2159-8290.cd-20-1378"
"10.1038/s41467-020-17467-z","Maja Milanovic","middle","gse4475","10.1093/nar/gku451"
"10.1038/s41467-020-17467-z","Maja Milanovic","middle","gse4475","10.1186/1471-2105-14-s3-s8"
"10.1038/s41467-020-17467-z","Maja Milanovic","middle","gse4475","10.1186/1471-2407-10-586"
"10.1038/s41467-020-17467-z","Maja Milanovic","middle","gse4475","10.1186/1471-2105-8-415"
"10.1038/s41467-020-17467-z","Maja Milanovic","middle","gse4475","10.1038/ncomms3598"
"10.1038/s41467-020-17467-z","Maja Milanovic","middle","gse4475","10.1002/emmm.201202034"
"10.1038/s41467-020-17467-z","Maja Milanovic","middle","gse4475","10.1038/s41598-019-48721-0"
"10.1038/s41467-020-17467-z","Maja Milanovic","middle","gse4475","10.1158/2326-6066.cir-21-0813"
"10.1038/s41467-020-17467-z","Maja Milanovic","middle","gse4475","10.1371/journal.pone.0024617"
"10.1038/s41467-020-17467-z","Maja Milanovic","middle","gse4475","10.1186/s13073-015-0187-6"
"10.1038/s41467-020-17467-z","Maja Milanovic","middle","gse4475","10.3389/fonc.2022.970544"
"10.1038/s41467-020-17467-z","Maja Milanovic","middle","gse4475","10.18632/aging.100096"
"10.1038/s41467-020-17467-z","Maja Milanovic","middle","gse4475","10.3389/fonc.2021.691199"
"10.1038/s41467-020-17467-z","Maja Milanovic","middle","gse4475","10.3389/fphar.2021.785981"
"10.1038/s41467-020-17467-z","Maja Milanovic","middle","gse4475","10.1371/journal.pone.0106788"
"10.1038/s41467-020-17467-z","Maja Milanovic","middle","gse4475","10.1186/s12943-017-0580-4"
"10.1038/s41467-020-17467-z","Maja Milanovic","middle","gse4475","10.3389/fonc.2020.01520"
"10.1038/s41467-020-17467-z","Maja Milanovic","middle","gse4475","10.1002/cjp2.266"
"10.1038/s41467-020-17467-z","Maja Milanovic","middle","gse4475","10.3389/fgene.2021.648800"
"10.1038/s41467-020-17467-z","Maja Milanovic","middle","gse4475","10.3389/fmolb.2021.745649"
"10.1038/s41467-020-17467-z","Maja Milanovic","middle","gse4475","10.7150/ijbs.53312"
"10.1038/s41467-020-17467-z","Maja Milanovic","middle","gse4475","10.1155/2022/8115474"
"10.1038/s41467-020-17467-z","Maja Milanovic","middle","gse4475","10.1038/bcj.2015.40"
"10.1038/s41467-020-17467-z","Andrea Lau","middle","gse4475","10.3389/fimmu.2022.1036239"
"10.1038/s41467-020-17467-z","Andrea Lau","middle","gse4475","10.1186/s12943-022-01687-6"
"10.1038/s41467-020-17467-z","Andrea Lau","middle","gse4475","10.1177/15330338221147772"
"10.1038/s41467-020-17467-z","Andrea Lau","middle","gse4475","10.3390/cancers11010088"
"10.1038/s41467-020-17467-z","Andrea Lau","middle","gse4475","10.1016/j.omtn.2022.01.015"
"10.1038/s41467-020-17467-z","Andrea Lau","middle","gse4475","10.1371/journal.pone.0019322"
"10.1038/s41467-020-17467-z","Andrea Lau","middle","gse4475","10.3389/fimmu.2022.900273"
"10.1038/s41467-020-17467-z","Andrea Lau","middle","gse4475","10.3389/fgene.2023.1093163"
"10.1038/s41467-020-17467-z","Andrea Lau","middle","gse4475","10.7150/jca.64661"
"10.1038/s41467-020-17467-z","Andrea Lau","middle","gse4475","10.7150/jca.27655"
"10.1038/s41467-020-17467-z","Andrea Lau","middle","gse4475","10.1073/pnas.2215376120"
"10.1038/s41467-020-17467-z","Andrea Lau","middle","gse4475","10.1158/0008-5472.can-21-1168"
"10.1038/s41467-020-17467-z","Andrea Lau","middle","gse4475","10.1186/s13073-015-0218-3"
"10.1038/s41467-020-17467-z","Andrea Lau","middle","gse4475","10.18632/oncotarget.774"
"10.1038/s41467-020-17467-z","Andrea Lau","middle","gse4475","10.1038/s41467-020-16447-7"
"10.1038/s41467-020-17467-z","Andrea Lau","middle","gse4475","10.1186/1755-8794-2-18"
"10.1038/s41467-020-17467-z","Andrea Lau","middle","gse4475","10.3390/biom12121835"
"10.1038/s41467-020-17467-z","Andrea Lau","middle","gse4475","10.1038/ncomms16041"
"10.1038/s41467-020-17467-z","Andrea Lau","middle","gse4475","10.1371/journal.pone.0055895"
"10.1038/s41467-020-17467-z","Andrea Lau","middle","gse4475","10.1038/s41598-021-00746-0"
"10.1038/s41467-020-17467-z","Andrea Lau","middle","gse4475","10.3390/biology2041411"
"10.1038/s41467-020-17467-z","Andrea Lau","middle","gse4475","10.18632/oncotarget.1637"
"10.1038/s41467-020-17467-z","Andrea Lau","middle","gse4475","10.1158/2159-8290.cd-20-1378"
"10.1038/s41467-020-17467-z","Andrea Lau","middle","gse4475","10.1093/nar/gku451"
"10.1038/s41467-020-17467-z","Andrea Lau","middle","gse4475","10.1186/1471-2105-14-s3-s8"
"10.1038/s41467-020-17467-z","Andrea Lau","middle","gse4475","10.1186/1471-2407-10-586"
"10.1038/s41467-020-17467-z","Andrea Lau","middle","gse4475","10.1186/1471-2105-8-415"
"10.1038/s41467-020-17467-z","Andrea Lau","middle","gse4475","10.1038/ncomms3598"
"10.1038/s41467-020-17467-z","Andrea Lau","middle","gse4475","10.1002/emmm.201202034"
"10.1038/s41467-020-17467-z","Andrea Lau","middle","gse4475","10.1038/s41598-019-48721-0"
"10.1038/s41467-020-17467-z","Andrea Lau","middle","gse4475","10.1158/2326-6066.cir-21-0813"
"10.1038/s41467-020-17467-z","Andrea Lau","middle","gse4475","10.1371/journal.pone.0024617"
"10.1038/s41467-020-17467-z","Andrea Lau","middle","gse4475","10.1186/s13073-015-0187-6"
"10.1038/s41467-020-17467-z","Andrea Lau","middle","gse4475","10.3389/fonc.2022.970544"
"10.1038/s41467-020-17467-z","Andrea Lau","middle","gse4475","10.18632/aging.100096"
"10.1038/s41467-020-17467-z","Andrea Lau","middle","gse4475","10.3389/fonc.2021.691199"
"10.1038/s41467-020-17467-z","Andrea Lau","middle","gse4475","10.3389/fphar.2021.785981"
"10.1038/s41467-020-17467-z","Andrea Lau","middle","gse4475","10.1371/journal.pone.0106788"
"10.1038/s41467-020-17467-z","Andrea Lau","middle","gse4475","10.1186/s12943-017-0580-4"
"10.1038/s41467-020-17467-z","Andrea Lau","middle","gse4475","10.3389/fonc.2020.01520"
"10.1038/s41467-020-17467-z","Andrea Lau","middle","gse4475","10.1002/cjp2.266"
"10.1038/s41467-020-17467-z","Andrea Lau","middle","gse4475","10.3389/fgene.2021.648800"
"10.1038/s41467-020-17467-z","Andrea Lau","middle","gse4475","10.3389/fmolb.2021.745649"
"10.1038/s41467-020-17467-z","Andrea Lau","middle","gse4475","10.7150/ijbs.53312"
"10.1038/s41467-020-17467-z","Andrea Lau","middle","gse4475","10.1155/2022/8115474"
"10.1038/s41467-020-17467-z","Andrea Lau","middle","gse4475","10.1038/bcj.2015.40"
"10.1038/s41467-020-17467-z","Dido Lenze","middle","gse4475","10.3389/fimmu.2022.1036239"
"10.1038/s41467-020-17467-z","Dido Lenze","middle","gse4475","10.1186/s12943-022-01687-6"
"10.1038/s41467-020-17467-z","Dido Lenze","middle","gse4475","10.1177/15330338221147772"
"10.1038/s41467-020-17467-z","Dido Lenze","middle","gse4475","10.3390/cancers11010088"
"10.1038/s41467-020-17467-z","Dido Lenze","middle","gse4475","10.1016/j.omtn.2022.01.015"
"10.1038/s41467-020-17467-z","Dido Lenze","middle","gse4475","10.1371/journal.pone.0019322"
"10.1038/s41467-020-17467-z","Dido Lenze","middle","gse4475","10.3389/fimmu.2022.900273"
"10.1038/s41467-020-17467-z","Dido Lenze","middle","gse4475","10.3389/fgene.2023.1093163"
"10.1038/s41467-020-17467-z","Dido Lenze","middle","gse4475","10.7150/jca.64661"
"10.1038/s41467-020-17467-z","Dido Lenze","middle","gse4475","10.7150/jca.27655"
"10.1038/s41467-020-17467-z","Dido Lenze","middle","gse4475","10.1073/pnas.2215376120"
"10.1038/s41467-020-17467-z","Dido Lenze","middle","gse4475","10.1158/0008-5472.can-21-1168"
"10.1038/s41467-020-17467-z","Dido Lenze","middle","gse4475","10.1186/s13073-015-0218-3"
"10.1038/s41467-020-17467-z","Dido Lenze","middle","gse4475","10.18632/oncotarget.774"
"10.1038/s41467-020-17467-z","Dido Lenze","middle","gse4475","10.1038/s41467-020-16447-7"
"10.1038/s41467-020-17467-z","Dido Lenze","middle","gse4475","10.1186/1755-8794-2-18"
"10.1038/s41467-020-17467-z","Dido Lenze","middle","gse4475","10.3390/biom12121835"
"10.1038/s41467-020-17467-z","Dido Lenze","middle","gse4475","10.1038/ncomms16041"
"10.1038/s41467-020-17467-z","Dido Lenze","middle","gse4475","10.1371/journal.pone.0055895"
"10.1038/s41467-020-17467-z","Dido Lenze","middle","gse4475","10.1038/s41598-021-00746-0"
"10.1038/s41467-020-17467-z","Dido Lenze","middle","gse4475","10.3390/biology2041411"
"10.1038/s41467-020-17467-z","Dido Lenze","middle","gse4475","10.18632/oncotarget.1637"
"10.1038/s41467-020-17467-z","Dido Lenze","middle","gse4475","10.1158/2159-8290.cd-20-1378"
"10.1038/s41467-020-17467-z","Dido Lenze","middle","gse4475","10.1093/nar/gku451"
"10.1038/s41467-020-17467-z","Dido Lenze","middle","gse4475","10.1186/1471-2105-14-s3-s8"
"10.1038/s41467-020-17467-z","Dido Lenze","middle","gse4475","10.1186/1471-2407-10-586"
"10.1038/s41467-020-17467-z","Dido Lenze","middle","gse4475","10.1186/1471-2105-8-415"
"10.1038/s41467-020-17467-z","Dido Lenze","middle","gse4475","10.1038/ncomms3598"
"10.1038/s41467-020-17467-z","Dido Lenze","middle","gse4475","10.1002/emmm.201202034"
"10.1038/s41467-020-17467-z","Dido Lenze","middle","gse4475","10.1038/s41598-019-48721-0"
"10.1038/s41467-020-17467-z","Dido Lenze","middle","gse4475","10.1158/2326-6066.cir-21-0813"
"10.1038/s41467-020-17467-z","Dido Lenze","middle","gse4475","10.1371/journal.pone.0024617"
"10.1038/s41467-020-17467-z","Dido Lenze","middle","gse4475","10.1186/s13073-015-0187-6"
"10.1038/s41467-020-17467-z","Dido Lenze","middle","gse4475","10.3389/fonc.2022.970544"
"10.1038/s41467-020-17467-z","Dido Lenze","middle","gse4475","10.18632/aging.100096"
"10.1038/s41467-020-17467-z","Dido Lenze","middle","gse4475","10.3389/fonc.2021.691199"
"10.1038/s41467-020-17467-z","Dido Lenze","middle","gse4475","10.3389/fphar.2021.785981"
"10.1038/s41467-020-17467-z","Dido Lenze","middle","gse4475","10.1371/journal.pone.0106788"
"10.1038/s41467-020-17467-z","Dido Lenze","middle","gse4475","10.1186/s12943-017-0580-4"
"10.1038/s41467-020-17467-z","Dido Lenze","middle","gse4475","10.3389/fonc.2020.01520"
"10.1038/s41467-020-17467-z","Dido Lenze","middle","gse4475","10.1002/cjp2.266"
"10.1038/s41467-020-17467-z","Dido Lenze","middle","gse4475","10.3389/fgene.2021.648800"
"10.1038/s41467-020-17467-z","Dido Lenze","middle","gse4475","10.3389/fmolb.2021.745649"
"10.1038/s41467-020-17467-z","Dido Lenze","middle","gse4475","10.7150/ijbs.53312"
"10.1038/s41467-020-17467-z","Dido Lenze","middle","gse4475","10.1155/2022/8115474"
"10.1038/s41467-020-17467-z","Dido Lenze","middle","gse4475","10.1038/bcj.2015.40"
"10.1038/s41467-020-17467-z","Maurice Reimann","middle","gse4475","10.3389/fimmu.2022.1036239"
"10.1038/s41467-020-17467-z","Maurice Reimann","middle","gse4475","10.1186/s12943-022-01687-6"
"10.1038/s41467-020-17467-z","Maurice Reimann","middle","gse4475","10.1177/15330338221147772"
"10.1038/s41467-020-17467-z","Maurice Reimann","middle","gse4475","10.3390/cancers11010088"
"10.1038/s41467-020-17467-z","Maurice Reimann","middle","gse4475","10.1016/j.omtn.2022.01.015"
"10.1038/s41467-020-17467-z","Maurice Reimann","middle","gse4475","10.1371/journal.pone.0019322"
"10.1038/s41467-020-17467-z","Maurice Reimann","middle","gse4475","10.3389/fimmu.2022.900273"
"10.1038/s41467-020-17467-z","Maurice Reimann","middle","gse4475","10.3389/fgene.2023.1093163"
"10.1038/s41467-020-17467-z","Maurice Reimann","middle","gse4475","10.7150/jca.64661"
"10.1038/s41467-020-17467-z","Maurice Reimann","middle","gse4475","10.7150/jca.27655"
"10.1038/s41467-020-17467-z","Maurice Reimann","middle","gse4475","10.1073/pnas.2215376120"
"10.1038/s41467-020-17467-z","Maurice Reimann","middle","gse4475","10.1158/0008-5472.can-21-1168"
"10.1038/s41467-020-17467-z","Maurice Reimann","middle","gse4475","10.1186/s13073-015-0218-3"
"10.1038/s41467-020-17467-z","Maurice Reimann","middle","gse4475","10.18632/oncotarget.774"
"10.1038/s41467-020-17467-z","Maurice Reimann","middle","gse4475","10.1038/s41467-020-16447-7"
"10.1038/s41467-020-17467-z","Maurice Reimann","middle","gse4475","10.1186/1755-8794-2-18"
"10.1038/s41467-020-17467-z","Maurice Reimann","middle","gse4475","10.3390/biom12121835"
"10.1038/s41467-020-17467-z","Maurice Reimann","middle","gse4475","10.1038/ncomms16041"
"10.1038/s41467-020-17467-z","Maurice Reimann","middle","gse4475","10.1371/journal.pone.0055895"
"10.1038/s41467-020-17467-z","Maurice Reimann","middle","gse4475","10.1038/s41598-021-00746-0"
"10.1038/s41467-020-17467-z","Maurice Reimann","middle","gse4475","10.3390/biology2041411"
"10.1038/s41467-020-17467-z","Maurice Reimann","middle","gse4475","10.18632/oncotarget.1637"
"10.1038/s41467-020-17467-z","Maurice Reimann","middle","gse4475","10.1158/2159-8290.cd-20-1378"
"10.1038/s41467-020-17467-z","Maurice Reimann","middle","gse4475","10.1093/nar/gku451"
"10.1038/s41467-020-17467-z","Maurice Reimann","middle","gse4475","10.1186/1471-2105-14-s3-s8"
"10.1038/s41467-020-17467-z","Maurice Reimann","middle","gse4475","10.1186/1471-2407-10-586"
"10.1038/s41467-020-17467-z","Maurice Reimann","middle","gse4475","10.1186/1471-2105-8-415"
"10.1038/s41467-020-17467-z","Maurice Reimann","middle","gse4475","10.1038/ncomms3598"
"10.1038/s41467-020-17467-z","Maurice Reimann","middle","gse4475","10.1002/emmm.201202034"
"10.1038/s41467-020-17467-z","Maurice Reimann","middle","gse4475","10.1038/s41598-019-48721-0"
"10.1038/s41467-020-17467-z","Maurice Reimann","middle","gse4475","10.1158/2326-6066.cir-21-0813"
"10.1038/s41467-020-17467-z","Maurice Reimann","middle","gse4475","10.1371/journal.pone.0024617"
"10.1038/s41467-020-17467-z","Maurice Reimann","middle","gse4475","10.1186/s13073-015-0187-6"
"10.1038/s41467-020-17467-z","Maurice Reimann","middle","gse4475","10.3389/fonc.2022.970544"
"10.1038/s41467-020-17467-z","Maurice Reimann","middle","gse4475","10.18632/aging.100096"
"10.1038/s41467-020-17467-z","Maurice Reimann","middle","gse4475","10.3389/fonc.2021.691199"
"10.1038/s41467-020-17467-z","Maurice Reimann","middle","gse4475","10.3389/fphar.2021.785981"
"10.1038/s41467-020-17467-z","Maurice Reimann","middle","gse4475","10.1371/journal.pone.0106788"
"10.1038/s41467-020-17467-z","Maurice Reimann","middle","gse4475","10.1186/s12943-017-0580-4"
"10.1038/s41467-020-17467-z","Maurice Reimann","middle","gse4475","10.3389/fonc.2020.01520"
"10.1038/s41467-020-17467-z","Maurice Reimann","middle","gse4475","10.1002/cjp2.266"
"10.1038/s41467-020-17467-z","Maurice Reimann","middle","gse4475","10.3389/fgene.2021.648800"
"10.1038/s41467-020-17467-z","Maurice Reimann","middle","gse4475","10.3389/fmolb.2021.745649"
"10.1038/s41467-020-17467-z","Maurice Reimann","middle","gse4475","10.7150/ijbs.53312"
"10.1038/s41467-020-17467-z","Maurice Reimann","middle","gse4475","10.1155/2022/8115474"
"10.1038/s41467-020-17467-z","Maurice Reimann","middle","gse4475","10.1038/bcj.2015.40"
"10.1038/s41467-020-18084-6","Markus Schuelke","middle","nm_002495","10.1093/brain/awq232"
"10.1038/s41467-020-18084-6","Markus Schuelke","middle","nm_002495","10.1186/s13287-017-0601-7"
"10.1038/s41467-020-18084-6","Markus Schuelke","middle","nm_002495","10.1093/brain/awab426"
"10.1038/s41467-020-18084-6","Markus Schuelke","middle","nm_002495","10.1038/s41467-022-29972-4"
"10.1038/s41467-020-18084-6","Markus Schuelke","middle","nm_002495","10.3390/ijms130911323"
"10.1038/s41467-020-18084-6","Markus Schuelke","middle","nm_002495","10.3390/ijms22158325"
"10.1038/s41467-020-18084-6","Markus Schuelke","middle","nm_002495","10.1155/2017/7202589"
"10.1038/s41467-020-18084-6","Markus Schuelke","middle","nm_002495","10.1002/path.5641"
"10.1038/s41467-021-22117-z","Josef Priller","middle","nm_003172","10.1186/s13023-016-0436-9"
"10.1038/s41467-021-22117-z","Josef Priller","middle","nm_003172","10.3389/fnins.2019.01324"
"10.1038/s41467-021-22117-z","Josef Priller","middle","nm_003172","10.1007/s10545-017-0042-6"
"10.1038/s41467-021-22117-z","Josef Priller","middle","nm_003172","10.1002/mgg3.945"
"10.1038/s41467-021-22117-z","Josef Priller","middle","nm_003172","10.3390/ijms22158325"
"10.1038/s41467-021-22117-z","Werner Stenzel","middle","nm_003172","10.1186/s13023-016-0436-9"
"10.1038/s41467-021-22117-z","Werner Stenzel","middle","nm_003172","10.3389/fnins.2019.01324"
"10.1038/s41467-021-22117-z","Werner Stenzel","middle","nm_003172","10.1007/s10545-017-0042-6"
"10.1038/s41467-021-22117-z","Werner Stenzel","middle","nm_003172","10.1002/mgg3.945"
"10.1038/s41467-021-22117-z","Werner Stenzel","middle","nm_003172","10.3390/ijms22158325"
"10.1038/s41467-021-22117-z","Sebastian Diecke","middle","nm_003172","10.1186/s13023-016-0436-9"
"10.1038/s41467-021-22117-z","Sebastian Diecke","middle","nm_003172","10.3389/fnins.2019.01324"
"10.1038/s41467-021-22117-z","Sebastian Diecke","middle","nm_003172","10.1007/s10545-017-0042-6"
"10.1038/s41467-021-22117-z","Sebastian Diecke","middle","nm_003172","10.1002/mgg3.945"
"10.1038/s41467-021-22117-z","Sebastian Diecke","middle","nm_003172","10.3390/ijms22158325"
"10.1038/s41467-021-22117-z","Markus Schuelke","middle","nm_003172","10.1186/s13023-016-0436-9"
"10.1038/s41467-021-22117-z","Markus Schuelke","middle","nm_003172","10.3389/fnins.2019.01324"
"10.1038/s41467-021-22117-z","Markus Schuelke","middle","nm_003172","10.1007/s10545-017-0042-6"
"10.1038/s41467-021-22117-z","Markus Schuelke","middle","nm_003172","10.1002/mgg3.945"
"10.1038/s41467-021-22117-z","Markus Schuelke","middle","nm_003172","10.3390/ijms22158325"
"10.1038/s41467-021-25030-7","Geraldine Nouailles","first","gse162208","10.1101/2022.03.15.484018"
"10.1038/s41467-021-25030-7","Geraldine Nouailles","first","gse162208","10.1021/acsomega.2c05376"
"10.1038/s41467-021-25030-7","Peter Pennitz","middle","gse162208","10.1101/2022.03.15.484018"
"10.1038/s41467-021-25030-7","Peter Pennitz","middle","gse162208","10.1021/acsomega.2c05376"
"10.1038/s41467-021-25030-7","Dylan Postmus","middle","gse162208","10.1101/2022.03.15.484018"
"10.1038/s41467-021-25030-7","Dylan Postmus","middle","gse162208","10.1021/acsomega.2c05376"
"10.1038/s41467-021-25030-7","Julia Kazmierski","middle","gse162208","10.1101/2022.03.15.484018"
"10.1038/s41467-021-25030-7","Julia Kazmierski","middle","gse162208","10.1021/acsomega.2c05376"
"10.1038/s41467-021-25030-7","Fabian Pott","middle","gse162208","10.1101/2022.03.15.484018"
"10.1038/s41467-021-25030-7","Fabian Pott","middle","gse162208","10.1021/acsomega.2c05376"
"10.1038/s41467-021-25030-7","Michael Muelleder","middle","gse162208","10.1101/2022.03.15.484018"
"10.1038/s41467-021-25030-7","Michael Muelleder","middle","gse162208","10.1021/acsomega.2c05376"
"10.1038/s41467-021-25030-7","Vadim Farztdinov","middle","gse162208","10.1101/2022.03.15.484018"
"10.1038/s41467-021-25030-7","Vadim Farztdinov","middle","gse162208","10.1021/acsomega.2c05376"
"10.1038/s41467-021-25030-7","Benedikt Obermayer","middle","gse162208","10.1101/2022.03.15.484018"
"10.1038/s41467-021-25030-7","Benedikt Obermayer","middle","gse162208","10.1021/acsomega.2c05376"
"10.1038/s41467-021-25030-7","Sandra-Maria Wienhold","middle","gse162208","10.1101/2022.03.15.484018"
"10.1038/s41467-021-25030-7","Sandra-Maria Wienhold","middle","gse162208","10.1021/acsomega.2c05376"
"10.1038/s41467-021-25030-7","Birgit Sawitzki","middle","gse162208","10.1101/2022.03.15.484018"
"10.1038/s41467-021-25030-7","Birgit Sawitzki","middle","gse162208","10.1021/acsomega.2c05376"
"10.1038/s41467-021-25030-7","Christian Drosten","middle","gse162208","10.1101/2022.03.15.484018"
"10.1038/s41467-021-25030-7","Christian Drosten","middle","gse162208","10.1021/acsomega.2c05376"
"10.1038/s41467-021-25030-7","Leif Erik Sander","middle","gse162208","10.1101/2022.03.15.484018"
"10.1038/s41467-021-25030-7","Leif Erik Sander","middle","gse162208","10.1021/acsomega.2c05376"
"10.1038/s41467-021-25030-7","Norbert Suttorp","middle","gse162208","10.1101/2022.03.15.484018"
"10.1038/s41467-021-25030-7","Norbert Suttorp","middle","gse162208","10.1021/acsomega.2c05376"
"10.1038/s41467-021-25030-7","Dieter Beule","middle","gse162208","10.1101/2022.03.15.484018"
"10.1038/s41467-021-25030-7","Dieter Beule","middle","gse162208","10.1021/acsomega.2c05376"
"10.1038/s41467-021-25030-7","Christine Goffinet","middle","gse162208","10.1101/2022.03.15.484018"
"10.1038/s41467-021-25030-7","Christine Goffinet","middle","gse162208","10.1021/acsomega.2c05376"
"10.1038/s41467-021-25030-7","Martin Witzenrath","last","gse162208","10.1101/2022.03.15.484018"
"10.1038/s41467-021-25030-7","Martin Witzenrath","last","gse162208","10.1021/acsomega.2c05376"
"10.1038/s41467-021-26061-w","Clara Bredow","middle","pxd018345","10.1128/msphere.00464-20"
"10.1038/s41467-021-26061-w","Clara Bredow","middle","pxd018345","10.1128/msphere.00463-20"
"10.1038/s41467-021-26061-w","Antje Beling","middle","pxd018345","10.1128/msphere.00464-20"
"10.1038/s41467-021-26061-w","Antje Beling","middle","pxd018345","10.1128/msphere.00463-20"
"10.1038/s41467-022-31492-0","Vadim Demichev","first","up000005640","10.1038/s41531-022-00423-7"
"10.1038/s41467-022-31492-0","Vadim Demichev","first","up000005640","10.21203/rs.3.rs-1521848/v1"
"10.1038/s41467-022-31492-0","Vadim Demichev","first","up000005640","10.1101/2022.12.06.519342"
"10.1038/s41467-022-31492-0","Vadim Demichev","first","up000005640","10.1073/pnas.2312676121"
"10.1038/s41467-022-31492-0","Vadim Demichev","first","up000005640","10.1038/s41467-023-37454-4"
"10.1038/s41467-022-31492-0","Vadim Demichev","first","up000005640","10.1101/2023.07.25.550405"
"10.1038/s41467-022-31492-0","Łukasz Szyrwiel","middle","up000005640","10.1038/s41531-022-00423-7"
"10.1038/s41467-022-31492-0","Łukasz Szyrwiel","middle","up000005640","10.21203/rs.3.rs-1521848/v1"
"10.1038/s41467-022-31492-0","Łukasz Szyrwiel","middle","up000005640","10.1101/2022.12.06.519342"
"10.1038/s41467-022-31492-0","Łukasz Szyrwiel","middle","up000005640","10.1073/pnas.2312676121"
"10.1038/s41467-022-31492-0","Łukasz Szyrwiel","middle","up000005640","10.1038/s41467-023-37454-4"
"10.1038/s41467-022-31492-0","Łukasz Szyrwiel","middle","up000005640","10.1101/2023.07.25.550405"
"10.1038/s41467-022-31492-0","Agathe Niewienda","middle","up000005640","10.1038/s41531-022-00423-7"
"10.1038/s41467-022-31492-0","Agathe Niewienda","middle","up000005640","10.21203/rs.3.rs-1521848/v1"
"10.1038/s41467-022-31492-0","Agathe Niewienda","middle","up000005640","10.1101/2022.12.06.519342"
"10.1038/s41467-022-31492-0","Agathe Niewienda","middle","up000005640","10.1073/pnas.2312676121"
"10.1038/s41467-022-31492-0","Agathe Niewienda","middle","up000005640","10.1038/s41467-023-37454-4"
"10.1038/s41467-022-31492-0","Agathe Niewienda","middle","up000005640","10.1101/2023.07.25.550405"
"10.1038/s41467-022-31492-0","Daniela Ludwig","middle","up000005640","10.1038/s41531-022-00423-7"
"10.1038/s41467-022-31492-0","Daniela Ludwig","middle","up000005640","10.21203/rs.3.rs-1521848/v1"
"10.1038/s41467-022-31492-0","Daniela Ludwig","middle","up000005640","10.1101/2022.12.06.519342"
"10.1038/s41467-022-31492-0","Daniela Ludwig","middle","up000005640","10.1073/pnas.2312676121"
"10.1038/s41467-022-31492-0","Daniela Ludwig","middle","up000005640","10.1038/s41467-023-37454-4"
"10.1038/s41467-022-31492-0","Daniela Ludwig","middle","up000005640","10.1101/2023.07.25.550405"
"10.1038/s41467-022-31492-0","Michael Mülleder","middle","up000005640","10.1038/s41531-022-00423-7"
"10.1038/s41467-022-31492-0","Michael Mülleder","middle","up000005640","10.21203/rs.3.rs-1521848/v1"
"10.1038/s41467-022-31492-0","Michael Mülleder","middle","up000005640","10.1101/2022.12.06.519342"
"10.1038/s41467-022-31492-0","Michael Mülleder","middle","up000005640","10.1073/pnas.2312676121"
"10.1038/s41467-022-31492-0","Michael Mülleder","middle","up000005640","10.1038/s41467-023-37454-4"
"10.1038/s41467-022-31492-0","Michael Mülleder","middle","up000005640","10.1101/2023.07.25.550405"
"10.1038/s41467-022-31492-0","Markus Ralser","last","up000005640","10.1038/s41531-022-00423-7"
"10.1038/s41467-022-31492-0","Markus Ralser","last","up000005640","10.21203/rs.3.rs-1521848/v1"
"10.1038/s41467-022-31492-0","Markus Ralser","last","up000005640","10.1101/2022.12.06.519342"
"10.1038/s41467-022-31492-0","Markus Ralser","last","up000005640","10.1073/pnas.2312676121"
"10.1038/s41467-022-31492-0","Markus Ralser","last","up000005640","10.1038/s41467-023-37454-4"
"10.1038/s41467-022-31492-0","Markus Ralser","last","up000005640","10.1101/2023.07.25.550405"
"10.1038/s41467-023-36735-2","Johannes H. Schulte","middle","gse103123","10.1038/s41525-020-0125-4"
"10.1038/s41467-023-36735-2","Johannes H. Schulte","middle","gse103123","10.1111/jcmm.15297"
"10.1038/s41467-023-36735-2","Johannes H. Schulte","middle","gse10609","10.18632/oncotarget.1337"
"10.1038/s41467-023-36735-2","Johannes H. Schulte","middle","gse10609","10.1038/onc.2013.175"
"10.1038/s41467-023-36735-2","Johannes H. Schulte","middle","gse10609","10.1126/sciadv.aay9131"
"10.1038/s41467-023-36735-2","Johannes H. Schulte","middle","gse45547","10.3390/cancers12113465"
"10.1038/s41467-023-36735-2","Johannes H. Schulte","middle","gse45547","10.1080/15592294.2016.1138195"
"10.1038/s41467-023-36735-2","Johannes H. Schulte","middle","gse45547","10.1038/s41467-019-13315-x"
"10.1038/s41467-023-36735-2","Johannes H. Schulte","middle","gse45547","10.1111/jcmm.15297"
"10.1038/s41467-023-36735-2","Johannes H. Schulte","middle","gse45547","10.3389/fnmol.2016.00156"
"10.1038/s41467-023-36735-2","Johannes H. Schulte","middle","gse45547","10.3390/cancers13194845"
"10.1038/s41467-023-36735-2","Johannes H. Schulte","middle","gse45547","10.1038/s41598-020-68829-y"
"10.1038/s41467-023-36735-2","Johannes H. Schulte","middle","gse45547","10.1016/j.ebiom.2019.10.041"
"10.1038/s41467-023-36735-2","Johannes H. Schulte","middle","gse45547","10.1186/s13046-022-02399-x"
"10.1038/s41467-023-36735-2","Johannes H. Schulte","middle","gse45547","10.3389/fonc.2022.1083570"
"10.1038/s41467-023-36735-2","Johannes H. Schulte","middle","gse45547","10.1038/s41419-019-2033-z"
"10.1038/s41467-023-36735-2","Johannes H. Schulte","middle","gse45547","10.1038/s41419-018-0295-5"
"10.1038/s41467-023-36735-2","Johannes H. Schulte","middle","gse45547","10.3389/fmolb.2021.769661"
"10.1038/s41467-023-36735-2","Johannes H. Schulte","middle","gse45547","10.1038/nature18632"
"10.1038/s41467-023-36735-2","Johannes H. Schulte","middle","gse45547","10.3389/fimmu.2022.1016683"
"10.1038/s41467-023-36735-2","Johannes H. Schulte","middle","gse45547","10.1186/s13045-020-00857-7"
"10.1038/s41467-023-36735-2","Johannes H. Schulte","middle","gse45547","10.3389/fonc.2019.01173"
"10.1038/s41467-023-36735-2","Johannes H. Schulte","middle","gse45547","10.3390/ijms20010131"
"10.1038/s41467-023-36735-2","Johannes H. Schulte","middle","gse45547","10.3390/cancers14153565"
"10.1038/s41467-023-36735-2","Johannes H. Schulte","middle","gse45547","10.1038/s41420-022-00963-0"
"10.1038/s41467-023-36735-2","Johannes H. Schulte","middle","gse45547","10.1038/s41419-018-0924-z"
"10.1038/s41467-023-36735-2","Johannes H. Schulte","middle","gse45547","10.3390/ijms24021590"
"10.1038/s41467-023-36735-2","Johannes H. Schulte","middle","gse45547","10.1186/s13578-022-00769-8"
"10.1038/s41467-023-36735-2","Johannes H. Schulte","middle","gse45547","10.1038/s41435-022-00172-w"
"10.1038/s41467-023-36735-2","Johannes H. Schulte","middle","gse45547","10.1038/s41419-021-03790-w"
"10.1038/s41467-023-36735-2","Johannes H. Schulte","middle","gse45547","10.1016/j.ebiom.2020.102703"
"10.1038/s41467-023-36735-2","Johannes H. Schulte","middle","gse45547","10.3390/ijms18010037"
"10.1038/s41467-023-36735-2","Johannes H. Schulte","middle","gse45547","10.1242/jcs.260391"
"10.1038/s41467-023-36735-2","Johannes H. Schulte","middle","gse45547","10.1186/s13046-020-01558-2"
"10.1038/s41467-023-36735-2","Johannes H. Schulte","middle","gse45547","10.1038/s41467-021-21859-0"
"10.1038/s41467-023-36735-2","Johannes H. Schulte","middle","gse45547","10.1038/s41467-022-31331-2"
"10.1038/s41467-023-36735-2","Johannes H. Schulte","middle","gse45547","10.18632/oncotarget.22452"
"10.1038/s41467-023-36735-2","Johannes H. Schulte","middle","gse45547","10.1042/ns20200006"
"10.1038/s41467-023-36735-2","Johannes H. Schulte","middle","gse45547","10.1002/advs.202005047"
"10.1038/s41467-023-36735-2","Johannes H. Schulte","middle","gse45547","10.1186/s12943-022-01643-4"
"10.1038/s41467-023-36735-2","Johannes H. Schulte","middle","gse45547","10.1038/cddis.2014.40"
"10.1038/s41467-023-36735-2","Johannes H. Schulte","middle","gse45547","10.1016/j.ebiom.2020.102668"
"10.1038/s41467-023-36735-2","Johannes H. Schulte","middle","gse45547","10.3390/cancers12071739"
"10.1038/s41467-023-36735-2","Johannes H. Schulte","middle","gse45547","10.1016/j.fob.2014.10.012"
"10.1038/s41467-023-36735-2","Johannes H. Schulte","middle","gse45547","10.1038/s41388-021-02018-7"
"10.1038/s41467-023-36735-2","Johannes H. Schulte","middle","gse45547","10.1038/s41419-022-04635-w"
"10.1038/s41467-023-36735-2","Johannes H. Schulte","middle","gse45547","10.1371/journal.pone.0210207"
"10.1038/s41467-023-36735-2","Johannes H. Schulte","middle","gse45547","10.1186/s12920-015-0126-9"
"10.1038/s41467-023-36735-2","Johannes H. Schulte","middle","gse45547","10.3389/fonc.2022.774458"
"10.1038/s41467-023-36735-2","Johannes H. Schulte","middle","gse45547","10.1016/j.ebiom.2020.102702"
"10.1038/s41467-023-36735-2","Johannes H. Schulte","middle","gse45547","10.1016/j.mcpro.2023.100504"
"10.1038/s41467-023-36735-2","Johannes H. Schulte","middle","gse45547","10.1038/s41467-020-19781-y"
"10.1038/s41467-023-36735-2","Johannes H. Schulte","middle","gse45547","10.1016/j.neo.2020.11.013"
"10.1038/s41467-023-36735-2","Johannes H. Schulte","middle","gse45547","10.1002/ctm2.1235"
"10.1038/s41467-023-36735-2","Johannes H. Schulte","middle","gse45547","10.1093/neuonc/noab241"
"10.1038/s41467-023-36735-2","Johannes H. Schulte","middle","gse85047","10.1038/s41467-022-31331-2"
"10.1038/s41467-023-36735-2","Johannes H. Schulte","middle","gse85047","10.1002/ijc.32430"
"10.1038/s41467-023-36735-2","Johannes H. Schulte","middle","gse85047","10.1038/s41467-021-21859-0"
"10.1038/s41467-023-36735-2","Johannes H. Schulte","middle","gse85047","10.5808/gi.2019.17.3.e30"
"10.1038/s41467-023-36735-2","Johannes H. Schulte","middle","gse85047","10.3390/cancers12071739"
"10.1038/s41467-023-36735-2","Johannes H. Schulte","middle","gse85047","10.1038/s41420-022-00963-0"
"10.1038/s41467-023-36735-2","Johannes H. Schulte","middle","gse85047","10.1038/s41388-021-02018-7"
"10.1038/s41467-023-36735-2","Johannes H. Schulte","middle","gse85047","10.3389/fgene.2022.947000"
"10.1038/s41467-023-36735-2","Johannes H. Schulte","middle","gse85047","10.1158/2767-9764.crc-21-0134"
"10.1038/s41467-023-36735-2","Johannes H. Schulte","middle","gse85047","10.3389/fonc.2020.575366"
"10.1038/s41467-023-36735-2","Johannes H. Schulte","middle","gse85047","10.1042/ns20200006"
"10.1038/s41467-023-36735-2","Johannes H. Schulte","middle","gse85047","10.3389/fonc.2021.631546"
"10.1038/s41467-023-36735-2","Johannes H. Schulte","middle","gse85047","10.3389/fonc.2022.988415"
"10.1038/s41467-023-36735-2","Johannes H. Schulte","middle","gse85047","10.1177/15330338211039132"
"10.1038/s41467-023-36735-2","Johannes H. Schulte","middle","gse85047","10.1186/s12863-022-01059-5"
"10.1038/s41467-023-36735-2","Johannes H. Schulte","middle","gse85047","10.3390/ijms19092832"
"10.1038/s41467-023-36735-2","Johannes H. Schulte","middle","gse85047","10.1186/s13046-021-02044-z"
"10.1038/s41467-023-36735-2","Johannes H. Schulte","middle","gse85047","10.1136/jitc-2022-005980"
"10.1038/s41467-023-36735-2","Johannes H. Schulte","middle","gse85047","10.1186/s12887-021-02753-6"
"10.1038/s41467-023-36735-2","Johannes H. Schulte","middle","gse85047","10.1186/s12957-022-02641-y"
"10.1038/s41467-023-36735-2","Johannes H. Schulte","middle","gse85047","10.1186/s12887-022-03424-w"
"10.1038/s41467-023-36735-2","Johannes H. Schulte","middle","gse85047","10.1038/s41419-022-04635-w"
"10.1038/s41467-023-36735-2","Johannes H. Schulte","middle","gse85047","10.1186/s13046-022-02523-x"
"10.1038/s41467-023-36735-2","Johannes H. Schulte","middle","gse90803","10.1111/cas.14760"
"10.1038/s41467-023-36735-2","Johannes H. Schulte","middle","gse90803","10.3390/cancers13174261"
"10.1038/s41467-023-39253-3","Claudia Langenberg","middle","phs001672","10.1007/s00125-022-05653-1"
"10.1038/s41467-023-39253-3","Claudia Langenberg","middle","phs001672","10.1016/j.bpsgos.2021.06.005"
"10.1038/s41467-023-39253-3","Claudia Langenberg","middle","phs001672","10.1161/atvbaha.121.316324"
"10.1038/s41467-023-39253-3","Claudia Langenberg","middle","phs001672","10.1161/circulationaha.121.053797"
"10.1038/s41467-023-39253-3","Claudia Langenberg","middle","phs001672","10.1038/s41467-022-31080-2"
"10.1038/s41467-023-39253-3","Claudia Langenberg","middle","phs001672","10.1371/journal.pmed.1003302"
"10.1038/s41467-023-39253-3","Claudia Langenberg","middle","phs001672","10.3389/fgene.2021.740134"
"10.1038/s41467-023-39253-3","Claudia Langenberg","middle","phs001672","10.1038/s41467-020-18489-3"
"10.1038/s41467-023-39253-3","Claudia Langenberg","middle","phs001672","10.1016/j.biopsych.2021.09.020"
"10.1038/s41467-023-39253-3","Claudia Langenberg","middle","phs001672","10.1161/atvbaha.122.318149"
"10.1038/s41467-023-39253-3","Claudia Langenberg","middle","phs001672","10.1002/gepi.22440"
"10.1038/s41467-023-39253-3","Claudia Langenberg","middle","phs001672","10.1371/journal.pgen.1009802"
"10.1038/s41467-023-39253-3","Claudia Langenberg","middle","phs001672","10.1007/s00125-022-05806-2"
"10.1038/s41467-023-39253-3","Claudia Langenberg","middle","phs001672","10.1038/s41598-023-30369-6"
"10.1038/s41467-023-39253-3","Claudia Langenberg","middle","phs001672","10.1038/s41467-019-09480-8"
"10.1038/s41467-023-39253-3","Claudia Langenberg","middle","phs001672","10.1038/s41398-022-02029-2"
"10.1038/s41467-023-39253-3","Claudia Langenberg","middle","phs001672","10.1016/j.xhgg.2023.100177"
"10.1038/s41467-023-39253-3","Claudia Langenberg","middle","phs001672","10.1161/jaha.122.025644"
"10.1038/s41467-023-39253-3","Claudia Langenberg","middle","phs001672","10.1038/s41380-022-01544-4"
"10.1038/s41467-023-39253-3","Claudia Langenberg","middle","phs001672","10.1038/s41398-023-02409-2"
"10.1038/s41467-023-39253-3","Claudia Langenberg","middle","phs001672","10.1093/bioinformatics/btac512"
"10.1038/s41467-023-39253-3","Claudia Langenberg","middle","gcst009541","10.3389/fcvm.2021.722154"
"10.1038/s41467-023-39253-3","Claudia Langenberg","middle","gcst009541","10.1002/jbmr.4287"
"10.1038/s41467-023-39253-3","Claudia Langenberg","middle","gcst009541","10.3389/fimmu.2022.1075400"
"10.1038/s41467-023-39253-3","Claudia Langenberg","middle","gcst006624","10.21203/rs.3.rs-2532794/v1"
"10.1038/s41467-023-39253-3","Claudia Langenberg","middle","gcst006624","10.3389/fgene.2021.791146"
"10.1038/s41467-023-39253-3","Claudia Langenberg","middle","gcst006630","10.3389/fgene.2021.791146"
"10.1038/s41467-023-40584-4","Llorenç Solé‐Boldo","middle","gse19784","10.1038/s41698-021-00185-0"
"10.1038/s41467-023-40584-4","Llorenç Solé‐Boldo","middle","gse19784","10.1038/s41392-021-00746-6"
"10.1038/s41467-023-40584-4","Llorenç Solé‐Boldo","middle","gse19784","10.3389/fcell.2022.879057"
"10.1038/s41467-023-40584-4","Llorenç Solé‐Boldo","middle","gse19784","10.1038/s41467-018-05348-5"
"10.1038/s41467-023-40584-4","Llorenç Solé‐Boldo","middle","gse19784","10.1038/bcj.2017.56"
"10.1038/s41467-023-40584-4","Llorenç Solé‐Boldo","middle","gse19784","10.3389/fonc.2018.00615"
"10.1038/s41467-023-40584-4","Llorenç Solé‐Boldo","middle","gse19784","10.1038/leu.2016.370"
"10.1038/s41467-023-40584-4","Llorenç Solé‐Boldo","middle","gse19784","10.18632/oncotarget.4769"
"10.1038/s41467-023-40584-4","Llorenç Solé‐Boldo","middle","gse19784","10.1038/leu.2017.144"
"10.1038/s41467-023-40584-4","Llorenç Solé‐Boldo","middle","gse19784","10.1016/j.apsb.2022.01.015"
"10.1038/s41467-023-40584-4","Llorenç Solé‐Boldo","middle","gse19784","10.1371/journal.pone.0058809"
"10.1038/s41467-023-40584-4","Llorenç Solé‐Boldo","middle","gse19784","10.1038/s41417-018-0070-x"
"10.1038/s41467-023-40584-4","Llorenç Solé‐Boldo","middle","gse19784","10.3389/fonc.2021.694331"
"10.1038/s41467-023-40584-4","Llorenç Solé‐Boldo","middle","gse19784","10.1371/journal.pone.0020226"
"10.1038/s41467-023-40584-4","Llorenç Solé‐Boldo","middle","gse19784","10.37349/etat.2021.00034"
"10.1038/s41467-023-40584-4","Llorenç Solé‐Boldo","middle","gse19784","10.1186/s13046-022-02276-7"
"10.1038/s41467-023-40584-4","Llorenç Solé‐Boldo","middle","gse19784","10.7150/jca.34465"
"10.1038/s41467-023-40584-4","Llorenç Solé‐Boldo","middle","gse19784","10.1038/leu.2016.258"
"10.1038/s41467-023-40584-4","Llorenç Solé‐Boldo","middle","gse19784","10.1038/ncomms8213"
"10.1038/s41467-023-40584-4","Llorenç Solé‐Boldo","middle","gse19784","10.3109/10428194.2014.911863"
"10.1038/s41467-023-40584-4","Llorenç Solé‐Boldo","middle","gse19784","10.1371/journal.pone.0196780"
"10.1038/s41467-023-40584-4","Llorenç Solé‐Boldo","middle","gse19784","10.1371/journal.pone.0046331"
"10.1038/s41467-023-40584-4","Llorenç Solé‐Boldo","middle","gse19784","10.1186/s12943-021-01380-0"
"10.1038/s41467-023-40584-4","Llorenç Solé‐Boldo","middle","gse19784","10.20517/cdr.2021.83"
"10.1038/s41467-023-40584-4","Llorenç Solé‐Boldo","middle","gse19784","10.1038/s41419-019-1854-0"
"10.1038/s41467-023-40584-4","Llorenç Solé‐Boldo","middle","gse19784","10.1038/leu.2013.233"
"10.1038/s41467-023-40584-4","Llorenç Solé‐Boldo","middle","gse19784","10.12659/msm.908944"
"10.1038/s41467-023-40584-4","Llorenç Solé‐Boldo","middle","gse19784","10.1089/jir.2020.0111"
"10.1038/s41467-023-40584-4","Llorenç Solé‐Boldo","middle","gse19784","10.3390/cancers13184668"
"10.1038/s41467-023-40584-4","Llorenç Solé‐Boldo","middle","gse19784","10.1038/s41417-018-0069-3"
"10.1038/s41467-023-40584-4","Llorenç Solé‐Boldo","middle","gse19784","10.3389/fcell.2021.675939"
"10.1038/s41467-023-40584-4","Llorenç Solé‐Boldo","middle","gse19784","10.1186/s13046-023-02633-0"
"10.1038/s41467-023-40584-4","Llorenç Solé‐Boldo","middle","gse19784","10.1182/bloodadvances.2021005772"
"10.1038/s41467-023-40584-4","Simon Haas","middle","gse19784","10.1038/s41698-021-00185-0"
"10.1038/s41467-023-40584-4","Simon Haas","middle","gse19784","10.1038/s41392-021-00746-6"
"10.1038/s41467-023-40584-4","Simon Haas","middle","gse19784","10.3389/fcell.2022.879057"
"10.1038/s41467-023-40584-4","Simon Haas","middle","gse19784","10.1038/s41467-018-05348-5"
"10.1038/s41467-023-40584-4","Simon Haas","middle","gse19784","10.1038/bcj.2017.56"
"10.1038/s41467-023-40584-4","Simon Haas","middle","gse19784","10.3389/fonc.2018.00615"
"10.1038/s41467-023-40584-4","Simon Haas","middle","gse19784","10.1038/leu.2016.370"
"10.1038/s41467-023-40584-4","Simon Haas","middle","gse19784","10.18632/oncotarget.4769"
"10.1038/s41467-023-40584-4","Simon Haas","middle","gse19784","10.1038/leu.2017.144"
"10.1038/s41467-023-40584-4","Simon Haas","middle","gse19784","10.1016/j.apsb.2022.01.015"
"10.1038/s41467-023-40584-4","Simon Haas","middle","gse19784","10.1371/journal.pone.0058809"
"10.1038/s41467-023-40584-4","Simon Haas","middle","gse19784","10.1038/s41417-018-0070-x"
"10.1038/s41467-023-40584-4","Simon Haas","middle","gse19784","10.3389/fonc.2021.694331"
"10.1038/s41467-023-40584-4","Simon Haas","middle","gse19784","10.1371/journal.pone.0020226"
"10.1038/s41467-023-40584-4","Simon Haas","middle","gse19784","10.37349/etat.2021.00034"
"10.1038/s41467-023-40584-4","Simon Haas","middle","gse19784","10.1186/s13046-022-02276-7"
"10.1038/s41467-023-40584-4","Simon Haas","middle","gse19784","10.7150/jca.34465"
"10.1038/s41467-023-40584-4","Simon Haas","middle","gse19784","10.1038/leu.2016.258"
"10.1038/s41467-023-40584-4","Simon Haas","middle","gse19784","10.1038/ncomms8213"
"10.1038/s41467-023-40584-4","Simon Haas","middle","gse19784","10.3109/10428194.2014.911863"
"10.1038/s41467-023-40584-4","Simon Haas","middle","gse19784","10.1371/journal.pone.0196780"
"10.1038/s41467-023-40584-4","Simon Haas","middle","gse19784","10.1371/journal.pone.0046331"
"10.1038/s41467-023-40584-4","Simon Haas","middle","gse19784","10.1186/s12943-021-01380-0"
"10.1038/s41467-023-40584-4","Simon Haas","middle","gse19784","10.20517/cdr.2021.83"
"10.1038/s41467-023-40584-4","Simon Haas","middle","gse19784","10.1038/s41419-019-1854-0"
"10.1038/s41467-023-40584-4","Simon Haas","middle","gse19784","10.1038/leu.2013.233"
"10.1038/s41467-023-40584-4","Simon Haas","middle","gse19784","10.12659/msm.908944"
"10.1038/s41467-023-40584-4","Simon Haas","middle","gse19784","10.1089/jir.2020.0111"
"10.1038/s41467-023-40584-4","Simon Haas","middle","gse19784","10.3390/cancers13184668"
"10.1038/s41467-023-40584-4","Simon Haas","middle","gse19784","10.1038/s41417-018-0069-3"
"10.1038/s41467-023-40584-4","Simon Haas","middle","gse19784","10.3389/fcell.2021.675939"
"10.1038/s41467-023-40584-4","Simon Haas","middle","gse19784","10.1186/s13046-023-02633-0"
"10.1038/s41467-023-40584-4","Simon Haas","middle","gse19784","10.1182/bloodadvances.2021005772"
"10.1038/s41467-023-41502-4","Andranik Ivanov","middle","gse143796","10.1038/s41380-020-0745-1"
"10.1038/s41467-023-41502-4","Dieter Beule","middle","gse143796","10.1038/s41380-020-0745-1"
"10.1038/s41467-023-42085-w","Thiemo Sprink","middle","emd-10840","10.1038/s41467-021-22251-8"
"10.1038/s41467-023-42085-w","Thiemo Sprink","middle","emd-10840","10.1107/s2059798322005010"
"10.1038/s41467-023-42085-w","Thiemo Sprink","middle","emd-15636","10.1038/s41467-023-36372-9"
"10.1038/s41467-023-42085-w","Thiemo Sprink","middle","emd-3420","10.1083/jcb.202106086"
"10.1038/s41556-020-0529-5","Dimitri Belenki","middle","gse31099","10.1126/sciadv.aaw0254"
"10.1038/s41556-020-0529-5","Maja Milanovic","middle","gse31099","10.1126/sciadv.aaw0254"
"10.1038/s41556-020-0529-5","Clemens A. Schmitt","middle","gse31099","10.1126/sciadv.aaw0254"
"10.1038/s41586-020-2882-8","Marlene Kohlhepp","middle","gse125521","10.18632/aging.204358"
"10.1038/s41586-020-2882-8","Marlene Kohlhepp","middle","gse52509","10.3389/fphar.2018.01276"
"10.1038/s41586-020-2882-8","Marlene Kohlhepp","middle","gse52509","10.4137/grsb.s39076"
"10.1038/s41586-020-2882-8","Marlene Kohlhepp","middle","gse52509","10.1038/s41598-018-30313-z"
"10.1038/s41586-020-2882-8","Adrien Guillot","middle","gse125521","10.18632/aging.204358"
"10.1038/s41586-020-2882-8","Adrien Guillot","middle","gse52509","10.3389/fphar.2018.01276"
"10.1038/s41586-020-2882-8","Adrien Guillot","middle","gse52509","10.4137/grsb.s39076"
"10.1038/s41586-020-2882-8","Adrien Guillot","middle","gse52509","10.1038/s41598-018-30313-z"
"10.1038/s41586-020-2882-8","Frank Tacke","middle","gse125521","10.18632/aging.204358"
"10.1038/s41586-020-2882-8","Frank Tacke","middle","gse52509","10.3389/fphar.2018.01276"
"10.1038/s41586-020-2882-8","Frank Tacke","middle","gse52509","10.4137/grsb.s39076"
"10.1038/s41586-020-2882-8","Frank Tacke","middle","gse52509","10.1038/s41598-018-30313-z"
"10.1038/s41586-021-03583-3","Andreas Diefenbach","middle","gse122515","10.1186/s13578-023-00981-0"
"10.1038/s41586-021-03995-1","Soyoung Lee","first","10.6084/m9.figshare.12436517","10.15252/msb.202110260"
"10.1038/s41586-021-03995-1","Paulina Richter‐Pechańska","middle","10.6084/m9.figshare.12436517","10.15252/msb.202110260"
"10.1038/s41586-021-03995-1","Dimitri Belenki","middle","10.6084/m9.figshare.12436517","10.15252/msb.202110260"
"10.1038/s41586-021-03995-1","Lea Kausche","middle","10.6084/m9.figshare.12436517","10.15252/msb.202110260"
"10.1038/s41586-021-03995-1","Daniela Niemeyer","middle","10.6084/m9.figshare.12436517","10.15252/msb.202110260"
"10.1038/s41586-021-03995-1","Michael Mülleder","middle","10.6084/m9.figshare.12436517","10.15252/msb.202110260"
"10.1038/s41586-021-03995-1","Edward Michaelis","middle","10.6084/m9.figshare.12436517","10.15252/msb.202110260"
"10.1038/s41586-021-03995-1","Andrea Lau","middle","10.6084/m9.figshare.12436517","10.15252/msb.202110260"
"10.1038/s41586-021-03995-1","Martin Schönlein","middle","10.6084/m9.figshare.12436517","10.15252/msb.202110260"
"10.1038/s41586-021-03995-1","Christian Drosten","middle","10.6084/m9.figshare.12436517","10.15252/msb.202110260"
"10.1038/s41586-021-03995-1","Markus Ralser","middle","10.6084/m9.figshare.12436517","10.15252/msb.202110260"
"10.1038/s41586-021-03995-1","Roland Eils","middle","10.6084/m9.figshare.12436517","10.15252/msb.202110260"
"10.1038/s41586-021-03995-1","Maurice Reimann","middle","10.6084/m9.figshare.12436517","10.15252/msb.202110260"
"10.1038/s41586-021-04342-0","Marie Luisa Schmidt","middle","mt108784","10.1016/j.antiviral.2021.105197"
"10.1038/s41586-021-04342-0","Daniela Niemeyer","middle","mt108784","10.1016/j.antiviral.2021.105197"
"10.1038/s41586-021-04342-0","Victor M. Corman","middle","mt108784","10.1016/j.antiviral.2021.105197"
"10.1038/s41586-021-04342-0","Christian Drosten","middle","mt108784","10.1016/j.antiviral.2021.105197"
"10.1038/s41588-021-00973-1","Thomas Meyer","middle","phs000101","10.3389/fgene.2015.00030"
"10.1038/s41588-021-00973-1","Thomas Meyer","middle","phs000101","10.1038/s41467-018-06705-0"
"10.1038/s41588-021-00973-1","Thomas Meyer","middle","phs000101","10.1016/j.cell.2022.05.008"
"10.1038/s41588-021-00973-1","Thomas Meyer","middle","phs000101","10.1186/s12864-016-2725-z"
"10.1038/s41588-021-00973-1","Thomas Meyer","middle","phs000101","10.12688/f1000research.53821.2"
"10.1038/s41588-021-00973-1","Thomas Meyer","middle","phs000101","10.3390/ijms24044021"
"10.1038/s41588-021-00973-1","Thomas Meyer","middle","phs000168","10.1371/journal.pone.0113684"
"10.1038/s41588-021-00973-1","Thomas Meyer","middle","phs000168","10.1186/s13195-021-00794-8"
"10.1038/s41588-021-00973-1","Thomas Meyer","middle","phs000168","10.1371/journal.pone.0179106"
"10.1038/s41588-021-00973-1","Thomas Meyer","middle","phs000168","10.1002/dad2.12129"
"10.1038/s41588-021-00973-1","Thomas Meyer","middle","phs000168","10.1038/mp.2017.197"
"10.1038/s41588-021-00973-1","Thomas Meyer","middle","phs000168","10.1002/dad2.12008"
"10.1038/s41588-021-00973-1","Thomas Meyer","middle","phs000168","10.1186/s12864-018-5263-z"
"10.1038/s41588-021-00973-1","Thomas Meyer","middle","phs000168","10.1371/journal.pone.0095413"
"10.1038/s41588-021-00973-1","Thomas Meyer","middle","phs000168","10.1111/acel.12779"
"10.1038/s41588-021-00973-1","Thomas Meyer","middle","phs000168","10.1186/gm249"
"10.1038/s41588-021-00973-1","Thomas Meyer","middle","phs000168","10.1038/ng.3680"
"10.1038/s41588-021-00973-1","Thomas Meyer","middle","phs000168","10.1073/pnas.2002051117"
"10.1038/s41588-021-00973-1","Thomas Meyer","middle","phs000168","10.1007/s11357-022-00617-0"
"10.1038/s41588-021-00973-1","Thomas Meyer","middle","phs000168","10.1038/s41598-023-31730-5"
"10.1038/s41588-021-00973-1","Thomas Meyer","middle","phs000168","10.1038/s41467-019-08337-4"
"10.1038/s41588-021-00973-1","Thomas Meyer","middle","phs000168","10.1371/journal.pone.0232103"
"10.1038/s41588-021-00973-1","Thomas Meyer","middle","phs000168","10.1038/mp.2013.86"
"10.1038/s41588-021-00973-1","Thomas Meyer","middle","phs000168","10.1038/s41398-021-01263-4"
"10.1038/s41588-021-00973-1","Thomas Meyer","middle","phs000351","10.1038/ncomms12098"
"10.1038/s41588-021-00973-1","Thomas Meyer","middle","phs000351","10.1038/ncomms15724"
"10.1038/s41588-021-00973-1","Thomas Meyer","middle","phs000351","10.3389/fnut.2021.755834"
"10.1038/s41588-021-00973-1","Thomas Meyer","middle","phs000351","10.1038/s41586-022-04809-8"
"10.1038/s41588-021-00973-1","Thomas Meyer","middle","phs000351","10.1038/ncomms11843"
"10.1038/s41588-021-00973-1","Thomas Meyer","middle","phs000351","10.1038/srep33542"
"10.1038/s41588-021-00973-1","Stephan Ripke","middle","phs000101","10.3389/fgene.2015.00030"
"10.1038/s41588-021-00973-1","Stephan Ripke","middle","phs000101","10.1038/s41467-018-06705-0"
"10.1038/s41588-021-00973-1","Stephan Ripke","middle","phs000101","10.1016/j.cell.2022.05.008"
"10.1038/s41588-021-00973-1","Stephan Ripke","middle","phs000101","10.1186/s12864-016-2725-z"
"10.1038/s41588-021-00973-1","Stephan Ripke","middle","phs000101","10.12688/f1000research.53821.2"
"10.1038/s41588-021-00973-1","Stephan Ripke","middle","phs000101","10.3390/ijms24044021"
"10.1038/s41588-021-00973-1","Stephan Ripke","middle","phs000168","10.1371/journal.pone.0113684"
"10.1038/s41588-021-00973-1","Stephan Ripke","middle","phs000168","10.1186/s13195-021-00794-8"
"10.1038/s41588-021-00973-1","Stephan Ripke","middle","phs000168","10.1371/journal.pone.0179106"
"10.1038/s41588-021-00973-1","Stephan Ripke","middle","phs000168","10.1002/dad2.12129"
"10.1038/s41588-021-00973-1","Stephan Ripke","middle","phs000168","10.1038/mp.2017.197"
"10.1038/s41588-021-00973-1","Stephan Ripke","middle","phs000168","10.1002/dad2.12008"
"10.1038/s41588-021-00973-1","Stephan Ripke","middle","phs000168","10.1186/s12864-018-5263-z"
"10.1038/s41588-021-00973-1","Stephan Ripke","middle","phs000168","10.1371/journal.pone.0095413"
"10.1038/s41588-021-00973-1","Stephan Ripke","middle","phs000168","10.1111/acel.12779"
"10.1038/s41588-021-00973-1","Stephan Ripke","middle","phs000168","10.1186/gm249"
"10.1038/s41588-021-00973-1","Stephan Ripke","middle","phs000168","10.1038/ng.3680"
"10.1038/s41588-021-00973-1","Stephan Ripke","middle","phs000168","10.1073/pnas.2002051117"
"10.1038/s41588-021-00973-1","Stephan Ripke","middle","phs000168","10.1007/s11357-022-00617-0"
"10.1038/s41588-021-00973-1","Stephan Ripke","middle","phs000168","10.1038/s41598-023-31730-5"
"10.1038/s41588-021-00973-1","Stephan Ripke","middle","phs000168","10.1038/s41467-019-08337-4"
"10.1038/s41588-021-00973-1","Stephan Ripke","middle","phs000168","10.1371/journal.pone.0232103"
"10.1038/s41588-021-00973-1","Stephan Ripke","middle","phs000168","10.1038/mp.2013.86"
"10.1038/s41588-021-00973-1","Stephan Ripke","middle","phs000168","10.1038/s41398-021-01263-4"
"10.1038/s41588-021-00973-1","Stephan Ripke","middle","phs000351","10.1038/ncomms12098"
"10.1038/s41588-021-00973-1","Stephan Ripke","middle","phs000351","10.1038/ncomms15724"
"10.1038/s41588-021-00973-1","Stephan Ripke","middle","phs000351","10.3389/fnut.2021.755834"
"10.1038/s41588-021-00973-1","Stephan Ripke","middle","phs000351","10.1038/s41586-022-04809-8"
"10.1038/s41588-021-00973-1","Stephan Ripke","middle","phs000351","10.1038/ncomms11843"
"10.1038/s41588-021-00973-1","Stephan Ripke","middle","phs000351","10.1038/srep33542"
"10.1038/s41588-021-00973-1","Alice Braun","middle","phs000101","10.3389/fgene.2015.00030"
"10.1038/s41588-021-00973-1","Alice Braun","middle","phs000101","10.1038/s41467-018-06705-0"
"10.1038/s41588-021-00973-1","Alice Braun","middle","phs000101","10.1016/j.cell.2022.05.008"
"10.1038/s41588-021-00973-1","Alice Braun","middle","phs000101","10.1186/s12864-016-2725-z"
"10.1038/s41588-021-00973-1","Alice Braun","middle","phs000101","10.12688/f1000research.53821.2"
"10.1038/s41588-021-00973-1","Alice Braun","middle","phs000101","10.3390/ijms24044021"
"10.1038/s41588-021-00973-1","Alice Braun","middle","phs000168","10.1371/journal.pone.0113684"
"10.1038/s41588-021-00973-1","Alice Braun","middle","phs000168","10.1186/s13195-021-00794-8"
"10.1038/s41588-021-00973-1","Alice Braun","middle","phs000168","10.1371/journal.pone.0179106"
"10.1038/s41588-021-00973-1","Alice Braun","middle","phs000168","10.1002/dad2.12129"
"10.1038/s41588-021-00973-1","Alice Braun","middle","phs000168","10.1038/mp.2017.197"
"10.1038/s41588-021-00973-1","Alice Braun","middle","phs000168","10.1002/dad2.12008"
"10.1038/s41588-021-00973-1","Alice Braun","middle","phs000168","10.1186/s12864-018-5263-z"
"10.1038/s41588-021-00973-1","Alice Braun","middle","phs000168","10.1371/journal.pone.0095413"
"10.1038/s41588-021-00973-1","Alice Braun","middle","phs000168","10.1111/acel.12779"
"10.1038/s41588-021-00973-1","Alice Braun","middle","phs000168","10.1186/gm249"
"10.1038/s41588-021-00973-1","Alice Braun","middle","phs000168","10.1038/ng.3680"
"10.1038/s41588-021-00973-1","Alice Braun","middle","phs000168","10.1073/pnas.2002051117"
"10.1038/s41588-021-00973-1","Alice Braun","middle","phs000168","10.1007/s11357-022-00617-0"
"10.1038/s41588-021-00973-1","Alice Braun","middle","phs000168","10.1038/s41598-023-31730-5"
"10.1038/s41588-021-00973-1","Alice Braun","middle","phs000168","10.1038/s41467-019-08337-4"
"10.1038/s41588-021-00973-1","Alice Braun","middle","phs000168","10.1371/journal.pone.0232103"
"10.1038/s41588-021-00973-1","Alice Braun","middle","phs000168","10.1038/mp.2013.86"
"10.1038/s41588-021-00973-1","Alice Braun","middle","phs000168","10.1038/s41398-021-01263-4"
"10.1038/s41588-021-00973-1","Alice Braun","middle","phs000351","10.1038/ncomms12098"
"10.1038/s41588-021-00973-1","Alice Braun","middle","phs000351","10.1038/ncomms15724"
"10.1038/s41588-021-00973-1","Alice Braun","middle","phs000351","10.3389/fnut.2021.755834"
"10.1038/s41588-021-00973-1","Alice Braun","middle","phs000351","10.1038/s41586-022-04809-8"
"10.1038/s41588-021-00973-1","Alice Braun","middle","phs000351","10.1038/ncomms11843"
"10.1038/s41588-021-00973-1","Alice Braun","middle","phs000351","10.1038/srep33542"
"10.1038/s41588-021-00973-1","Julia Kraft","middle","phs000101","10.3389/fgene.2015.00030"
"10.1038/s41588-021-00973-1","Julia Kraft","middle","phs000101","10.1038/s41467-018-06705-0"
"10.1038/s41588-021-00973-1","Julia Kraft","middle","phs000101","10.1016/j.cell.2022.05.008"
"10.1038/s41588-021-00973-1","Julia Kraft","middle","phs000101","10.1186/s12864-016-2725-z"
"10.1038/s41588-021-00973-1","Julia Kraft","middle","phs000101","10.12688/f1000research.53821.2"
"10.1038/s41588-021-00973-1","Julia Kraft","middle","phs000101","10.3390/ijms24044021"
"10.1038/s41588-021-00973-1","Julia Kraft","middle","phs000168","10.1371/journal.pone.0113684"
"10.1038/s41588-021-00973-1","Julia Kraft","middle","phs000168","10.1186/s13195-021-00794-8"
"10.1038/s41588-021-00973-1","Julia Kraft","middle","phs000168","10.1371/journal.pone.0179106"
"10.1038/s41588-021-00973-1","Julia Kraft","middle","phs000168","10.1002/dad2.12129"
"10.1038/s41588-021-00973-1","Julia Kraft","middle","phs000168","10.1038/mp.2017.197"
"10.1038/s41588-021-00973-1","Julia Kraft","middle","phs000168","10.1002/dad2.12008"
"10.1038/s41588-021-00973-1","Julia Kraft","middle","phs000168","10.1186/s12864-018-5263-z"
"10.1038/s41588-021-00973-1","Julia Kraft","middle","phs000168","10.1371/journal.pone.0095413"
"10.1038/s41588-021-00973-1","Julia Kraft","middle","phs000168","10.1111/acel.12779"
"10.1038/s41588-021-00973-1","Julia Kraft","middle","phs000168","10.1186/gm249"
"10.1038/s41588-021-00973-1","Julia Kraft","middle","phs000168","10.1038/ng.3680"
"10.1038/s41588-021-00973-1","Julia Kraft","middle","phs000168","10.1073/pnas.2002051117"
"10.1038/s41588-021-00973-1","Julia Kraft","middle","phs000168","10.1007/s11357-022-00617-0"
"10.1038/s41588-021-00973-1","Julia Kraft","middle","phs000168","10.1038/s41598-023-31730-5"
"10.1038/s41588-021-00973-1","Julia Kraft","middle","phs000168","10.1038/s41467-019-08337-4"
"10.1038/s41588-021-00973-1","Julia Kraft","middle","phs000168","10.1371/journal.pone.0232103"
"10.1038/s41588-021-00973-1","Julia Kraft","middle","phs000168","10.1038/mp.2013.86"
"10.1038/s41588-021-00973-1","Julia Kraft","middle","phs000168","10.1038/s41398-021-01263-4"
"10.1038/s41588-021-00973-1","Julia Kraft","middle","phs000351","10.1038/ncomms12098"
"10.1038/s41588-021-00973-1","Julia Kraft","middle","phs000351","10.1038/ncomms15724"
"10.1038/s41588-021-00973-1","Julia Kraft","middle","phs000351","10.3389/fnut.2021.755834"
"10.1038/s41588-021-00973-1","Julia Kraft","middle","phs000351","10.1038/s41586-022-04809-8"
"10.1038/s41588-021-00973-1","Julia Kraft","middle","phs000351","10.1038/ncomms11843"
"10.1038/s41588-021-00973-1","Julia Kraft","middle","phs000351","10.1038/srep33542"
"10.1038/s41590-020-00817-w","Katharina Jechow","middle","gse150305","10.1055/s-0042-1755272"
"10.1038/s41590-020-00817-w","Roland Eils","middle","gse150305","10.1055/s-0042-1755272"
"10.1038/s41590-020-00817-w","Christian Conrad","middle","gse150305","10.1055/s-0042-1755272"
"10.1038/s41590-020-00817-w","Naveed Ishaque","middle","gse150305","10.1055/s-0042-1755272"
"10.1038/s41591-020-0801-z","Reiner Jumpertz von Schwartzenberg","middle","srp229815","10.3390/ijms22073652"
"10.1038/s41591-022-01686-6","Sofia K. Forslund","middle","prjeb11532","10.1084/jem.20200606"
"10.1038/s41591-022-01686-6","Sofia K. Forslund","middle","prjeb11532","10.7717/peerj.4303"
"10.1038/s41591-023-02397-2","Herra Ahmad","middle","phs000974","10.1371/journal.pgen.1006811"
"10.1038/s41591-023-02397-2","Herra Ahmad","middle","phs000974","10.1038/s42003-022-03304-0"
"10.1038/s41591-023-02397-2","Herra Ahmad","middle","phs000974","10.1016/j.ajhg.2019.08.011"
"10.1038/s41591-023-02397-2","Herra Ahmad","middle","phs000974","10.1002/mds.28197"
"10.1038/s41591-023-02397-2","Herra Ahmad","middle","phs001368","10.1002/mds.28197"
"10.1038/s41591-023-02397-2","Herra Ahmad","middle","phs001368","10.1126/sciadv.ade2044"
"10.1038/s41596-020-0333-5","Max Schubach","middle","gse142696","10.1101/gr.268599.120"
"10.1038/s41596-020-0333-5","Max Schubach","middle","gse126550","10.1186/s13059-023-02899-9"
"10.1038/s41596-020-0333-5","Max Schubach","middle","gse126550","10.1371/journal.pcbi.1007497"
"10.1038/s41596-020-0333-5","Martin Kircher","middle","gse142696","10.1101/gr.268599.120"
"10.1038/s41596-020-0333-5","Martin Kircher","middle","gse126550","10.1186/s13059-023-02899-9"
"10.1038/s41596-020-0333-5","Martin Kircher","middle","gse126550","10.1371/journal.pcbi.1007497"
"10.1038/s41596-020-0369-6","Shashwat Sahay","middle","gse88826","10.1038/s41467-020-16244-2"
"10.1038/s41596-020-0369-6","Shashwat Sahay","middle","gse88826","10.1093/narcan/zcab052"
"10.1038/s41597-019-0129-z","Michael Schirner","middle","10.5281/zenodo.1471588","10.1038/s41593-022-01070-0"
"10.1038/s41597-019-0129-z","Petra Ritter","middle","10.5281/zenodo.1471588","10.1038/s41593-022-01070-0"
"10.1038/s41597-020-0495-6","Fatima I. Lunze","middle","10.13026/x4td-x982","10.1038/s41597-022-01403-5"
"10.1038/s41597-020-0495-6","Fatima I. Lunze","middle","10.13026/x4td-x982","10.1016/j.cmpb.2022.106762"
"10.1038/s41597-022-01806-4","J. Meier","middle","10.18112/openneuro.ds001226","10.1007/978-3-030-87234-2_49"
"10.1038/s41597-022-01806-4","Jessica Palmer","middle","10.18112/openneuro.ds001226","10.1007/978-3-030-87234-2_49"
"10.1038/s41597-022-01806-4","Michael Schirner","middle","10.18112/openneuro.ds001226","10.1007/978-3-030-87234-2_49"
"10.1038/s41597-022-01806-4","Petra Ritter","middle","10.18112/openneuro.ds001226","10.1007/978-3-030-87234-2_49"
"10.1038/s41598-019-57108-0","Kathrin Griss","middle","gse94916","10.1097/md.0000000000027737"
"10.1038/s41598-019-57108-0","Kathrin Griss","middle","gse94916","10.1186/s12920-022-01278-w"
"10.1038/s41598-019-57108-0","Kathrin Griss","middle","gse136390","10.3390/pathophysiology29020013"
"10.1038/s41598-019-57108-0","Kathrin Griss","middle","gse6269","10.1126/sciadv.ade0453"
"10.1038/s41598-019-57108-0","Kathrin Griss","middle","gse6269","10.1371/journal.pone.0038367"
"10.1038/s41598-019-57108-0","Kathrin Griss","middle","gse6269","10.3389/fimmu.2018.02564"
"10.1038/s41598-019-57108-0","Kathrin Griss","middle","gse6269","10.1186/1471-2105-9-486"
"10.1038/s41598-019-57108-0","Kathrin Griss","middle","gse6269","10.2147/jir.s406562"
"10.1038/s41598-019-57108-0","Kathrin Griss","middle","gse6269","10.3390/ijms22063148"
"10.1038/s41598-019-57108-0","Kathrin Griss","middle","gse6269","10.1186/1471-2105-13-s14-s12"
"10.1038/s41598-019-57108-0","Kathrin Griss","middle","gse6269","10.3390/genes9050240"
"10.1038/s41598-019-57108-0","Kathrin Griss","middle","gse6269","10.1016/j.xcrm.2022.100842"
"10.1038/s41598-019-57108-0","Kathrin Griss","middle","gse6269","10.1111/jcmm.17240"
"10.1038/s41598-019-57108-0","Kathrin Griss","middle","gse6269","10.3389/fgene.2019.00971"
"10.1038/s41598-019-57108-0","Kathrin Griss","middle","gse6269","10.1093/bioinformatics/btab089"
"10.1038/s41598-019-57108-0","Kathrin Griss","middle","gse6269","10.1371/journal.pone.0020662"
"10.1038/s41598-019-57108-0","Kathrin Griss","middle","gse6269","10.3389/fimmu.2021.639358"
"10.1038/s41598-019-57108-0","Kathrin Griss","middle","gse6269","10.1007/s10534-022-00398-1"
"10.1038/s41598-019-57108-0","Kathrin Griss","middle","gse6269","10.1038/s41598-018-23395-2"
"10.1038/s41598-019-57108-0","Kathrin Griss","middle","gse6269","10.3389/fimmu.2020.01636"
"10.1038/s41598-019-57108-0","Kathrin Griss","middle","gse6269","10.3389/fcimb.2021.743616"
"10.1038/s41598-019-57108-0","Kathrin Griss","middle","gse6269","10.1016/j.immuni.2015.11.003"
"10.1038/s41598-019-57108-0","Kathrin Griss","middle","gse6269","10.1186/s13073-021-00924-9"
"10.1038/s41598-019-57108-0","Kathrin Griss","middle","gse6269","10.1186/ar3061"
"10.1038/s41598-019-57108-0","Kathrin Griss","middle","gse6269","10.1128/mbio.00100-16"
"10.1038/s41598-019-57108-0","Kathrin Griss","middle","gse6269","10.1371/journal.pone.0075607"
"10.1038/s41598-019-57108-0","Kathrin Griss","middle","gse6269","10.1038/s41420-020-00376-x"
"10.1038/s41598-019-57108-0","Kathrin Griss","middle","gse6269","10.3389/fcimb.2021.707905"
"10.1038/s41598-019-57108-0","Kathrin Griss","middle","gse6269","10.1155/2014/713071"
"10.1038/s41598-019-57108-0","Kathrin Griss","middle","gse6269","10.3389/fimmu.2020.575074"
"10.1038/s41598-019-57108-0","Maria Han","middle","gse94916","10.1097/md.0000000000027737"
"10.1038/s41598-019-57108-0","Maria Han","middle","gse94916","10.1186/s12920-022-01278-w"
"10.1038/s41598-019-57108-0","Maria Han","middle","gse136390","10.3390/pathophysiology29020013"
"10.1038/s41598-019-57108-0","Maria Han","middle","gse6269","10.1126/sciadv.ade0453"
"10.1038/s41598-019-57108-0","Maria Han","middle","gse6269","10.1371/journal.pone.0038367"
"10.1038/s41598-019-57108-0","Maria Han","middle","gse6269","10.3389/fimmu.2018.02564"
"10.1038/s41598-019-57108-0","Maria Han","middle","gse6269","10.1186/1471-2105-9-486"
"10.1038/s41598-019-57108-0","Maria Han","middle","gse6269","10.2147/jir.s406562"
"10.1038/s41598-019-57108-0","Maria Han","middle","gse6269","10.3390/ijms22063148"
"10.1038/s41598-019-57108-0","Maria Han","middle","gse6269","10.1186/1471-2105-13-s14-s12"
"10.1038/s41598-019-57108-0","Maria Han","middle","gse6269","10.3390/genes9050240"
"10.1038/s41598-019-57108-0","Maria Han","middle","gse6269","10.1016/j.xcrm.2022.100842"
"10.1038/s41598-019-57108-0","Maria Han","middle","gse6269","10.1111/jcmm.17240"
"10.1038/s41598-019-57108-0","Maria Han","middle","gse6269","10.3389/fgene.2019.00971"
"10.1038/s41598-019-57108-0","Maria Han","middle","gse6269","10.1093/bioinformatics/btab089"
"10.1038/s41598-019-57108-0","Maria Han","middle","gse6269","10.1371/journal.pone.0020662"
"10.1038/s41598-019-57108-0","Maria Han","middle","gse6269","10.3389/fimmu.2021.639358"
"10.1038/s41598-019-57108-0","Maria Han","middle","gse6269","10.1007/s10534-022-00398-1"
"10.1038/s41598-019-57108-0","Maria Han","middle","gse6269","10.1038/s41598-018-23395-2"
"10.1038/s41598-019-57108-0","Maria Han","middle","gse6269","10.3389/fimmu.2020.01636"
"10.1038/s41598-019-57108-0","Maria Han","middle","gse6269","10.3389/fcimb.2021.743616"
"10.1038/s41598-019-57108-0","Maria Han","middle","gse6269","10.1016/j.immuni.2015.11.003"
"10.1038/s41598-019-57108-0","Maria Han","middle","gse6269","10.1186/s13073-021-00924-9"
"10.1038/s41598-019-57108-0","Maria Han","middle","gse6269","10.1186/ar3061"
"10.1038/s41598-019-57108-0","Maria Han","middle","gse6269","10.1128/mbio.00100-16"
"10.1038/s41598-019-57108-0","Maria Han","middle","gse6269","10.1371/journal.pone.0075607"
"10.1038/s41598-019-57108-0","Maria Han","middle","gse6269","10.1038/s41420-020-00376-x"
"10.1038/s41598-019-57108-0","Maria Han","middle","gse6269","10.3389/fcimb.2021.707905"
"10.1038/s41598-019-57108-0","Maria Han","middle","gse6269","10.1155/2014/713071"
"10.1038/s41598-019-57108-0","Maria Han","middle","gse6269","10.3389/fimmu.2020.575074"
"10.1038/s41598-019-57108-0","Stefan Hippenstiel","middle","gse94916","10.1097/md.0000000000027737"
"10.1038/s41598-019-57108-0","Stefan Hippenstiel","middle","gse94916","10.1186/s12920-022-01278-w"
"10.1038/s41598-019-57108-0","Stefan Hippenstiel","middle","gse136390","10.3390/pathophysiology29020013"
"10.1038/s41598-019-57108-0","Stefan Hippenstiel","middle","gse6269","10.1126/sciadv.ade0453"
"10.1038/s41598-019-57108-0","Stefan Hippenstiel","middle","gse6269","10.1371/journal.pone.0038367"
"10.1038/s41598-019-57108-0","Stefan Hippenstiel","middle","gse6269","10.3389/fimmu.2018.02564"
"10.1038/s41598-019-57108-0","Stefan Hippenstiel","middle","gse6269","10.1186/1471-2105-9-486"
"10.1038/s41598-019-57108-0","Stefan Hippenstiel","middle","gse6269","10.2147/jir.s406562"
"10.1038/s41598-019-57108-0","Stefan Hippenstiel","middle","gse6269","10.3390/ijms22063148"
"10.1038/s41598-019-57108-0","Stefan Hippenstiel","middle","gse6269","10.1186/1471-2105-13-s14-s12"
"10.1038/s41598-019-57108-0","Stefan Hippenstiel","middle","gse6269","10.3390/genes9050240"
"10.1038/s41598-019-57108-0","Stefan Hippenstiel","middle","gse6269","10.1016/j.xcrm.2022.100842"
"10.1038/s41598-019-57108-0","Stefan Hippenstiel","middle","gse6269","10.1111/jcmm.17240"
"10.1038/s41598-019-57108-0","Stefan Hippenstiel","middle","gse6269","10.3389/fgene.2019.00971"
"10.1038/s41598-019-57108-0","Stefan Hippenstiel","middle","gse6269","10.1093/bioinformatics/btab089"
"10.1038/s41598-019-57108-0","Stefan Hippenstiel","middle","gse6269","10.1371/journal.pone.0020662"
"10.1038/s41598-019-57108-0","Stefan Hippenstiel","middle","gse6269","10.3389/fimmu.2021.639358"
"10.1038/s41598-019-57108-0","Stefan Hippenstiel","middle","gse6269","10.1007/s10534-022-00398-1"
"10.1038/s41598-019-57108-0","Stefan Hippenstiel","middle","gse6269","10.1038/s41598-018-23395-2"
"10.1038/s41598-019-57108-0","Stefan Hippenstiel","middle","gse6269","10.3389/fimmu.2020.01636"
"10.1038/s41598-019-57108-0","Stefan Hippenstiel","middle","gse6269","10.3389/fcimb.2021.743616"
"10.1038/s41598-019-57108-0","Stefan Hippenstiel","middle","gse6269","10.1016/j.immuni.2015.11.003"
"10.1038/s41598-019-57108-0","Stefan Hippenstiel","middle","gse6269","10.1186/s13073-021-00924-9"
"10.1038/s41598-019-57108-0","Stefan Hippenstiel","middle","gse6269","10.1186/ar3061"
"10.1038/s41598-019-57108-0","Stefan Hippenstiel","middle","gse6269","10.1128/mbio.00100-16"
"10.1038/s41598-019-57108-0","Stefan Hippenstiel","middle","gse6269","10.1371/journal.pone.0075607"
"10.1038/s41598-019-57108-0","Stefan Hippenstiel","middle","gse6269","10.1038/s41420-020-00376-x"
"10.1038/s41598-019-57108-0","Stefan Hippenstiel","middle","gse6269","10.3389/fcimb.2021.707905"
"10.1038/s41598-019-57108-0","Stefan Hippenstiel","middle","gse6269","10.1155/2014/713071"
"10.1038/s41598-019-57108-0","Stefan Hippenstiel","middle","gse6269","10.3389/fimmu.2020.575074"
"10.1038/s41598-019-57108-0","Norbert Suttorp","middle","gse94916","10.1097/md.0000000000027737"
"10.1038/s41598-019-57108-0","Norbert Suttorp","middle","gse94916","10.1186/s12920-022-01278-w"
"10.1038/s41598-019-57108-0","Norbert Suttorp","middle","gse136390","10.3390/pathophysiology29020013"
"10.1038/s41598-019-57108-0","Norbert Suttorp","middle","gse6269","10.1126/sciadv.ade0453"
"10.1038/s41598-019-57108-0","Norbert Suttorp","middle","gse6269","10.1371/journal.pone.0038367"
"10.1038/s41598-019-57108-0","Norbert Suttorp","middle","gse6269","10.3389/fimmu.2018.02564"
"10.1038/s41598-019-57108-0","Norbert Suttorp","middle","gse6269","10.1186/1471-2105-9-486"
"10.1038/s41598-019-57108-0","Norbert Suttorp","middle","gse6269","10.2147/jir.s406562"
"10.1038/s41598-019-57108-0","Norbert Suttorp","middle","gse6269","10.3390/ijms22063148"
"10.1038/s41598-019-57108-0","Norbert Suttorp","middle","gse6269","10.1186/1471-2105-13-s14-s12"
"10.1038/s41598-019-57108-0","Norbert Suttorp","middle","gse6269","10.3390/genes9050240"
"10.1038/s41598-019-57108-0","Norbert Suttorp","middle","gse6269","10.1016/j.xcrm.2022.100842"
"10.1038/s41598-019-57108-0","Norbert Suttorp","middle","gse6269","10.1111/jcmm.17240"
"10.1038/s41598-019-57108-0","Norbert Suttorp","middle","gse6269","10.3389/fgene.2019.00971"
"10.1038/s41598-019-57108-0","Norbert Suttorp","middle","gse6269","10.1093/bioinformatics/btab089"
"10.1038/s41598-019-57108-0","Norbert Suttorp","middle","gse6269","10.1371/journal.pone.0020662"
"10.1038/s41598-019-57108-0","Norbert Suttorp","middle","gse6269","10.3389/fimmu.2021.639358"
"10.1038/s41598-019-57108-0","Norbert Suttorp","middle","gse6269","10.1007/s10534-022-00398-1"
"10.1038/s41598-019-57108-0","Norbert Suttorp","middle","gse6269","10.1038/s41598-018-23395-2"
"10.1038/s41598-019-57108-0","Norbert Suttorp","middle","gse6269","10.3389/fimmu.2020.01636"
"10.1038/s41598-019-57108-0","Norbert Suttorp","middle","gse6269","10.3389/fcimb.2021.743616"
"10.1038/s41598-019-57108-0","Norbert Suttorp","middle","gse6269","10.1016/j.immuni.2015.11.003"
"10.1038/s41598-019-57108-0","Norbert Suttorp","middle","gse6269","10.1186/s13073-021-00924-9"
"10.1038/s41598-019-57108-0","Norbert Suttorp","middle","gse6269","10.1186/ar3061"
"10.1038/s41598-019-57108-0","Norbert Suttorp","middle","gse6269","10.1128/mbio.00100-16"
"10.1038/s41598-019-57108-0","Norbert Suttorp","middle","gse6269","10.1371/journal.pone.0075607"
"10.1038/s41598-019-57108-0","Norbert Suttorp","middle","gse6269","10.1038/s41420-020-00376-x"
"10.1038/s41598-019-57108-0","Norbert Suttorp","middle","gse6269","10.3389/fcimb.2021.707905"
"10.1038/s41598-019-57108-0","Norbert Suttorp","middle","gse6269","10.1155/2014/713071"
"10.1038/s41598-019-57108-0","Norbert Suttorp","middle","gse6269","10.3389/fimmu.2020.575074"
"10.1038/s41598-020-64431-4","Biljana Smiljanovic","first","gse55235","10.1186/s13018-022-03453-2"
"10.1038/s41598-020-64431-4","Biljana Smiljanovic","first","gse55235","10.1155/2022/1905077"
"10.1038/s41598-020-64431-4","Biljana Smiljanovic","first","gse55235","10.1038/s41598-022-21988-6"
"10.1038/s41598-020-64431-4","Biljana Smiljanovic","first","gse55235","10.3389/fimmu.2022.871008"
"10.1038/s41598-020-64431-4","Biljana Smiljanovic","first","gse55235","10.1186/s13045-017-0526-8"
"10.1038/s41598-020-64431-4","Biljana Smiljanovic","first","gse55235","10.3389/fimmu.2022.893301"
"10.1038/s41598-020-64431-4","Biljana Smiljanovic","first","gse55235","10.1038/s41598-022-08274-1"
"10.1038/s41598-020-64431-4","Biljana Smiljanovic","first","gse55235","10.1186/s13059-016-0948-6"
"10.1038/s41598-020-64431-4","Biljana Smiljanovic","first","gse55235","10.1016/j.jot.2022.02.007"
"10.1038/s41598-020-64431-4","Biljana Smiljanovic","first","gse55235","10.3389/fimmu.2022.1058884"
"10.1038/s41598-020-64431-4","Biljana Smiljanovic","first","gse55235","10.1186/s13018-021-02402-9"
"10.1038/s41598-020-64431-4","Biljana Smiljanovic","first","gse55235","10.1155/2022/8027987"
"10.1038/s41598-020-64431-4","Biljana Smiljanovic","first","gse55235","10.1186/s12891-022-05277-x"
"10.1038/s41598-020-64431-4","Biljana Smiljanovic","first","gse55235","10.3390/biom13030539"
"10.1038/s41598-020-64431-4","Biljana Smiljanovic","first","gse55235","10.3389/fimmu.2022.1041284"
"10.1038/s41598-020-64431-4","Biljana Smiljanovic","first","gse55235","10.1038/s41598-023-29153-3"
"10.1038/s41598-020-64431-4","Biljana Smiljanovic","first","gse55235","10.1111/os.12412"
"10.1038/s41598-020-64431-4","Biljana Smiljanovic","first","gse55235","10.1155/2022/5600190"
"10.1038/s41598-020-64431-4","Biljana Smiljanovic","first","gse55235","10.7717/peerj.8390"
"10.1038/s41598-020-64431-4","Biljana Smiljanovic","first","gse55235","10.1038/s41598-020-73147-4"
"10.1038/s41598-020-64431-4","Biljana Smiljanovic","first","gse55235","10.1186/s13018-022-03247-6"
"10.1038/s41598-020-64431-4","Biljana Smiljanovic","first","gse55235","10.3389/fimmu.2023.1090596"
"10.1038/s41598-020-64431-4","Biljana Smiljanovic","first","gse55235","10.1186/s13075-022-02902-x"
"10.1038/s41598-020-64431-4","Biljana Smiljanovic","first","gse55235","10.1093/jhps/hnaa036"
"10.1038/s41598-020-64431-4","Biljana Smiljanovic","first","gse55235","10.7717/peerj.3078"
"10.1038/s41598-020-64431-4","Biljana Smiljanovic","first","gse55235","10.3389/fmed.2022.799440"
"10.1038/s41598-020-64431-4","Biljana Smiljanovic","first","gse55235","10.1038/s41598-023-31438-6"
"10.1038/s41598-020-64431-4","Biljana Smiljanovic","first","gse55235","10.3389/fcell.2023.1099287"
"10.1038/s41598-020-64431-4","Biljana Smiljanovic","first","gse55235","10.1371/journal.pone.0164542"
"10.1038/s41598-020-64431-4","Biljana Smiljanovic","first","gse55235","10.21037/atm-22-3888"
"10.1038/s41598-020-64431-4","Biljana Smiljanovic","first","gse55235","10.3389/fimmu.2019.02612"
"10.1038/s41598-020-64431-4","Biljana Smiljanovic","first","gse55235","10.3389/fmolb.2021.691602"
"10.1038/s41598-020-64431-4","Biljana Smiljanovic","first","gse55235","10.3390/ijms18112396"
"10.1038/s41598-020-64431-4","Biljana Smiljanovic","first","gse55235","10.3389/fimmu.2018.03085"
"10.1038/s41598-020-64431-4","Biljana Smiljanovic","first","gse55235","10.1155/2020/6943103"
"10.1038/s41598-020-64431-4","Biljana Smiljanovic","first","gse55235","10.7150/ijms.35611"
"10.1038/s41598-020-64431-4","Biljana Smiljanovic","first","gse55235","10.3389/fimmu.2023.1128459"
"10.1038/s41598-020-64431-4","Biljana Smiljanovic","first","gse55235","10.1155/2022/4071472"
"10.1038/s41598-020-64431-4","Biljana Smiljanovic","first","gse55235","10.1155/2022/1926661"
"10.1038/s41598-020-64431-4","Biljana Smiljanovic","first","gse55235","10.6026/97320630011207"
"10.1038/s41598-020-64431-4","Biljana Smiljanovic","first","gse55235","10.21037/atm-22-4934"
"10.1038/s41598-020-64431-4","Biljana Smiljanovic","first","gse55235","10.3389/fncel.2022.1013745"
"10.1038/s41598-020-64431-4","Biljana Smiljanovic","first","gse55235","10.3390/jpm13020367"
"10.1038/s41598-020-64431-4","Biljana Smiljanovic","first","gse55235","10.3892/br.2021.1457"
"10.1038/s41598-020-64431-4","Biljana Smiljanovic","first","gse55235","10.12659/msm.915451"
"10.1038/s41598-020-64431-4","Biljana Smiljanovic","first","gse55235","10.7717/peerj.5743"
"10.1038/s41598-020-64431-4","Biljana Smiljanovic","first","gse55235","10.1038/s41598-020-67730-y"
"10.1038/s41598-020-64431-4","Biljana Smiljanovic","first","gse55235","10.18632/oncotarget.7390"
"10.1038/s41598-020-64431-4","Biljana Smiljanovic","first","gse55235","10.1155/2021/9911184"
"10.1038/s41598-020-64431-4","Biljana Smiljanovic","first","gse55235","10.21037/atm-21-4566"
"10.1038/s41598-020-64431-4","Biljana Smiljanovic","first","gse55235","10.1302/2046-3758.98.bjr-2019-0301.r1"
"10.1038/s41598-020-64431-4","Biljana Smiljanovic","first","gse55235","10.3389/fimmu.2022.1078414"
"10.1038/s41598-020-64431-4","Biljana Smiljanovic","first","gse55235","10.3389/fgene.2022.905027"
"10.1038/s41598-020-64431-4","Biljana Smiljanovic","first","gse55235","10.3389/fmolb.2021.761841"
"10.1038/s41598-020-64431-4","Biljana Smiljanovic","first","gse55235","10.3389/fmolb.2021.748360"
"10.1038/s41598-020-64431-4","Biljana Smiljanovic","first","gse55235","10.3389/fphar.2022.843358"
"10.1038/s41598-020-64431-4","Biljana Smiljanovic","first","gse55235","10.1186/s12891-022-05567-4"
"10.1038/s41598-020-64431-4","Biljana Smiljanovic","first","gse55235","10.3389/fimmu.2022.1044909"
"10.1038/s41598-020-64431-4","Biljana Smiljanovic","first","gse55235","10.1042/bsr20201713"
"10.1038/s41598-020-64431-4","Biljana Smiljanovic","first","gse55235","10.1155/2020/2379280"
"10.1038/s41598-020-64431-4","Biljana Smiljanovic","first","gse55235","10.1371/journal.pone.0167212"
"10.1038/s41598-020-64431-4","Biljana Smiljanovic","first","gse55235","10.1302/2046-3758.119.bjr-2022-0075.r1"
"10.1038/s41598-020-64431-4","Biljana Smiljanovic","first","gse55235","10.3892/etm.2020.9450"
"10.1038/s41598-020-64431-4","Biljana Smiljanovic","first","gse55235","10.3389/fmolb.2022.992044"
"10.1038/s41598-020-64431-4","Biljana Smiljanovic","first","gse55235","10.1002/cbf.3491"
"10.1038/s41598-020-64431-4","Biljana Smiljanovic","first","gse55235","10.1155/2022/6783659"
"10.1038/s41598-020-64431-4","Biljana Smiljanovic","first","gse55235","10.1038/s41598-021-94607-5"
"10.1038/s41598-020-64431-4","Biljana Smiljanovic","first","gse55235","10.1155/2022/8023779"
"10.1038/s41598-020-64431-4","Biljana Smiljanovic","first","gse55235","10.1186/s41231-020-00066-x"
"10.1038/s41598-020-64431-4","Biljana Smiljanovic","first","gse55235","10.3390/genes13091501"
"10.1038/s41598-020-64431-4","Biljana Smiljanovic","first","gse55235","10.3389/fimmu.2022.954848"
"10.1038/s41598-020-64431-4","Biljana Smiljanovic","first","gse55235","10.1155/2022/9252319"
"10.1038/s41598-020-64431-4","Biljana Smiljanovic","first","gse55235","10.1186/s13018-021-02796-6"
"10.1038/s41598-020-64431-4","Biljana Smiljanovic","first","gse55235","10.3389/fphar.2021.672054"
"10.1038/s41598-020-64431-4","Biljana Smiljanovic","first","gse55235","10.3389/fgene.2022.870590"
"10.1038/s41598-020-64431-4","Biljana Smiljanovic","first","gse55235","10.3390/jcm7120535"
"10.1038/s41598-020-64431-4","Biljana Smiljanovic","first","gse55235","10.3389/fimmu.2022.1013322"
"10.1038/s41598-020-64431-4","Biljana Smiljanovic","first","gse55235","10.3390/jcm8010050"
"10.1038/s41598-020-64431-4","Biljana Smiljanovic","first","gse55235","10.1186/s12859-016-1065-y"
"10.1038/s41598-020-64431-4","Biljana Smiljanovic","first","gse55235","10.1302/2046-3758.74.bjr-2017-0245.r1"
"10.1038/s41598-020-64431-4","Biljana Smiljanovic","first","gse55235","10.1186/s13018-020-01756-w"
"10.1038/s41598-020-64431-4","Biljana Smiljanovic","first","gse55235","10.1371/journal.pone.0161306"
"10.1038/s41598-020-64431-4","Biljana Smiljanovic","first","gse55235","10.3892/mmr.2018.9677"
"10.1038/s41598-020-64431-4","Biljana Smiljanovic","first","gse55235","10.1186/s13018-018-0734-0"
"10.1038/s41598-020-64431-4","Biljana Smiljanovic","first","gse55235","10.3389/fgene.2021.721258"
"10.1038/s41598-020-64431-4","Biljana Smiljanovic","first","gse55235","10.1016/j.heliyon.2023.e12799"
"10.1038/s41598-020-64431-4","Biljana Smiljanovic","first","gse55235","10.3389/fphar.2022.888533"
"10.1038/s41598-020-64431-4","Biljana Smiljanovic","first","gse55235","10.1186/s13018-023-03700-0"
"10.1038/s41598-020-64431-4","Biljana Smiljanovic","first","gse55235","10.3389/fgene.2022.1040438"
"10.1038/s41598-020-64431-4","Biljana Smiljanovic","first","gse55235","10.1038/s41598-021-86319-7"
"10.1038/s41598-020-64431-4","Biljana Smiljanovic","first","gse55235","10.3389/fgene.2023.1117713"
"10.1038/s41598-020-64431-4","Biljana Smiljanovic","first","gse55235","10.1038/s41598-020-70596-9"
"10.1038/s41598-020-64431-4","Biljana Smiljanovic","first","gse55235","10.3389/fimmu.2022.1013531"
"10.1038/s41598-020-64431-4","Biljana Smiljanovic","first","gse55235","10.1371/journal.pone.0224632"
"10.1038/s41598-020-64431-4","Biljana Smiljanovic","first","gse55235","10.3389/fmolb.2023.1066885"
"10.1038/s41598-020-64431-4","Biljana Smiljanovic","first","gse55235","10.1080/21655979.2022.2061288"
"10.1038/s41598-020-64431-4","Biljana Smiljanovic","first","gse55235","10.1186/s12920-023-01445-7"
"10.1038/s41598-020-64431-4","Biljana Smiljanovic","first","gse55235","10.1155/2022/6060677"
"10.1038/s41598-020-64431-4","Biljana Smiljanovic","first","gse55235","10.1042/bsr20193823"
"10.1038/s41598-020-64431-4","Biljana Smiljanovic","first","gse55235","10.1186/s13018-023-03541-x"
"10.1038/s41598-020-64431-4","Biljana Smiljanovic","first","gse55235","10.2147/jir.s287242"
"10.1038/s41598-020-64431-4","Biljana Smiljanovic","first","gse55235","10.3389/fphys.2018.00516"
"10.1038/s41598-020-64431-4","Biljana Smiljanovic","first","gse55235","10.3390/diagnostics10030171"
"10.1038/s41598-020-64431-4","Biljana Smiljanovic","first","gse55235","10.7150/ijms.27056"
"10.1038/s41598-020-64431-4","Biljana Smiljanovic","first","gse55235","10.1186/s41065-020-00169-3"
"10.1038/s41598-020-64431-4","Biljana Smiljanovic","first","gse55235","10.3389/fmed.2022.1052792"
"10.1038/s41598-020-64431-4","Biljana Smiljanovic","first","gse55235","10.3389/fendo.2023.1144258"
"10.1038/s41598-020-64431-4","Biljana Smiljanovic","first","gse55235","10.1155/2018/9482726"
"10.1038/s41598-020-64431-4","Biljana Smiljanovic","first","gse55235","10.1097/md.0000000000028321"
"10.1038/s41598-020-64431-4","Biljana Smiljanovic","first","gse55235","10.3389/fimmu.2023.1007624"
"10.1038/s41598-020-64431-4","Biljana Smiljanovic","first","gse55235","10.3389/fgene.2021.743560"
"10.1038/s41598-020-64431-4","Biljana Smiljanovic","first","gse55235","10.1371/journal.pone.0199530"
"10.1038/s41598-020-64431-4","Biljana Smiljanovic","first","gse55235","10.3389/fimmu.2023.1134412"
"10.1038/s41598-020-64431-4","Biljana Smiljanovic","first","gse55235","10.3389/fimmu.2021.726747"
"10.1038/s41598-020-64431-4","Biljana Smiljanovic","first","gse55235","10.3389/fimmu.2017.00074"
"10.1038/s41598-020-64431-4","Biljana Smiljanovic","first","gse55235","10.3892/mmr.2020.11168"
"10.1038/s41598-020-64431-4","Biljana Smiljanovic","first","gse55235","10.1038/s41598-019-51627-6"
"10.1038/s41598-020-64431-4","Biljana Smiljanovic","first","gse55235","10.3892/etm.2022.11295"
"10.1038/s41598-020-64431-4","Biljana Smiljanovic","first","gse55235","10.1038/s41598-023-28000-9"
"10.1038/s41598-020-64431-4","Biljana Smiljanovic","first","gse55235","10.1155/2021/5074305"
"10.1038/s41598-020-64431-4","Biljana Smiljanovic","first","gse38351","10.3390/genes12121898"
"10.1038/s41598-020-64431-4","Biljana Smiljanovic","first","gse38351","10.1371/journal.pone.0208132"
"10.1038/s41598-020-64431-4","Biljana Smiljanovic","first","gse38351","10.1186/s12920-016-0227-0"
"10.1038/s41598-020-64431-4","Biljana Smiljanovic","first","gse38351","10.1038/s42003-019-0382-x"
"10.1038/s41598-020-64431-4","Biljana Smiljanovic","first","gse38351","10.3389/fimmu.2020.575074"
"10.1038/s41598-020-64431-4","Biljana Smiljanovic","first","gse38351","10.3389/fimmu.2021.668007"
"10.1038/s41598-020-64431-4","Biljana Smiljanovic","first","gse38351","10.3389/fmolb.2017.00096"
"10.1038/s41598-020-64431-4","Biljana Smiljanovic","first","gse38351","10.1038/s41598-019-45989-0"
"10.1038/s41598-020-64431-4","Biljana Smiljanovic","first","gse51997","10.3390/genes12121898"
"10.1038/s41598-020-64431-4","Biljana Smiljanovic","first","gse51997","10.1371/journal.pone.0208132"
"10.1038/s41598-020-64431-4","Biljana Smiljanovic","first","gse51997","10.12688/f1000research.8182.2"
"10.1038/s41598-020-64431-4","Biljana Smiljanovic","first","gse51997","10.3389/fimmu.2020.575074"
"10.1038/s41598-020-64431-4","Biljana Smiljanovic","first","gse51997","10.3390/genes13020209"
"10.1038/s41598-020-64431-4","Biljana Smiljanovic","first","gse51997","10.1155/2022/9096999"
"10.1038/s41598-020-64431-4","Biljana Smiljanovic","first","gse58173","10.1186/s12859-016-1141-3"
"10.1038/s41598-020-64431-4","Till Sörensen","middle","gse55235","10.1186/s13018-022-03453-2"
"10.1038/s41598-020-64431-4","Till Sörensen","middle","gse55235","10.1155/2022/1905077"
"10.1038/s41598-020-64431-4","Till Sörensen","middle","gse55235","10.1038/s41598-022-21988-6"
"10.1038/s41598-020-64431-4","Till Sörensen","middle","gse55235","10.3389/fimmu.2022.871008"
"10.1038/s41598-020-64431-4","Till Sörensen","middle","gse55235","10.1186/s13045-017-0526-8"
"10.1038/s41598-020-64431-4","Till Sörensen","middle","gse55235","10.3389/fimmu.2022.893301"
"10.1038/s41598-020-64431-4","Till Sörensen","middle","gse55235","10.1038/s41598-022-08274-1"
"10.1038/s41598-020-64431-4","Till Sörensen","middle","gse55235","10.1186/s13059-016-0948-6"
"10.1038/s41598-020-64431-4","Till Sörensen","middle","gse55235","10.1016/j.jot.2022.02.007"
"10.1038/s41598-020-64431-4","Till Sörensen","middle","gse55235","10.3389/fimmu.2022.1058884"
"10.1038/s41598-020-64431-4","Till Sörensen","middle","gse55235","10.1186/s13018-021-02402-9"
"10.1038/s41598-020-64431-4","Till Sörensen","middle","gse55235","10.1155/2022/8027987"
"10.1038/s41598-020-64431-4","Till Sörensen","middle","gse55235","10.1186/s12891-022-05277-x"
"10.1038/s41598-020-64431-4","Till Sörensen","middle","gse55235","10.3390/biom13030539"
"10.1038/s41598-020-64431-4","Till Sörensen","middle","gse55235","10.3389/fimmu.2022.1041284"
"10.1038/s41598-020-64431-4","Till Sörensen","middle","gse55235","10.1038/s41598-023-29153-3"
"10.1038/s41598-020-64431-4","Till Sörensen","middle","gse55235","10.1111/os.12412"
"10.1038/s41598-020-64431-4","Till Sörensen","middle","gse55235","10.1155/2022/5600190"
"10.1038/s41598-020-64431-4","Till Sörensen","middle","gse55235","10.7717/peerj.8390"
"10.1038/s41598-020-64431-4","Till Sörensen","middle","gse55235","10.1038/s41598-020-73147-4"
"10.1038/s41598-020-64431-4","Till Sörensen","middle","gse55235","10.1186/s13018-022-03247-6"
"10.1038/s41598-020-64431-4","Till Sörensen","middle","gse55235","10.3389/fimmu.2023.1090596"
"10.1038/s41598-020-64431-4","Till Sörensen","middle","gse55235","10.1186/s13075-022-02902-x"
"10.1038/s41598-020-64431-4","Till Sörensen","middle","gse55235","10.1093/jhps/hnaa036"
"10.1038/s41598-020-64431-4","Till Sörensen","middle","gse55235","10.7717/peerj.3078"
"10.1038/s41598-020-64431-4","Till Sörensen","middle","gse55235","10.3389/fmed.2022.799440"
"10.1038/s41598-020-64431-4","Till Sörensen","middle","gse55235","10.1038/s41598-023-31438-6"
"10.1038/s41598-020-64431-4","Till Sörensen","middle","gse55235","10.3389/fcell.2023.1099287"
"10.1038/s41598-020-64431-4","Till Sörensen","middle","gse55235","10.1371/journal.pone.0164542"
"10.1038/s41598-020-64431-4","Till Sörensen","middle","gse55235","10.21037/atm-22-3888"
"10.1038/s41598-020-64431-4","Till Sörensen","middle","gse55235","10.3389/fimmu.2019.02612"
"10.1038/s41598-020-64431-4","Till Sörensen","middle","gse55235","10.3389/fmolb.2021.691602"
"10.1038/s41598-020-64431-4","Till Sörensen","middle","gse55235","10.3390/ijms18112396"
"10.1038/s41598-020-64431-4","Till Sörensen","middle","gse55235","10.3389/fimmu.2018.03085"
"10.1038/s41598-020-64431-4","Till Sörensen","middle","gse55235","10.1155/2020/6943103"
"10.1038/s41598-020-64431-4","Till Sörensen","middle","gse55235","10.7150/ijms.35611"
"10.1038/s41598-020-64431-4","Till Sörensen","middle","gse55235","10.3389/fimmu.2023.1128459"
"10.1038/s41598-020-64431-4","Till Sörensen","middle","gse55235","10.1155/2022/4071472"
"10.1038/s41598-020-64431-4","Till Sörensen","middle","gse55235","10.1155/2022/1926661"
"10.1038/s41598-020-64431-4","Till Sörensen","middle","gse55235","10.6026/97320630011207"
"10.1038/s41598-020-64431-4","Till Sörensen","middle","gse55235","10.21037/atm-22-4934"
"10.1038/s41598-020-64431-4","Till Sörensen","middle","gse55235","10.3389/fncel.2022.1013745"
"10.1038/s41598-020-64431-4","Till Sörensen","middle","gse55235","10.3390/jpm13020367"
"10.1038/s41598-020-64431-4","Till Sörensen","middle","gse55235","10.3892/br.2021.1457"
"10.1038/s41598-020-64431-4","Till Sörensen","middle","gse55235","10.12659/msm.915451"
"10.1038/s41598-020-64431-4","Till Sörensen","middle","gse55235","10.7717/peerj.5743"
"10.1038/s41598-020-64431-4","Till Sörensen","middle","gse55235","10.1038/s41598-020-67730-y"
"10.1038/s41598-020-64431-4","Till Sörensen","middle","gse55235","10.18632/oncotarget.7390"
"10.1038/s41598-020-64431-4","Till Sörensen","middle","gse55235","10.1155/2021/9911184"
"10.1038/s41598-020-64431-4","Till Sörensen","middle","gse55235","10.21037/atm-21-4566"
"10.1038/s41598-020-64431-4","Till Sörensen","middle","gse55235","10.1302/2046-3758.98.bjr-2019-0301.r1"
"10.1038/s41598-020-64431-4","Till Sörensen","middle","gse55235","10.3389/fimmu.2022.1078414"
"10.1038/s41598-020-64431-4","Till Sörensen","middle","gse55235","10.3389/fgene.2022.905027"
"10.1038/s41598-020-64431-4","Till Sörensen","middle","gse55235","10.3389/fmolb.2021.761841"
"10.1038/s41598-020-64431-4","Till Sörensen","middle","gse55235","10.3389/fmolb.2021.748360"
"10.1038/s41598-020-64431-4","Till Sörensen","middle","gse55235","10.3389/fphar.2022.843358"
"10.1038/s41598-020-64431-4","Till Sörensen","middle","gse55235","10.1186/s12891-022-05567-4"
"10.1038/s41598-020-64431-4","Till Sörensen","middle","gse55235","10.3389/fimmu.2022.1044909"
"10.1038/s41598-020-64431-4","Till Sörensen","middle","gse55235","10.1042/bsr20201713"
"10.1038/s41598-020-64431-4","Till Sörensen","middle","gse55235","10.1155/2020/2379280"
"10.1038/s41598-020-64431-4","Till Sörensen","middle","gse55235","10.1371/journal.pone.0167212"
"10.1038/s41598-020-64431-4","Till Sörensen","middle","gse55235","10.1302/2046-3758.119.bjr-2022-0075.r1"
"10.1038/s41598-020-64431-4","Till Sörensen","middle","gse55235","10.3892/etm.2020.9450"
"10.1038/s41598-020-64431-4","Till Sörensen","middle","gse55235","10.3389/fmolb.2022.992044"
"10.1038/s41598-020-64431-4","Till Sörensen","middle","gse55235","10.1002/cbf.3491"
"10.1038/s41598-020-64431-4","Till Sörensen","middle","gse55235","10.1155/2022/6783659"
"10.1038/s41598-020-64431-4","Till Sörensen","middle","gse55235","10.1038/s41598-021-94607-5"
"10.1038/s41598-020-64431-4","Till Sörensen","middle","gse55235","10.1155/2022/8023779"
"10.1038/s41598-020-64431-4","Till Sörensen","middle","gse55235","10.1186/s41231-020-00066-x"
"10.1038/s41598-020-64431-4","Till Sörensen","middle","gse55235","10.3390/genes13091501"
"10.1038/s41598-020-64431-4","Till Sörensen","middle","gse55235","10.3389/fimmu.2022.954848"
"10.1038/s41598-020-64431-4","Till Sörensen","middle","gse55235","10.1155/2022/9252319"
"10.1038/s41598-020-64431-4","Till Sörensen","middle","gse55235","10.1186/s13018-021-02796-6"
"10.1038/s41598-020-64431-4","Till Sörensen","middle","gse55235","10.3389/fphar.2021.672054"
"10.1038/s41598-020-64431-4","Till Sörensen","middle","gse55235","10.3389/fgene.2022.870590"
"10.1038/s41598-020-64431-4","Till Sörensen","middle","gse55235","10.3390/jcm7120535"
"10.1038/s41598-020-64431-4","Till Sörensen","middle","gse55235","10.3389/fimmu.2022.1013322"
"10.1038/s41598-020-64431-4","Till Sörensen","middle","gse55235","10.3390/jcm8010050"
"10.1038/s41598-020-64431-4","Till Sörensen","middle","gse55235","10.1186/s12859-016-1065-y"
"10.1038/s41598-020-64431-4","Till Sörensen","middle","gse55235","10.1302/2046-3758.74.bjr-2017-0245.r1"
"10.1038/s41598-020-64431-4","Till Sörensen","middle","gse55235","10.1186/s13018-020-01756-w"
"10.1038/s41598-020-64431-4","Till Sörensen","middle","gse55235","10.1371/journal.pone.0161306"
"10.1038/s41598-020-64431-4","Till Sörensen","middle","gse55235","10.3892/mmr.2018.9677"
"10.1038/s41598-020-64431-4","Till Sörensen","middle","gse55235","10.1186/s13018-018-0734-0"
"10.1038/s41598-020-64431-4","Till Sörensen","middle","gse55235","10.3389/fgene.2021.721258"
"10.1038/s41598-020-64431-4","Till Sörensen","middle","gse55235","10.1016/j.heliyon.2023.e12799"
"10.1038/s41598-020-64431-4","Till Sörensen","middle","gse55235","10.3389/fphar.2022.888533"
"10.1038/s41598-020-64431-4","Till Sörensen","middle","gse55235","10.1186/s13018-023-03700-0"
"10.1038/s41598-020-64431-4","Till Sörensen","middle","gse55235","10.3389/fgene.2022.1040438"
"10.1038/s41598-020-64431-4","Till Sörensen","middle","gse55235","10.1038/s41598-021-86319-7"
"10.1038/s41598-020-64431-4","Till Sörensen","middle","gse55235","10.3389/fgene.2023.1117713"
"10.1038/s41598-020-64431-4","Till Sörensen","middle","gse55235","10.1038/s41598-020-70596-9"
"10.1038/s41598-020-64431-4","Till Sörensen","middle","gse55235","10.3389/fimmu.2022.1013531"
"10.1038/s41598-020-64431-4","Till Sörensen","middle","gse55235","10.1371/journal.pone.0224632"
"10.1038/s41598-020-64431-4","Till Sörensen","middle","gse55235","10.3389/fmolb.2023.1066885"
"10.1038/s41598-020-64431-4","Till Sörensen","middle","gse55235","10.1080/21655979.2022.2061288"
"10.1038/s41598-020-64431-4","Till Sörensen","middle","gse55235","10.1186/s12920-023-01445-7"
"10.1038/s41598-020-64431-4","Till Sörensen","middle","gse55235","10.1155/2022/6060677"
"10.1038/s41598-020-64431-4","Till Sörensen","middle","gse55235","10.1042/bsr20193823"
"10.1038/s41598-020-64431-4","Till Sörensen","middle","gse55235","10.1186/s13018-023-03541-x"
"10.1038/s41598-020-64431-4","Till Sörensen","middle","gse55235","10.2147/jir.s287242"
"10.1038/s41598-020-64431-4","Till Sörensen","middle","gse55235","10.3389/fphys.2018.00516"
"10.1038/s41598-020-64431-4","Till Sörensen","middle","gse55235","10.3390/diagnostics10030171"
"10.1038/s41598-020-64431-4","Till Sörensen","middle","gse55235","10.7150/ijms.27056"
"10.1038/s41598-020-64431-4","Till Sörensen","middle","gse55235","10.1186/s41065-020-00169-3"
"10.1038/s41598-020-64431-4","Till Sörensen","middle","gse55235","10.3389/fmed.2022.1052792"
"10.1038/s41598-020-64431-4","Till Sörensen","middle","gse55235","10.3389/fendo.2023.1144258"
"10.1038/s41598-020-64431-4","Till Sörensen","middle","gse55235","10.1155/2018/9482726"
"10.1038/s41598-020-64431-4","Till Sörensen","middle","gse55235","10.1097/md.0000000000028321"
"10.1038/s41598-020-64431-4","Till Sörensen","middle","gse55235","10.3389/fimmu.2023.1007624"
"10.1038/s41598-020-64431-4","Till Sörensen","middle","gse55235","10.3389/fgene.2021.743560"
"10.1038/s41598-020-64431-4","Till Sörensen","middle","gse55235","10.1371/journal.pone.0199530"
"10.1038/s41598-020-64431-4","Till Sörensen","middle","gse55235","10.3389/fimmu.2023.1134412"
"10.1038/s41598-020-64431-4","Till Sörensen","middle","gse55235","10.3389/fimmu.2021.726747"
"10.1038/s41598-020-64431-4","Till Sörensen","middle","gse55235","10.3389/fimmu.2017.00074"
"10.1038/s41598-020-64431-4","Till Sörensen","middle","gse55235","10.3892/mmr.2020.11168"
"10.1038/s41598-020-64431-4","Till Sörensen","middle","gse55235","10.1038/s41598-019-51627-6"
"10.1038/s41598-020-64431-4","Till Sörensen","middle","gse55235","10.3892/etm.2022.11295"
"10.1038/s41598-020-64431-4","Till Sörensen","middle","gse55235","10.1038/s41598-023-28000-9"
"10.1038/s41598-020-64431-4","Till Sörensen","middle","gse55235","10.1155/2021/5074305"
"10.1038/s41598-020-64431-4","Till Sörensen","middle","gse38351","10.3390/genes12121898"
"10.1038/s41598-020-64431-4","Till Sörensen","middle","gse38351","10.1371/journal.pone.0208132"
"10.1038/s41598-020-64431-4","Till Sörensen","middle","gse38351","10.1186/s12920-016-0227-0"
"10.1038/s41598-020-64431-4","Till Sörensen","middle","gse38351","10.1038/s42003-019-0382-x"
"10.1038/s41598-020-64431-4","Till Sörensen","middle","gse38351","10.3389/fimmu.2020.575074"
"10.1038/s41598-020-64431-4","Till Sörensen","middle","gse38351","10.3389/fimmu.2021.668007"
"10.1038/s41598-020-64431-4","Till Sörensen","middle","gse38351","10.3389/fmolb.2017.00096"
"10.1038/s41598-020-64431-4","Till Sörensen","middle","gse38351","10.1038/s41598-019-45989-0"
"10.1038/s41598-020-64431-4","Till Sörensen","middle","gse51997","10.3390/genes12121898"
"10.1038/s41598-020-64431-4","Till Sörensen","middle","gse51997","10.1371/journal.pone.0208132"
"10.1038/s41598-020-64431-4","Till Sörensen","middle","gse51997","10.12688/f1000research.8182.2"
"10.1038/s41598-020-64431-4","Till Sörensen","middle","gse51997","10.3389/fimmu.2020.575074"
"10.1038/s41598-020-64431-4","Till Sörensen","middle","gse51997","10.3390/genes13020209"
"10.1038/s41598-020-64431-4","Till Sörensen","middle","gse51997","10.1155/2022/9096999"
"10.1038/s41598-020-64431-4","Till Sörensen","middle","gse58173","10.1186/s12859-016-1141-3"
"10.1038/s41598-020-64431-4","Marc Bonin","middle","gse55235","10.1186/s13018-022-03453-2"
"10.1038/s41598-020-64431-4","Marc Bonin","middle","gse55235","10.1155/2022/1905077"
"10.1038/s41598-020-64431-4","Marc Bonin","middle","gse55235","10.1038/s41598-022-21988-6"
"10.1038/s41598-020-64431-4","Marc Bonin","middle","gse55235","10.3389/fimmu.2022.871008"
"10.1038/s41598-020-64431-4","Marc Bonin","middle","gse55235","10.1186/s13045-017-0526-8"
"10.1038/s41598-020-64431-4","Marc Bonin","middle","gse55235","10.3389/fimmu.2022.893301"
"10.1038/s41598-020-64431-4","Marc Bonin","middle","gse55235","10.1038/s41598-022-08274-1"
"10.1038/s41598-020-64431-4","Marc Bonin","middle","gse55235","10.1186/s13059-016-0948-6"
"10.1038/s41598-020-64431-4","Marc Bonin","middle","gse55235","10.1016/j.jot.2022.02.007"
"10.1038/s41598-020-64431-4","Marc Bonin","middle","gse55235","10.3389/fimmu.2022.1058884"
"10.1038/s41598-020-64431-4","Marc Bonin","middle","gse55235","10.1186/s13018-021-02402-9"
"10.1038/s41598-020-64431-4","Marc Bonin","middle","gse55235","10.1155/2022/8027987"
"10.1038/s41598-020-64431-4","Marc Bonin","middle","gse55235","10.1186/s12891-022-05277-x"
"10.1038/s41598-020-64431-4","Marc Bonin","middle","gse55235","10.3390/biom13030539"
"10.1038/s41598-020-64431-4","Marc Bonin","middle","gse55235","10.3389/fimmu.2022.1041284"
"10.1038/s41598-020-64431-4","Marc Bonin","middle","gse55235","10.1038/s41598-023-29153-3"
"10.1038/s41598-020-64431-4","Marc Bonin","middle","gse55235","10.1111/os.12412"
"10.1038/s41598-020-64431-4","Marc Bonin","middle","gse55235","10.1155/2022/5600190"
"10.1038/s41598-020-64431-4","Marc Bonin","middle","gse55235","10.7717/peerj.8390"
"10.1038/s41598-020-64431-4","Marc Bonin","middle","gse55235","10.1038/s41598-020-73147-4"
"10.1038/s41598-020-64431-4","Marc Bonin","middle","gse55235","10.1186/s13018-022-03247-6"
"10.1038/s41598-020-64431-4","Marc Bonin","middle","gse55235","10.3389/fimmu.2023.1090596"
"10.1038/s41598-020-64431-4","Marc Bonin","middle","gse55235","10.1186/s13075-022-02902-x"
"10.1038/s41598-020-64431-4","Marc Bonin","middle","gse55235","10.1093/jhps/hnaa036"
"10.1038/s41598-020-64431-4","Marc Bonin","middle","gse55235","10.7717/peerj.3078"
"10.1038/s41598-020-64431-4","Marc Bonin","middle","gse55235","10.3389/fmed.2022.799440"
"10.1038/s41598-020-64431-4","Marc Bonin","middle","gse55235","10.1038/s41598-023-31438-6"
"10.1038/s41598-020-64431-4","Marc Bonin","middle","gse55235","10.3389/fcell.2023.1099287"
"10.1038/s41598-020-64431-4","Marc Bonin","middle","gse55235","10.1371/journal.pone.0164542"
"10.1038/s41598-020-64431-4","Marc Bonin","middle","gse55235","10.21037/atm-22-3888"
"10.1038/s41598-020-64431-4","Marc Bonin","middle","gse55235","10.3389/fimmu.2019.02612"
"10.1038/s41598-020-64431-4","Marc Bonin","middle","gse55235","10.3389/fmolb.2021.691602"
"10.1038/s41598-020-64431-4","Marc Bonin","middle","gse55235","10.3390/ijms18112396"
"10.1038/s41598-020-64431-4","Marc Bonin","middle","gse55235","10.3389/fimmu.2018.03085"
"10.1038/s41598-020-64431-4","Marc Bonin","middle","gse55235","10.1155/2020/6943103"
"10.1038/s41598-020-64431-4","Marc Bonin","middle","gse55235","10.7150/ijms.35611"
"10.1038/s41598-020-64431-4","Marc Bonin","middle","gse55235","10.3389/fimmu.2023.1128459"
"10.1038/s41598-020-64431-4","Marc Bonin","middle","gse55235","10.1155/2022/4071472"
"10.1038/s41598-020-64431-4","Marc Bonin","middle","gse55235","10.1155/2022/1926661"
"10.1038/s41598-020-64431-4","Marc Bonin","middle","gse55235","10.6026/97320630011207"
"10.1038/s41598-020-64431-4","Marc Bonin","middle","gse55235","10.21037/atm-22-4934"
"10.1038/s41598-020-64431-4","Marc Bonin","middle","gse55235","10.3389/fncel.2022.1013745"
"10.1038/s41598-020-64431-4","Marc Bonin","middle","gse55235","10.3390/jpm13020367"
"10.1038/s41598-020-64431-4","Marc Bonin","middle","gse55235","10.3892/br.2021.1457"
"10.1038/s41598-020-64431-4","Marc Bonin","middle","gse55235","10.12659/msm.915451"
"10.1038/s41598-020-64431-4","Marc Bonin","middle","gse55235","10.7717/peerj.5743"
"10.1038/s41598-020-64431-4","Marc Bonin","middle","gse55235","10.1038/s41598-020-67730-y"
"10.1038/s41598-020-64431-4","Marc Bonin","middle","gse55235","10.18632/oncotarget.7390"
"10.1038/s41598-020-64431-4","Marc Bonin","middle","gse55235","10.1155/2021/9911184"
"10.1038/s41598-020-64431-4","Marc Bonin","middle","gse55235","10.21037/atm-21-4566"
"10.1038/s41598-020-64431-4","Marc Bonin","middle","gse55235","10.1302/2046-3758.98.bjr-2019-0301.r1"
"10.1038/s41598-020-64431-4","Marc Bonin","middle","gse55235","10.3389/fimmu.2022.1078414"
"10.1038/s41598-020-64431-4","Marc Bonin","middle","gse55235","10.3389/fgene.2022.905027"
"10.1038/s41598-020-64431-4","Marc Bonin","middle","gse55235","10.3389/fmolb.2021.761841"
"10.1038/s41598-020-64431-4","Marc Bonin","middle","gse55235","10.3389/fmolb.2021.748360"
"10.1038/s41598-020-64431-4","Marc Bonin","middle","gse55235","10.3389/fphar.2022.843358"
"10.1038/s41598-020-64431-4","Marc Bonin","middle","gse55235","10.1186/s12891-022-05567-4"
"10.1038/s41598-020-64431-4","Marc Bonin","middle","gse55235","10.3389/fimmu.2022.1044909"
"10.1038/s41598-020-64431-4","Marc Bonin","middle","gse55235","10.1042/bsr20201713"
"10.1038/s41598-020-64431-4","Marc Bonin","middle","gse55235","10.1155/2020/2379280"
"10.1038/s41598-020-64431-4","Marc Bonin","middle","gse55235","10.1371/journal.pone.0167212"
"10.1038/s41598-020-64431-4","Marc Bonin","middle","gse55235","10.1302/2046-3758.119.bjr-2022-0075.r1"
"10.1038/s41598-020-64431-4","Marc Bonin","middle","gse55235","10.3892/etm.2020.9450"
"10.1038/s41598-020-64431-4","Marc Bonin","middle","gse55235","10.3389/fmolb.2022.992044"
"10.1038/s41598-020-64431-4","Marc Bonin","middle","gse55235","10.1002/cbf.3491"
"10.1038/s41598-020-64431-4","Marc Bonin","middle","gse55235","10.1155/2022/6783659"
"10.1038/s41598-020-64431-4","Marc Bonin","middle","gse55235","10.1038/s41598-021-94607-5"
"10.1038/s41598-020-64431-4","Marc Bonin","middle","gse55235","10.1155/2022/8023779"
"10.1038/s41598-020-64431-4","Marc Bonin","middle","gse55235","10.1186/s41231-020-00066-x"
"10.1038/s41598-020-64431-4","Marc Bonin","middle","gse55235","10.3390/genes13091501"
"10.1038/s41598-020-64431-4","Marc Bonin","middle","gse55235","10.3389/fimmu.2022.954848"
"10.1038/s41598-020-64431-4","Marc Bonin","middle","gse55235","10.1155/2022/9252319"
"10.1038/s41598-020-64431-4","Marc Bonin","middle","gse55235","10.1186/s13018-021-02796-6"
"10.1038/s41598-020-64431-4","Marc Bonin","middle","gse55235","10.3389/fphar.2021.672054"
"10.1038/s41598-020-64431-4","Marc Bonin","middle","gse55235","10.3389/fgene.2022.870590"
"10.1038/s41598-020-64431-4","Marc Bonin","middle","gse55235","10.3390/jcm7120535"
"10.1038/s41598-020-64431-4","Marc Bonin","middle","gse55235","10.3389/fimmu.2022.1013322"
"10.1038/s41598-020-64431-4","Marc Bonin","middle","gse55235","10.3390/jcm8010050"
"10.1038/s41598-020-64431-4","Marc Bonin","middle","gse55235","10.1186/s12859-016-1065-y"
"10.1038/s41598-020-64431-4","Marc Bonin","middle","gse55235","10.1302/2046-3758.74.bjr-2017-0245.r1"
"10.1038/s41598-020-64431-4","Marc Bonin","middle","gse55235","10.1186/s13018-020-01756-w"
"10.1038/s41598-020-64431-4","Marc Bonin","middle","gse55235","10.1371/journal.pone.0161306"
"10.1038/s41598-020-64431-4","Marc Bonin","middle","gse55235","10.3892/mmr.2018.9677"
"10.1038/s41598-020-64431-4","Marc Bonin","middle","gse55235","10.1186/s13018-018-0734-0"
"10.1038/s41598-020-64431-4","Marc Bonin","middle","gse55235","10.3389/fgene.2021.721258"
"10.1038/s41598-020-64431-4","Marc Bonin","middle","gse55235","10.1016/j.heliyon.2023.e12799"
"10.1038/s41598-020-64431-4","Marc Bonin","middle","gse55235","10.3389/fphar.2022.888533"
"10.1038/s41598-020-64431-4","Marc Bonin","middle","gse55235","10.1186/s13018-023-03700-0"
"10.1038/s41598-020-64431-4","Marc Bonin","middle","gse55235","10.3389/fgene.2022.1040438"
"10.1038/s41598-020-64431-4","Marc Bonin","middle","gse55235","10.1038/s41598-021-86319-7"
"10.1038/s41598-020-64431-4","Marc Bonin","middle","gse55235","10.3389/fgene.2023.1117713"
"10.1038/s41598-020-64431-4","Marc Bonin","middle","gse55235","10.1038/s41598-020-70596-9"
"10.1038/s41598-020-64431-4","Marc Bonin","middle","gse55235","10.3389/fimmu.2022.1013531"
"10.1038/s41598-020-64431-4","Marc Bonin","middle","gse55235","10.1371/journal.pone.0224632"
"10.1038/s41598-020-64431-4","Marc Bonin","middle","gse55235","10.3389/fmolb.2023.1066885"
"10.1038/s41598-020-64431-4","Marc Bonin","middle","gse55235","10.1080/21655979.2022.2061288"
"10.1038/s41598-020-64431-4","Marc Bonin","middle","gse55235","10.1186/s12920-023-01445-7"
"10.1038/s41598-020-64431-4","Marc Bonin","middle","gse55235","10.1155/2022/6060677"
"10.1038/s41598-020-64431-4","Marc Bonin","middle","gse55235","10.1042/bsr20193823"
"10.1038/s41598-020-64431-4","Marc Bonin","middle","gse55235","10.1186/s13018-023-03541-x"
"10.1038/s41598-020-64431-4","Marc Bonin","middle","gse55235","10.2147/jir.s287242"
"10.1038/s41598-020-64431-4","Marc Bonin","middle","gse55235","10.3389/fphys.2018.00516"
"10.1038/s41598-020-64431-4","Marc Bonin","middle","gse55235","10.3390/diagnostics10030171"
"10.1038/s41598-020-64431-4","Marc Bonin","middle","gse55235","10.7150/ijms.27056"
"10.1038/s41598-020-64431-4","Marc Bonin","middle","gse55235","10.1186/s41065-020-00169-3"
"10.1038/s41598-020-64431-4","Marc Bonin","middle","gse55235","10.3389/fmed.2022.1052792"
"10.1038/s41598-020-64431-4","Marc Bonin","middle","gse55235","10.3389/fendo.2023.1144258"
"10.1038/s41598-020-64431-4","Marc Bonin","middle","gse55235","10.1155/2018/9482726"
"10.1038/s41598-020-64431-4","Marc Bonin","middle","gse55235","10.1097/md.0000000000028321"
"10.1038/s41598-020-64431-4","Marc Bonin","middle","gse55235","10.3389/fimmu.2023.1007624"
"10.1038/s41598-020-64431-4","Marc Bonin","middle","gse55235","10.3389/fgene.2021.743560"
"10.1038/s41598-020-64431-4","Marc Bonin","middle","gse55235","10.1371/journal.pone.0199530"
"10.1038/s41598-020-64431-4","Marc Bonin","middle","gse55235","10.3389/fimmu.2023.1134412"
"10.1038/s41598-020-64431-4","Marc Bonin","middle","gse55235","10.3389/fimmu.2021.726747"
"10.1038/s41598-020-64431-4","Marc Bonin","middle","gse55235","10.3389/fimmu.2017.00074"
"10.1038/s41598-020-64431-4","Marc Bonin","middle","gse55235","10.3892/mmr.2020.11168"
"10.1038/s41598-020-64431-4","Marc Bonin","middle","gse55235","10.1038/s41598-019-51627-6"
"10.1038/s41598-020-64431-4","Marc Bonin","middle","gse55235","10.3892/etm.2022.11295"
"10.1038/s41598-020-64431-4","Marc Bonin","middle","gse55235","10.1038/s41598-023-28000-9"
"10.1038/s41598-020-64431-4","Marc Bonin","middle","gse55235","10.1155/2021/5074305"
"10.1038/s41598-020-64431-4","Marc Bonin","middle","gse38351","10.3390/genes12121898"
"10.1038/s41598-020-64431-4","Marc Bonin","middle","gse38351","10.1371/journal.pone.0208132"
"10.1038/s41598-020-64431-4","Marc Bonin","middle","gse38351","10.1186/s12920-016-0227-0"
"10.1038/s41598-020-64431-4","Marc Bonin","middle","gse38351","10.1038/s42003-019-0382-x"
"10.1038/s41598-020-64431-4","Marc Bonin","middle","gse38351","10.3389/fimmu.2020.575074"
"10.1038/s41598-020-64431-4","Marc Bonin","middle","gse38351","10.3389/fimmu.2021.668007"
"10.1038/s41598-020-64431-4","Marc Bonin","middle","gse38351","10.3389/fmolb.2017.00096"
"10.1038/s41598-020-64431-4","Marc Bonin","middle","gse38351","10.1038/s41598-019-45989-0"
"10.1038/s41598-020-64431-4","Marc Bonin","middle","gse51997","10.3390/genes12121898"
"10.1038/s41598-020-64431-4","Marc Bonin","middle","gse51997","10.1371/journal.pone.0208132"
"10.1038/s41598-020-64431-4","Marc Bonin","middle","gse51997","10.12688/f1000research.8182.2"
"10.1038/s41598-020-64431-4","Marc Bonin","middle","gse51997","10.3389/fimmu.2020.575074"
"10.1038/s41598-020-64431-4","Marc Bonin","middle","gse51997","10.3390/genes13020209"
"10.1038/s41598-020-64431-4","Marc Bonin","middle","gse51997","10.1155/2022/9096999"
"10.1038/s41598-020-64431-4","Marc Bonin","middle","gse58173","10.1186/s12859-016-1141-3"
"10.1038/s41598-020-64431-4","Pascal Schendel","middle","gse55235","10.1186/s13018-022-03453-2"
"10.1038/s41598-020-64431-4","Pascal Schendel","middle","gse55235","10.1155/2022/1905077"
"10.1038/s41598-020-64431-4","Pascal Schendel","middle","gse55235","10.1038/s41598-022-21988-6"
"10.1038/s41598-020-64431-4","Pascal Schendel","middle","gse55235","10.3389/fimmu.2022.871008"
"10.1038/s41598-020-64431-4","Pascal Schendel","middle","gse55235","10.1186/s13045-017-0526-8"
"10.1038/s41598-020-64431-4","Pascal Schendel","middle","gse55235","10.3389/fimmu.2022.893301"
"10.1038/s41598-020-64431-4","Pascal Schendel","middle","gse55235","10.1038/s41598-022-08274-1"
"10.1038/s41598-020-64431-4","Pascal Schendel","middle","gse55235","10.1186/s13059-016-0948-6"
"10.1038/s41598-020-64431-4","Pascal Schendel","middle","gse55235","10.1016/j.jot.2022.02.007"
"10.1038/s41598-020-64431-4","Pascal Schendel","middle","gse55235","10.3389/fimmu.2022.1058884"
"10.1038/s41598-020-64431-4","Pascal Schendel","middle","gse55235","10.1186/s13018-021-02402-9"
"10.1038/s41598-020-64431-4","Pascal Schendel","middle","gse55235","10.1155/2022/8027987"
"10.1038/s41598-020-64431-4","Pascal Schendel","middle","gse55235","10.1186/s12891-022-05277-x"
"10.1038/s41598-020-64431-4","Pascal Schendel","middle","gse55235","10.3390/biom13030539"
"10.1038/s41598-020-64431-4","Pascal Schendel","middle","gse55235","10.3389/fimmu.2022.1041284"
"10.1038/s41598-020-64431-4","Pascal Schendel","middle","gse55235","10.1038/s41598-023-29153-3"
"10.1038/s41598-020-64431-4","Pascal Schendel","middle","gse55235","10.1111/os.12412"
"10.1038/s41598-020-64431-4","Pascal Schendel","middle","gse55235","10.1155/2022/5600190"
"10.1038/s41598-020-64431-4","Pascal Schendel","middle","gse55235","10.7717/peerj.8390"
"10.1038/s41598-020-64431-4","Pascal Schendel","middle","gse55235","10.1038/s41598-020-73147-4"
"10.1038/s41598-020-64431-4","Pascal Schendel","middle","gse55235","10.1186/s13018-022-03247-6"
"10.1038/s41598-020-64431-4","Pascal Schendel","middle","gse55235","10.3389/fimmu.2023.1090596"
"10.1038/s41598-020-64431-4","Pascal Schendel","middle","gse55235","10.1186/s13075-022-02902-x"
"10.1038/s41598-020-64431-4","Pascal Schendel","middle","gse55235","10.1093/jhps/hnaa036"
"10.1038/s41598-020-64431-4","Pascal Schendel","middle","gse55235","10.7717/peerj.3078"
"10.1038/s41598-020-64431-4","Pascal Schendel","middle","gse55235","10.3389/fmed.2022.799440"
"10.1038/s41598-020-64431-4","Pascal Schendel","middle","gse55235","10.1038/s41598-023-31438-6"
"10.1038/s41598-020-64431-4","Pascal Schendel","middle","gse55235","10.3389/fcell.2023.1099287"
"10.1038/s41598-020-64431-4","Pascal Schendel","middle","gse55235","10.1371/journal.pone.0164542"
"10.1038/s41598-020-64431-4","Pascal Schendel","middle","gse55235","10.21037/atm-22-3888"
"10.1038/s41598-020-64431-4","Pascal Schendel","middle","gse55235","10.3389/fimmu.2019.02612"
"10.1038/s41598-020-64431-4","Pascal Schendel","middle","gse55235","10.3389/fmolb.2021.691602"
"10.1038/s41598-020-64431-4","Pascal Schendel","middle","gse55235","10.3390/ijms18112396"
"10.1038/s41598-020-64431-4","Pascal Schendel","middle","gse55235","10.3389/fimmu.2018.03085"
"10.1038/s41598-020-64431-4","Pascal Schendel","middle","gse55235","10.1155/2020/6943103"
"10.1038/s41598-020-64431-4","Pascal Schendel","middle","gse55235","10.7150/ijms.35611"
"10.1038/s41598-020-64431-4","Pascal Schendel","middle","gse55235","10.3389/fimmu.2023.1128459"
"10.1038/s41598-020-64431-4","Pascal Schendel","middle","gse55235","10.1155/2022/4071472"
"10.1038/s41598-020-64431-4","Pascal Schendel","middle","gse55235","10.1155/2022/1926661"
"10.1038/s41598-020-64431-4","Pascal Schendel","middle","gse55235","10.6026/97320630011207"
"10.1038/s41598-020-64431-4","Pascal Schendel","middle","gse55235","10.21037/atm-22-4934"
"10.1038/s41598-020-64431-4","Pascal Schendel","middle","gse55235","10.3389/fncel.2022.1013745"
"10.1038/s41598-020-64431-4","Pascal Schendel","middle","gse55235","10.3390/jpm13020367"
"10.1038/s41598-020-64431-4","Pascal Schendel","middle","gse55235","10.3892/br.2021.1457"
"10.1038/s41598-020-64431-4","Pascal Schendel","middle","gse55235","10.12659/msm.915451"
"10.1038/s41598-020-64431-4","Pascal Schendel","middle","gse55235","10.7717/peerj.5743"
"10.1038/s41598-020-64431-4","Pascal Schendel","middle","gse55235","10.1038/s41598-020-67730-y"
"10.1038/s41598-020-64431-4","Pascal Schendel","middle","gse55235","10.18632/oncotarget.7390"
"10.1038/s41598-020-64431-4","Pascal Schendel","middle","gse55235","10.1155/2021/9911184"
"10.1038/s41598-020-64431-4","Pascal Schendel","middle","gse55235","10.21037/atm-21-4566"
"10.1038/s41598-020-64431-4","Pascal Schendel","middle","gse55235","10.1302/2046-3758.98.bjr-2019-0301.r1"
"10.1038/s41598-020-64431-4","Pascal Schendel","middle","gse55235","10.3389/fimmu.2022.1078414"
"10.1038/s41598-020-64431-4","Pascal Schendel","middle","gse55235","10.3389/fgene.2022.905027"
"10.1038/s41598-020-64431-4","Pascal Schendel","middle","gse55235","10.3389/fmolb.2021.761841"
"10.1038/s41598-020-64431-4","Pascal Schendel","middle","gse55235","10.3389/fmolb.2021.748360"
"10.1038/s41598-020-64431-4","Pascal Schendel","middle","gse55235","10.3389/fphar.2022.843358"
"10.1038/s41598-020-64431-4","Pascal Schendel","middle","gse55235","10.1186/s12891-022-05567-4"
"10.1038/s41598-020-64431-4","Pascal Schendel","middle","gse55235","10.3389/fimmu.2022.1044909"
"10.1038/s41598-020-64431-4","Pascal Schendel","middle","gse55235","10.1042/bsr20201713"
"10.1038/s41598-020-64431-4","Pascal Schendel","middle","gse55235","10.1155/2020/2379280"
"10.1038/s41598-020-64431-4","Pascal Schendel","middle","gse55235","10.1371/journal.pone.0167212"
"10.1038/s41598-020-64431-4","Pascal Schendel","middle","gse55235","10.1302/2046-3758.119.bjr-2022-0075.r1"
"10.1038/s41598-020-64431-4","Pascal Schendel","middle","gse55235","10.3892/etm.2020.9450"
"10.1038/s41598-020-64431-4","Pascal Schendel","middle","gse55235","10.3389/fmolb.2022.992044"
"10.1038/s41598-020-64431-4","Pascal Schendel","middle","gse55235","10.1002/cbf.3491"
"10.1038/s41598-020-64431-4","Pascal Schendel","middle","gse55235","10.1155/2022/6783659"
"10.1038/s41598-020-64431-4","Pascal Schendel","middle","gse55235","10.1038/s41598-021-94607-5"
"10.1038/s41598-020-64431-4","Pascal Schendel","middle","gse55235","10.1155/2022/8023779"
"10.1038/s41598-020-64431-4","Pascal Schendel","middle","gse55235","10.1186/s41231-020-00066-x"
"10.1038/s41598-020-64431-4","Pascal Schendel","middle","gse55235","10.3390/genes13091501"
"10.1038/s41598-020-64431-4","Pascal Schendel","middle","gse55235","10.3389/fimmu.2022.954848"
"10.1038/s41598-020-64431-4","Pascal Schendel","middle","gse55235","10.1155/2022/9252319"
"10.1038/s41598-020-64431-4","Pascal Schendel","middle","gse55235","10.1186/s13018-021-02796-6"
"10.1038/s41598-020-64431-4","Pascal Schendel","middle","gse55235","10.3389/fphar.2021.672054"
"10.1038/s41598-020-64431-4","Pascal Schendel","middle","gse55235","10.3389/fgene.2022.870590"
"10.1038/s41598-020-64431-4","Pascal Schendel","middle","gse55235","10.3390/jcm7120535"
"10.1038/s41598-020-64431-4","Pascal Schendel","middle","gse55235","10.3389/fimmu.2022.1013322"
"10.1038/s41598-020-64431-4","Pascal Schendel","middle","gse55235","10.3390/jcm8010050"
"10.1038/s41598-020-64431-4","Pascal Schendel","middle","gse55235","10.1186/s12859-016-1065-y"
"10.1038/s41598-020-64431-4","Pascal Schendel","middle","gse55235","10.1302/2046-3758.74.bjr-2017-0245.r1"
"10.1038/s41598-020-64431-4","Pascal Schendel","middle","gse55235","10.1186/s13018-020-01756-w"
"10.1038/s41598-020-64431-4","Pascal Schendel","middle","gse55235","10.1371/journal.pone.0161306"
"10.1038/s41598-020-64431-4","Pascal Schendel","middle","gse55235","10.3892/mmr.2018.9677"
"10.1038/s41598-020-64431-4","Pascal Schendel","middle","gse55235","10.1186/s13018-018-0734-0"
"10.1038/s41598-020-64431-4","Pascal Schendel","middle","gse55235","10.3389/fgene.2021.721258"
"10.1038/s41598-020-64431-4","Pascal Schendel","middle","gse55235","10.1016/j.heliyon.2023.e12799"
"10.1038/s41598-020-64431-4","Pascal Schendel","middle","gse55235","10.3389/fphar.2022.888533"
"10.1038/s41598-020-64431-4","Pascal Schendel","middle","gse55235","10.1186/s13018-023-03700-0"
"10.1038/s41598-020-64431-4","Pascal Schendel","middle","gse55235","10.3389/fgene.2022.1040438"
"10.1038/s41598-020-64431-4","Pascal Schendel","middle","gse55235","10.1038/s41598-021-86319-7"
"10.1038/s41598-020-64431-4","Pascal Schendel","middle","gse55235","10.3389/fgene.2023.1117713"
"10.1038/s41598-020-64431-4","Pascal Schendel","middle","gse55235","10.1038/s41598-020-70596-9"
"10.1038/s41598-020-64431-4","Pascal Schendel","middle","gse55235","10.3389/fimmu.2022.1013531"
"10.1038/s41598-020-64431-4","Pascal Schendel","middle","gse55235","10.1371/journal.pone.0224632"
"10.1038/s41598-020-64431-4","Pascal Schendel","middle","gse55235","10.3389/fmolb.2023.1066885"
"10.1038/s41598-020-64431-4","Pascal Schendel","middle","gse55235","10.1080/21655979.2022.2061288"
"10.1038/s41598-020-64431-4","Pascal Schendel","middle","gse55235","10.1186/s12920-023-01445-7"
"10.1038/s41598-020-64431-4","Pascal Schendel","middle","gse55235","10.1155/2022/6060677"
"10.1038/s41598-020-64431-4","Pascal Schendel","middle","gse55235","10.1042/bsr20193823"
"10.1038/s41598-020-64431-4","Pascal Schendel","middle","gse55235","10.1186/s13018-023-03541-x"
"10.1038/s41598-020-64431-4","Pascal Schendel","middle","gse55235","10.2147/jir.s287242"
"10.1038/s41598-020-64431-4","Pascal Schendel","middle","gse55235","10.3389/fphys.2018.00516"
"10.1038/s41598-020-64431-4","Pascal Schendel","middle","gse55235","10.3390/diagnostics10030171"
"10.1038/s41598-020-64431-4","Pascal Schendel","middle","gse55235","10.7150/ijms.27056"
"10.1038/s41598-020-64431-4","Pascal Schendel","middle","gse55235","10.1186/s41065-020-00169-3"
"10.1038/s41598-020-64431-4","Pascal Schendel","middle","gse55235","10.3389/fmed.2022.1052792"
"10.1038/s41598-020-64431-4","Pascal Schendel","middle","gse55235","10.3389/fendo.2023.1144258"
"10.1038/s41598-020-64431-4","Pascal Schendel","middle","gse55235","10.1155/2018/9482726"
"10.1038/s41598-020-64431-4","Pascal Schendel","middle","gse55235","10.1097/md.0000000000028321"
"10.1038/s41598-020-64431-4","Pascal Schendel","middle","gse55235","10.3389/fimmu.2023.1007624"
"10.1038/s41598-020-64431-4","Pascal Schendel","middle","gse55235","10.3389/fgene.2021.743560"
"10.1038/s41598-020-64431-4","Pascal Schendel","middle","gse55235","10.1371/journal.pone.0199530"
"10.1038/s41598-020-64431-4","Pascal Schendel","middle","gse55235","10.3389/fimmu.2023.1134412"
"10.1038/s41598-020-64431-4","Pascal Schendel","middle","gse55235","10.3389/fimmu.2021.726747"
"10.1038/s41598-020-64431-4","Pascal Schendel","middle","gse55235","10.3389/fimmu.2017.00074"
"10.1038/s41598-020-64431-4","Pascal Schendel","middle","gse55235","10.3892/mmr.2020.11168"
"10.1038/s41598-020-64431-4","Pascal Schendel","middle","gse55235","10.1038/s41598-019-51627-6"
"10.1038/s41598-020-64431-4","Pascal Schendel","middle","gse55235","10.3892/etm.2022.11295"
"10.1038/s41598-020-64431-4","Pascal Schendel","middle","gse55235","10.1038/s41598-023-28000-9"
"10.1038/s41598-020-64431-4","Pascal Schendel","middle","gse55235","10.1155/2021/5074305"
"10.1038/s41598-020-64431-4","Pascal Schendel","middle","gse38351","10.3390/genes12121898"
"10.1038/s41598-020-64431-4","Pascal Schendel","middle","gse38351","10.1371/journal.pone.0208132"
"10.1038/s41598-020-64431-4","Pascal Schendel","middle","gse38351","10.1186/s12920-016-0227-0"
"10.1038/s41598-020-64431-4","Pascal Schendel","middle","gse38351","10.1038/s42003-019-0382-x"
"10.1038/s41598-020-64431-4","Pascal Schendel","middle","gse38351","10.3389/fimmu.2020.575074"
"10.1038/s41598-020-64431-4","Pascal Schendel","middle","gse38351","10.3389/fimmu.2021.668007"
"10.1038/s41598-020-64431-4","Pascal Schendel","middle","gse38351","10.3389/fmolb.2017.00096"
"10.1038/s41598-020-64431-4","Pascal Schendel","middle","gse38351","10.1038/s41598-019-45989-0"
"10.1038/s41598-020-64431-4","Pascal Schendel","middle","gse51997","10.3390/genes12121898"
"10.1038/s41598-020-64431-4","Pascal Schendel","middle","gse51997","10.1371/journal.pone.0208132"
"10.1038/s41598-020-64431-4","Pascal Schendel","middle","gse51997","10.12688/f1000research.8182.2"
"10.1038/s41598-020-64431-4","Pascal Schendel","middle","gse51997","10.3389/fimmu.2020.575074"
"10.1038/s41598-020-64431-4","Pascal Schendel","middle","gse51997","10.3390/genes13020209"
"10.1038/s41598-020-64431-4","Pascal Schendel","middle","gse51997","10.1155/2022/9096999"
"10.1038/s41598-020-64431-4","Pascal Schendel","middle","gse58173","10.1186/s12859-016-1141-3"
"10.1038/s41598-020-64431-4","Bruno Stuhlmüller","middle","gse55235","10.1186/s13018-022-03453-2"
"10.1038/s41598-020-64431-4","Bruno Stuhlmüller","middle","gse55235","10.1155/2022/1905077"
"10.1038/s41598-020-64431-4","Bruno Stuhlmüller","middle","gse55235","10.1038/s41598-022-21988-6"
"10.1038/s41598-020-64431-4","Bruno Stuhlmüller","middle","gse55235","10.3389/fimmu.2022.871008"
"10.1038/s41598-020-64431-4","Bruno Stuhlmüller","middle","gse55235","10.1186/s13045-017-0526-8"
"10.1038/s41598-020-64431-4","Bruno Stuhlmüller","middle","gse55235","10.3389/fimmu.2022.893301"
"10.1038/s41598-020-64431-4","Bruno Stuhlmüller","middle","gse55235","10.1038/s41598-022-08274-1"
"10.1038/s41598-020-64431-4","Bruno Stuhlmüller","middle","gse55235","10.1186/s13059-016-0948-6"
"10.1038/s41598-020-64431-4","Bruno Stuhlmüller","middle","gse55235","10.1016/j.jot.2022.02.007"
"10.1038/s41598-020-64431-4","Bruno Stuhlmüller","middle","gse55235","10.3389/fimmu.2022.1058884"
"10.1038/s41598-020-64431-4","Bruno Stuhlmüller","middle","gse55235","10.1186/s13018-021-02402-9"
"10.1038/s41598-020-64431-4","Bruno Stuhlmüller","middle","gse55235","10.1155/2022/8027987"
"10.1038/s41598-020-64431-4","Bruno Stuhlmüller","middle","gse55235","10.1186/s12891-022-05277-x"
"10.1038/s41598-020-64431-4","Bruno Stuhlmüller","middle","gse55235","10.3390/biom13030539"
"10.1038/s41598-020-64431-4","Bruno Stuhlmüller","middle","gse55235","10.3389/fimmu.2022.1041284"
"10.1038/s41598-020-64431-4","Bruno Stuhlmüller","middle","gse55235","10.1038/s41598-023-29153-3"
"10.1038/s41598-020-64431-4","Bruno Stuhlmüller","middle","gse55235","10.1111/os.12412"
"10.1038/s41598-020-64431-4","Bruno Stuhlmüller","middle","gse55235","10.1155/2022/5600190"
"10.1038/s41598-020-64431-4","Bruno Stuhlmüller","middle","gse55235","10.7717/peerj.8390"
"10.1038/s41598-020-64431-4","Bruno Stuhlmüller","middle","gse55235","10.1038/s41598-020-73147-4"
"10.1038/s41598-020-64431-4","Bruno Stuhlmüller","middle","gse55235","10.1186/s13018-022-03247-6"
"10.1038/s41598-020-64431-4","Bruno Stuhlmüller","middle","gse55235","10.3389/fimmu.2023.1090596"
"10.1038/s41598-020-64431-4","Bruno Stuhlmüller","middle","gse55235","10.1186/s13075-022-02902-x"
"10.1038/s41598-020-64431-4","Bruno Stuhlmüller","middle","gse55235","10.1093/jhps/hnaa036"
"10.1038/s41598-020-64431-4","Bruno Stuhlmüller","middle","gse55235","10.7717/peerj.3078"
"10.1038/s41598-020-64431-4","Bruno Stuhlmüller","middle","gse55235","10.3389/fmed.2022.799440"
"10.1038/s41598-020-64431-4","Bruno Stuhlmüller","middle","gse55235","10.1038/s41598-023-31438-6"
"10.1038/s41598-020-64431-4","Bruno Stuhlmüller","middle","gse55235","10.3389/fcell.2023.1099287"
"10.1038/s41598-020-64431-4","Bruno Stuhlmüller","middle","gse55235","10.1371/journal.pone.0164542"
"10.1038/s41598-020-64431-4","Bruno Stuhlmüller","middle","gse55235","10.21037/atm-22-3888"
"10.1038/s41598-020-64431-4","Bruno Stuhlmüller","middle","gse55235","10.3389/fimmu.2019.02612"
"10.1038/s41598-020-64431-4","Bruno Stuhlmüller","middle","gse55235","10.3389/fmolb.2021.691602"
"10.1038/s41598-020-64431-4","Bruno Stuhlmüller","middle","gse55235","10.3390/ijms18112396"
"10.1038/s41598-020-64431-4","Bruno Stuhlmüller","middle","gse55235","10.3389/fimmu.2018.03085"
"10.1038/s41598-020-64431-4","Bruno Stuhlmüller","middle","gse55235","10.1155/2020/6943103"
"10.1038/s41598-020-64431-4","Bruno Stuhlmüller","middle","gse55235","10.7150/ijms.35611"
"10.1038/s41598-020-64431-4","Bruno Stuhlmüller","middle","gse55235","10.3389/fimmu.2023.1128459"
"10.1038/s41598-020-64431-4","Bruno Stuhlmüller","middle","gse55235","10.1155/2022/4071472"
"10.1038/s41598-020-64431-4","Bruno Stuhlmüller","middle","gse55235","10.1155/2022/1926661"
"10.1038/s41598-020-64431-4","Bruno Stuhlmüller","middle","gse55235","10.6026/97320630011207"
"10.1038/s41598-020-64431-4","Bruno Stuhlmüller","middle","gse55235","10.21037/atm-22-4934"
"10.1038/s41598-020-64431-4","Bruno Stuhlmüller","middle","gse55235","10.3389/fncel.2022.1013745"
"10.1038/s41598-020-64431-4","Bruno Stuhlmüller","middle","gse55235","10.3390/jpm13020367"
"10.1038/s41598-020-64431-4","Bruno Stuhlmüller","middle","gse55235","10.3892/br.2021.1457"
"10.1038/s41598-020-64431-4","Bruno Stuhlmüller","middle","gse55235","10.12659/msm.915451"
"10.1038/s41598-020-64431-4","Bruno Stuhlmüller","middle","gse55235","10.7717/peerj.5743"
"10.1038/s41598-020-64431-4","Bruno Stuhlmüller","middle","gse55235","10.1038/s41598-020-67730-y"
"10.1038/s41598-020-64431-4","Bruno Stuhlmüller","middle","gse55235","10.18632/oncotarget.7390"
"10.1038/s41598-020-64431-4","Bruno Stuhlmüller","middle","gse55235","10.1155/2021/9911184"
"10.1038/s41598-020-64431-4","Bruno Stuhlmüller","middle","gse55235","10.21037/atm-21-4566"
"10.1038/s41598-020-64431-4","Bruno Stuhlmüller","middle","gse55235","10.1302/2046-3758.98.bjr-2019-0301.r1"
"10.1038/s41598-020-64431-4","Bruno Stuhlmüller","middle","gse55235","10.3389/fimmu.2022.1078414"
"10.1038/s41598-020-64431-4","Bruno Stuhlmüller","middle","gse55235","10.3389/fgene.2022.905027"
"10.1038/s41598-020-64431-4","Bruno Stuhlmüller","middle","gse55235","10.3389/fmolb.2021.761841"
"10.1038/s41598-020-64431-4","Bruno Stuhlmüller","middle","gse55235","10.3389/fmolb.2021.748360"
"10.1038/s41598-020-64431-4","Bruno Stuhlmüller","middle","gse55235","10.3389/fphar.2022.843358"
"10.1038/s41598-020-64431-4","Bruno Stuhlmüller","middle","gse55235","10.1186/s12891-022-05567-4"
"10.1038/s41598-020-64431-4","Bruno Stuhlmüller","middle","gse55235","10.3389/fimmu.2022.1044909"
"10.1038/s41598-020-64431-4","Bruno Stuhlmüller","middle","gse55235","10.1042/bsr20201713"
"10.1038/s41598-020-64431-4","Bruno Stuhlmüller","middle","gse55235","10.1155/2020/2379280"
"10.1038/s41598-020-64431-4","Bruno Stuhlmüller","middle","gse55235","10.1371/journal.pone.0167212"
"10.1038/s41598-020-64431-4","Bruno Stuhlmüller","middle","gse55235","10.1302/2046-3758.119.bjr-2022-0075.r1"
"10.1038/s41598-020-64431-4","Bruno Stuhlmüller","middle","gse55235","10.3892/etm.2020.9450"
"10.1038/s41598-020-64431-4","Bruno Stuhlmüller","middle","gse55235","10.3389/fmolb.2022.992044"
"10.1038/s41598-020-64431-4","Bruno Stuhlmüller","middle","gse55235","10.1002/cbf.3491"
"10.1038/s41598-020-64431-4","Bruno Stuhlmüller","middle","gse55235","10.1155/2022/6783659"
"10.1038/s41598-020-64431-4","Bruno Stuhlmüller","middle","gse55235","10.1038/s41598-021-94607-5"
"10.1038/s41598-020-64431-4","Bruno Stuhlmüller","middle","gse55235","10.1155/2022/8023779"
"10.1038/s41598-020-64431-4","Bruno Stuhlmüller","middle","gse55235","10.1186/s41231-020-00066-x"
"10.1038/s41598-020-64431-4","Bruno Stuhlmüller","middle","gse55235","10.3390/genes13091501"
"10.1038/s41598-020-64431-4","Bruno Stuhlmüller","middle","gse55235","10.3389/fimmu.2022.954848"
"10.1038/s41598-020-64431-4","Bruno Stuhlmüller","middle","gse55235","10.1155/2022/9252319"
"10.1038/s41598-020-64431-4","Bruno Stuhlmüller","middle","gse55235","10.1186/s13018-021-02796-6"
"10.1038/s41598-020-64431-4","Bruno Stuhlmüller","middle","gse55235","10.3389/fphar.2021.672054"
"10.1038/s41598-020-64431-4","Bruno Stuhlmüller","middle","gse55235","10.3389/fgene.2022.870590"
"10.1038/s41598-020-64431-4","Bruno Stuhlmüller","middle","gse55235","10.3390/jcm7120535"
"10.1038/s41598-020-64431-4","Bruno Stuhlmüller","middle","gse55235","10.3389/fimmu.2022.1013322"
"10.1038/s41598-020-64431-4","Bruno Stuhlmüller","middle","gse55235","10.3390/jcm8010050"
"10.1038/s41598-020-64431-4","Bruno Stuhlmüller","middle","gse55235","10.1186/s12859-016-1065-y"
"10.1038/s41598-020-64431-4","Bruno Stuhlmüller","middle","gse55235","10.1302/2046-3758.74.bjr-2017-0245.r1"
"10.1038/s41598-020-64431-4","Bruno Stuhlmüller","middle","gse55235","10.1186/s13018-020-01756-w"
"10.1038/s41598-020-64431-4","Bruno Stuhlmüller","middle","gse55235","10.1371/journal.pone.0161306"
"10.1038/s41598-020-64431-4","Bruno Stuhlmüller","middle","gse55235","10.3892/mmr.2018.9677"
"10.1038/s41598-020-64431-4","Bruno Stuhlmüller","middle","gse55235","10.1186/s13018-018-0734-0"
"10.1038/s41598-020-64431-4","Bruno Stuhlmüller","middle","gse55235","10.3389/fgene.2021.721258"
"10.1038/s41598-020-64431-4","Bruno Stuhlmüller","middle","gse55235","10.1016/j.heliyon.2023.e12799"
"10.1038/s41598-020-64431-4","Bruno Stuhlmüller","middle","gse55235","10.3389/fphar.2022.888533"
"10.1038/s41598-020-64431-4","Bruno Stuhlmüller","middle","gse55235","10.1186/s13018-023-03700-0"
"10.1038/s41598-020-64431-4","Bruno Stuhlmüller","middle","gse55235","10.3389/fgene.2022.1040438"
"10.1038/s41598-020-64431-4","Bruno Stuhlmüller","middle","gse55235","10.1038/s41598-021-86319-7"
"10.1038/s41598-020-64431-4","Bruno Stuhlmüller","middle","gse55235","10.3389/fgene.2023.1117713"
"10.1038/s41598-020-64431-4","Bruno Stuhlmüller","middle","gse55235","10.1038/s41598-020-70596-9"
"10.1038/s41598-020-64431-4","Bruno Stuhlmüller","middle","gse55235","10.3389/fimmu.2022.1013531"
"10.1038/s41598-020-64431-4","Bruno Stuhlmüller","middle","gse55235","10.1371/journal.pone.0224632"
"10.1038/s41598-020-64431-4","Bruno Stuhlmüller","middle","gse55235","10.3389/fmolb.2023.1066885"
"10.1038/s41598-020-64431-4","Bruno Stuhlmüller","middle","gse55235","10.1080/21655979.2022.2061288"
"10.1038/s41598-020-64431-4","Bruno Stuhlmüller","middle","gse55235","10.1186/s12920-023-01445-7"
"10.1038/s41598-020-64431-4","Bruno Stuhlmüller","middle","gse55235","10.1155/2022/6060677"
"10.1038/s41598-020-64431-4","Bruno Stuhlmüller","middle","gse55235","10.1042/bsr20193823"
"10.1038/s41598-020-64431-4","Bruno Stuhlmüller","middle","gse55235","10.1186/s13018-023-03541-x"
"10.1038/s41598-020-64431-4","Bruno Stuhlmüller","middle","gse55235","10.2147/jir.s287242"
"10.1038/s41598-020-64431-4","Bruno Stuhlmüller","middle","gse55235","10.3389/fphys.2018.00516"
"10.1038/s41598-020-64431-4","Bruno Stuhlmüller","middle","gse55235","10.3390/diagnostics10030171"
"10.1038/s41598-020-64431-4","Bruno Stuhlmüller","middle","gse55235","10.7150/ijms.27056"
"10.1038/s41598-020-64431-4","Bruno Stuhlmüller","middle","gse55235","10.1186/s41065-020-00169-3"
"10.1038/s41598-020-64431-4","Bruno Stuhlmüller","middle","gse55235","10.3389/fmed.2022.1052792"
"10.1038/s41598-020-64431-4","Bruno Stuhlmüller","middle","gse55235","10.3389/fendo.2023.1144258"
"10.1038/s41598-020-64431-4","Bruno Stuhlmüller","middle","gse55235","10.1155/2018/9482726"
"10.1038/s41598-020-64431-4","Bruno Stuhlmüller","middle","gse55235","10.1097/md.0000000000028321"
"10.1038/s41598-020-64431-4","Bruno Stuhlmüller","middle","gse55235","10.3389/fimmu.2023.1007624"
"10.1038/s41598-020-64431-4","Bruno Stuhlmüller","middle","gse55235","10.3389/fgene.2021.743560"
"10.1038/s41598-020-64431-4","Bruno Stuhlmüller","middle","gse55235","10.1371/journal.pone.0199530"
"10.1038/s41598-020-64431-4","Bruno Stuhlmüller","middle","gse55235","10.3389/fimmu.2023.1134412"
"10.1038/s41598-020-64431-4","Bruno Stuhlmüller","middle","gse55235","10.3389/fimmu.2021.726747"
"10.1038/s41598-020-64431-4","Bruno Stuhlmüller","middle","gse55235","10.3389/fimmu.2017.00074"
"10.1038/s41598-020-64431-4","Bruno Stuhlmüller","middle","gse55235","10.3892/mmr.2020.11168"
"10.1038/s41598-020-64431-4","Bruno Stuhlmüller","middle","gse55235","10.1038/s41598-019-51627-6"
"10.1038/s41598-020-64431-4","Bruno Stuhlmüller","middle","gse55235","10.3892/etm.2022.11295"
"10.1038/s41598-020-64431-4","Bruno Stuhlmüller","middle","gse55235","10.1038/s41598-023-28000-9"
"10.1038/s41598-020-64431-4","Bruno Stuhlmüller","middle","gse55235","10.1155/2021/5074305"
"10.1038/s41598-020-64431-4","Bruno Stuhlmüller","middle","gse38351","10.3390/genes12121898"
"10.1038/s41598-020-64431-4","Bruno Stuhlmüller","middle","gse38351","10.1371/journal.pone.0208132"
"10.1038/s41598-020-64431-4","Bruno Stuhlmüller","middle","gse38351","10.1186/s12920-016-0227-0"
"10.1038/s41598-020-64431-4","Bruno Stuhlmüller","middle","gse38351","10.1038/s42003-019-0382-x"
"10.1038/s41598-020-64431-4","Bruno Stuhlmüller","middle","gse38351","10.3389/fimmu.2020.575074"
"10.1038/s41598-020-64431-4","Bruno Stuhlmüller","middle","gse38351","10.3389/fimmu.2021.668007"
"10.1038/s41598-020-64431-4","Bruno Stuhlmüller","middle","gse38351","10.3389/fmolb.2017.00096"
"10.1038/s41598-020-64431-4","Bruno Stuhlmüller","middle","gse38351","10.1038/s41598-019-45989-0"
"10.1038/s41598-020-64431-4","Bruno Stuhlmüller","middle","gse51997","10.3390/genes12121898"
"10.1038/s41598-020-64431-4","Bruno Stuhlmüller","middle","gse51997","10.1371/journal.pone.0208132"
"10.1038/s41598-020-64431-4","Bruno Stuhlmüller","middle","gse51997","10.12688/f1000research.8182.2"
"10.1038/s41598-020-64431-4","Bruno Stuhlmüller","middle","gse51997","10.3389/fimmu.2020.575074"
"10.1038/s41598-020-64431-4","Bruno Stuhlmüller","middle","gse51997","10.3390/genes13020209"
"10.1038/s41598-020-64431-4","Bruno Stuhlmüller","middle","gse51997","10.1155/2022/9096999"
"10.1038/s41598-020-64431-4","Bruno Stuhlmüller","middle","gse58173","10.1186/s12859-016-1141-3"
"10.1038/s41598-020-64431-4","Anne Claußnitzer","middle","gse55235","10.1186/s13018-022-03453-2"
"10.1038/s41598-020-64431-4","Anne Claußnitzer","middle","gse55235","10.1155/2022/1905077"
"10.1038/s41598-020-64431-4","Anne Claußnitzer","middle","gse55235","10.1038/s41598-022-21988-6"
"10.1038/s41598-020-64431-4","Anne Claußnitzer","middle","gse55235","10.3389/fimmu.2022.871008"
"10.1038/s41598-020-64431-4","Anne Claußnitzer","middle","gse55235","10.1186/s13045-017-0526-8"
"10.1038/s41598-020-64431-4","Anne Claußnitzer","middle","gse55235","10.3389/fimmu.2022.893301"
"10.1038/s41598-020-64431-4","Anne Claußnitzer","middle","gse55235","10.1038/s41598-022-08274-1"
"10.1038/s41598-020-64431-4","Anne Claußnitzer","middle","gse55235","10.1186/s13059-016-0948-6"
"10.1038/s41598-020-64431-4","Anne Claußnitzer","middle","gse55235","10.1016/j.jot.2022.02.007"
"10.1038/s41598-020-64431-4","Anne Claußnitzer","middle","gse55235","10.3389/fimmu.2022.1058884"
"10.1038/s41598-020-64431-4","Anne Claußnitzer","middle","gse55235","10.1186/s13018-021-02402-9"
"10.1038/s41598-020-64431-4","Anne Claußnitzer","middle","gse55235","10.1155/2022/8027987"
"10.1038/s41598-020-64431-4","Anne Claußnitzer","middle","gse55235","10.1186/s12891-022-05277-x"
"10.1038/s41598-020-64431-4","Anne Claußnitzer","middle","gse55235","10.3390/biom13030539"
"10.1038/s41598-020-64431-4","Anne Claußnitzer","middle","gse55235","10.3389/fimmu.2022.1041284"
"10.1038/s41598-020-64431-4","Anne Claußnitzer","middle","gse55235","10.1038/s41598-023-29153-3"
"10.1038/s41598-020-64431-4","Anne Claußnitzer","middle","gse55235","10.1111/os.12412"
"10.1038/s41598-020-64431-4","Anne Claußnitzer","middle","gse55235","10.1155/2022/5600190"
"10.1038/s41598-020-64431-4","Anne Claußnitzer","middle","gse55235","10.7717/peerj.8390"
"10.1038/s41598-020-64431-4","Anne Claußnitzer","middle","gse55235","10.1038/s41598-020-73147-4"
"10.1038/s41598-020-64431-4","Anne Claußnitzer","middle","gse55235","10.1186/s13018-022-03247-6"
"10.1038/s41598-020-64431-4","Anne Claußnitzer","middle","gse55235","10.3389/fimmu.2023.1090596"
"10.1038/s41598-020-64431-4","Anne Claußnitzer","middle","gse55235","10.1186/s13075-022-02902-x"
"10.1038/s41598-020-64431-4","Anne Claußnitzer","middle","gse55235","10.1093/jhps/hnaa036"
"10.1038/s41598-020-64431-4","Anne Claußnitzer","middle","gse55235","10.7717/peerj.3078"
"10.1038/s41598-020-64431-4","Anne Claußnitzer","middle","gse55235","10.3389/fmed.2022.799440"
"10.1038/s41598-020-64431-4","Anne Claußnitzer","middle","gse55235","10.1038/s41598-023-31438-6"
"10.1038/s41598-020-64431-4","Anne Claußnitzer","middle","gse55235","10.3389/fcell.2023.1099287"
"10.1038/s41598-020-64431-4","Anne Claußnitzer","middle","gse55235","10.1371/journal.pone.0164542"
"10.1038/s41598-020-64431-4","Anne Claußnitzer","middle","gse55235","10.21037/atm-22-3888"
"10.1038/s41598-020-64431-4","Anne Claußnitzer","middle","gse55235","10.3389/fimmu.2019.02612"
"10.1038/s41598-020-64431-4","Anne Claußnitzer","middle","gse55235","10.3389/fmolb.2021.691602"
"10.1038/s41598-020-64431-4","Anne Claußnitzer","middle","gse55235","10.3390/ijms18112396"
"10.1038/s41598-020-64431-4","Anne Claußnitzer","middle","gse55235","10.3389/fimmu.2018.03085"
"10.1038/s41598-020-64431-4","Anne Claußnitzer","middle","gse55235","10.1155/2020/6943103"
"10.1038/s41598-020-64431-4","Anne Claußnitzer","middle","gse55235","10.7150/ijms.35611"
"10.1038/s41598-020-64431-4","Anne Claußnitzer","middle","gse55235","10.3389/fimmu.2023.1128459"
"10.1038/s41598-020-64431-4","Anne Claußnitzer","middle","gse55235","10.1155/2022/4071472"
"10.1038/s41598-020-64431-4","Anne Claußnitzer","middle","gse55235","10.1155/2022/1926661"
"10.1038/s41598-020-64431-4","Anne Claußnitzer","middle","gse55235","10.6026/97320630011207"
"10.1038/s41598-020-64431-4","Anne Claußnitzer","middle","gse55235","10.21037/atm-22-4934"
"10.1038/s41598-020-64431-4","Anne Claußnitzer","middle","gse55235","10.3389/fncel.2022.1013745"
"10.1038/s41598-020-64431-4","Anne Claußnitzer","middle","gse55235","10.3390/jpm13020367"
"10.1038/s41598-020-64431-4","Anne Claußnitzer","middle","gse55235","10.3892/br.2021.1457"
"10.1038/s41598-020-64431-4","Anne Claußnitzer","middle","gse55235","10.12659/msm.915451"
"10.1038/s41598-020-64431-4","Anne Claußnitzer","middle","gse55235","10.7717/peerj.5743"
"10.1038/s41598-020-64431-4","Anne Claußnitzer","middle","gse55235","10.1038/s41598-020-67730-y"
"10.1038/s41598-020-64431-4","Anne Claußnitzer","middle","gse55235","10.18632/oncotarget.7390"
"10.1038/s41598-020-64431-4","Anne Claußnitzer","middle","gse55235","10.1155/2021/9911184"
"10.1038/s41598-020-64431-4","Anne Claußnitzer","middle","gse55235","10.21037/atm-21-4566"
"10.1038/s41598-020-64431-4","Anne Claußnitzer","middle","gse55235","10.1302/2046-3758.98.bjr-2019-0301.r1"
"10.1038/s41598-020-64431-4","Anne Claußnitzer","middle","gse55235","10.3389/fimmu.2022.1078414"
"10.1038/s41598-020-64431-4","Anne Claußnitzer","middle","gse55235","10.3389/fgene.2022.905027"
"10.1038/s41598-020-64431-4","Anne Claußnitzer","middle","gse55235","10.3389/fmolb.2021.761841"
"10.1038/s41598-020-64431-4","Anne Claußnitzer","middle","gse55235","10.3389/fmolb.2021.748360"
"10.1038/s41598-020-64431-4","Anne Claußnitzer","middle","gse55235","10.3389/fphar.2022.843358"
"10.1038/s41598-020-64431-4","Anne Claußnitzer","middle","gse55235","10.1186/s12891-022-05567-4"
"10.1038/s41598-020-64431-4","Anne Claußnitzer","middle","gse55235","10.3389/fimmu.2022.1044909"
"10.1038/s41598-020-64431-4","Anne Claußnitzer","middle","gse55235","10.1042/bsr20201713"
"10.1038/s41598-020-64431-4","Anne Claußnitzer","middle","gse55235","10.1155/2020/2379280"
"10.1038/s41598-020-64431-4","Anne Claußnitzer","middle","gse55235","10.1371/journal.pone.0167212"
"10.1038/s41598-020-64431-4","Anne Claußnitzer","middle","gse55235","10.1302/2046-3758.119.bjr-2022-0075.r1"
"10.1038/s41598-020-64431-4","Anne Claußnitzer","middle","gse55235","10.3892/etm.2020.9450"
"10.1038/s41598-020-64431-4","Anne Claußnitzer","middle","gse55235","10.3389/fmolb.2022.992044"
"10.1038/s41598-020-64431-4","Anne Claußnitzer","middle","gse55235","10.1002/cbf.3491"
"10.1038/s41598-020-64431-4","Anne Claußnitzer","middle","gse55235","10.1155/2022/6783659"
"10.1038/s41598-020-64431-4","Anne Claußnitzer","middle","gse55235","10.1038/s41598-021-94607-5"
"10.1038/s41598-020-64431-4","Anne Claußnitzer","middle","gse55235","10.1155/2022/8023779"
"10.1038/s41598-020-64431-4","Anne Claußnitzer","middle","gse55235","10.1186/s41231-020-00066-x"
"10.1038/s41598-020-64431-4","Anne Claußnitzer","middle","gse55235","10.3390/genes13091501"
"10.1038/s41598-020-64431-4","Anne Claußnitzer","middle","gse55235","10.3389/fimmu.2022.954848"
"10.1038/s41598-020-64431-4","Anne Claußnitzer","middle","gse55235","10.1155/2022/9252319"
"10.1038/s41598-020-64431-4","Anne Claußnitzer","middle","gse55235","10.1186/s13018-021-02796-6"
"10.1038/s41598-020-64431-4","Anne Claußnitzer","middle","gse55235","10.3389/fphar.2021.672054"
"10.1038/s41598-020-64431-4","Anne Claußnitzer","middle","gse55235","10.3389/fgene.2022.870590"
"10.1038/s41598-020-64431-4","Anne Claußnitzer","middle","gse55235","10.3390/jcm7120535"
"10.1038/s41598-020-64431-4","Anne Claußnitzer","middle","gse55235","10.3389/fimmu.2022.1013322"
"10.1038/s41598-020-64431-4","Anne Claußnitzer","middle","gse55235","10.3390/jcm8010050"
"10.1038/s41598-020-64431-4","Anne Claußnitzer","middle","gse55235","10.1186/s12859-016-1065-y"
"10.1038/s41598-020-64431-4","Anne Claußnitzer","middle","gse55235","10.1302/2046-3758.74.bjr-2017-0245.r1"
"10.1038/s41598-020-64431-4","Anne Claußnitzer","middle","gse55235","10.1186/s13018-020-01756-w"
"10.1038/s41598-020-64431-4","Anne Claußnitzer","middle","gse55235","10.1371/journal.pone.0161306"
"10.1038/s41598-020-64431-4","Anne Claußnitzer","middle","gse55235","10.3892/mmr.2018.9677"
"10.1038/s41598-020-64431-4","Anne Claußnitzer","middle","gse55235","10.1186/s13018-018-0734-0"
"10.1038/s41598-020-64431-4","Anne Claußnitzer","middle","gse55235","10.3389/fgene.2021.721258"
"10.1038/s41598-020-64431-4","Anne Claußnitzer","middle","gse55235","10.1016/j.heliyon.2023.e12799"
"10.1038/s41598-020-64431-4","Anne Claußnitzer","middle","gse55235","10.3389/fphar.2022.888533"
"10.1038/s41598-020-64431-4","Anne Claußnitzer","middle","gse55235","10.1186/s13018-023-03700-0"
"10.1038/s41598-020-64431-4","Anne Claußnitzer","middle","gse55235","10.3389/fgene.2022.1040438"
"10.1038/s41598-020-64431-4","Anne Claußnitzer","middle","gse55235","10.1038/s41598-021-86319-7"
"10.1038/s41598-020-64431-4","Anne Claußnitzer","middle","gse55235","10.3389/fgene.2023.1117713"
"10.1038/s41598-020-64431-4","Anne Claußnitzer","middle","gse55235","10.1038/s41598-020-70596-9"
"10.1038/s41598-020-64431-4","Anne Claußnitzer","middle","gse55235","10.3389/fimmu.2022.1013531"
"10.1038/s41598-020-64431-4","Anne Claußnitzer","middle","gse55235","10.1371/journal.pone.0224632"
"10.1038/s41598-020-64431-4","Anne Claußnitzer","middle","gse55235","10.3389/fmolb.2023.1066885"
"10.1038/s41598-020-64431-4","Anne Claußnitzer","middle","gse55235","10.1080/21655979.2022.2061288"
"10.1038/s41598-020-64431-4","Anne Claußnitzer","middle","gse55235","10.1186/s12920-023-01445-7"
"10.1038/s41598-020-64431-4","Anne Claußnitzer","middle","gse55235","10.1155/2022/6060677"
"10.1038/s41598-020-64431-4","Anne Claußnitzer","middle","gse55235","10.1042/bsr20193823"
"10.1038/s41598-020-64431-4","Anne Claußnitzer","middle","gse55235","10.1186/s13018-023-03541-x"
"10.1038/s41598-020-64431-4","Anne Claußnitzer","middle","gse55235","10.2147/jir.s287242"
"10.1038/s41598-020-64431-4","Anne Claußnitzer","middle","gse55235","10.3389/fphys.2018.00516"
"10.1038/s41598-020-64431-4","Anne Claußnitzer","middle","gse55235","10.3390/diagnostics10030171"
"10.1038/s41598-020-64431-4","Anne Claußnitzer","middle","gse55235","10.7150/ijms.27056"
"10.1038/s41598-020-64431-4","Anne Claußnitzer","middle","gse55235","10.1186/s41065-020-00169-3"
"10.1038/s41598-020-64431-4","Anne Claußnitzer","middle","gse55235","10.3389/fmed.2022.1052792"
"10.1038/s41598-020-64431-4","Anne Claußnitzer","middle","gse55235","10.3389/fendo.2023.1144258"
"10.1038/s41598-020-64431-4","Anne Claußnitzer","middle","gse55235","10.1155/2018/9482726"
"10.1038/s41598-020-64431-4","Anne Claußnitzer","middle","gse55235","10.1097/md.0000000000028321"
"10.1038/s41598-020-64431-4","Anne Claußnitzer","middle","gse55235","10.3389/fimmu.2023.1007624"
"10.1038/s41598-020-64431-4","Anne Claußnitzer","middle","gse55235","10.3389/fgene.2021.743560"
"10.1038/s41598-020-64431-4","Anne Claußnitzer","middle","gse55235","10.1371/journal.pone.0199530"
"10.1038/s41598-020-64431-4","Anne Claußnitzer","middle","gse55235","10.3389/fimmu.2023.1134412"
"10.1038/s41598-020-64431-4","Anne Claußnitzer","middle","gse55235","10.3389/fimmu.2021.726747"
"10.1038/s41598-020-64431-4","Anne Claußnitzer","middle","gse55235","10.3389/fimmu.2017.00074"
"10.1038/s41598-020-64431-4","Anne Claußnitzer","middle","gse55235","10.3892/mmr.2020.11168"
"10.1038/s41598-020-64431-4","Anne Claußnitzer","middle","gse55235","10.1038/s41598-019-51627-6"
"10.1038/s41598-020-64431-4","Anne Claußnitzer","middle","gse55235","10.3892/etm.2022.11295"
"10.1038/s41598-020-64431-4","Anne Claußnitzer","middle","gse55235","10.1038/s41598-023-28000-9"
"10.1038/s41598-020-64431-4","Anne Claußnitzer","middle","gse55235","10.1155/2021/5074305"
"10.1038/s41598-020-64431-4","Anne Claußnitzer","middle","gse38351","10.3390/genes12121898"
"10.1038/s41598-020-64431-4","Anne Claußnitzer","middle","gse38351","10.1371/journal.pone.0208132"
"10.1038/s41598-020-64431-4","Anne Claußnitzer","middle","gse38351","10.1186/s12920-016-0227-0"
"10.1038/s41598-020-64431-4","Anne Claußnitzer","middle","gse38351","10.1038/s42003-019-0382-x"
"10.1038/s41598-020-64431-4","Anne Claußnitzer","middle","gse38351","10.3389/fimmu.2020.575074"
"10.1038/s41598-020-64431-4","Anne Claußnitzer","middle","gse38351","10.3389/fimmu.2021.668007"
"10.1038/s41598-020-64431-4","Anne Claußnitzer","middle","gse38351","10.3389/fmolb.2017.00096"
"10.1038/s41598-020-64431-4","Anne Claußnitzer","middle","gse38351","10.1038/s41598-019-45989-0"
"10.1038/s41598-020-64431-4","Anne Claußnitzer","middle","gse51997","10.3390/genes12121898"
"10.1038/s41598-020-64431-4","Anne Claußnitzer","middle","gse51997","10.1371/journal.pone.0208132"
"10.1038/s41598-020-64431-4","Anne Claußnitzer","middle","gse51997","10.12688/f1000research.8182.2"
"10.1038/s41598-020-64431-4","Anne Claußnitzer","middle","gse51997","10.3389/fimmu.2020.575074"
"10.1038/s41598-020-64431-4","Anne Claußnitzer","middle","gse51997","10.3390/genes13020209"
"10.1038/s41598-020-64431-4","Anne Claußnitzer","middle","gse51997","10.1155/2022/9096999"
"10.1038/s41598-020-64431-4","Anne Claußnitzer","middle","gse58173","10.1186/s12859-016-1141-3"
"10.1038/s41598-020-64431-4","Sandra Hermann","middle","gse55235","10.1186/s13018-022-03453-2"
"10.1038/s41598-020-64431-4","Sandra Hermann","middle","gse55235","10.1155/2022/1905077"
"10.1038/s41598-020-64431-4","Sandra Hermann","middle","gse55235","10.1038/s41598-022-21988-6"
"10.1038/s41598-020-64431-4","Sandra Hermann","middle","gse55235","10.3389/fimmu.2022.871008"
"10.1038/s41598-020-64431-4","Sandra Hermann","middle","gse55235","10.1186/s13045-017-0526-8"
"10.1038/s41598-020-64431-4","Sandra Hermann","middle","gse55235","10.3389/fimmu.2022.893301"
"10.1038/s41598-020-64431-4","Sandra Hermann","middle","gse55235","10.1038/s41598-022-08274-1"
"10.1038/s41598-020-64431-4","Sandra Hermann","middle","gse55235","10.1186/s13059-016-0948-6"
"10.1038/s41598-020-64431-4","Sandra Hermann","middle","gse55235","10.1016/j.jot.2022.02.007"
"10.1038/s41598-020-64431-4","Sandra Hermann","middle","gse55235","10.3389/fimmu.2022.1058884"
"10.1038/s41598-020-64431-4","Sandra Hermann","middle","gse55235","10.1186/s13018-021-02402-9"
"10.1038/s41598-020-64431-4","Sandra Hermann","middle","gse55235","10.1155/2022/8027987"
"10.1038/s41598-020-64431-4","Sandra Hermann","middle","gse55235","10.1186/s12891-022-05277-x"
"10.1038/s41598-020-64431-4","Sandra Hermann","middle","gse55235","10.3390/biom13030539"
"10.1038/s41598-020-64431-4","Sandra Hermann","middle","gse55235","10.3389/fimmu.2022.1041284"
"10.1038/s41598-020-64431-4","Sandra Hermann","middle","gse55235","10.1038/s41598-023-29153-3"
"10.1038/s41598-020-64431-4","Sandra Hermann","middle","gse55235","10.1111/os.12412"
"10.1038/s41598-020-64431-4","Sandra Hermann","middle","gse55235","10.1155/2022/5600190"
"10.1038/s41598-020-64431-4","Sandra Hermann","middle","gse55235","10.7717/peerj.8390"
"10.1038/s41598-020-64431-4","Sandra Hermann","middle","gse55235","10.1038/s41598-020-73147-4"
"10.1038/s41598-020-64431-4","Sandra Hermann","middle","gse55235","10.1186/s13018-022-03247-6"
"10.1038/s41598-020-64431-4","Sandra Hermann","middle","gse55235","10.3389/fimmu.2023.1090596"
"10.1038/s41598-020-64431-4","Sandra Hermann","middle","gse55235","10.1186/s13075-022-02902-x"
"10.1038/s41598-020-64431-4","Sandra Hermann","middle","gse55235","10.1093/jhps/hnaa036"
"10.1038/s41598-020-64431-4","Sandra Hermann","middle","gse55235","10.7717/peerj.3078"
"10.1038/s41598-020-64431-4","Sandra Hermann","middle","gse55235","10.3389/fmed.2022.799440"
"10.1038/s41598-020-64431-4","Sandra Hermann","middle","gse55235","10.1038/s41598-023-31438-6"
"10.1038/s41598-020-64431-4","Sandra Hermann","middle","gse55235","10.3389/fcell.2023.1099287"
"10.1038/s41598-020-64431-4","Sandra Hermann","middle","gse55235","10.1371/journal.pone.0164542"
"10.1038/s41598-020-64431-4","Sandra Hermann","middle","gse55235","10.21037/atm-22-3888"
"10.1038/s41598-020-64431-4","Sandra Hermann","middle","gse55235","10.3389/fimmu.2019.02612"
"10.1038/s41598-020-64431-4","Sandra Hermann","middle","gse55235","10.3389/fmolb.2021.691602"
"10.1038/s41598-020-64431-4","Sandra Hermann","middle","gse55235","10.3390/ijms18112396"
"10.1038/s41598-020-64431-4","Sandra Hermann","middle","gse55235","10.3389/fimmu.2018.03085"
"10.1038/s41598-020-64431-4","Sandra Hermann","middle","gse55235","10.1155/2020/6943103"
"10.1038/s41598-020-64431-4","Sandra Hermann","middle","gse55235","10.7150/ijms.35611"
"10.1038/s41598-020-64431-4","Sandra Hermann","middle","gse55235","10.3389/fimmu.2023.1128459"
"10.1038/s41598-020-64431-4","Sandra Hermann","middle","gse55235","10.1155/2022/4071472"
"10.1038/s41598-020-64431-4","Sandra Hermann","middle","gse55235","10.1155/2022/1926661"
"10.1038/s41598-020-64431-4","Sandra Hermann","middle","gse55235","10.6026/97320630011207"
"10.1038/s41598-020-64431-4","Sandra Hermann","middle","gse55235","10.21037/atm-22-4934"
"10.1038/s41598-020-64431-4","Sandra Hermann","middle","gse55235","10.3389/fncel.2022.1013745"
"10.1038/s41598-020-64431-4","Sandra Hermann","middle","gse55235","10.3390/jpm13020367"
"10.1038/s41598-020-64431-4","Sandra Hermann","middle","gse55235","10.3892/br.2021.1457"
"10.1038/s41598-020-64431-4","Sandra Hermann","middle","gse55235","10.12659/msm.915451"
"10.1038/s41598-020-64431-4","Sandra Hermann","middle","gse55235","10.7717/peerj.5743"
"10.1038/s41598-020-64431-4","Sandra Hermann","middle","gse55235","10.1038/s41598-020-67730-y"
"10.1038/s41598-020-64431-4","Sandra Hermann","middle","gse55235","10.18632/oncotarget.7390"
"10.1038/s41598-020-64431-4","Sandra Hermann","middle","gse55235","10.1155/2021/9911184"
"10.1038/s41598-020-64431-4","Sandra Hermann","middle","gse55235","10.21037/atm-21-4566"
"10.1038/s41598-020-64431-4","Sandra Hermann","middle","gse55235","10.1302/2046-3758.98.bjr-2019-0301.r1"
"10.1038/s41598-020-64431-4","Sandra Hermann","middle","gse55235","10.3389/fimmu.2022.1078414"
"10.1038/s41598-020-64431-4","Sandra Hermann","middle","gse55235","10.3389/fgene.2022.905027"
"10.1038/s41598-020-64431-4","Sandra Hermann","middle","gse55235","10.3389/fmolb.2021.761841"
"10.1038/s41598-020-64431-4","Sandra Hermann","middle","gse55235","10.3389/fmolb.2021.748360"
"10.1038/s41598-020-64431-4","Sandra Hermann","middle","gse55235","10.3389/fphar.2022.843358"
"10.1038/s41598-020-64431-4","Sandra Hermann","middle","gse55235","10.1186/s12891-022-05567-4"
"10.1038/s41598-020-64431-4","Sandra Hermann","middle","gse55235","10.3389/fimmu.2022.1044909"
"10.1038/s41598-020-64431-4","Sandra Hermann","middle","gse55235","10.1042/bsr20201713"
"10.1038/s41598-020-64431-4","Sandra Hermann","middle","gse55235","10.1155/2020/2379280"
"10.1038/s41598-020-64431-4","Sandra Hermann","middle","gse55235","10.1371/journal.pone.0167212"
"10.1038/s41598-020-64431-4","Sandra Hermann","middle","gse55235","10.1302/2046-3758.119.bjr-2022-0075.r1"
"10.1038/s41598-020-64431-4","Sandra Hermann","middle","gse55235","10.3892/etm.2020.9450"
"10.1038/s41598-020-64431-4","Sandra Hermann","middle","gse55235","10.3389/fmolb.2022.992044"
"10.1038/s41598-020-64431-4","Sandra Hermann","middle","gse55235","10.1002/cbf.3491"
"10.1038/s41598-020-64431-4","Sandra Hermann","middle","gse55235","10.1155/2022/6783659"
"10.1038/s41598-020-64431-4","Sandra Hermann","middle","gse55235","10.1038/s41598-021-94607-5"
"10.1038/s41598-020-64431-4","Sandra Hermann","middle","gse55235","10.1155/2022/8023779"
"10.1038/s41598-020-64431-4","Sandra Hermann","middle","gse55235","10.1186/s41231-020-00066-x"
"10.1038/s41598-020-64431-4","Sandra Hermann","middle","gse55235","10.3390/genes13091501"
"10.1038/s41598-020-64431-4","Sandra Hermann","middle","gse55235","10.3389/fimmu.2022.954848"
"10.1038/s41598-020-64431-4","Sandra Hermann","middle","gse55235","10.1155/2022/9252319"
"10.1038/s41598-020-64431-4","Sandra Hermann","middle","gse55235","10.1186/s13018-021-02796-6"
"10.1038/s41598-020-64431-4","Sandra Hermann","middle","gse55235","10.3389/fphar.2021.672054"
"10.1038/s41598-020-64431-4","Sandra Hermann","middle","gse55235","10.3389/fgene.2022.870590"
"10.1038/s41598-020-64431-4","Sandra Hermann","middle","gse55235","10.3390/jcm7120535"
"10.1038/s41598-020-64431-4","Sandra Hermann","middle","gse55235","10.3389/fimmu.2022.1013322"
"10.1038/s41598-020-64431-4","Sandra Hermann","middle","gse55235","10.3390/jcm8010050"
"10.1038/s41598-020-64431-4","Sandra Hermann","middle","gse55235","10.1186/s12859-016-1065-y"
"10.1038/s41598-020-64431-4","Sandra Hermann","middle","gse55235","10.1302/2046-3758.74.bjr-2017-0245.r1"
"10.1038/s41598-020-64431-4","Sandra Hermann","middle","gse55235","10.1186/s13018-020-01756-w"
"10.1038/s41598-020-64431-4","Sandra Hermann","middle","gse55235","10.1371/journal.pone.0161306"
"10.1038/s41598-020-64431-4","Sandra Hermann","middle","gse55235","10.3892/mmr.2018.9677"
"10.1038/s41598-020-64431-4","Sandra Hermann","middle","gse55235","10.1186/s13018-018-0734-0"
"10.1038/s41598-020-64431-4","Sandra Hermann","middle","gse55235","10.3389/fgene.2021.721258"
"10.1038/s41598-020-64431-4","Sandra Hermann","middle","gse55235","10.1016/j.heliyon.2023.e12799"
"10.1038/s41598-020-64431-4","Sandra Hermann","middle","gse55235","10.3389/fphar.2022.888533"
"10.1038/s41598-020-64431-4","Sandra Hermann","middle","gse55235","10.1186/s13018-023-03700-0"
"10.1038/s41598-020-64431-4","Sandra Hermann","middle","gse55235","10.3389/fgene.2022.1040438"
"10.1038/s41598-020-64431-4","Sandra Hermann","middle","gse55235","10.1038/s41598-021-86319-7"
"10.1038/s41598-020-64431-4","Sandra Hermann","middle","gse55235","10.3389/fgene.2023.1117713"
"10.1038/s41598-020-64431-4","Sandra Hermann","middle","gse55235","10.1038/s41598-020-70596-9"
"10.1038/s41598-020-64431-4","Sandra Hermann","middle","gse55235","10.3389/fimmu.2022.1013531"
"10.1038/s41598-020-64431-4","Sandra Hermann","middle","gse55235","10.1371/journal.pone.0224632"
"10.1038/s41598-020-64431-4","Sandra Hermann","middle","gse55235","10.3389/fmolb.2023.1066885"
"10.1038/s41598-020-64431-4","Sandra Hermann","middle","gse55235","10.1080/21655979.2022.2061288"
"10.1038/s41598-020-64431-4","Sandra Hermann","middle","gse55235","10.1186/s12920-023-01445-7"
"10.1038/s41598-020-64431-4","Sandra Hermann","middle","gse55235","10.1155/2022/6060677"
"10.1038/s41598-020-64431-4","Sandra Hermann","middle","gse55235","10.1042/bsr20193823"
"10.1038/s41598-020-64431-4","Sandra Hermann","middle","gse55235","10.1186/s13018-023-03541-x"
"10.1038/s41598-020-64431-4","Sandra Hermann","middle","gse55235","10.2147/jir.s287242"
"10.1038/s41598-020-64431-4","Sandra Hermann","middle","gse55235","10.3389/fphys.2018.00516"
"10.1038/s41598-020-64431-4","Sandra Hermann","middle","gse55235","10.3390/diagnostics10030171"
"10.1038/s41598-020-64431-4","Sandra Hermann","middle","gse55235","10.7150/ijms.27056"
"10.1038/s41598-020-64431-4","Sandra Hermann","middle","gse55235","10.1186/s41065-020-00169-3"
"10.1038/s41598-020-64431-4","Sandra Hermann","middle","gse55235","10.3389/fmed.2022.1052792"
"10.1038/s41598-020-64431-4","Sandra Hermann","middle","gse55235","10.3389/fendo.2023.1144258"
"10.1038/s41598-020-64431-4","Sandra Hermann","middle","gse55235","10.1155/2018/9482726"
"10.1038/s41598-020-64431-4","Sandra Hermann","middle","gse55235","10.1097/md.0000000000028321"
"10.1038/s41598-020-64431-4","Sandra Hermann","middle","gse55235","10.3389/fimmu.2023.1007624"
"10.1038/s41598-020-64431-4","Sandra Hermann","middle","gse55235","10.3389/fgene.2021.743560"
"10.1038/s41598-020-64431-4","Sandra Hermann","middle","gse55235","10.1371/journal.pone.0199530"
"10.1038/s41598-020-64431-4","Sandra Hermann","middle","gse55235","10.3389/fimmu.2023.1134412"
"10.1038/s41598-020-64431-4","Sandra Hermann","middle","gse55235","10.3389/fimmu.2021.726747"
"10.1038/s41598-020-64431-4","Sandra Hermann","middle","gse55235","10.3389/fimmu.2017.00074"
"10.1038/s41598-020-64431-4","Sandra Hermann","middle","gse55235","10.3892/mmr.2020.11168"
"10.1038/s41598-020-64431-4","Sandra Hermann","middle","gse55235","10.1038/s41598-019-51627-6"
"10.1038/s41598-020-64431-4","Sandra Hermann","middle","gse55235","10.3892/etm.2022.11295"
"10.1038/s41598-020-64431-4","Sandra Hermann","middle","gse55235","10.1038/s41598-023-28000-9"
"10.1038/s41598-020-64431-4","Sandra Hermann","middle","gse55235","10.1155/2021/5074305"
"10.1038/s41598-020-64431-4","Sandra Hermann","middle","gse38351","10.3390/genes12121898"
"10.1038/s41598-020-64431-4","Sandra Hermann","middle","gse38351","10.1371/journal.pone.0208132"
"10.1038/s41598-020-64431-4","Sandra Hermann","middle","gse38351","10.1186/s12920-016-0227-0"
"10.1038/s41598-020-64431-4","Sandra Hermann","middle","gse38351","10.1038/s42003-019-0382-x"
"10.1038/s41598-020-64431-4","Sandra Hermann","middle","gse38351","10.3389/fimmu.2020.575074"
"10.1038/s41598-020-64431-4","Sandra Hermann","middle","gse38351","10.3389/fimmu.2021.668007"
"10.1038/s41598-020-64431-4","Sandra Hermann","middle","gse38351","10.3389/fmolb.2017.00096"
"10.1038/s41598-020-64431-4","Sandra Hermann","middle","gse38351","10.1038/s41598-019-45989-0"
"10.1038/s41598-020-64431-4","Sandra Hermann","middle","gse51997","10.3390/genes12121898"
"10.1038/s41598-020-64431-4","Sandra Hermann","middle","gse51997","10.1371/journal.pone.0208132"
"10.1038/s41598-020-64431-4","Sandra Hermann","middle","gse51997","10.12688/f1000research.8182.2"
"10.1038/s41598-020-64431-4","Sandra Hermann","middle","gse51997","10.3389/fimmu.2020.575074"
"10.1038/s41598-020-64431-4","Sandra Hermann","middle","gse51997","10.3390/genes13020209"
"10.1038/s41598-020-64431-4","Sandra Hermann","middle","gse51997","10.1155/2022/9096999"
"10.1038/s41598-020-64431-4","Sandra Hermann","middle","gse58173","10.1186/s12859-016-1141-3"
"10.1038/s41598-020-64431-4","Sarah Ohrndorf","middle","gse55235","10.1186/s13018-022-03453-2"
"10.1038/s41598-020-64431-4","Sarah Ohrndorf","middle","gse55235","10.1155/2022/1905077"
"10.1038/s41598-020-64431-4","Sarah Ohrndorf","middle","gse55235","10.1038/s41598-022-21988-6"
"10.1038/s41598-020-64431-4","Sarah Ohrndorf","middle","gse55235","10.3389/fimmu.2022.871008"
"10.1038/s41598-020-64431-4","Sarah Ohrndorf","middle","gse55235","10.1186/s13045-017-0526-8"
"10.1038/s41598-020-64431-4","Sarah Ohrndorf","middle","gse55235","10.3389/fimmu.2022.893301"
"10.1038/s41598-020-64431-4","Sarah Ohrndorf","middle","gse55235","10.1038/s41598-022-08274-1"
"10.1038/s41598-020-64431-4","Sarah Ohrndorf","middle","gse55235","10.1186/s13059-016-0948-6"
"10.1038/s41598-020-64431-4","Sarah Ohrndorf","middle","gse55235","10.1016/j.jot.2022.02.007"
"10.1038/s41598-020-64431-4","Sarah Ohrndorf","middle","gse55235","10.3389/fimmu.2022.1058884"
"10.1038/s41598-020-64431-4","Sarah Ohrndorf","middle","gse55235","10.1186/s13018-021-02402-9"
"10.1038/s41598-020-64431-4","Sarah Ohrndorf","middle","gse55235","10.1155/2022/8027987"
"10.1038/s41598-020-64431-4","Sarah Ohrndorf","middle","gse55235","10.1186/s12891-022-05277-x"
"10.1038/s41598-020-64431-4","Sarah Ohrndorf","middle","gse55235","10.3390/biom13030539"
"10.1038/s41598-020-64431-4","Sarah Ohrndorf","middle","gse55235","10.3389/fimmu.2022.1041284"
"10.1038/s41598-020-64431-4","Sarah Ohrndorf","middle","gse55235","10.1038/s41598-023-29153-3"
"10.1038/s41598-020-64431-4","Sarah Ohrndorf","middle","gse55235","10.1111/os.12412"
"10.1038/s41598-020-64431-4","Sarah Ohrndorf","middle","gse55235","10.1155/2022/5600190"
"10.1038/s41598-020-64431-4","Sarah Ohrndorf","middle","gse55235","10.7717/peerj.8390"
"10.1038/s41598-020-64431-4","Sarah Ohrndorf","middle","gse55235","10.1038/s41598-020-73147-4"
"10.1038/s41598-020-64431-4","Sarah Ohrndorf","middle","gse55235","10.1186/s13018-022-03247-6"
"10.1038/s41598-020-64431-4","Sarah Ohrndorf","middle","gse55235","10.3389/fimmu.2023.1090596"
"10.1038/s41598-020-64431-4","Sarah Ohrndorf","middle","gse55235","10.1186/s13075-022-02902-x"
"10.1038/s41598-020-64431-4","Sarah Ohrndorf","middle","gse55235","10.1093/jhps/hnaa036"
"10.1038/s41598-020-64431-4","Sarah Ohrndorf","middle","gse55235","10.7717/peerj.3078"
"10.1038/s41598-020-64431-4","Sarah Ohrndorf","middle","gse55235","10.3389/fmed.2022.799440"
"10.1038/s41598-020-64431-4","Sarah Ohrndorf","middle","gse55235","10.1038/s41598-023-31438-6"
"10.1038/s41598-020-64431-4","Sarah Ohrndorf","middle","gse55235","10.3389/fcell.2023.1099287"
"10.1038/s41598-020-64431-4","Sarah Ohrndorf","middle","gse55235","10.1371/journal.pone.0164542"
"10.1038/s41598-020-64431-4","Sarah Ohrndorf","middle","gse55235","10.21037/atm-22-3888"
"10.1038/s41598-020-64431-4","Sarah Ohrndorf","middle","gse55235","10.3389/fimmu.2019.02612"
"10.1038/s41598-020-64431-4","Sarah Ohrndorf","middle","gse55235","10.3389/fmolb.2021.691602"
"10.1038/s41598-020-64431-4","Sarah Ohrndorf","middle","gse55235","10.3390/ijms18112396"
"10.1038/s41598-020-64431-4","Sarah Ohrndorf","middle","gse55235","10.3389/fimmu.2018.03085"
"10.1038/s41598-020-64431-4","Sarah Ohrndorf","middle","gse55235","10.1155/2020/6943103"
"10.1038/s41598-020-64431-4","Sarah Ohrndorf","middle","gse55235","10.7150/ijms.35611"
"10.1038/s41598-020-64431-4","Sarah Ohrndorf","middle","gse55235","10.3389/fimmu.2023.1128459"
"10.1038/s41598-020-64431-4","Sarah Ohrndorf","middle","gse55235","10.1155/2022/4071472"
"10.1038/s41598-020-64431-4","Sarah Ohrndorf","middle","gse55235","10.1155/2022/1926661"
"10.1038/s41598-020-64431-4","Sarah Ohrndorf","middle","gse55235","10.6026/97320630011207"
"10.1038/s41598-020-64431-4","Sarah Ohrndorf","middle","gse55235","10.21037/atm-22-4934"
"10.1038/s41598-020-64431-4","Sarah Ohrndorf","middle","gse55235","10.3389/fncel.2022.1013745"
"10.1038/s41598-020-64431-4","Sarah Ohrndorf","middle","gse55235","10.3390/jpm13020367"
"10.1038/s41598-020-64431-4","Sarah Ohrndorf","middle","gse55235","10.3892/br.2021.1457"
"10.1038/s41598-020-64431-4","Sarah Ohrndorf","middle","gse55235","10.12659/msm.915451"
"10.1038/s41598-020-64431-4","Sarah Ohrndorf","middle","gse55235","10.7717/peerj.5743"
"10.1038/s41598-020-64431-4","Sarah Ohrndorf","middle","gse55235","10.1038/s41598-020-67730-y"
"10.1038/s41598-020-64431-4","Sarah Ohrndorf","middle","gse55235","10.18632/oncotarget.7390"
"10.1038/s41598-020-64431-4","Sarah Ohrndorf","middle","gse55235","10.1155/2021/9911184"
"10.1038/s41598-020-64431-4","Sarah Ohrndorf","middle","gse55235","10.21037/atm-21-4566"
"10.1038/s41598-020-64431-4","Sarah Ohrndorf","middle","gse55235","10.1302/2046-3758.98.bjr-2019-0301.r1"
"10.1038/s41598-020-64431-4","Sarah Ohrndorf","middle","gse55235","10.3389/fimmu.2022.1078414"
"10.1038/s41598-020-64431-4","Sarah Ohrndorf","middle","gse55235","10.3389/fgene.2022.905027"
"10.1038/s41598-020-64431-4","Sarah Ohrndorf","middle","gse55235","10.3389/fmolb.2021.761841"
"10.1038/s41598-020-64431-4","Sarah Ohrndorf","middle","gse55235","10.3389/fmolb.2021.748360"
"10.1038/s41598-020-64431-4","Sarah Ohrndorf","middle","gse55235","10.3389/fphar.2022.843358"
"10.1038/s41598-020-64431-4","Sarah Ohrndorf","middle","gse55235","10.1186/s12891-022-05567-4"
"10.1038/s41598-020-64431-4","Sarah Ohrndorf","middle","gse55235","10.3389/fimmu.2022.1044909"
"10.1038/s41598-020-64431-4","Sarah Ohrndorf","middle","gse55235","10.1042/bsr20201713"
"10.1038/s41598-020-64431-4","Sarah Ohrndorf","middle","gse55235","10.1155/2020/2379280"
"10.1038/s41598-020-64431-4","Sarah Ohrndorf","middle","gse55235","10.1371/journal.pone.0167212"
"10.1038/s41598-020-64431-4","Sarah Ohrndorf","middle","gse55235","10.1302/2046-3758.119.bjr-2022-0075.r1"
"10.1038/s41598-020-64431-4","Sarah Ohrndorf","middle","gse55235","10.3892/etm.2020.9450"
"10.1038/s41598-020-64431-4","Sarah Ohrndorf","middle","gse55235","10.3389/fmolb.2022.992044"
"10.1038/s41598-020-64431-4","Sarah Ohrndorf","middle","gse55235","10.1002/cbf.3491"
"10.1038/s41598-020-64431-4","Sarah Ohrndorf","middle","gse55235","10.1155/2022/6783659"
"10.1038/s41598-020-64431-4","Sarah Ohrndorf","middle","gse55235","10.1038/s41598-021-94607-5"
"10.1038/s41598-020-64431-4","Sarah Ohrndorf","middle","gse55235","10.1155/2022/8023779"
"10.1038/s41598-020-64431-4","Sarah Ohrndorf","middle","gse55235","10.1186/s41231-020-00066-x"
"10.1038/s41598-020-64431-4","Sarah Ohrndorf","middle","gse55235","10.3390/genes13091501"
"10.1038/s41598-020-64431-4","Sarah Ohrndorf","middle","gse55235","10.3389/fimmu.2022.954848"
"10.1038/s41598-020-64431-4","Sarah Ohrndorf","middle","gse55235","10.1155/2022/9252319"
"10.1038/s41598-020-64431-4","Sarah Ohrndorf","middle","gse55235","10.1186/s13018-021-02796-6"
"10.1038/s41598-020-64431-4","Sarah Ohrndorf","middle","gse55235","10.3389/fphar.2021.672054"
"10.1038/s41598-020-64431-4","Sarah Ohrndorf","middle","gse55235","10.3389/fgene.2022.870590"
"10.1038/s41598-020-64431-4","Sarah Ohrndorf","middle","gse55235","10.3390/jcm7120535"
"10.1038/s41598-020-64431-4","Sarah Ohrndorf","middle","gse55235","10.3389/fimmu.2022.1013322"
"10.1038/s41598-020-64431-4","Sarah Ohrndorf","middle","gse55235","10.3390/jcm8010050"
"10.1038/s41598-020-64431-4","Sarah Ohrndorf","middle","gse55235","10.1186/s12859-016-1065-y"
"10.1038/s41598-020-64431-4","Sarah Ohrndorf","middle","gse55235","10.1302/2046-3758.74.bjr-2017-0245.r1"
"10.1038/s41598-020-64431-4","Sarah Ohrndorf","middle","gse55235","10.1186/s13018-020-01756-w"
"10.1038/s41598-020-64431-4","Sarah Ohrndorf","middle","gse55235","10.1371/journal.pone.0161306"
"10.1038/s41598-020-64431-4","Sarah Ohrndorf","middle","gse55235","10.3892/mmr.2018.9677"
"10.1038/s41598-020-64431-4","Sarah Ohrndorf","middle","gse55235","10.1186/s13018-018-0734-0"
"10.1038/s41598-020-64431-4","Sarah Ohrndorf","middle","gse55235","10.3389/fgene.2021.721258"
"10.1038/s41598-020-64431-4","Sarah Ohrndorf","middle","gse55235","10.1016/j.heliyon.2023.e12799"
"10.1038/s41598-020-64431-4","Sarah Ohrndorf","middle","gse55235","10.3389/fphar.2022.888533"
"10.1038/s41598-020-64431-4","Sarah Ohrndorf","middle","gse55235","10.1186/s13018-023-03700-0"
"10.1038/s41598-020-64431-4","Sarah Ohrndorf","middle","gse55235","10.3389/fgene.2022.1040438"
"10.1038/s41598-020-64431-4","Sarah Ohrndorf","middle","gse55235","10.1038/s41598-021-86319-7"
"10.1038/s41598-020-64431-4","Sarah Ohrndorf","middle","gse55235","10.3389/fgene.2023.1117713"
"10.1038/s41598-020-64431-4","Sarah Ohrndorf","middle","gse55235","10.1038/s41598-020-70596-9"
"10.1038/s41598-020-64431-4","Sarah Ohrndorf","middle","gse55235","10.3389/fimmu.2022.1013531"
"10.1038/s41598-020-64431-4","Sarah Ohrndorf","middle","gse55235","10.1371/journal.pone.0224632"
"10.1038/s41598-020-64431-4","Sarah Ohrndorf","middle","gse55235","10.3389/fmolb.2023.1066885"
"10.1038/s41598-020-64431-4","Sarah Ohrndorf","middle","gse55235","10.1080/21655979.2022.2061288"
"10.1038/s41598-020-64431-4","Sarah Ohrndorf","middle","gse55235","10.1186/s12920-023-01445-7"
"10.1038/s41598-020-64431-4","Sarah Ohrndorf","middle","gse55235","10.1155/2022/6060677"
"10.1038/s41598-020-64431-4","Sarah Ohrndorf","middle","gse55235","10.1042/bsr20193823"
"10.1038/s41598-020-64431-4","Sarah Ohrndorf","middle","gse55235","10.1186/s13018-023-03541-x"
"10.1038/s41598-020-64431-4","Sarah Ohrndorf","middle","gse55235","10.2147/jir.s287242"
"10.1038/s41598-020-64431-4","Sarah Ohrndorf","middle","gse55235","10.3389/fphys.2018.00516"
"10.1038/s41598-020-64431-4","Sarah Ohrndorf","middle","gse55235","10.3390/diagnostics10030171"
"10.1038/s41598-020-64431-4","Sarah Ohrndorf","middle","gse55235","10.7150/ijms.27056"
"10.1038/s41598-020-64431-4","Sarah Ohrndorf","middle","gse55235","10.1186/s41065-020-00169-3"
"10.1038/s41598-020-64431-4","Sarah Ohrndorf","middle","gse55235","10.3389/fmed.2022.1052792"
"10.1038/s41598-020-64431-4","Sarah Ohrndorf","middle","gse55235","10.3389/fendo.2023.1144258"
"10.1038/s41598-020-64431-4","Sarah Ohrndorf","middle","gse55235","10.1155/2018/9482726"
"10.1038/s41598-020-64431-4","Sarah Ohrndorf","middle","gse55235","10.1097/md.0000000000028321"
"10.1038/s41598-020-64431-4","Sarah Ohrndorf","middle","gse55235","10.3389/fimmu.2023.1007624"
"10.1038/s41598-020-64431-4","Sarah Ohrndorf","middle","gse55235","10.3389/fgene.2021.743560"
"10.1038/s41598-020-64431-4","Sarah Ohrndorf","middle","gse55235","10.1371/journal.pone.0199530"
"10.1038/s41598-020-64431-4","Sarah Ohrndorf","middle","gse55235","10.3389/fimmu.2023.1134412"
"10.1038/s41598-020-64431-4","Sarah Ohrndorf","middle","gse55235","10.3389/fimmu.2021.726747"
"10.1038/s41598-020-64431-4","Sarah Ohrndorf","middle","gse55235","10.3389/fimmu.2017.00074"
"10.1038/s41598-020-64431-4","Sarah Ohrndorf","middle","gse55235","10.3892/mmr.2020.11168"
"10.1038/s41598-020-64431-4","Sarah Ohrndorf","middle","gse55235","10.1038/s41598-019-51627-6"
"10.1038/s41598-020-64431-4","Sarah Ohrndorf","middle","gse55235","10.3892/etm.2022.11295"
"10.1038/s41598-020-64431-4","Sarah Ohrndorf","middle","gse55235","10.1038/s41598-023-28000-9"
"10.1038/s41598-020-64431-4","Sarah Ohrndorf","middle","gse55235","10.1155/2021/5074305"
"10.1038/s41598-020-64431-4","Sarah Ohrndorf","middle","gse38351","10.3390/genes12121898"
"10.1038/s41598-020-64431-4","Sarah Ohrndorf","middle","gse38351","10.1371/journal.pone.0208132"
"10.1038/s41598-020-64431-4","Sarah Ohrndorf","middle","gse38351","10.1186/s12920-016-0227-0"
"10.1038/s41598-020-64431-4","Sarah Ohrndorf","middle","gse38351","10.1038/s42003-019-0382-x"
"10.1038/s41598-020-64431-4","Sarah Ohrndorf","middle","gse38351","10.3389/fimmu.2020.575074"
"10.1038/s41598-020-64431-4","Sarah Ohrndorf","middle","gse38351","10.3389/fimmu.2021.668007"
"10.1038/s41598-020-64431-4","Sarah Ohrndorf","middle","gse38351","10.3389/fmolb.2017.00096"
"10.1038/s41598-020-64431-4","Sarah Ohrndorf","middle","gse38351","10.1038/s41598-019-45989-0"
"10.1038/s41598-020-64431-4","Sarah Ohrndorf","middle","gse51997","10.3390/genes12121898"
"10.1038/s41598-020-64431-4","Sarah Ohrndorf","middle","gse51997","10.1371/journal.pone.0208132"
"10.1038/s41598-020-64431-4","Sarah Ohrndorf","middle","gse51997","10.12688/f1000research.8182.2"
"10.1038/s41598-020-64431-4","Sarah Ohrndorf","middle","gse51997","10.3389/fimmu.2020.575074"
"10.1038/s41598-020-64431-4","Sarah Ohrndorf","middle","gse51997","10.3390/genes13020209"
"10.1038/s41598-020-64431-4","Sarah Ohrndorf","middle","gse51997","10.1155/2022/9096999"
"10.1038/s41598-020-64431-4","Sarah Ohrndorf","middle","gse58173","10.1186/s12859-016-1141-3"
"10.1038/s41598-020-64431-4","Karlfried R. Aupperle","middle","gse55235","10.1186/s13018-022-03453-2"
"10.1038/s41598-020-64431-4","Karlfried R. Aupperle","middle","gse55235","10.1155/2022/1905077"
"10.1038/s41598-020-64431-4","Karlfried R. Aupperle","middle","gse55235","10.1038/s41598-022-21988-6"
"10.1038/s41598-020-64431-4","Karlfried R. Aupperle","middle","gse55235","10.3389/fimmu.2022.871008"
"10.1038/s41598-020-64431-4","Karlfried R. Aupperle","middle","gse55235","10.1186/s13045-017-0526-8"
"10.1038/s41598-020-64431-4","Karlfried R. Aupperle","middle","gse55235","10.3389/fimmu.2022.893301"
"10.1038/s41598-020-64431-4","Karlfried R. Aupperle","middle","gse55235","10.1038/s41598-022-08274-1"
"10.1038/s41598-020-64431-4","Karlfried R. Aupperle","middle","gse55235","10.1186/s13059-016-0948-6"
"10.1038/s41598-020-64431-4","Karlfried R. Aupperle","middle","gse55235","10.1016/j.jot.2022.02.007"
"10.1038/s41598-020-64431-4","Karlfried R. Aupperle","middle","gse55235","10.3389/fimmu.2022.1058884"
"10.1038/s41598-020-64431-4","Karlfried R. Aupperle","middle","gse55235","10.1186/s13018-021-02402-9"
"10.1038/s41598-020-64431-4","Karlfried R. Aupperle","middle","gse55235","10.1155/2022/8027987"
"10.1038/s41598-020-64431-4","Karlfried R. Aupperle","middle","gse55235","10.1186/s12891-022-05277-x"
"10.1038/s41598-020-64431-4","Karlfried R. Aupperle","middle","gse55235","10.3390/biom13030539"
"10.1038/s41598-020-64431-4","Karlfried R. Aupperle","middle","gse55235","10.3389/fimmu.2022.1041284"
"10.1038/s41598-020-64431-4","Karlfried R. Aupperle","middle","gse55235","10.1038/s41598-023-29153-3"
"10.1038/s41598-020-64431-4","Karlfried R. Aupperle","middle","gse55235","10.1111/os.12412"
"10.1038/s41598-020-64431-4","Karlfried R. Aupperle","middle","gse55235","10.1155/2022/5600190"
"10.1038/s41598-020-64431-4","Karlfried R. Aupperle","middle","gse55235","10.7717/peerj.8390"
"10.1038/s41598-020-64431-4","Karlfried R. Aupperle","middle","gse55235","10.1038/s41598-020-73147-4"
"10.1038/s41598-020-64431-4","Karlfried R. Aupperle","middle","gse55235","10.1186/s13018-022-03247-6"
"10.1038/s41598-020-64431-4","Karlfried R. Aupperle","middle","gse55235","10.3389/fimmu.2023.1090596"
"10.1038/s41598-020-64431-4","Karlfried R. Aupperle","middle","gse55235","10.1186/s13075-022-02902-x"
"10.1038/s41598-020-64431-4","Karlfried R. Aupperle","middle","gse55235","10.1093/jhps/hnaa036"
"10.1038/s41598-020-64431-4","Karlfried R. Aupperle","middle","gse55235","10.7717/peerj.3078"
"10.1038/s41598-020-64431-4","Karlfried R. Aupperle","middle","gse55235","10.3389/fmed.2022.799440"
"10.1038/s41598-020-64431-4","Karlfried R. Aupperle","middle","gse55235","10.1038/s41598-023-31438-6"
"10.1038/s41598-020-64431-4","Karlfried R. Aupperle","middle","gse55235","10.3389/fcell.2023.1099287"
"10.1038/s41598-020-64431-4","Karlfried R. Aupperle","middle","gse55235","10.1371/journal.pone.0164542"
"10.1038/s41598-020-64431-4","Karlfried R. Aupperle","middle","gse55235","10.21037/atm-22-3888"
"10.1038/s41598-020-64431-4","Karlfried R. Aupperle","middle","gse55235","10.3389/fimmu.2019.02612"
"10.1038/s41598-020-64431-4","Karlfried R. Aupperle","middle","gse55235","10.3389/fmolb.2021.691602"
"10.1038/s41598-020-64431-4","Karlfried R. Aupperle","middle","gse55235","10.3390/ijms18112396"
"10.1038/s41598-020-64431-4","Karlfried R. Aupperle","middle","gse55235","10.3389/fimmu.2018.03085"
"10.1038/s41598-020-64431-4","Karlfried R. Aupperle","middle","gse55235","10.1155/2020/6943103"
"10.1038/s41598-020-64431-4","Karlfried R. Aupperle","middle","gse55235","10.7150/ijms.35611"
"10.1038/s41598-020-64431-4","Karlfried R. Aupperle","middle","gse55235","10.3389/fimmu.2023.1128459"
"10.1038/s41598-020-64431-4","Karlfried R. Aupperle","middle","gse55235","10.1155/2022/4071472"
"10.1038/s41598-020-64431-4","Karlfried R. Aupperle","middle","gse55235","10.1155/2022/1926661"
"10.1038/s41598-020-64431-4","Karlfried R. Aupperle","middle","gse55235","10.6026/97320630011207"
"10.1038/s41598-020-64431-4","Karlfried R. Aupperle","middle","gse55235","10.21037/atm-22-4934"
"10.1038/s41598-020-64431-4","Karlfried R. Aupperle","middle","gse55235","10.3389/fncel.2022.1013745"
"10.1038/s41598-020-64431-4","Karlfried R. Aupperle","middle","gse55235","10.3390/jpm13020367"
"10.1038/s41598-020-64431-4","Karlfried R. Aupperle","middle","gse55235","10.3892/br.2021.1457"
"10.1038/s41598-020-64431-4","Karlfried R. Aupperle","middle","gse55235","10.12659/msm.915451"
"10.1038/s41598-020-64431-4","Karlfried R. Aupperle","middle","gse55235","10.7717/peerj.5743"
"10.1038/s41598-020-64431-4","Karlfried R. Aupperle","middle","gse55235","10.1038/s41598-020-67730-y"
"10.1038/s41598-020-64431-4","Karlfried R. Aupperle","middle","gse55235","10.18632/oncotarget.7390"
"10.1038/s41598-020-64431-4","Karlfried R. Aupperle","middle","gse55235","10.1155/2021/9911184"
"10.1038/s41598-020-64431-4","Karlfried R. Aupperle","middle","gse55235","10.21037/atm-21-4566"
"10.1038/s41598-020-64431-4","Karlfried R. Aupperle","middle","gse55235","10.1302/2046-3758.98.bjr-2019-0301.r1"
"10.1038/s41598-020-64431-4","Karlfried R. Aupperle","middle","gse55235","10.3389/fimmu.2022.1078414"
"10.1038/s41598-020-64431-4","Karlfried R. Aupperle","middle","gse55235","10.3389/fgene.2022.905027"
"10.1038/s41598-020-64431-4","Karlfried R. Aupperle","middle","gse55235","10.3389/fmolb.2021.761841"
"10.1038/s41598-020-64431-4","Karlfried R. Aupperle","middle","gse55235","10.3389/fmolb.2021.748360"
"10.1038/s41598-020-64431-4","Karlfried R. Aupperle","middle","gse55235","10.3389/fphar.2022.843358"
"10.1038/s41598-020-64431-4","Karlfried R. Aupperle","middle","gse55235","10.1186/s12891-022-05567-4"
"10.1038/s41598-020-64431-4","Karlfried R. Aupperle","middle","gse55235","10.3389/fimmu.2022.1044909"
"10.1038/s41598-020-64431-4","Karlfried R. Aupperle","middle","gse55235","10.1042/bsr20201713"
"10.1038/s41598-020-64431-4","Karlfried R. Aupperle","middle","gse55235","10.1155/2020/2379280"
"10.1038/s41598-020-64431-4","Karlfried R. Aupperle","middle","gse55235","10.1371/journal.pone.0167212"
"10.1038/s41598-020-64431-4","Karlfried R. Aupperle","middle","gse55235","10.1302/2046-3758.119.bjr-2022-0075.r1"
"10.1038/s41598-020-64431-4","Karlfried R. Aupperle","middle","gse55235","10.3892/etm.2020.9450"
"10.1038/s41598-020-64431-4","Karlfried R. Aupperle","middle","gse55235","10.3389/fmolb.2022.992044"
"10.1038/s41598-020-64431-4","Karlfried R. Aupperle","middle","gse55235","10.1002/cbf.3491"
"10.1038/s41598-020-64431-4","Karlfried R. Aupperle","middle","gse55235","10.1155/2022/6783659"
"10.1038/s41598-020-64431-4","Karlfried R. Aupperle","middle","gse55235","10.1038/s41598-021-94607-5"
"10.1038/s41598-020-64431-4","Karlfried R. Aupperle","middle","gse55235","10.1155/2022/8023779"
"10.1038/s41598-020-64431-4","Karlfried R. Aupperle","middle","gse55235","10.1186/s41231-020-00066-x"
"10.1038/s41598-020-64431-4","Karlfried R. Aupperle","middle","gse55235","10.3390/genes13091501"
"10.1038/s41598-020-64431-4","Karlfried R. Aupperle","middle","gse55235","10.3389/fimmu.2022.954848"
"10.1038/s41598-020-64431-4","Karlfried R. Aupperle","middle","gse55235","10.1155/2022/9252319"
"10.1038/s41598-020-64431-4","Karlfried R. Aupperle","middle","gse55235","10.1186/s13018-021-02796-6"
"10.1038/s41598-020-64431-4","Karlfried R. Aupperle","middle","gse55235","10.3389/fphar.2021.672054"
"10.1038/s41598-020-64431-4","Karlfried R. Aupperle","middle","gse55235","10.3389/fgene.2022.870590"
"10.1038/s41598-020-64431-4","Karlfried R. Aupperle","middle","gse55235","10.3390/jcm7120535"
"10.1038/s41598-020-64431-4","Karlfried R. Aupperle","middle","gse55235","10.3389/fimmu.2022.1013322"
"10.1038/s41598-020-64431-4","Karlfried R. Aupperle","middle","gse55235","10.3390/jcm8010050"
"10.1038/s41598-020-64431-4","Karlfried R. Aupperle","middle","gse55235","10.1186/s12859-016-1065-y"
"10.1038/s41598-020-64431-4","Karlfried R. Aupperle","middle","gse55235","10.1302/2046-3758.74.bjr-2017-0245.r1"
"10.1038/s41598-020-64431-4","Karlfried R. Aupperle","middle","gse55235","10.1186/s13018-020-01756-w"
"10.1038/s41598-020-64431-4","Karlfried R. Aupperle","middle","gse55235","10.1371/journal.pone.0161306"
"10.1038/s41598-020-64431-4","Karlfried R. Aupperle","middle","gse55235","10.3892/mmr.2018.9677"
"10.1038/s41598-020-64431-4","Karlfried R. Aupperle","middle","gse55235","10.1186/s13018-018-0734-0"
"10.1038/s41598-020-64431-4","Karlfried R. Aupperle","middle","gse55235","10.3389/fgene.2021.721258"
"10.1038/s41598-020-64431-4","Karlfried R. Aupperle","middle","gse55235","10.1016/j.heliyon.2023.e12799"
"10.1038/s41598-020-64431-4","Karlfried R. Aupperle","middle","gse55235","10.3389/fphar.2022.888533"
"10.1038/s41598-020-64431-4","Karlfried R. Aupperle","middle","gse55235","10.1186/s13018-023-03700-0"
"10.1038/s41598-020-64431-4","Karlfried R. Aupperle","middle","gse55235","10.3389/fgene.2022.1040438"
"10.1038/s41598-020-64431-4","Karlfried R. Aupperle","middle","gse55235","10.1038/s41598-021-86319-7"
"10.1038/s41598-020-64431-4","Karlfried R. Aupperle","middle","gse55235","10.3389/fgene.2023.1117713"
"10.1038/s41598-020-64431-4","Karlfried R. Aupperle","middle","gse55235","10.1038/s41598-020-70596-9"
"10.1038/s41598-020-64431-4","Karlfried R. Aupperle","middle","gse55235","10.3389/fimmu.2022.1013531"
"10.1038/s41598-020-64431-4","Karlfried R. Aupperle","middle","gse55235","10.1371/journal.pone.0224632"
"10.1038/s41598-020-64431-4","Karlfried R. Aupperle","middle","gse55235","10.3389/fmolb.2023.1066885"
"10.1038/s41598-020-64431-4","Karlfried R. Aupperle","middle","gse55235","10.1080/21655979.2022.2061288"
"10.1038/s41598-020-64431-4","Karlfried R. Aupperle","middle","gse55235","10.1186/s12920-023-01445-7"
"10.1038/s41598-020-64431-4","Karlfried R. Aupperle","middle","gse55235","10.1155/2022/6060677"
"10.1038/s41598-020-64431-4","Karlfried R. Aupperle","middle","gse55235","10.1042/bsr20193823"
"10.1038/s41598-020-64431-4","Karlfried R. Aupperle","middle","gse55235","10.1186/s13018-023-03541-x"
"10.1038/s41598-020-64431-4","Karlfried R. Aupperle","middle","gse55235","10.2147/jir.s287242"
"10.1038/s41598-020-64431-4","Karlfried R. Aupperle","middle","gse55235","10.3389/fphys.2018.00516"
"10.1038/s41598-020-64431-4","Karlfried R. Aupperle","middle","gse55235","10.3390/diagnostics10030171"
"10.1038/s41598-020-64431-4","Karlfried R. Aupperle","middle","gse55235","10.7150/ijms.27056"
"10.1038/s41598-020-64431-4","Karlfried R. Aupperle","middle","gse55235","10.1186/s41065-020-00169-3"
"10.1038/s41598-020-64431-4","Karlfried R. Aupperle","middle","gse55235","10.3389/fmed.2022.1052792"
"10.1038/s41598-020-64431-4","Karlfried R. Aupperle","middle","gse55235","10.3389/fendo.2023.1144258"
"10.1038/s41598-020-64431-4","Karlfried R. Aupperle","middle","gse55235","10.1155/2018/9482726"
"10.1038/s41598-020-64431-4","Karlfried R. Aupperle","middle","gse55235","10.1097/md.0000000000028321"
"10.1038/s41598-020-64431-4","Karlfried R. Aupperle","middle","gse55235","10.3389/fimmu.2023.1007624"
"10.1038/s41598-020-64431-4","Karlfried R. Aupperle","middle","gse55235","10.3389/fgene.2021.743560"
"10.1038/s41598-020-64431-4","Karlfried R. Aupperle","middle","gse55235","10.1371/journal.pone.0199530"
"10.1038/s41598-020-64431-4","Karlfried R. Aupperle","middle","gse55235","10.3389/fimmu.2023.1134412"
"10.1038/s41598-020-64431-4","Karlfried R. Aupperle","middle","gse55235","10.3389/fimmu.2021.726747"
"10.1038/s41598-020-64431-4","Karlfried R. Aupperle","middle","gse55235","10.3389/fimmu.2017.00074"
"10.1038/s41598-020-64431-4","Karlfried R. Aupperle","middle","gse55235","10.3892/mmr.2020.11168"
"10.1038/s41598-020-64431-4","Karlfried R. Aupperle","middle","gse55235","10.1038/s41598-019-51627-6"
"10.1038/s41598-020-64431-4","Karlfried R. Aupperle","middle","gse55235","10.3892/etm.2022.11295"
"10.1038/s41598-020-64431-4","Karlfried R. Aupperle","middle","gse55235","10.1038/s41598-023-28000-9"
"10.1038/s41598-020-64431-4","Karlfried R. Aupperle","middle","gse55235","10.1155/2021/5074305"
"10.1038/s41598-020-64431-4","Karlfried R. Aupperle","middle","gse38351","10.3390/genes12121898"
"10.1038/s41598-020-64431-4","Karlfried R. Aupperle","middle","gse38351","10.1371/journal.pone.0208132"
"10.1038/s41598-020-64431-4","Karlfried R. Aupperle","middle","gse38351","10.1186/s12920-016-0227-0"
"10.1038/s41598-020-64431-4","Karlfried R. Aupperle","middle","gse38351","10.1038/s42003-019-0382-x"
"10.1038/s41598-020-64431-4","Karlfried R. Aupperle","middle","gse38351","10.3389/fimmu.2020.575074"
"10.1038/s41598-020-64431-4","Karlfried R. Aupperle","middle","gse38351","10.3389/fimmu.2021.668007"
"10.1038/s41598-020-64431-4","Karlfried R. Aupperle","middle","gse38351","10.3389/fmolb.2017.00096"
"10.1038/s41598-020-64431-4","Karlfried R. Aupperle","middle","gse38351","10.1038/s41598-019-45989-0"
"10.1038/s41598-020-64431-4","Karlfried R. Aupperle","middle","gse51997","10.3390/genes12121898"
"10.1038/s41598-020-64431-4","Karlfried R. Aupperle","middle","gse51997","10.1371/journal.pone.0208132"
"10.1038/s41598-020-64431-4","Karlfried R. Aupperle","middle","gse51997","10.12688/f1000research.8182.2"
"10.1038/s41598-020-64431-4","Karlfried R. Aupperle","middle","gse51997","10.3389/fimmu.2020.575074"
"10.1038/s41598-020-64431-4","Karlfried R. Aupperle","middle","gse51997","10.3390/genes13020209"
"10.1038/s41598-020-64431-4","Karlfried R. Aupperle","middle","gse51997","10.1155/2022/9096999"
"10.1038/s41598-020-64431-4","Karlfried R. Aupperle","middle","gse58173","10.1186/s12859-016-1141-3"
"10.1038/s41598-020-64431-4","Marina Backhaus","middle","gse55235","10.1186/s13018-022-03453-2"
"10.1038/s41598-020-64431-4","Marina Backhaus","middle","gse55235","10.1155/2022/1905077"
"10.1038/s41598-020-64431-4","Marina Backhaus","middle","gse55235","10.1038/s41598-022-21988-6"
"10.1038/s41598-020-64431-4","Marina Backhaus","middle","gse55235","10.3389/fimmu.2022.871008"
"10.1038/s41598-020-64431-4","Marina Backhaus","middle","gse55235","10.1186/s13045-017-0526-8"
"10.1038/s41598-020-64431-4","Marina Backhaus","middle","gse55235","10.3389/fimmu.2022.893301"
"10.1038/s41598-020-64431-4","Marina Backhaus","middle","gse55235","10.1038/s41598-022-08274-1"
"10.1038/s41598-020-64431-4","Marina Backhaus","middle","gse55235","10.1186/s13059-016-0948-6"
"10.1038/s41598-020-64431-4","Marina Backhaus","middle","gse55235","10.1016/j.jot.2022.02.007"
"10.1038/s41598-020-64431-4","Marina Backhaus","middle","gse55235","10.3389/fimmu.2022.1058884"
"10.1038/s41598-020-64431-4","Marina Backhaus","middle","gse55235","10.1186/s13018-021-02402-9"
"10.1038/s41598-020-64431-4","Marina Backhaus","middle","gse55235","10.1155/2022/8027987"
"10.1038/s41598-020-64431-4","Marina Backhaus","middle","gse55235","10.1186/s12891-022-05277-x"
"10.1038/s41598-020-64431-4","Marina Backhaus","middle","gse55235","10.3390/biom13030539"
"10.1038/s41598-020-64431-4","Marina Backhaus","middle","gse55235","10.3389/fimmu.2022.1041284"
"10.1038/s41598-020-64431-4","Marina Backhaus","middle","gse55235","10.1038/s41598-023-29153-3"
"10.1038/s41598-020-64431-4","Marina Backhaus","middle","gse55235","10.1111/os.12412"
"10.1038/s41598-020-64431-4","Marina Backhaus","middle","gse55235","10.1155/2022/5600190"
"10.1038/s41598-020-64431-4","Marina Backhaus","middle","gse55235","10.7717/peerj.8390"
"10.1038/s41598-020-64431-4","Marina Backhaus","middle","gse55235","10.1038/s41598-020-73147-4"
"10.1038/s41598-020-64431-4","Marina Backhaus","middle","gse55235","10.1186/s13018-022-03247-6"
"10.1038/s41598-020-64431-4","Marina Backhaus","middle","gse55235","10.3389/fimmu.2023.1090596"
"10.1038/s41598-020-64431-4","Marina Backhaus","middle","gse55235","10.1186/s13075-022-02902-x"
"10.1038/s41598-020-64431-4","Marina Backhaus","middle","gse55235","10.1093/jhps/hnaa036"
"10.1038/s41598-020-64431-4","Marina Backhaus","middle","gse55235","10.7717/peerj.3078"
"10.1038/s41598-020-64431-4","Marina Backhaus","middle","gse55235","10.3389/fmed.2022.799440"
"10.1038/s41598-020-64431-4","Marina Backhaus","middle","gse55235","10.1038/s41598-023-31438-6"
"10.1038/s41598-020-64431-4","Marina Backhaus","middle","gse55235","10.3389/fcell.2023.1099287"
"10.1038/s41598-020-64431-4","Marina Backhaus","middle","gse55235","10.1371/journal.pone.0164542"
"10.1038/s41598-020-64431-4","Marina Backhaus","middle","gse55235","10.21037/atm-22-3888"
"10.1038/s41598-020-64431-4","Marina Backhaus","middle","gse55235","10.3389/fimmu.2019.02612"
"10.1038/s41598-020-64431-4","Marina Backhaus","middle","gse55235","10.3389/fmolb.2021.691602"
"10.1038/s41598-020-64431-4","Marina Backhaus","middle","gse55235","10.3390/ijms18112396"
"10.1038/s41598-020-64431-4","Marina Backhaus","middle","gse55235","10.3389/fimmu.2018.03085"
"10.1038/s41598-020-64431-4","Marina Backhaus","middle","gse55235","10.1155/2020/6943103"
"10.1038/s41598-020-64431-4","Marina Backhaus","middle","gse55235","10.7150/ijms.35611"
"10.1038/s41598-020-64431-4","Marina Backhaus","middle","gse55235","10.3389/fimmu.2023.1128459"
"10.1038/s41598-020-64431-4","Marina Backhaus","middle","gse55235","10.1155/2022/4071472"
"10.1038/s41598-020-64431-4","Marina Backhaus","middle","gse55235","10.1155/2022/1926661"
"10.1038/s41598-020-64431-4","Marina Backhaus","middle","gse55235","10.6026/97320630011207"
"10.1038/s41598-020-64431-4","Marina Backhaus","middle","gse55235","10.21037/atm-22-4934"
"10.1038/s41598-020-64431-4","Marina Backhaus","middle","gse55235","10.3389/fncel.2022.1013745"
"10.1038/s41598-020-64431-4","Marina Backhaus","middle","gse55235","10.3390/jpm13020367"
"10.1038/s41598-020-64431-4","Marina Backhaus","middle","gse55235","10.3892/br.2021.1457"
"10.1038/s41598-020-64431-4","Marina Backhaus","middle","gse55235","10.12659/msm.915451"
"10.1038/s41598-020-64431-4","Marina Backhaus","middle","gse55235","10.7717/peerj.5743"
"10.1038/s41598-020-64431-4","Marina Backhaus","middle","gse55235","10.1038/s41598-020-67730-y"
"10.1038/s41598-020-64431-4","Marina Backhaus","middle","gse55235","10.18632/oncotarget.7390"
"10.1038/s41598-020-64431-4","Marina Backhaus","middle","gse55235","10.1155/2021/9911184"
"10.1038/s41598-020-64431-4","Marina Backhaus","middle","gse55235","10.21037/atm-21-4566"
"10.1038/s41598-020-64431-4","Marina Backhaus","middle","gse55235","10.1302/2046-3758.98.bjr-2019-0301.r1"
"10.1038/s41598-020-64431-4","Marina Backhaus","middle","gse55235","10.3389/fimmu.2022.1078414"
"10.1038/s41598-020-64431-4","Marina Backhaus","middle","gse55235","10.3389/fgene.2022.905027"
"10.1038/s41598-020-64431-4","Marina Backhaus","middle","gse55235","10.3389/fmolb.2021.761841"
"10.1038/s41598-020-64431-4","Marina Backhaus","middle","gse55235","10.3389/fmolb.2021.748360"
"10.1038/s41598-020-64431-4","Marina Backhaus","middle","gse55235","10.3389/fphar.2022.843358"
"10.1038/s41598-020-64431-4","Marina Backhaus","middle","gse55235","10.1186/s12891-022-05567-4"
"10.1038/s41598-020-64431-4","Marina Backhaus","middle","gse55235","10.3389/fimmu.2022.1044909"
"10.1038/s41598-020-64431-4","Marina Backhaus","middle","gse55235","10.1042/bsr20201713"
"10.1038/s41598-020-64431-4","Marina Backhaus","middle","gse55235","10.1155/2020/2379280"
"10.1038/s41598-020-64431-4","Marina Backhaus","middle","gse55235","10.1371/journal.pone.0167212"
"10.1038/s41598-020-64431-4","Marina Backhaus","middle","gse55235","10.1302/2046-3758.119.bjr-2022-0075.r1"
"10.1038/s41598-020-64431-4","Marina Backhaus","middle","gse55235","10.3892/etm.2020.9450"
"10.1038/s41598-020-64431-4","Marina Backhaus","middle","gse55235","10.3389/fmolb.2022.992044"
"10.1038/s41598-020-64431-4","Marina Backhaus","middle","gse55235","10.1002/cbf.3491"
"10.1038/s41598-020-64431-4","Marina Backhaus","middle","gse55235","10.1155/2022/6783659"
"10.1038/s41598-020-64431-4","Marina Backhaus","middle","gse55235","10.1038/s41598-021-94607-5"
"10.1038/s41598-020-64431-4","Marina Backhaus","middle","gse55235","10.1155/2022/8023779"
"10.1038/s41598-020-64431-4","Marina Backhaus","middle","gse55235","10.1186/s41231-020-00066-x"
"10.1038/s41598-020-64431-4","Marina Backhaus","middle","gse55235","10.3390/genes13091501"
"10.1038/s41598-020-64431-4","Marina Backhaus","middle","gse55235","10.3389/fimmu.2022.954848"
"10.1038/s41598-020-64431-4","Marina Backhaus","middle","gse55235","10.1155/2022/9252319"
"10.1038/s41598-020-64431-4","Marina Backhaus","middle","gse55235","10.1186/s13018-021-02796-6"
"10.1038/s41598-020-64431-4","Marina Backhaus","middle","gse55235","10.3389/fphar.2021.672054"
"10.1038/s41598-020-64431-4","Marina Backhaus","middle","gse55235","10.3389/fgene.2022.870590"
"10.1038/s41598-020-64431-4","Marina Backhaus","middle","gse55235","10.3390/jcm7120535"
"10.1038/s41598-020-64431-4","Marina Backhaus","middle","gse55235","10.3389/fimmu.2022.1013322"
"10.1038/s41598-020-64431-4","Marina Backhaus","middle","gse55235","10.3390/jcm8010050"
"10.1038/s41598-020-64431-4","Marina Backhaus","middle","gse55235","10.1186/s12859-016-1065-y"
"10.1038/s41598-020-64431-4","Marina Backhaus","middle","gse55235","10.1302/2046-3758.74.bjr-2017-0245.r1"
"10.1038/s41598-020-64431-4","Marina Backhaus","middle","gse55235","10.1186/s13018-020-01756-w"
"10.1038/s41598-020-64431-4","Marina Backhaus","middle","gse55235","10.1371/journal.pone.0161306"
"10.1038/s41598-020-64431-4","Marina Backhaus","middle","gse55235","10.3892/mmr.2018.9677"
"10.1038/s41598-020-64431-4","Marina Backhaus","middle","gse55235","10.1186/s13018-018-0734-0"
"10.1038/s41598-020-64431-4","Marina Backhaus","middle","gse55235","10.3389/fgene.2021.721258"
"10.1038/s41598-020-64431-4","Marina Backhaus","middle","gse55235","10.1016/j.heliyon.2023.e12799"
"10.1038/s41598-020-64431-4","Marina Backhaus","middle","gse55235","10.3389/fphar.2022.888533"
"10.1038/s41598-020-64431-4","Marina Backhaus","middle","gse55235","10.1186/s13018-023-03700-0"
"10.1038/s41598-020-64431-4","Marina Backhaus","middle","gse55235","10.3389/fgene.2022.1040438"
"10.1038/s41598-020-64431-4","Marina Backhaus","middle","gse55235","10.1038/s41598-021-86319-7"
"10.1038/s41598-020-64431-4","Marina Backhaus","middle","gse55235","10.3389/fgene.2023.1117713"
"10.1038/s41598-020-64431-4","Marina Backhaus","middle","gse55235","10.1038/s41598-020-70596-9"
"10.1038/s41598-020-64431-4","Marina Backhaus","middle","gse55235","10.3389/fimmu.2022.1013531"
"10.1038/s41598-020-64431-4","Marina Backhaus","middle","gse55235","10.1371/journal.pone.0224632"
"10.1038/s41598-020-64431-4","Marina Backhaus","middle","gse55235","10.3389/fmolb.2023.1066885"
"10.1038/s41598-020-64431-4","Marina Backhaus","middle","gse55235","10.1080/21655979.2022.2061288"
"10.1038/s41598-020-64431-4","Marina Backhaus","middle","gse55235","10.1186/s12920-023-01445-7"
"10.1038/s41598-020-64431-4","Marina Backhaus","middle","gse55235","10.1155/2022/6060677"
"10.1038/s41598-020-64431-4","Marina Backhaus","middle","gse55235","10.1042/bsr20193823"
"10.1038/s41598-020-64431-4","Marina Backhaus","middle","gse55235","10.1186/s13018-023-03541-x"
"10.1038/s41598-020-64431-4","Marina Backhaus","middle","gse55235","10.2147/jir.s287242"
"10.1038/s41598-020-64431-4","Marina Backhaus","middle","gse55235","10.3389/fphys.2018.00516"
"10.1038/s41598-020-64431-4","Marina Backhaus","middle","gse55235","10.3390/diagnostics10030171"
"10.1038/s41598-020-64431-4","Marina Backhaus","middle","gse55235","10.7150/ijms.27056"
"10.1038/s41598-020-64431-4","Marina Backhaus","middle","gse55235","10.1186/s41065-020-00169-3"
"10.1038/s41598-020-64431-4","Marina Backhaus","middle","gse55235","10.3389/fmed.2022.1052792"
"10.1038/s41598-020-64431-4","Marina Backhaus","middle","gse55235","10.3389/fendo.2023.1144258"
"10.1038/s41598-020-64431-4","Marina Backhaus","middle","gse55235","10.1155/2018/9482726"
"10.1038/s41598-020-64431-4","Marina Backhaus","middle","gse55235","10.1097/md.0000000000028321"
"10.1038/s41598-020-64431-4","Marina Backhaus","middle","gse55235","10.3389/fimmu.2023.1007624"
"10.1038/s41598-020-64431-4","Marina Backhaus","middle","gse55235","10.3389/fgene.2021.743560"
"10.1038/s41598-020-64431-4","Marina Backhaus","middle","gse55235","10.1371/journal.pone.0199530"
"10.1038/s41598-020-64431-4","Marina Backhaus","middle","gse55235","10.3389/fimmu.2023.1134412"
"10.1038/s41598-020-64431-4","Marina Backhaus","middle","gse55235","10.3389/fimmu.2021.726747"
"10.1038/s41598-020-64431-4","Marina Backhaus","middle","gse55235","10.3389/fimmu.2017.00074"
"10.1038/s41598-020-64431-4","Marina Backhaus","middle","gse55235","10.3892/mmr.2020.11168"
"10.1038/s41598-020-64431-4","Marina Backhaus","middle","gse55235","10.1038/s41598-019-51627-6"
"10.1038/s41598-020-64431-4","Marina Backhaus","middle","gse55235","10.3892/etm.2022.11295"
"10.1038/s41598-020-64431-4","Marina Backhaus","middle","gse55235","10.1038/s41598-023-28000-9"
"10.1038/s41598-020-64431-4","Marina Backhaus","middle","gse55235","10.1155/2021/5074305"
"10.1038/s41598-020-64431-4","Marina Backhaus","middle","gse38351","10.3390/genes12121898"
"10.1038/s41598-020-64431-4","Marina Backhaus","middle","gse38351","10.1371/journal.pone.0208132"
"10.1038/s41598-020-64431-4","Marina Backhaus","middle","gse38351","10.1186/s12920-016-0227-0"
"10.1038/s41598-020-64431-4","Marina Backhaus","middle","gse38351","10.1038/s42003-019-0382-x"
"10.1038/s41598-020-64431-4","Marina Backhaus","middle","gse38351","10.3389/fimmu.2020.575074"
"10.1038/s41598-020-64431-4","Marina Backhaus","middle","gse38351","10.3389/fimmu.2021.668007"
"10.1038/s41598-020-64431-4","Marina Backhaus","middle","gse38351","10.3389/fmolb.2017.00096"
"10.1038/s41598-020-64431-4","Marina Backhaus","middle","gse38351","10.1038/s41598-019-45989-0"
"10.1038/s41598-020-64431-4","Marina Backhaus","middle","gse51997","10.3390/genes12121898"
"10.1038/s41598-020-64431-4","Marina Backhaus","middle","gse51997","10.1371/journal.pone.0208132"
"10.1038/s41598-020-64431-4","Marina Backhaus","middle","gse51997","10.12688/f1000research.8182.2"
"10.1038/s41598-020-64431-4","Marina Backhaus","middle","gse51997","10.3389/fimmu.2020.575074"
"10.1038/s41598-020-64431-4","Marina Backhaus","middle","gse51997","10.3390/genes13020209"
"10.1038/s41598-020-64431-4","Marina Backhaus","middle","gse51997","10.1155/2022/9096999"
"10.1038/s41598-020-64431-4","Marina Backhaus","middle","gse58173","10.1186/s12859-016-1141-3"
"10.1038/s41598-020-64431-4","Gerd R Burmester","middle","gse55235","10.1186/s13018-022-03453-2"
"10.1038/s41598-020-64431-4","Gerd R Burmester","middle","gse55235","10.1155/2022/1905077"
"10.1038/s41598-020-64431-4","Gerd R Burmester","middle","gse55235","10.1038/s41598-022-21988-6"
"10.1038/s41598-020-64431-4","Gerd R Burmester","middle","gse55235","10.3389/fimmu.2022.871008"
"10.1038/s41598-020-64431-4","Gerd R Burmester","middle","gse55235","10.1186/s13045-017-0526-8"
"10.1038/s41598-020-64431-4","Gerd R Burmester","middle","gse55235","10.3389/fimmu.2022.893301"
"10.1038/s41598-020-64431-4","Gerd R Burmester","middle","gse55235","10.1038/s41598-022-08274-1"
"10.1038/s41598-020-64431-4","Gerd R Burmester","middle","gse55235","10.1186/s13059-016-0948-6"
"10.1038/s41598-020-64431-4","Gerd R Burmester","middle","gse55235","10.1016/j.jot.2022.02.007"
"10.1038/s41598-020-64431-4","Gerd R Burmester","middle","gse55235","10.3389/fimmu.2022.1058884"
"10.1038/s41598-020-64431-4","Gerd R Burmester","middle","gse55235","10.1186/s13018-021-02402-9"
"10.1038/s41598-020-64431-4","Gerd R Burmester","middle","gse55235","10.1155/2022/8027987"
"10.1038/s41598-020-64431-4","Gerd R Burmester","middle","gse55235","10.1186/s12891-022-05277-x"
"10.1038/s41598-020-64431-4","Gerd R Burmester","middle","gse55235","10.3390/biom13030539"
"10.1038/s41598-020-64431-4","Gerd R Burmester","middle","gse55235","10.3389/fimmu.2022.1041284"
"10.1038/s41598-020-64431-4","Gerd R Burmester","middle","gse55235","10.1038/s41598-023-29153-3"
"10.1038/s41598-020-64431-4","Gerd R Burmester","middle","gse55235","10.1111/os.12412"
"10.1038/s41598-020-64431-4","Gerd R Burmester","middle","gse55235","10.1155/2022/5600190"
"10.1038/s41598-020-64431-4","Gerd R Burmester","middle","gse55235","10.7717/peerj.8390"
"10.1038/s41598-020-64431-4","Gerd R Burmester","middle","gse55235","10.1038/s41598-020-73147-4"
"10.1038/s41598-020-64431-4","Gerd R Burmester","middle","gse55235","10.1186/s13018-022-03247-6"
"10.1038/s41598-020-64431-4","Gerd R Burmester","middle","gse55235","10.3389/fimmu.2023.1090596"
"10.1038/s41598-020-64431-4","Gerd R Burmester","middle","gse55235","10.1186/s13075-022-02902-x"
"10.1038/s41598-020-64431-4","Gerd R Burmester","middle","gse55235","10.1093/jhps/hnaa036"
"10.1038/s41598-020-64431-4","Gerd R Burmester","middle","gse55235","10.7717/peerj.3078"
"10.1038/s41598-020-64431-4","Gerd R Burmester","middle","gse55235","10.3389/fmed.2022.799440"
"10.1038/s41598-020-64431-4","Gerd R Burmester","middle","gse55235","10.1038/s41598-023-31438-6"
"10.1038/s41598-020-64431-4","Gerd R Burmester","middle","gse55235","10.3389/fcell.2023.1099287"
"10.1038/s41598-020-64431-4","Gerd R Burmester","middle","gse55235","10.1371/journal.pone.0164542"
"10.1038/s41598-020-64431-4","Gerd R Burmester","middle","gse55235","10.21037/atm-22-3888"
"10.1038/s41598-020-64431-4","Gerd R Burmester","middle","gse55235","10.3389/fimmu.2019.02612"
"10.1038/s41598-020-64431-4","Gerd R Burmester","middle","gse55235","10.3389/fmolb.2021.691602"
"10.1038/s41598-020-64431-4","Gerd R Burmester","middle","gse55235","10.3390/ijms18112396"
"10.1038/s41598-020-64431-4","Gerd R Burmester","middle","gse55235","10.3389/fimmu.2018.03085"
"10.1038/s41598-020-64431-4","Gerd R Burmester","middle","gse55235","10.1155/2020/6943103"
"10.1038/s41598-020-64431-4","Gerd R Burmester","middle","gse55235","10.7150/ijms.35611"
"10.1038/s41598-020-64431-4","Gerd R Burmester","middle","gse55235","10.3389/fimmu.2023.1128459"
"10.1038/s41598-020-64431-4","Gerd R Burmester","middle","gse55235","10.1155/2022/4071472"
"10.1038/s41598-020-64431-4","Gerd R Burmester","middle","gse55235","10.1155/2022/1926661"
"10.1038/s41598-020-64431-4","Gerd R Burmester","middle","gse55235","10.6026/97320630011207"
"10.1038/s41598-020-64431-4","Gerd R Burmester","middle","gse55235","10.21037/atm-22-4934"
"10.1038/s41598-020-64431-4","Gerd R Burmester","middle","gse55235","10.3389/fncel.2022.1013745"
"10.1038/s41598-020-64431-4","Gerd R Burmester","middle","gse55235","10.3390/jpm13020367"
"10.1038/s41598-020-64431-4","Gerd R Burmester","middle","gse55235","10.3892/br.2021.1457"
"10.1038/s41598-020-64431-4","Gerd R Burmester","middle","gse55235","10.12659/msm.915451"
"10.1038/s41598-020-64431-4","Gerd R Burmester","middle","gse55235","10.7717/peerj.5743"
"10.1038/s41598-020-64431-4","Gerd R Burmester","middle","gse55235","10.1038/s41598-020-67730-y"
"10.1038/s41598-020-64431-4","Gerd R Burmester","middle","gse55235","10.18632/oncotarget.7390"
"10.1038/s41598-020-64431-4","Gerd R Burmester","middle","gse55235","10.1155/2021/9911184"
"10.1038/s41598-020-64431-4","Gerd R Burmester","middle","gse55235","10.21037/atm-21-4566"
"10.1038/s41598-020-64431-4","Gerd R Burmester","middle","gse55235","10.1302/2046-3758.98.bjr-2019-0301.r1"
"10.1038/s41598-020-64431-4","Gerd R Burmester","middle","gse55235","10.3389/fimmu.2022.1078414"
"10.1038/s41598-020-64431-4","Gerd R Burmester","middle","gse55235","10.3389/fgene.2022.905027"
"10.1038/s41598-020-64431-4","Gerd R Burmester","middle","gse55235","10.3389/fmolb.2021.761841"
"10.1038/s41598-020-64431-4","Gerd R Burmester","middle","gse55235","10.3389/fmolb.2021.748360"
"10.1038/s41598-020-64431-4","Gerd R Burmester","middle","gse55235","10.3389/fphar.2022.843358"
"10.1038/s41598-020-64431-4","Gerd R Burmester","middle","gse55235","10.1186/s12891-022-05567-4"
"10.1038/s41598-020-64431-4","Gerd R Burmester","middle","gse55235","10.3389/fimmu.2022.1044909"
"10.1038/s41598-020-64431-4","Gerd R Burmester","middle","gse55235","10.1042/bsr20201713"
"10.1038/s41598-020-64431-4","Gerd R Burmester","middle","gse55235","10.1155/2020/2379280"
"10.1038/s41598-020-64431-4","Gerd R Burmester","middle","gse55235","10.1371/journal.pone.0167212"
"10.1038/s41598-020-64431-4","Gerd R Burmester","middle","gse55235","10.1302/2046-3758.119.bjr-2022-0075.r1"
"10.1038/s41598-020-64431-4","Gerd R Burmester","middle","gse55235","10.3892/etm.2020.9450"
"10.1038/s41598-020-64431-4","Gerd R Burmester","middle","gse55235","10.3389/fmolb.2022.992044"
"10.1038/s41598-020-64431-4","Gerd R Burmester","middle","gse55235","10.1002/cbf.3491"
"10.1038/s41598-020-64431-4","Gerd R Burmester","middle","gse55235","10.1155/2022/6783659"
"10.1038/s41598-020-64431-4","Gerd R Burmester","middle","gse55235","10.1038/s41598-021-94607-5"
"10.1038/s41598-020-64431-4","Gerd R Burmester","middle","gse55235","10.1155/2022/8023779"
"10.1038/s41598-020-64431-4","Gerd R Burmester","middle","gse55235","10.1186/s41231-020-00066-x"
"10.1038/s41598-020-64431-4","Gerd R Burmester","middle","gse55235","10.3390/genes13091501"
"10.1038/s41598-020-64431-4","Gerd R Burmester","middle","gse55235","10.3389/fimmu.2022.954848"
"10.1038/s41598-020-64431-4","Gerd R Burmester","middle","gse55235","10.1155/2022/9252319"
"10.1038/s41598-020-64431-4","Gerd R Burmester","middle","gse55235","10.1186/s13018-021-02796-6"
"10.1038/s41598-020-64431-4","Gerd R Burmester","middle","gse55235","10.3389/fphar.2021.672054"
"10.1038/s41598-020-64431-4","Gerd R Burmester","middle","gse55235","10.3389/fgene.2022.870590"
"10.1038/s41598-020-64431-4","Gerd R Burmester","middle","gse55235","10.3390/jcm7120535"
"10.1038/s41598-020-64431-4","Gerd R Burmester","middle","gse55235","10.3389/fimmu.2022.1013322"
"10.1038/s41598-020-64431-4","Gerd R Burmester","middle","gse55235","10.3390/jcm8010050"
"10.1038/s41598-020-64431-4","Gerd R Burmester","middle","gse55235","10.1186/s12859-016-1065-y"
"10.1038/s41598-020-64431-4","Gerd R Burmester","middle","gse55235","10.1302/2046-3758.74.bjr-2017-0245.r1"
"10.1038/s41598-020-64431-4","Gerd R Burmester","middle","gse55235","10.1186/s13018-020-01756-w"
"10.1038/s41598-020-64431-4","Gerd R Burmester","middle","gse55235","10.1371/journal.pone.0161306"
"10.1038/s41598-020-64431-4","Gerd R Burmester","middle","gse55235","10.3892/mmr.2018.9677"
"10.1038/s41598-020-64431-4","Gerd R Burmester","middle","gse55235","10.1186/s13018-018-0734-0"
"10.1038/s41598-020-64431-4","Gerd R Burmester","middle","gse55235","10.3389/fgene.2021.721258"
"10.1038/s41598-020-64431-4","Gerd R Burmester","middle","gse55235","10.1016/j.heliyon.2023.e12799"
"10.1038/s41598-020-64431-4","Gerd R Burmester","middle","gse55235","10.3389/fphar.2022.888533"
"10.1038/s41598-020-64431-4","Gerd R Burmester","middle","gse55235","10.1186/s13018-023-03700-0"
"10.1038/s41598-020-64431-4","Gerd R Burmester","middle","gse55235","10.3389/fgene.2022.1040438"
"10.1038/s41598-020-64431-4","Gerd R Burmester","middle","gse55235","10.1038/s41598-021-86319-7"
"10.1038/s41598-020-64431-4","Gerd R Burmester","middle","gse55235","10.3389/fgene.2023.1117713"
"10.1038/s41598-020-64431-4","Gerd R Burmester","middle","gse55235","10.1038/s41598-020-70596-9"
"10.1038/s41598-020-64431-4","Gerd R Burmester","middle","gse55235","10.3389/fimmu.2022.1013531"
"10.1038/s41598-020-64431-4","Gerd R Burmester","middle","gse55235","10.1371/journal.pone.0224632"
"10.1038/s41598-020-64431-4","Gerd R Burmester","middle","gse55235","10.3389/fmolb.2023.1066885"
"10.1038/s41598-020-64431-4","Gerd R Burmester","middle","gse55235","10.1080/21655979.2022.2061288"
"10.1038/s41598-020-64431-4","Gerd R Burmester","middle","gse55235","10.1186/s12920-023-01445-7"
"10.1038/s41598-020-64431-4","Gerd R Burmester","middle","gse55235","10.1155/2022/6060677"
"10.1038/s41598-020-64431-4","Gerd R Burmester","middle","gse55235","10.1042/bsr20193823"
"10.1038/s41598-020-64431-4","Gerd R Burmester","middle","gse55235","10.1186/s13018-023-03541-x"
"10.1038/s41598-020-64431-4","Gerd R Burmester","middle","gse55235","10.2147/jir.s287242"
"10.1038/s41598-020-64431-4","Gerd R Burmester","middle","gse55235","10.3389/fphys.2018.00516"
"10.1038/s41598-020-64431-4","Gerd R Burmester","middle","gse55235","10.3390/diagnostics10030171"
"10.1038/s41598-020-64431-4","Gerd R Burmester","middle","gse55235","10.7150/ijms.27056"
"10.1038/s41598-020-64431-4","Gerd R Burmester","middle","gse55235","10.1186/s41065-020-00169-3"
"10.1038/s41598-020-64431-4","Gerd R Burmester","middle","gse55235","10.3389/fmed.2022.1052792"
"10.1038/s41598-020-64431-4","Gerd R Burmester","middle","gse55235","10.3389/fendo.2023.1144258"
"10.1038/s41598-020-64431-4","Gerd R Burmester","middle","gse55235","10.1155/2018/9482726"
"10.1038/s41598-020-64431-4","Gerd R Burmester","middle","gse55235","10.1097/md.0000000000028321"
"10.1038/s41598-020-64431-4","Gerd R Burmester","middle","gse55235","10.3389/fimmu.2023.1007624"
"10.1038/s41598-020-64431-4","Gerd R Burmester","middle","gse55235","10.3389/fgene.2021.743560"
"10.1038/s41598-020-64431-4","Gerd R Burmester","middle","gse55235","10.1371/journal.pone.0199530"
"10.1038/s41598-020-64431-4","Gerd R Burmester","middle","gse55235","10.3389/fimmu.2023.1134412"
"10.1038/s41598-020-64431-4","Gerd R Burmester","middle","gse55235","10.3389/fimmu.2021.726747"
"10.1038/s41598-020-64431-4","Gerd R Burmester","middle","gse55235","10.3389/fimmu.2017.00074"
"10.1038/s41598-020-64431-4","Gerd R Burmester","middle","gse55235","10.3892/mmr.2020.11168"
"10.1038/s41598-020-64431-4","Gerd R Burmester","middle","gse55235","10.1038/s41598-019-51627-6"
"10.1038/s41598-020-64431-4","Gerd R Burmester","middle","gse55235","10.3892/etm.2022.11295"
"10.1038/s41598-020-64431-4","Gerd R Burmester","middle","gse55235","10.1038/s41598-023-28000-9"
"10.1038/s41598-020-64431-4","Gerd R Burmester","middle","gse55235","10.1155/2021/5074305"
"10.1038/s41598-020-64431-4","Gerd R Burmester","middle","gse38351","10.3390/genes12121898"
"10.1038/s41598-020-64431-4","Gerd R Burmester","middle","gse38351","10.1371/journal.pone.0208132"
"10.1038/s41598-020-64431-4","Gerd R Burmester","middle","gse38351","10.1186/s12920-016-0227-0"
"10.1038/s41598-020-64431-4","Gerd R Burmester","middle","gse38351","10.1038/s42003-019-0382-x"
"10.1038/s41598-020-64431-4","Gerd R Burmester","middle","gse38351","10.3389/fimmu.2020.575074"
"10.1038/s41598-020-64431-4","Gerd R Burmester","middle","gse38351","10.3389/fimmu.2021.668007"
"10.1038/s41598-020-64431-4","Gerd R Burmester","middle","gse38351","10.3389/fmolb.2017.00096"
"10.1038/s41598-020-64431-4","Gerd R Burmester","middle","gse38351","10.1038/s41598-019-45989-0"
"10.1038/s41598-020-64431-4","Gerd R Burmester","middle","gse51997","10.3390/genes12121898"
"10.1038/s41598-020-64431-4","Gerd R Burmester","middle","gse51997","10.1371/journal.pone.0208132"
"10.1038/s41598-020-64431-4","Gerd R Burmester","middle","gse51997","10.12688/f1000research.8182.2"
"10.1038/s41598-020-64431-4","Gerd R Burmester","middle","gse51997","10.3389/fimmu.2020.575074"
"10.1038/s41598-020-64431-4","Gerd R Burmester","middle","gse51997","10.3390/genes13020209"
"10.1038/s41598-020-64431-4","Gerd R Burmester","middle","gse51997","10.1155/2022/9096999"
"10.1038/s41598-020-64431-4","Gerd R Burmester","middle","gse58173","10.1186/s12859-016-1141-3"
"10.1038/s41598-020-64431-4","Thomas Häupl","last","gse55235","10.1186/s13018-022-03453-2"
"10.1038/s41598-020-64431-4","Thomas Häupl","last","gse55235","10.1155/2022/1905077"
"10.1038/s41598-020-64431-4","Thomas Häupl","last","gse55235","10.1038/s41598-022-21988-6"
"10.1038/s41598-020-64431-4","Thomas Häupl","last","gse55235","10.3389/fimmu.2022.871008"
"10.1038/s41598-020-64431-4","Thomas Häupl","last","gse55235","10.1186/s13045-017-0526-8"
"10.1038/s41598-020-64431-4","Thomas Häupl","last","gse55235","10.3389/fimmu.2022.893301"
"10.1038/s41598-020-64431-4","Thomas Häupl","last","gse55235","10.1038/s41598-022-08274-1"
"10.1038/s41598-020-64431-4","Thomas Häupl","last","gse55235","10.1186/s13059-016-0948-6"
"10.1038/s41598-020-64431-4","Thomas Häupl","last","gse55235","10.1016/j.jot.2022.02.007"
"10.1038/s41598-020-64431-4","Thomas Häupl","last","gse55235","10.3389/fimmu.2022.1058884"
"10.1038/s41598-020-64431-4","Thomas Häupl","last","gse55235","10.1186/s13018-021-02402-9"
"10.1038/s41598-020-64431-4","Thomas Häupl","last","gse55235","10.1155/2022/8027987"
"10.1038/s41598-020-64431-4","Thomas Häupl","last","gse55235","10.1186/s12891-022-05277-x"
"10.1038/s41598-020-64431-4","Thomas Häupl","last","gse55235","10.3390/biom13030539"
"10.1038/s41598-020-64431-4","Thomas Häupl","last","gse55235","10.3389/fimmu.2022.1041284"
"10.1038/s41598-020-64431-4","Thomas Häupl","last","gse55235","10.1038/s41598-023-29153-3"
"10.1038/s41598-020-64431-4","Thomas Häupl","last","gse55235","10.1111/os.12412"
"10.1038/s41598-020-64431-4","Thomas Häupl","last","gse55235","10.1155/2022/5600190"
"10.1038/s41598-020-64431-4","Thomas Häupl","last","gse55235","10.7717/peerj.8390"
"10.1038/s41598-020-64431-4","Thomas Häupl","last","gse55235","10.1038/s41598-020-73147-4"
"10.1038/s41598-020-64431-4","Thomas Häupl","last","gse55235","10.1186/s13018-022-03247-6"
"10.1038/s41598-020-64431-4","Thomas Häupl","last","gse55235","10.3389/fimmu.2023.1090596"
"10.1038/s41598-020-64431-4","Thomas Häupl","last","gse55235","10.1186/s13075-022-02902-x"
"10.1038/s41598-020-64431-4","Thomas Häupl","last","gse55235","10.1093/jhps/hnaa036"
"10.1038/s41598-020-64431-4","Thomas Häupl","last","gse55235","10.7717/peerj.3078"
"10.1038/s41598-020-64431-4","Thomas Häupl","last","gse55235","10.3389/fmed.2022.799440"
"10.1038/s41598-020-64431-4","Thomas Häupl","last","gse55235","10.1038/s41598-023-31438-6"
"10.1038/s41598-020-64431-4","Thomas Häupl","last","gse55235","10.3389/fcell.2023.1099287"
"10.1038/s41598-020-64431-4","Thomas Häupl","last","gse55235","10.1371/journal.pone.0164542"
"10.1038/s41598-020-64431-4","Thomas Häupl","last","gse55235","10.21037/atm-22-3888"
"10.1038/s41598-020-64431-4","Thomas Häupl","last","gse55235","10.3389/fimmu.2019.02612"
"10.1038/s41598-020-64431-4","Thomas Häupl","last","gse55235","10.3389/fmolb.2021.691602"
"10.1038/s41598-020-64431-4","Thomas Häupl","last","gse55235","10.3390/ijms18112396"
"10.1038/s41598-020-64431-4","Thomas Häupl","last","gse55235","10.3389/fimmu.2018.03085"
"10.1038/s41598-020-64431-4","Thomas Häupl","last","gse55235","10.1155/2020/6943103"
"10.1038/s41598-020-64431-4","Thomas Häupl","last","gse55235","10.7150/ijms.35611"
"10.1038/s41598-020-64431-4","Thomas Häupl","last","gse55235","10.3389/fimmu.2023.1128459"
"10.1038/s41598-020-64431-4","Thomas Häupl","last","gse55235","10.1155/2022/4071472"
"10.1038/s41598-020-64431-4","Thomas Häupl","last","gse55235","10.1155/2022/1926661"
"10.1038/s41598-020-64431-4","Thomas Häupl","last","gse55235","10.6026/97320630011207"
"10.1038/s41598-020-64431-4","Thomas Häupl","last","gse55235","10.21037/atm-22-4934"
"10.1038/s41598-020-64431-4","Thomas Häupl","last","gse55235","10.3389/fncel.2022.1013745"
"10.1038/s41598-020-64431-4","Thomas Häupl","last","gse55235","10.3390/jpm13020367"
"10.1038/s41598-020-64431-4","Thomas Häupl","last","gse55235","10.3892/br.2021.1457"
"10.1038/s41598-020-64431-4","Thomas Häupl","last","gse55235","10.12659/msm.915451"
"10.1038/s41598-020-64431-4","Thomas Häupl","last","gse55235","10.7717/peerj.5743"
"10.1038/s41598-020-64431-4","Thomas Häupl","last","gse55235","10.1038/s41598-020-67730-y"
"10.1038/s41598-020-64431-4","Thomas Häupl","last","gse55235","10.18632/oncotarget.7390"
"10.1038/s41598-020-64431-4","Thomas Häupl","last","gse55235","10.1155/2021/9911184"
"10.1038/s41598-020-64431-4","Thomas Häupl","last","gse55235","10.21037/atm-21-4566"
"10.1038/s41598-020-64431-4","Thomas Häupl","last","gse55235","10.1302/2046-3758.98.bjr-2019-0301.r1"
"10.1038/s41598-020-64431-4","Thomas Häupl","last","gse55235","10.3389/fimmu.2022.1078414"
"10.1038/s41598-020-64431-4","Thomas Häupl","last","gse55235","10.3389/fgene.2022.905027"
"10.1038/s41598-020-64431-4","Thomas Häupl","last","gse55235","10.3389/fmolb.2021.761841"
"10.1038/s41598-020-64431-4","Thomas Häupl","last","gse55235","10.3389/fmolb.2021.748360"
"10.1038/s41598-020-64431-4","Thomas Häupl","last","gse55235","10.3389/fphar.2022.843358"
"10.1038/s41598-020-64431-4","Thomas Häupl","last","gse55235","10.1186/s12891-022-05567-4"
"10.1038/s41598-020-64431-4","Thomas Häupl","last","gse55235","10.3389/fimmu.2022.1044909"
"10.1038/s41598-020-64431-4","Thomas Häupl","last","gse55235","10.1042/bsr20201713"
"10.1038/s41598-020-64431-4","Thomas Häupl","last","gse55235","10.1155/2020/2379280"
"10.1038/s41598-020-64431-4","Thomas Häupl","last","gse55235","10.1371/journal.pone.0167212"
"10.1038/s41598-020-64431-4","Thomas Häupl","last","gse55235","10.1302/2046-3758.119.bjr-2022-0075.r1"
"10.1038/s41598-020-64431-4","Thomas Häupl","last","gse55235","10.3892/etm.2020.9450"
"10.1038/s41598-020-64431-4","Thomas Häupl","last","gse55235","10.3389/fmolb.2022.992044"
"10.1038/s41598-020-64431-4","Thomas Häupl","last","gse55235","10.1002/cbf.3491"
"10.1038/s41598-020-64431-4","Thomas Häupl","last","gse55235","10.1155/2022/6783659"
"10.1038/s41598-020-64431-4","Thomas Häupl","last","gse55235","10.1038/s41598-021-94607-5"
"10.1038/s41598-020-64431-4","Thomas Häupl","last","gse55235","10.1155/2022/8023779"
"10.1038/s41598-020-64431-4","Thomas Häupl","last","gse55235","10.1186/s41231-020-00066-x"
"10.1038/s41598-020-64431-4","Thomas Häupl","last","gse55235","10.3390/genes13091501"
"10.1038/s41598-020-64431-4","Thomas Häupl","last","gse55235","10.3389/fimmu.2022.954848"
"10.1038/s41598-020-64431-4","Thomas Häupl","last","gse55235","10.1155/2022/9252319"
"10.1038/s41598-020-64431-4","Thomas Häupl","last","gse55235","10.1186/s13018-021-02796-6"
"10.1038/s41598-020-64431-4","Thomas Häupl","last","gse55235","10.3389/fphar.2021.672054"
"10.1038/s41598-020-64431-4","Thomas Häupl","last","gse55235","10.3389/fgene.2022.870590"
"10.1038/s41598-020-64431-4","Thomas Häupl","last","gse55235","10.3390/jcm7120535"
"10.1038/s41598-020-64431-4","Thomas Häupl","last","gse55235","10.3389/fimmu.2022.1013322"
"10.1038/s41598-020-64431-4","Thomas Häupl","last","gse55235","10.3390/jcm8010050"
"10.1038/s41598-020-64431-4","Thomas Häupl","last","gse55235","10.1186/s12859-016-1065-y"
"10.1038/s41598-020-64431-4","Thomas Häupl","last","gse55235","10.1302/2046-3758.74.bjr-2017-0245.r1"
"10.1038/s41598-020-64431-4","Thomas Häupl","last","gse55235","10.1186/s13018-020-01756-w"
"10.1038/s41598-020-64431-4","Thomas Häupl","last","gse55235","10.1371/journal.pone.0161306"
"10.1038/s41598-020-64431-4","Thomas Häupl","last","gse55235","10.3892/mmr.2018.9677"
"10.1038/s41598-020-64431-4","Thomas Häupl","last","gse55235","10.1186/s13018-018-0734-0"
"10.1038/s41598-020-64431-4","Thomas Häupl","last","gse55235","10.3389/fgene.2021.721258"
"10.1038/s41598-020-64431-4","Thomas Häupl","last","gse55235","10.1016/j.heliyon.2023.e12799"
"10.1038/s41598-020-64431-4","Thomas Häupl","last","gse55235","10.3389/fphar.2022.888533"
"10.1038/s41598-020-64431-4","Thomas Häupl","last","gse55235","10.1186/s13018-023-03700-0"
"10.1038/s41598-020-64431-4","Thomas Häupl","last","gse55235","10.3389/fgene.2022.1040438"
"10.1038/s41598-020-64431-4","Thomas Häupl","last","gse55235","10.1038/s41598-021-86319-7"
"10.1038/s41598-020-64431-4","Thomas Häupl","last","gse55235","10.3389/fgene.2023.1117713"
"10.1038/s41598-020-64431-4","Thomas Häupl","last","gse55235","10.1038/s41598-020-70596-9"
"10.1038/s41598-020-64431-4","Thomas Häupl","last","gse55235","10.3389/fimmu.2022.1013531"
"10.1038/s41598-020-64431-4","Thomas Häupl","last","gse55235","10.1371/journal.pone.0224632"
"10.1038/s41598-020-64431-4","Thomas Häupl","last","gse55235","10.3389/fmolb.2023.1066885"
"10.1038/s41598-020-64431-4","Thomas Häupl","last","gse55235","10.1080/21655979.2022.2061288"
"10.1038/s41598-020-64431-4","Thomas Häupl","last","gse55235","10.1186/s12920-023-01445-7"
"10.1038/s41598-020-64431-4","Thomas Häupl","last","gse55235","10.1155/2022/6060677"
"10.1038/s41598-020-64431-4","Thomas Häupl","last","gse55235","10.1042/bsr20193823"
"10.1038/s41598-020-64431-4","Thomas Häupl","last","gse55235","10.1186/s13018-023-03541-x"
"10.1038/s41598-020-64431-4","Thomas Häupl","last","gse55235","10.2147/jir.s287242"
"10.1038/s41598-020-64431-4","Thomas Häupl","last","gse55235","10.3389/fphys.2018.00516"
"10.1038/s41598-020-64431-4","Thomas Häupl","last","gse55235","10.3390/diagnostics10030171"
"10.1038/s41598-020-64431-4","Thomas Häupl","last","gse55235","10.7150/ijms.27056"
"10.1038/s41598-020-64431-4","Thomas Häupl","last","gse55235","10.1186/s41065-020-00169-3"
"10.1038/s41598-020-64431-4","Thomas Häupl","last","gse55235","10.3389/fmed.2022.1052792"
"10.1038/s41598-020-64431-4","Thomas Häupl","last","gse55235","10.3389/fendo.2023.1144258"
"10.1038/s41598-020-64431-4","Thomas Häupl","last","gse55235","10.1155/2018/9482726"
"10.1038/s41598-020-64431-4","Thomas Häupl","last","gse55235","10.1097/md.0000000000028321"
"10.1038/s41598-020-64431-4","Thomas Häupl","last","gse55235","10.3389/fimmu.2023.1007624"
"10.1038/s41598-020-64431-4","Thomas Häupl","last","gse55235","10.3389/fgene.2021.743560"
"10.1038/s41598-020-64431-4","Thomas Häupl","last","gse55235","10.1371/journal.pone.0199530"
"10.1038/s41598-020-64431-4","Thomas Häupl","last","gse55235","10.3389/fimmu.2023.1134412"
"10.1038/s41598-020-64431-4","Thomas Häupl","last","gse55235","10.3389/fimmu.2021.726747"
"10.1038/s41598-020-64431-4","Thomas Häupl","last","gse55235","10.3389/fimmu.2017.00074"
"10.1038/s41598-020-64431-4","Thomas Häupl","last","gse55235","10.3892/mmr.2020.11168"
"10.1038/s41598-020-64431-4","Thomas Häupl","last","gse55235","10.1038/s41598-019-51627-6"
"10.1038/s41598-020-64431-4","Thomas Häupl","last","gse55235","10.3892/etm.2022.11295"
"10.1038/s41598-020-64431-4","Thomas Häupl","last","gse55235","10.1038/s41598-023-28000-9"
"10.1038/s41598-020-64431-4","Thomas Häupl","last","gse55235","10.1155/2021/5074305"
"10.1038/s41598-020-64431-4","Thomas Häupl","last","gse38351","10.3390/genes12121898"
"10.1038/s41598-020-64431-4","Thomas Häupl","last","gse38351","10.1371/journal.pone.0208132"
"10.1038/s41598-020-64431-4","Thomas Häupl","last","gse38351","10.1186/s12920-016-0227-0"
"10.1038/s41598-020-64431-4","Thomas Häupl","last","gse38351","10.1038/s42003-019-0382-x"
"10.1038/s41598-020-64431-4","Thomas Häupl","last","gse38351","10.3389/fimmu.2020.575074"
"10.1038/s41598-020-64431-4","Thomas Häupl","last","gse38351","10.3389/fimmu.2021.668007"
"10.1038/s41598-020-64431-4","Thomas Häupl","last","gse38351","10.3389/fmolb.2017.00096"
"10.1038/s41598-020-64431-4","Thomas Häupl","last","gse38351","10.1038/s41598-019-45989-0"
"10.1038/s41598-020-64431-4","Thomas Häupl","last","gse51997","10.3390/genes12121898"
"10.1038/s41598-020-64431-4","Thomas Häupl","last","gse51997","10.1371/journal.pone.0208132"
"10.1038/s41598-020-64431-4","Thomas Häupl","last","gse51997","10.12688/f1000research.8182.2"
"10.1038/s41598-020-64431-4","Thomas Häupl","last","gse51997","10.3389/fimmu.2020.575074"
"10.1038/s41598-020-64431-4","Thomas Häupl","last","gse51997","10.3390/genes13020209"
"10.1038/s41598-020-64431-4","Thomas Häupl","last","gse51997","10.1155/2022/9096999"
"10.1038/s41598-020-64431-4","Thomas Häupl","last","gse58173","10.1186/s12859-016-1141-3"
"10.1038/s41598-020-66334-w","Kai‐Uwe Eckardt","middle","phs000090","10.1186/s13073-021-00971-2"
"10.1038/s41598-020-66334-w","Kai‐Uwe Eckardt","middle","phs000090","10.1371/journal.pone.0078546"
"10.1038/s41598-020-66334-w","Kai‐Uwe Eckardt","middle","phs000090","10.1371/journal.pone.0173784"
"10.1038/s41598-020-66334-w","Kai‐Uwe Eckardt","middle","phs000090","10.3389/fgene.2021.654804"
"10.1038/s41598-020-66334-w","Kai‐Uwe Eckardt","middle","phs000090","10.1186/2047-217x-3-10"
"10.1038/s41598-020-66334-w","Kai‐Uwe Eckardt","middle","phs000090","10.1038/s41467-018-04191-y"
"10.1038/s41598-020-66334-w","Kai‐Uwe Eckardt","middle","phs000090","10.3389/fgene.2022.791920"
"10.1038/s41598-020-66334-w","Kai‐Uwe Eckardt","middle","phs000090","10.1038/s41467-019-10128-w"
"10.1038/s41598-020-66334-w","Kai‐Uwe Eckardt","middle","phs000090","10.1161/jaha.119.015661"
"10.1038/s41598-020-66334-w","Kai‐Uwe Eckardt","middle","phs000090","10.1186/s12920-020-00760-7"
"10.1038/s41598-020-66334-w","Kai‐Uwe Eckardt","middle","phs000090","10.1038/s41598-019-41362-3"
"10.1038/s41598-020-66334-w","Kai‐Uwe Eckardt","middle","phs000090","10.3389/fendo.2022.881633"
"10.1038/s41598-020-66334-w","Kai‐Uwe Eckardt","middle","phs000090","10.1371/journal.pone.0071203"
"10.1038/s41598-020-66334-w","Kai‐Uwe Eckardt","middle","phs000090","10.1161/jaha.116.004739"
"10.1038/s41598-020-66334-w","Kai‐Uwe Eckardt","middle","phs000090","10.1038/mp.2015.205"
"10.1038/s41598-020-66334-w","Kai‐Uwe Eckardt","middle","phs000090","10.3389/fgene.2015.00324"
"10.1038/s41598-020-66334-w","Kai‐Uwe Eckardt","middle","phs000090","10.1038/s41562-017-0195-1"
"10.1038/s41598-020-66334-w","Kai‐Uwe Eckardt","middle","phs000090","10.1038/s41467-019-12653-0"
"10.1038/s41598-020-66334-w","Kai‐Uwe Eckardt","middle","phs000090","10.1038/s41467-020-19265-z"
"10.1038/s41598-020-66334-w","Kai‐Uwe Eckardt","middle","phs000090","10.1038/srep32894"
"10.1038/s41598-020-66334-w","Kai‐Uwe Eckardt","middle","phs000090","10.1371/journal.pgen.1004269"
"10.1038/s41598-020-66334-w","Kai‐Uwe Eckardt","middle","phs000090","10.1371/annotation/21033005-e120-4364-8024-c6534b4108f6"
"10.1038/s41598-020-66334-w","Kai‐Uwe Eckardt","middle","phs000090","10.1177/1179551417748942"
"10.1038/s41598-020-66334-w","Kai‐Uwe Eckardt","middle","phs000090","10.1186/s13075-018-1558-3"
"10.1038/s41598-020-66334-w","Kai‐Uwe Eckardt","middle","phs000090","10.1371/journal.pone.0125497"
"10.1038/s41598-020-66334-w","Kai‐Uwe Eckardt","middle","phs000090","10.1038/s41467-017-02769-6"
"10.1038/s41598-020-66334-w","Kai‐Uwe Eckardt","middle","phs000090","10.1186/s12864-015-1645-7"
"10.1038/s41598-020-66334-w","Kai‐Uwe Eckardt","middle","phs000090","10.1038/gim.2012.164"
"10.1038/s41598-020-66334-w","Kai‐Uwe Eckardt","middle","phs000090","10.1371/journal.pone.0087257"
"10.1038/s41598-020-66334-w","Kai‐Uwe Eckardt","middle","phs000090","10.1038/s41598-017-15864-x"
"10.1038/s41598-020-66334-w","Kai‐Uwe Eckardt","middle","phs000090","10.1038/s41598-021-83450-3"
"10.1038/s42003-022-03867-y","Jörg Hofmann","middle","nm_000033","10.3389/fped.2021.633385"
"10.1038/s42003-022-03867-y","Jörg Hofmann","middle","nm_000033","10.1001/jamanetworkopen.2019.20356"
"10.1038/s42003-022-03867-y","Jörg Hofmann","middle","nm_000033","10.3803/enm.2020.35.1.188"
"10.1038/s42003-022-03867-y","Jörg Hofmann","middle","nm_000033","10.3988/jcn.2022.18.2.214"
"10.1038/s42003-022-03867-y","Jörg Hofmann","middle","nm_000033","10.1186/s12920-021-01021-x"
"10.1038/s42003-022-03867-y","Jörg Hofmann","middle","nm_000033","10.1097/md.0000000000010837"
"10.1038/s42003-022-03867-y","Jörg Hofmann","middle","nm_000033","10.1038/srep35936"
"10.1038/s42003-022-03867-y","Jörg Hofmann","middle","nm_000033","10.4172/1747-0862.1000222"
"10.1038/s42003-022-03867-y","Jörg Hofmann","middle","nm_000033","10.4103/jpgm.jpgm_349_17"
"10.1038/s42003-022-03867-y","Jörg Hofmann","middle","nm_000033","10.1155/2019/6148425"
"10.1038/s42003-022-03867-y","Jörg Hofmann","middle","nm_000033","10.1002/mgg3.1065"
"10.1038/s42003-022-03867-y","Jörg Hofmann","middle","nm_000033","10.1002/mgg3.1844"
"10.1038/s42003-022-03867-y","Jörg Hofmann","middle","nm_000033","10.1002/mgg3.1397"
"10.1038/s42003-022-03867-y","Jörg Hofmann","middle","nm_000033","10.1371/journal.pone.0177296"
"10.1038/s42003-022-03867-y","Jörg Hofmann","middle","nm_000033","10.1016/j.ymgmr.2022.100902"
"10.1038/s42003-022-03867-y","Jörg Hofmann","middle","nm_000033","10.18632/oncotarget.20974"
"10.1038/s42003-022-03867-y","Jörg Hofmann","middle","nm_000033","10.1186/s12883-015-0503-1"
"10.1038/s42003-022-03867-y","Jörg Hofmann","middle","nm_000033","10.1097/md.0000000000009481"
"10.1038/s42003-022-03867-y","Jörg Hofmann","middle","nm_000033","10.3892/etm.2019.7804"
"10.1038/s42003-022-03867-y","Jörg Hofmann","middle","nm_000033","10.1016/j.xhgg.2021.100059"
"10.1038/s42003-022-03867-y","Jörg Hofmann","middle","nm_000033","10.1016/j.ymgmr.2021.100778"
"10.1038/s42003-022-03867-y","Jörg Hofmann","middle","nm_000033","10.1155/2022/5479781"
"10.1038/s42003-022-03867-y","Jörg Hofmann","middle","nm_005164","10.1007/s11010-016-2862-3"
"10.1053/j.gastro.2020.07.005","Münevver Demir","middle","prjna540738","10.1038/s41467-023-35861-1"
"10.1053/j.gastro.2020.07.005","Christoph Roderburg","middle","prjna540738","10.1038/s41467-023-35861-1"
"10.1053/j.gastro.2020.07.005","Frank Tacke","middle","prjna540738","10.1038/s41467-023-35861-1"
"10.1073/pnas.1820843116","Sonja Entringer","middle","gse137682","10.1186/s13072-019-0321-6"
"10.1073/pnas.1820843116","Sonja Entringer","middle","gse137688","10.1016/j.isci.2022.105304"
"10.1073/pnas.1820843116","Sonja Entringer","middle","gse137688","10.1371/journal.pcbi.1009938"
"10.1073/pnas.1820843116","Sonja Entringer","middle","gse137884","10.1186/s12864-021-07675-2"
"10.1073/pnas.1820843116","Sonja Entringer","middle","gse80261","10.1371/journal.pone.0229763"
"10.1073/pnas.1820843116","Sonja Entringer","middle","gse80261","10.3389/fragi.2021.697254"
"10.1073/pnas.1820843116","Claudia Buß","middle","gse137682","10.1186/s13072-019-0321-6"
"10.1073/pnas.1820843116","Claudia Buß","middle","gse137688","10.1016/j.isci.2022.105304"
"10.1073/pnas.1820843116","Claudia Buß","middle","gse137688","10.1371/journal.pcbi.1009938"
"10.1073/pnas.1820843116","Claudia Buß","middle","gse137884","10.1186/s12864-021-07675-2"
"10.1073/pnas.1820843116","Claudia Buß","middle","gse80261","10.1371/journal.pone.0229763"
"10.1073/pnas.1820843116","Claudia Buß","middle","gse80261","10.3389/fragi.2021.697254"
"10.1093/jnci/djad001","Joachim Weischenfeldt","middle","egad00001003139","10.1038/s41467-021-24445-6"
"10.1097/hep.0000000000000238","Münevver Demir","middle","prjna540738","10.1038/s41467-023-35861-1"
"10.1098/rsos.210389","John P. A. Ioannidis","first","10.17632/btchxktzyw","10.1108/jkm-05-2023-0445"
"10.1098/rsos.210389","John P. A. Ioannidis","first","10.17632/btchxktzyw","10.1177/08982643221086334"
"10.1098/rsos.210389","John P. A. Ioannidis","first","10.17632/btchxktzyw","10.1055/a-1737-0039"
"10.1098/rsos.210389","Maia Salholz-Hillel","middle","10.17632/btchxktzyw","10.1108/jkm-05-2023-0445"
"10.1098/rsos.210389","Maia Salholz-Hillel","middle","10.17632/btchxktzyw","10.1177/08982643221086334"
"10.1098/rsos.210389","Maia Salholz-Hillel","middle","10.17632/btchxktzyw","10.1055/a-1737-0039"
"10.1111/ajt.16161","Klemens Budde","middle","gse124203","10.3389/fimmu.2022.1026280"
"10.1111/ajt.16161","Klemens Budde","middle","gse124203","10.3389/fphar.2022.865363"
"10.1111/ajt.16161","Klemens Budde","middle","gse124203","10.1080/0886022x.2022.2141648"
"10.1111/cge.13977","Denise Horn","middle","nm_013275","10.1002/ajmg.a.62024"
"10.1111/cge.13977","Denise Horn","middle","nm_013275","10.1093/hmg/ddac289"
"10.1111/cge.13977","Denise Horn","middle","nm_013275","10.1038/sj.bjc.6605330"
"10.1111/cge.13977","Denise Horn","middle","nm_013275","10.1038/jhg.2017.24"
"10.1111/cge.13977","Denise Horn","middle","nm_013275","10.1016/j.ebr.2022.100545"
"10.1111/cge.13977","Denise Horn","middle","nm_013275","10.1186/s13023-017-0736-8"
"10.1111/cge.13977","Denise Horn","middle","nm_013275","10.1038/s41431-022-01171-1"
"10.1111/cge.13977","Denise Horn","middle","nm_013275","10.1186/s12881-019-0794-y"
"10.1111/cge.13977","Denise Horn","middle","nm_013275","10.1002/ajmg.a.37842"
"10.1111/jgh.15071","Münevver Demir","first","prjna540738","10.1038/s41467-023-35861-1"
"10.1111/jgh.15071","Christoph Roderburg","middle","prjna540738","10.1038/s41467-023-35861-1"
"10.1126/science.abb3405","Christian Drosten","middle","6y2e","10.1016/j.compbiomed.2022.106209"
"10.1126/science.abb3405","Christian Drosten","middle","6y2e","10.3390/ijms22042065"
"10.1126/science.abb3405","Christian Drosten","middle","6y2e","10.1016/j.jbc.2022.101739"
"10.1126/science.abb3405","Christian Drosten","middle","6y2e","10.1007/s12010-021-03790-8"
"10.1126/science.abb3405","Christian Drosten","middle","6y2e","10.3390/ph14090892"
"10.1126/science.abb3405","Christian Drosten","middle","6y2e","10.1128/spectrum.02559-21"
"10.1126/science.abb3405","Christian Drosten","middle","6y2e","10.3390/ijms22062977"
"10.1126/science.abb3405","Christian Drosten","middle","6y2e","10.3390/v14112461"
"10.1126/science.abb3405","Christian Drosten","middle","6y2e","10.1096/fj.202100994"
"10.1126/science.abb3405","Christian Drosten","middle","6y2e","10.1007/s12559-021-09840-x"
"10.1126/science.abb3405","Christian Drosten","middle","6y2e","10.1038/s41598-023-29119-5"
"10.1126/science.abb3405","Christian Drosten","middle","6y2e","10.3389/fphar.2021.624006"
"10.1126/science.abb3405","Christian Drosten","middle","6y2e","10.1016/j.bmc.2021.116366"
"10.1126/science.abb3405","Christian Drosten","middle","6y2e","10.1111/febs.15366"
"10.1126/science.abb3405","Christian Drosten","middle","6y2e","10.1021/acs.biochem.0c00462"
"10.1126/science.abb3405","Christian Drosten","middle","6y2e","10.1063/5.0013029"
"10.1126/science.abb3405","Christian Drosten","middle","6y2e","10.1080/07391102.2021.1871863"
"10.1126/science.abb3405","Christian Drosten","middle","6y2e","10.3390/jcm10112306"
"10.1126/science.abb3405","Christian Drosten","middle","6y2e","10.1021/acs.jpcb.2c05917"
"10.1126/science.abb3405","Christian Drosten","middle","6y2e","10.1080/14756366.2022.2062336"
"10.1126/science.abb3405","Christian Drosten","middle","6y2e","10.1039/d0ra10141a"
"10.1126/science.abb3405","Christian Drosten","middle","6y2e","10.1007/s10930-021-09967-8"
"10.1126/science.abb3405","Christian Drosten","middle","6y2e","10.1021/acsptsci.0c00215"
"10.1126/science.abb3405","Christian Drosten","middle","6y2e","10.1016/j.biochi.2021.01.010"
"10.1126/science.abb3405","Christian Drosten","middle","6y2e","10.1101/2021.05.03.437411"
"10.1126/science.abb3405","Christian Drosten","middle","6y2e","10.1080/07391102.2020.1835728"
"10.1126/science.abb3405","Christian Drosten","middle","6y2e","10.1016/j.bpc.2020.106510"
"10.1126/science.abb3405","Christian Drosten","middle","6y2e","10.1016/j.antiviral.2022.105458"
"10.1126/science.abb3405","Christian Drosten","middle","6y2e","10.1080/07391102.2020.1835732"
"10.1126/science.abb3405","Christian Drosten","middle","6y2e","10.1101/2020.06.27.175430"
"10.1126/science.abb3405","Christian Drosten","middle","6y2e","10.1080/07391102.2020.1760137"
"10.1126/science.abb3405","Christian Drosten","middle","6y2e","10.1002/jmv.26299"
"10.1126/science.abb3405","Christian Drosten","middle","6y2e","10.1016/j.jinorgbio.2020.111179"
"10.1126/science.abb3405","Christian Drosten","middle","6y2e","10.1016/j.ejphar.2020.173705"
"10.1126/science.abb3405","Christian Drosten","middle","6y2e","10.1038/s41557-021-00707-0"
"10.1126/science.abb3405","Christian Drosten","middle","6y2e","10.1007/s11030-020-10134-x"
"10.1126/science.abb3405","Christian Drosten","middle","6y2e","10.1039/d1ra05976a"
"10.1126/science.abb3405","Christian Drosten","middle","6y2e","10.1021/acscatal.0c03420"
"10.1126/science.abb3405","Christian Drosten","middle","6y2e","10.1080/07391102.2020.1802347"
"10.1126/science.abb3405","Christian Drosten","middle","6y2e","10.1016/j.ijbiomac.2022.04.077"
"10.1126/science.abb3405","Christian Drosten","middle","6y2e","10.1080/14756366.2022.2081847"
"10.1126/science.abb3405","Christian Drosten","middle","6y2e","10.3390/ijms22137071"
"10.1126/science.abb3405","Christian Drosten","middle","6y2e","10.1038/s41598-022-17204-0"
"10.1126/science.abb3405","Christian Drosten","middle","6y2e","10.1002/slct.202100854"
"10.1126/science.abb3405","Christian Drosten","middle","6y2e","10.1186/s13321-020-00474-z"
"10.1126/science.abb3405","Christian Drosten","middle","6y2e","10.1177/1535370220920540"
"10.1126/science.abb3405","Christian Drosten","middle","6y2e","10.1038/s41467-021-23313-7"
"10.1126/science.abb3405","Christian Drosten","middle","6y2e","10.1080/17415993.2020.1817457"
"10.1126/science.abb3405","Christian Drosten","middle","6y2e","10.1016/j.physrep.2020.07.005"
"10.1126/science.abb3405","Christian Drosten","middle","6y2e","10.1021/acs.jcim.0c01457"
"10.1126/science.abb3405","Christian Drosten","middle","6y2e","10.1080/07391102.2021.1910571"
"10.1126/science.abb3405","Christian Drosten","middle","6y2e","10.1038/s41598-020-79357-0"
"10.1126/science.abb3405","Christian Drosten","middle","6y2e","10.3390/plants12030460"
"10.1126/science.abb3405","Christian Drosten","middle","6y2e","10.1021/acs.jpclett.0c00994"
"10.1126/science.abb3405","Christian Drosten","middle","6y2e","10.1021/acs.biochem.2c00479"
"10.1126/science.abb3405","Christian Drosten","middle","6y2e","10.1016/j.bmcl.2022.128732"
"10.1126/science.abb3405","Christian Drosten","middle","6y2e","10.1080/07391102.2021.1921032"
"10.1126/science.abb3405","Christian Drosten","middle","6y2e","10.3390/cryst12111671"
"10.1126/science.abb3405","Christian Drosten","middle","6y2e","10.1016/j.bpj.2020.11.2277"
"10.1126/science.abb3405","Christian Drosten","middle","6y2e","10.1080/07391102.2021.1885495"
"10.1126/science.abb3405","Christian Drosten","middle","6y2e","10.4103/ijp.ijp_338_20"
"10.1126/science.abb3405","Christian Drosten","middle","6y2e","10.1590/1678-7757-2020-0678"
"10.1126/science.abb3405","Christian Drosten","middle","6y2e","10.1186/s43094-022-00423-7"
"10.1126/science.abb3405","Christian Drosten","middle","6y2e","10.1021/acs.jcim.0c00634"
"10.1126/science.abb3405","Christian Drosten","middle","6y2e","10.2217/fvl-2020-0342"
"10.1126/science.abb3405","Christian Drosten","middle","6y2e","10.1016/j.csbj.2021.04.003"
"10.1126/science.abb3405","Christian Drosten","middle","6y2e","10.3390/ijms24054401"
"10.1126/science.abb3405","Christian Drosten","middle","6y2e","10.1080/07391102.2020.1850362"
"10.1126/science.abb3405","Christian Drosten","middle","6y2e","10.1039/d1sc06750h"
"10.1126/science.abb3405","Christian Drosten","middle","6y2e","10.1038/s41467-020-18096-2"
"10.1126/science.abb3405","Christian Drosten","middle","6y2e","10.1002/ptr.7442"
"10.1126/science.abb3405","Christian Drosten","middle","6y2e","10.3390/v14112436"
"10.1126/science.abb3405","Christian Drosten","middle","6y2e","10.3390/ph14111153"
"10.1126/science.abb3405","Christian Drosten","middle","6y2e","10.1016/j.sjbs.2021.09.072"
"10.1126/science.abb3405","Christian Drosten","middle","6y2e","10.3390/ijms21145152"
"10.1126/science.abb3405","Christian Drosten","middle","6y2e","10.1038/s41467-020-16954-7"
"10.1126/science.abb3405","Christian Drosten","middle","6y2e","10.3389/fchem.2021.692168"
"10.1126/science.abb3405","Christian Drosten","middle","6y2e","10.1021/acscombsci.0c00058"
"10.1126/science.abb3405","Christian Drosten","middle","6y2e","10.1186/s43088-022-00277-1"
"10.1126/science.abb3405","Christian Drosten","middle","6y2e","10.1016/j.matpr.2020.10.055"
"10.1126/science.abb3405","Christian Drosten","middle","6y2e","10.1016/j.str.2021.06.002"
"10.1126/science.abb3405","Christian Drosten","middle","6y2e","10.1016/j.jiph.2022.10.013"
"10.1126/science.abb3405","Christian Drosten","middle","6y2e","10.1002/elps.202000121"
"10.1126/science.abb3405","Christian Drosten","middle","6y2e","10.1002/prot.26341"
"10.1126/science.abb3405","Christian Drosten","middle","6y2e","10.1007/s41061-021-00335-9"
"10.1126/science.abb3405","Christian Drosten","middle","6y2e","10.1016/j.molstruc.2020.129454"
"10.1126/science.abb3405","Christian Drosten","middle","6y2e","10.1016/j.jmb.2022.167748"
"10.1126/science.abb3405","Christian Drosten","middle","6y2e","10.1080/07391102.2020.1806930"
"10.1126/science.abb3405","Christian Drosten","middle","6y2e","10.1016/j.jviromet.2021.114070"
"10.1126/science.abb3405","Christian Drosten","middle","6y2e","10.1016/j.compbiomed.2020.104054"
"10.1126/science.abb3405","Christian Drosten","middle","6y2e","10.3390/molecules26247458"
"10.1126/science.abb3405","Christian Drosten","middle","6y2e","10.1016/j.jmgm.2021.108023"
"10.1126/science.abb3405","Christian Drosten","middle","6y2e","10.1007/s11030-022-10383-y"
"10.1126/science.abb3405","Christian Drosten","middle","6y2e","10.1016/j.molstruc.2021.130094"
"10.1126/science.abb3405","Christian Drosten","middle","6y2e","10.1016/j.ijantimicag.2020.106119"
"10.1126/science.abb3405","Christian Drosten","middle","6y2e","10.1186/s10020-021-00356-6"
"10.1126/science.abb3405","Christian Drosten","middle","6y2e","10.1016/j.ejmech.2021.113530"
"10.1126/science.abb3405","Christian Drosten","middle","6y2e","10.3390/microorganisms8081250"
"10.1126/science.abb3405","Christian Drosten","middle","6y2e","10.1016/j.biopha.2021.111742"
"10.1126/science.abb3405","Christian Drosten","middle","6y2e","10.1016/j.molstruc.2022.134642"
"10.1126/science.abb3405","Christian Drosten","middle","6y2e","10.3390/ijms22063232"
"10.1126/science.abb3405","Christian Drosten","middle","6y2e","10.3389/fchem.2021.622898"
"10.1126/science.abb3405","Christian Drosten","middle","6y2e","10.3390/molecules27154908"
"10.1126/science.abb3405","Christian Drosten","middle","6y2e","10.3390/biom12121754"
"10.1126/science.abb3405","Christian Drosten","middle","6y2e","10.3390/ijms23063261"
"10.1126/science.abb3405","Christian Drosten","middle","6y2e","10.1021/acs.jmedchem.0c01140"
"10.1126/science.abb3405","Christian Drosten","middle","6y2e","10.1016/j.molliq.2022.119867"
"10.1126/science.abb3405","Christian Drosten","middle","6y2e","10.1007/s10930-020-09933-w"
"10.1126/science.abb3405","Christian Drosten","middle","6y2e","10.1016/j.apsb.2021.06.016"
"10.1126/science.abb3405","Christian Drosten","middle","6y2e","10.1016/j.freeradbiomed.2020.06.032"
"10.1126/science.abb3405","Christian Drosten","middle","6y2e","10.1016/j.jics.2022.100417"
"10.1126/science.abb3405","Christian Drosten","middle","6y2e","10.1016/b978-0-12-821618-7.00111-5"
"10.1126/science.abb3405","Christian Drosten","middle","6y2e","10.1016/j.molstruc.2020.128878"
"10.1126/science.abb3405","Christian Drosten","middle","6y2e","10.1016/j.molstruc.2021.130488"
"10.1126/science.abb3405","Christian Drosten","middle","6y2e","10.1155/2022/3697498"
"10.1126/science.abb3405","Christian Drosten","middle","6y2e","10.1186/s40816-022-00347-y"
"10.1126/science.abb3405","Christian Drosten","middle","6y2e","10.1016/j.ijbiomac.2020.07.235"
"10.1126/science.abb3405","Christian Drosten","middle","6y2e","10.1016/j.sjbs.2021.10.023"
"10.1126/science.abb3405","Christian Drosten","middle","6y2f","10.3389/fmolb.2020.616341"
"10.1126/science.abb3405","Christian Drosten","middle","6y2f","10.1016/j.compbiomed.2020.104186"
"10.1126/science.abb3405","Christian Drosten","middle","6y2f","10.1021/acs.jmedchem.2c01005"
"10.1126/science.abb3405","Christian Drosten","middle","6y2f","10.1080/07391102.2020.1757510"
"10.1126/science.abb3405","Christian Drosten","middle","6y2f","10.1002/jmr.2918"
"10.1126/science.abb3405","Christian Drosten","middle","6y2f","10.1016/j.inoche.2021.109029"
"10.1126/science.abb3405","Christian Drosten","middle","6y2f","10.1016/j.drudis.2023.103579"
"10.1126/science.abb3405","Christian Drosten","middle","6y2f","10.1080/17415993.2020.1817457"
"10.1126/science.abb3405","Christian Drosten","middle","6y2f","10.4103/tcmj.tcmj_318_21"
"10.1126/science.abb3405","Christian Drosten","middle","6y2f","10.1016/j.jiph.2022.10.013"
"10.1126/science.abb3405","Christian Drosten","middle","6y2f","10.1111/febs.15366"
"10.1126/science.abb3405","Christian Drosten","middle","6y2f","10.1021/acsinfecdis.0c00224"
"10.1126/science.abb3405","Christian Drosten","middle","6y2f","10.1007/s43440-020-00195-y"
"10.1126/science.abb3405","Christian Drosten","middle","6y2f","10.1021/acs.jproteome.0c00430"
"10.1126/science.abb3405","Christian Drosten","middle","6y2f","10.1002/ptr.7030"
"10.1126/science.abb3405","Christian Drosten","middle","6y2f","10.1186/s43094-021-00275-7"
"10.1126/science.abb3405","Christian Drosten","middle","6y2f","10.1021/acsfoodscitech.1c00179"
"10.1126/science.abb3405","Christian Drosten","middle","6y2f","10.1021/acsptsci.0c00215"
"10.1126/science.abb3405","Christian Drosten","middle","6y2f","10.1021/acscatal.0c03420"
"10.1126/science.abb3405","Christian Drosten","middle","6y2f","10.2217/nnm-2020-0447"
"10.1126/science.abb3405","Christian Drosten","middle","6y2f","10.1080/07391102.2021.1922310"
"10.1126/science.abb3405","Christian Drosten","middle","6y2f","10.1186/s43094-022-00423-7"
"10.1126/science.abb3405","Christian Drosten","middle","6y2f","10.1021/acs.jpclett.0c00994"
"10.1126/science.abb3405","Christian Drosten","middle","6y2f","10.1016/j.jmb.2020.11.024"
"10.1126/science.abb3405","Christian Drosten","middle","6y2f","10.1021/acsomega.0c04808"
"10.1126/science.abb3405","Christian Drosten","middle","6y2f","10.1002/smsc.202100124"
"10.1126/science.abb3405","Christian Drosten","middle","6y2f","10.3390/microorganisms8081250"
"10.1126/science.abb3405","Christian Drosten","middle","6y2f","10.3390/molecules28020739"
"10.1126/science.abb3405","Christian Drosten","middle","6y2f","10.1021/acs.jmedchem.1c00058"
"10.1126/science.abb3405","Christian Drosten","middle","6y2f","10.1042/bsr20202616"
"10.1126/science.abb3405","Christian Drosten","middle","6y2f","10.4103/ijp.ijp_338_20"
"10.1126/science.abb3405","Christian Drosten","middle","6y2f","10.1371/journal.pone.0235030"
"10.1126/science.abb3405","Christian Drosten","middle","6y2f","10.1016/j.jsps.2022.02.014"
"10.1126/science.abb3405","Christian Drosten","middle","6y2f","10.1021/acs.inorgchem.0c02373"
"10.1126/science.abb3405","Christian Drosten","middle","6y2f","10.1016/j.molstruc.2022.134857"
"10.1126/science.abb3405","Christian Drosten","middle","6y2f","10.3390/ijms21155346"
"10.1126/science.abb3405","Christian Drosten","middle","6y2f","10.1016/j.bpc.2020.106510"
"10.1126/science.abb3405","Christian Drosten","middle","6y2f","10.1080/07391102.2020.1824814"
"10.1126/science.abb3405","Christian Drosten","middle","6y2f","10.1007/s40011-021-01292-5"
"10.1126/science.abb3405","Christian Drosten","middle","6y2f","10.1002/ptr.7097"
"10.1126/science.abb3405","Christian Drosten","middle","6y2f","10.1128/jvi.02013-21"
"10.1126/science.abb3405","Christian Drosten","middle","6y2f","10.1080/21655979.2022.2027181"
"10.1126/science.abb3405","Christian Drosten","middle","6y2f","10.3390/molecules26164743"
"10.1126/science.abb3405","Christian Drosten","middle","6y2f","10.1016/j.apsb.2021.06.016"
"10.1126/science.abb3405","Christian Drosten","middle","6y2f","10.1039/d1ra02529e"
"10.1126/science.abb3405","Christian Drosten","middle","6y2f","10.1021/acs.jmedchem.1c00665"
"10.1126/science.abb3405","Christian Drosten","middle","6y2f","10.1021/acs.jmedchem.2c01229"
"10.1126/science.abb3405","Christian Drosten","middle","6y2f","10.3390/life12010054"
"10.1126/science.abb3405","Christian Drosten","middle","6y2f","10.1016/j.ejphar.2020.173705"
"10.1126/science.abb3405","Christian Drosten","middle","6y2f","10.1039/d0ra08304f"
"10.1126/science.abb3405","Christian Drosten","middle","6y2f","10.1016/j.molstruc.2021.131782"
"10.1126/science.abb3405","Christian Drosten","middle","6y2f","10.1007/s11101-021-09754-4"
"10.1126/science.abb3405","Christian Drosten","middle","6y2f","10.1016/j.compbiomed.2020.104117"
"10.1126/science.abb3405","Christian Drosten","middle","6y2f","10.3390/ijms23031771"
"10.1126/science.abb3405","Christian Drosten","middle","6y2f","10.1002/ptr.7442"
"10.1126/science.abb3405","Christian Drosten","middle","6y2f","10.1038/s41598-020-79918-3"
"10.1126/science.abb3405","Christian Drosten","middle","6y2f","10.1101/2020.07.27.223727"
"10.1126/science.abb3405","Christian Drosten","middle","6y2f","10.1038/s41598-022-17204-0"
"10.1126/science.abb3405","Christian Drosten","middle","6y2f","10.3389/fmolb.2021.648232"
"10.1126/science.abb3405","Christian Drosten","middle","6y2f","10.3390/ijms22179124"
"10.1126/science.abb3405","Christian Drosten","middle","6y2f","10.1021/acs.jmedchem.2c02074"
"10.1126/science.abb3405","Christian Drosten","middle","6y2f","10.1016/j.molstruc.2021.131125"
"10.1126/science.abb3405","Christian Drosten","middle","6y2f","10.1021/acs.jcim.0c00634"
"10.1126/science.abb3405","Christian Drosten","middle","6y2f","10.3390/ijms23042392"
"10.1126/science.abb3405","Christian Drosten","middle","6y2f","10.3389/fchem.2020.595273"
"10.1126/science.abb3405","Christian Drosten","middle","6y2f","10.1016/j.molliq.2022.118775"
"10.1126/science.abb3405","Christian Drosten","middle","6y2f","10.1007/s11030-021-10188-5"
"10.1126/science.abb3405","Christian Drosten","middle","6y2f","10.1371/journal.pone.0269563"
"10.1126/science.abb3405","Christian Drosten","middle","6y2f","10.1080/07391102.2020.1760137"
"10.1126/science.abb3405","Christian Drosten","middle","6y2f","10.3390/ijms21113793"
"10.1126/science.abb3405","Christian Drosten","middle","6y2f","10.3390/nu14050942"
"10.1126/science.abb3405","Christian Drosten","middle","6y2f","10.1016/j.foodchem.2020.128366"
"10.1126/science.abb3405","Christian Drosten","middle","6y2f","10.1016/j.csbj.2022.04.010"
"10.1126/science.abb3405","Christian Drosten","middle","6y2f","10.1080/07391102.2021.1910571"
"10.1126/science.abb3405","Christian Drosten","middle","6y2f","10.1038/s41598-020-74468-0"
"10.1126/science.abb3405","Christian Drosten","middle","6y2f","10.1039/d0ra05265e"
"10.1126/science.abb3405","Christian Drosten","middle","6y2f","10.1016/j.chphi.2022.100105"
"10.1126/science.abb3405","Christian Drosten","middle","6y2f","10.1016/j.bmcl.2020.127377"
"10.1126/science.abb3405","Christian Drosten","middle","6y2f","10.1038/s41467-021-22362-2"
"10.1126/science.abb3405","Christian Drosten","middle","6y2f","10.3390/ph14010044"
"10.1126/science.abb3405","Christian Drosten","middle","6y2f","10.1038/s42003-022-03186-2"
"10.1126/science.abb3405","Christian Drosten","middle","6y2f","10.1016/j.bmc.2020.115745"
"10.1126/science.abb3405","Christian Drosten","middle","6y2f","10.1007/s11030-020-10134-x"
"10.1126/science.abb3405","Christian Drosten","middle","6y2f","10.3390/v12080805"
"10.1126/science.abb3405","Christian Drosten","middle","6y2f","10.1038/s41422-020-0356-z"
"10.1126/science.abb3405","Christian Drosten","middle","6y2f","10.3390/biom11060787"
"10.1126/science.abb3405","Christian Drosten","middle","6y2f","10.1016/j.virol.2020.12.008"
"10.1126/science.abb3405","Christian Drosten","middle","6y2f","10.1016/j.ejmech.2020.112687"
"10.1126/science.abb3405","Christian Drosten","middle","6y2f","10.1007/s10930-020-09933-w"
"10.1126/science.abb3405","Christian Drosten","middle","6y2f","10.1039/d2sc06584c"
"10.1126/science.abb3405","Christian Drosten","middle","6y2f","10.3389/fchem.2020.590263"
"10.1126/science.abb3405","Christian Drosten","middle","6y2f","10.1007/s11030-020-10166-3"
"10.1126/science.abb3405","Christian Drosten","middle","6y2f","10.1039/d0ra09858b"
"10.1126/science.abb3405","Christian Drosten","middle","6y2f","10.1016/j.compbiolchem.2021.107463"
"10.1126/science.abb3405","Christian Drosten","middle","6y2f","10.1128/mbio.01833-20"
"10.1126/science.abb3405","Christian Drosten","middle","6y2f","10.1002/cbic.202100186"
"10.1126/science.abb3405","Christian Drosten","middle","6y2f","10.1021/acs.jnatprod.0c00968"
"10.1126/science.abb3405","Christian Drosten","middle","6y2f","10.1101/2020.04.20.051581"
"10.1126/science.abb3405","Christian Drosten","middle","6y2f","10.1016/j.bbrc.2020.11.041"
"10.1126/science.abb3405","Christian Drosten","middle","6y2f","10.1093/bib/bbaa209"
"10.1126/science.abb3405","Christian Drosten","middle","6y2f","10.1098/rsos.211480"
"10.1126/science.abb3405","Christian Drosten","middle","6y2f","10.1016/j.jksus.2020.101234"
"10.1126/science.abb3405","Christian Drosten","middle","6y2f","10.1016/j.bioorg.2020.104269"
"10.1126/science.abb3405","Christian Drosten","middle","6y2f","10.1186/s12859-022-05107-w"
"10.1126/science.abb3405","Christian Drosten","middle","6y2f","10.1007/s10753-021-01602-z"
"10.1126/science.abb3405","Christian Drosten","middle","6y2f","10.1016/j.molstruc.2022.134642"
"10.1126/science.abb3405","Christian Drosten","middle","6y2f","10.1073/pnas.2024302118"
"10.1126/science.abb3405","Christian Drosten","middle","6y2f","10.1016/j.ijantimicag.2020.106055"
"10.1126/science.abb3405","Christian Drosten","middle","6y2f","10.3390/ph14030213"
"10.1126/science.abb3405","Christian Drosten","middle","6y2f","10.1016/j.compbiomed.2021.105183"
"10.1126/science.abb3405","Christian Drosten","middle","6y2f","10.1007/s13659-020-00275-9"
"10.1126/science.abb3405","Christian Drosten","middle","6y2f","10.1007/s00044-023-03065-3"
"10.1126/science.abb3405","Christian Drosten","middle","6y2f","10.1080/07391102.2020.1806930"
"10.1126/science.abb3405","Christian Drosten","middle","6y2f","10.1016/j.drudis.2020.12.005"
"10.1126/science.abb3405","Christian Drosten","middle","6y2f","10.1016/j.jksus.2021.101707"
"10.1126/science.abb3405","Christian Drosten","middle","6y2f","10.1039/d0ra06212j"
"10.1126/science.abb3405","Christian Drosten","middle","6y2f","10.1016/j.scib.2020.10.018"
"10.1126/science.abb3405","Christian Drosten","middle","6y2f","10.1016/j.lfs.2020.117831"
"10.1126/science.abb3405","Christian Drosten","middle","6y2f","10.3390/molecules27082523"
"10.1126/science.abb3405","Christian Drosten","middle","6y2f","10.3389/fmicb.2021.647295"
"10.1126/science.abb3405","Christian Drosten","middle","6y2f","10.1016/j.biochi.2021.01.010"
"10.1126/science.abb3405","Christian Drosten","middle","6y2f","10.3390/ijms21145152"
"10.1126/science.abb3405","Christian Drosten","middle","6y2f","10.1016/j.molliq.2020.114999"
"10.1126/science.abb3405","Christian Drosten","middle","6y2f","10.1021/acs.jmedchem.0c01140"
"10.1126/science.abb3405","Christian Drosten","middle","6y2f","10.1016/j.compbiolchem.2020.107351"
"10.1126/science.abb3405","Christian Drosten","middle","6y2f","10.1016/j.ejmech.2021.113267"
"10.1126/science.abb3405","Christian Drosten","middle","6y2f","10.1016/j.ejmech.2021.113157"
"10.1126/science.abb3405","Christian Drosten","middle","6y2f","10.1016/j.ijbiomac.2020.07.235"
"10.1126/science.abb3405","Christian Drosten","middle","6y2f","10.1080/07391102.2020.1798286"
"10.1126/science.abb3405","Christian Drosten","middle","6y2f","10.1007/s41061-021-00335-9"
"10.1126/science.abb3405","Christian Drosten","middle","6y2f","10.1002/aoc.6836"
"10.1126/science.abb3405","Christian Drosten","middle","6y2f","10.1007/s40011-021-01338-8"
"10.1126/science.abb3405","Christian Drosten","middle","6y2f","10.1038/s41598-020-77794-5"
"10.1126/science.abb3405","Christian Drosten","middle","6y2f","10.1101/2020.08.03.235291"
"10.1126/science.abb3405","Christian Drosten","middle","6y2f","10.1016/j.compbiomed.2021.104525"
"10.1126/science.abb3405","Christian Drosten","middle","6y2f","10.1002/slct.202201229"
"10.1126/science.abb3405","Christian Drosten","middle","6y2f","10.1126/sciadv.abe0751"
"10.1126/science.abb3405","Christian Drosten","middle","6y2f","10.1038/s41467-020-18709-w"
"10.1126/science.abb3405","Christian Drosten","middle","6y2f","10.1016/j.jksus.2020.07.007"
"10.1126/science.abb3405","Christian Drosten","middle","6y2f","10.1016/j.cbi.2020.109348"
"10.1126/science.abb3405","Christian Drosten","middle","6y2f","10.1016/j.str.2021.06.002"
"10.1126/science.abb3405","Christian Drosten","middle","6y2f","10.1039/d0ra07352k"
"10.1126/science.abb3405","Christian Drosten","middle","6y2g","10.1016/j.molstruc.2021.131920"
"10.1126/science.abb3405","Christian Drosten","middle","6y2g","10.1016/j.ejphar.2020.173705"
"10.1126/science.abb3405","Christian Drosten","middle","6y2g","10.1093/bib/bbab416"
"10.1126/science.abb3405","Christian Drosten","middle","6y2g","10.1016/j.celrep.2021.109133"
"10.1126/science.abb3405","Christian Drosten","middle","6y2g","10.1038/s41598-020-69337-9"
"10.1126/science.abb3405","Christian Drosten","middle","6y2g","10.1016/j.bmcl.2021.128099"
"10.1126/science.abb3405","Christian Drosten","middle","6y2g","10.1063/5.0013029"
"10.1126/science.abb3405","Christian Drosten","middle","6y2g","10.1021/jacs.0c10770"
"10.1126/science.abb3405","Christian Drosten","middle","6y2g","10.3390/ijms21113793"
"10.1126/science.abb3405","Christian Drosten","middle","6y2g","10.3390/molecules27154739"
"10.1126/science.abb3405","Christian Drosten","middle","6y2g","10.1021/acsmedchemlett.1c00299"
"10.1126/science.abb3405","Christian Drosten","middle","6y2g","10.1039/d1ra05817g"
"10.1126/science.abb3405","Christian Drosten","middle","6y2g","10.3390/metabo12111109"
"10.1126/science.abb3405","Christian Drosten","middle","6y2g","10.26434/chemrxiv.12153615"
"10.1126/science.abb3405","Christian Drosten","middle","6y2g","10.1111/febs.15366"
"10.1126/science.abb3405","Christian Drosten","middle","6y2g","10.1021/acssynbio.1c00368"
"10.1126/science.abb3405","Christian Drosten","middle","6y2g","10.1002/bmb.21580"
"10.1126/science.abb3405","Christian Drosten","middle","6y2g","10.1021/acs.biochem.0c00782"
"10.1126/science.abb3405","Christian Drosten","middle","6y2g","10.3390/ijms232012235"
"10.1126/science.abb3405","Christian Drosten","middle","6y2g","10.1016/j.jmgm.2020.107730"
"10.1126/science.abb3405","Christian Drosten","middle","6y2g","10.1016/j.compbiomed.2020.104186"
"10.1126/science.abb3405","Christian Drosten","middle","6y2g","10.1080/07391102.2020.1868337"
"10.1126/science.abb3405","Christian Drosten","middle","6y2g","10.3906/biy-2106-42"
"10.1126/science.abb3405","Christian Drosten","middle","6y2g","10.1080/07391102.2020.1806930"
"10.1126/science.abb3405","Christian Drosten","middle","6y2g","10.1016/j.foodchem.2021.130589"
"10.1126/science.abb3405","Christian Drosten","middle","6y2g","10.1186/s13321-020-00474-z"
"10.1126/science.abb3405","Christian Drosten","middle","6y2g","10.1007/s10930-020-09933-w"
"10.1126/science.abb3405","Christian Drosten","middle","6y2g","10.1016/j.str.2021.06.002"
"10.1126/science.abb3405","Christian Drosten","middle","6y2g","10.1080/07391102.2020.1768149"
"10.1126/science.abb3405","Christian Drosten","middle","6y2g","10.3390/microorganisms8081250"
"10.1126/science.abb3405","Christian Drosten","middle","6y2g","10.2147/dddt.s366423"
"10.1126/science.abb3405","Christian Drosten","middle","6y2g","10.3390/biom11010074"
"10.1126/science.abb3405","Christian Drosten","middle","6y2g","10.3389/fchem.2020.595273"
"10.1126/science.abb3405","Christian Drosten","middle","6y2g","10.4155/fmc-2020-0264"
"10.1126/science.abb3405","Christian Drosten","middle","6y2g","10.1021/acsinfecdis.0c00224"
"10.1126/science.abb3405","Christian Drosten","middle","6y2g","10.3390/ph14010044"
"10.1126/science.abb3405","Christian Drosten","middle","6y2g","10.2217/fvl-2020-0329"
"10.1126/science.abb3405","Christian Drosten","middle","6y2g","10.1016/j.antiviral.2022.105350"
"10.1126/science.abb3405","Christian Drosten","middle","6y2g","10.3390/ijms22063232"
"10.1126/science.abb3405","Christian Drosten","middle","6y2g","10.1016/j.molstruc.2021.132041"
"10.1126/science.abb3405","Christian Drosten","middle","6y2g","10.3390/molecules26216559"
"10.1126/science.abb3405","Christian Drosten","middle","6y2g","10.1007/s11030-021-10211-9"
"10.1126/science.abb3405","Christian Drosten","middle","6y2g","10.3390/ijms21145152"
"10.1126/science.abb3405","Christian Drosten","middle","6y2g","10.1042/bst20200396"
"10.1126/science.abb3405","Christian Drosten","middle","6y2g","10.1021/acs.jmedchem.0c01140"
"10.1126/science.abb3405","Christian Drosten","middle","6y2g","10.1016/j.compbiolchem.2020.107408"
"10.1126/science.abb3405","Christian Drosten","middle","6y2g","10.3390/cimb44100311"
"10.1126/science.abb3405","Christian Drosten","middle","6y2g","10.3390/molecules25215172"
"10.1126/science.abb3405","Christian Drosten","middle","6y2g","10.1186/s12967-020-02448-z"
"10.1126/science.abb3405","Christian Drosten","middle","6y2g","10.1007/s11030-020-10134-x"
"10.1126/science.abb3405","Christian Drosten","middle","6y2g","10.1016/j.drudis.2020.12.005"
"10.1126/science.abb3405","Christian Drosten","middle","6y2g","10.1021/acsptsci.0c00215"
"10.1126/science.abb3405","Christian Drosten","middle","6y2g","10.4103/ijp.ijp_338_20"
"10.1126/science.abb3405","Christian Drosten","middle","6y2g","10.1080/07391102.2021.1927845"
"10.1126/science.abb3405","Christian Drosten","middle","6y2g","10.1002/jcc.27050"
"10.1126/science.abb3405","Christian Drosten","middle","6y2g","10.3389/fchem.2021.622898"
"10.1126/science.abb3405","Christian Drosten","middle","6y2g","10.1080/14756366.2023.2202357"
"10.1126/science.abb3405","Christian Drosten","middle","6y2g","10.1016/j.biochi.2021.01.010"
"10.1126/science.abb3405","Christian Drosten","middle","6y2g","10.1016/j.physrep.2020.07.005"
"10.1126/science.abb3405","Christian Drosten","middle","6y2g","10.1016/j.crmicr.2020.06.003"
"10.1126/science.abb3405","Christian Drosten","middle","6y2g","10.1002/cbdv.202100719"
"10.1126/science.abb3405","Christian Drosten","middle","6y2g","10.1016/j.drudis.2023.103579"
"10.1126/science.abb3405","Christian Drosten","middle","6y2g","10.1016/j.compbiomed.2022.106284"
"10.1126/science.abb3405","Christian Drosten","middle","6y2g","10.1016/j.compbiomed.2022.105738"
"10.1126/science.abb3405","Christian Drosten","middle","6y2g","10.3389/fchem.2022.948553"
"10.1126/science.abb3405","Christian Drosten","middle","6y2g","10.3390/antibiotics10070751"
"10.1126/science.abb3405","Christian Drosten","middle","6y7m","10.1016/j.jiph.2022.10.013"
"10.1126/science.abb3405","Christian Drosten","middle","6y7m","10.3390/ijms21113793"
"10.1126/science.abb3405","Christian Drosten","middle","6y7m","10.12688/f1000research.23829.2"
"10.1126/science.abb3405","Christian Drosten","middle","6y7m","10.1007/s11030-020-10134-x"
"10.1126/science.abb3405","Christian Drosten","middle","6y7m","10.3389/fchem.2021.757826"
"10.1126/science.abb3405","Christian Drosten","middle","6y7m","10.1016/j.jmb.2021.167003"
"10.1126/science.abb3405","Christian Drosten","middle","6y7m","10.3390/ijms23063261"
"10.1126/science.abb3405","Christian Drosten","middle","6y7m","10.1016/j.bioorg.2020.104326"
"10.1126/science.abb3405","Christian Drosten","middle","6y7m","10.3390/molecules26103003"
"10.1126/science.abb3405","Christian Drosten","middle","6y7m","10.1016/j.compbiomed.2021.104362"
"10.1126/science.abb3405","Christian Drosten","middle","6y7m","10.1111/febs.15366"
"10.1126/science.abb3405","Christian Drosten","middle","6y7m","10.1016/j.virol.2020.12.008"
"10.1136/jitc-2020-002226","Philipp Jurmeister","middle","gse175699","10.3389/fonc.2022.1030335"
"10.1155/2020/5943014","Huan Luo","middle","gse85047","10.1038/s41467-022-31331-2"
"10.1155/2020/5943014","Huan Luo","middle","gse85047","10.1002/ijc.32430"
"10.1155/2020/5943014","Huan Luo","middle","gse85047","10.1038/s41467-018-06699-9"
"10.1155/2020/5943014","Huan Luo","middle","gse85047","10.1038/s41467-021-21859-0"
"10.1155/2020/5943014","Huan Luo","middle","gse85047","10.5808/gi.2019.17.3.e30"
"10.1155/2020/5943014","Huan Luo","middle","gse85047","10.3390/cancers12071739"
"10.1155/2020/5943014","Huan Luo","middle","gse85047","10.1038/s41420-022-00963-0"
"10.1155/2020/5943014","Huan Luo","middle","gse85047","10.1038/s41388-021-02018-7"
"10.1155/2020/5943014","Huan Luo","middle","gse85047","10.3389/fgene.2022.947000"
"10.1155/2020/5943014","Huan Luo","middle","gse85047","10.1158/2767-9764.crc-21-0134"
"10.1155/2020/5943014","Huan Luo","middle","gse85047","10.3389/fonc.2020.575366"
"10.1155/2020/5943014","Huan Luo","middle","gse85047","10.1042/ns20200006"
"10.1155/2020/5943014","Huan Luo","middle","gse85047","10.3389/fonc.2021.631546"
"10.1155/2020/5943014","Huan Luo","middle","gse85047","10.3389/fonc.2022.988415"
"10.1155/2020/5943014","Huan Luo","middle","gse85047","10.1177/15330338211039132"
"10.1155/2020/5943014","Huan Luo","middle","gse85047","10.1186/s12863-022-01059-5"
"10.1155/2020/5943014","Huan Luo","middle","gse85047","10.3390/ijms19092832"
"10.1155/2020/5943014","Huan Luo","middle","gse85047","10.1186/s13046-021-02044-z"
"10.1155/2020/5943014","Huan Luo","middle","gse85047","10.1038/s41467-019-13515-5"
"10.1155/2020/5943014","Huan Luo","middle","gse85047","10.1136/jitc-2022-005980"
"10.1155/2020/5943014","Huan Luo","middle","gse85047","10.1186/s12887-021-02753-6"
"10.1155/2020/5943014","Huan Luo","middle","gse85047","10.1186/s12957-022-02641-y"
"10.1155/2020/5943014","Huan Luo","middle","gse85047","10.1186/s12887-022-03424-w"
"10.1155/2020/5943014","Huan Luo","middle","gse85047","10.1038/s41419-022-04635-w"
"10.1155/2020/5943014","Huan Luo","middle","gse85047","10.1186/s13046-022-02523-x"
"10.1155/2020/5943014","Chao Ma","last","gse85047","10.1038/s41467-022-31331-2"
"10.1155/2020/5943014","Chao Ma","last","gse85047","10.1002/ijc.32430"
"10.1155/2020/5943014","Chao Ma","last","gse85047","10.1038/s41467-018-06699-9"
"10.1155/2020/5943014","Chao Ma","last","gse85047","10.1038/s41467-021-21859-0"
"10.1155/2020/5943014","Chao Ma","last","gse85047","10.5808/gi.2019.17.3.e30"
"10.1155/2020/5943014","Chao Ma","last","gse85047","10.3390/cancers12071739"
"10.1155/2020/5943014","Chao Ma","last","gse85047","10.1038/s41420-022-00963-0"
"10.1155/2020/5943014","Chao Ma","last","gse85047","10.1038/s41388-021-02018-7"
"10.1155/2020/5943014","Chao Ma","last","gse85047","10.3389/fgene.2022.947000"
"10.1155/2020/5943014","Chao Ma","last","gse85047","10.1158/2767-9764.crc-21-0134"
"10.1155/2020/5943014","Chao Ma","last","gse85047","10.3389/fonc.2020.575366"
"10.1155/2020/5943014","Chao Ma","last","gse85047","10.1042/ns20200006"
"10.1155/2020/5943014","Chao Ma","last","gse85047","10.3389/fonc.2021.631546"
"10.1155/2020/5943014","Chao Ma","last","gse85047","10.3389/fonc.2022.988415"
"10.1155/2020/5943014","Chao Ma","last","gse85047","10.1177/15330338211039132"
"10.1155/2020/5943014","Chao Ma","last","gse85047","10.1186/s12863-022-01059-5"
"10.1155/2020/5943014","Chao Ma","last","gse85047","10.3390/ijms19092832"
"10.1155/2020/5943014","Chao Ma","last","gse85047","10.1186/s13046-021-02044-z"
"10.1155/2020/5943014","Chao Ma","last","gse85047","10.1038/s41467-019-13515-5"
"10.1155/2020/5943014","Chao Ma","last","gse85047","10.1136/jitc-2022-005980"
"10.1155/2020/5943014","Chao Ma","last","gse85047","10.1186/s12887-021-02753-6"
"10.1155/2020/5943014","Chao Ma","last","gse85047","10.1186/s12957-022-02641-y"
"10.1155/2020/5943014","Chao Ma","last","gse85047","10.1186/s12887-022-03424-w"
"10.1155/2020/5943014","Chao Ma","last","gse85047","10.1038/s41419-022-04635-w"
"10.1155/2020/5943014","Chao Ma","last","gse85047","10.1186/s13046-022-02523-x"
"10.1158/1055-9965.epi-20-0714","Hendrik Bläker","middle","phs001078","10.1186/s13073-023-01156-9"
"10.1158/1055-9965.epi-20-0714","Hendrik Bläker","middle","phs001078","10.1371/journal.pone.0266481"
"10.1158/1055-9965.epi-20-0714","Hendrik Bläker","middle","phs001078","10.1186/s13073-023-01163-w"
"10.1158/2159-8290.cd-20-1202","Roland Eils","middle","gse57973","10.1172/jci.insight.151621"
"10.1158/2159-8290.cd-20-1202","Roland Eils","middle","gse57973","10.3390/biology11010022"
"10.1158/2159-8290.cd-20-1202","Roland Eils","middle","gse81547","10.1126/sciadv.abo3932"
"10.1158/2159-8290.cd-20-1202","Roland Eils","middle","gse81547","10.1038/s41598-020-71805-1"
"10.1158/2159-8290.cd-20-1202","Roland Eils","middle","gse81547","10.3389/fgene.2022.825896"
"10.1158/2159-8290.cd-20-1202","Roland Eils","middle","gse81547","10.1093/bioinformatics/btac227"
"10.1158/2159-8290.cd-20-1202","Roland Eils","middle","gse81547","10.3389/fgene.2019.00629"
"10.1158/2159-8290.cd-20-1202","Roland Eils","middle","gse81547","10.3389/fendo.2021.736286"
"10.1158/2159-8290.cd-20-1202","Roland Eils","middle","gse81547","10.1038/s41598-018-35218-5"
"10.1158/2159-8290.cd-20-1202","Roland Eils","middle","gse81547","10.1016/j.molmet.2022.101595"
"10.1158/2159-8290.cd-20-1202","Roland Eils","middle","gse81547","10.1186/s13059-022-02785-w"
"10.1158/2159-8290.cd-20-1202","Roland Eils","middle","gse81547","10.1016/j.molmet.2021.101213"
"10.1158/2159-8290.cd-20-1202","Roland Eils","middle","gse81547","10.1038/s41467-021-22248-3"
"10.1158/2159-8290.cd-20-1202","Roland Eils","middle","gse81547","10.3389/fgene.2020.00295"
"10.1158/2159-8290.cd-20-1202","Roland Eils","middle","gse81547","10.1038/s41467-021-26779-7"
"10.1158/2159-8290.cd-20-1202","Roland Eils","middle","gse81547","10.1016/j.isci.2022.105366"
"10.1158/2159-8290.cd-21-0276","Livius Penter","first","gse142745","10.1093/molbev/msac090"
"10.1158/2159-8290.cd-21-0276","Livius Penter","first","gse165087","10.1038/s41591-022-01927-8"
"10.1158/2159-8290.cd-21-0276","Leif S. Ludwig","middle","gse142745","10.1093/molbev/msac090"
"10.1158/2159-8290.cd-21-0276","Leif S. Ludwig","middle","gse165087","10.1038/s41591-022-01927-8"
"10.1158/2643-3230.bcd-19-0059","Maurice Reimann","middle","srr12801265","10.1186/s12859-021-03996-x"
"10.1182/bloodadvances.2020003230","Tamara J. Blätte","middle","gse158596","10.3389/fonc.2021.684396"
"10.1182/bloodadvances.2020003230","Bernhard Gillissen","middle","gse158596","10.3389/fonc.2021.684396"
"10.1182/bloodadvances.2020003230","Antje Richter","middle","gse158596","10.3389/fonc.2021.684396"
"10.1182/bloodadvances.2020003230","Anna Dolnik","middle","gse158596","10.3389/fonc.2021.684396"
"10.1182/bloodadvances.2020003230","Lars Bullinger","last","gse158596","10.3389/fonc.2021.684396"
"10.1186/s13058-020-01379-3","Jens‐Uwe Blohmer","middle","gse89888","10.1038/s41467-021-24910-2"
"10.1186/s13058-020-01379-3","A Machleidt","middle","gse89888","10.1038/s41467-021-24910-2"
"10.15252/embj.2019104013","Hagen Kulbe","middle","gse124766","10.1186/s12885-022-09807-7"
"10.15252/embj.2019104013","Hagen Kulbe","middle","gse124766","10.1155/2021/3752871"
"10.15252/embj.2019104013","Hagen Kulbe","middle","gse124766","10.1371/journal.pone.0265746"
"10.15252/embj.2019104013","Tomasz Żemojtel","middle","gse124766","10.1186/s12885-022-09807-7"
"10.15252/embj.2019104013","Tomasz Żemojtel","middle","gse124766","10.1155/2021/3752871"
"10.15252/embj.2019104013","Tomasz Żemojtel","middle","gse124766","10.1371/journal.pone.0265746"
"10.15252/embj.2019104013","Eliane T. Taube","middle","gse124766","10.1186/s12885-022-09807-7"
"10.15252/embj.2019104013","Eliane T. Taube","middle","gse124766","10.1155/2021/3752871"
"10.15252/embj.2019104013","Eliane T. Taube","middle","gse124766","10.1371/journal.pone.0265746"
"10.15252/embj.2019104013","Silvia Darb‐Esfahani","middle","gse124766","10.1186/s12885-022-09807-7"
"10.15252/embj.2019104013","Silvia Darb‐Esfahani","middle","gse124766","10.1155/2021/3752871"
"10.15252/embj.2019104013","Silvia Darb‐Esfahani","middle","gse124766","10.1371/journal.pone.0265746"
"10.15252/embj.2019104013","Jalid Sehouli","middle","gse124766","10.1186/s12885-022-09807-7"
"10.15252/embj.2019104013","Jalid Sehouli","middle","gse124766","10.1155/2021/3752871"
"10.15252/embj.2019104013","Jalid Sehouli","middle","gse124766","10.1371/journal.pone.0265746"
"10.15252/embj.2019104013","Radoslav Chekerov","middle","gse124766","10.1186/s12885-022-09807-7"
"10.15252/embj.2019104013","Radoslav Chekerov","middle","gse124766","10.1155/2021/3752871"
"10.15252/embj.2019104013","Radoslav Chekerov","middle","gse124766","10.1371/journal.pone.0265746"
"10.15252/embj.2019104013","Elena Ioana Braicu","middle","gse124766","10.1186/s12885-022-09807-7"
"10.15252/embj.2019104013","Elena Ioana Braicu","middle","gse124766","10.1155/2021/3752871"
"10.15252/embj.2019104013","Elena Ioana Braicu","middle","gse124766","10.1371/journal.pone.0265746"
"10.15252/embj.2019104296","Maja Milanovic","middle","gse158743","10.1038/s41467-022-29824-1"
"10.15252/embj.2019104296","Maja Milanovic","middle","gse158743","10.1016/j.celrep.2021.109441"
"10.15252/embj.2019104296","Kolja Schleich","middle","gse158743","10.1038/s41467-022-29824-1"
"10.15252/embj.2019104296","Kolja Schleich","middle","gse158743","10.1016/j.celrep.2021.109441"
"10.15252/embj.2019104296","Soyoung Lee","middle","gse158743","10.1038/s41467-022-29824-1"
"10.15252/embj.2019104296","Soyoung Lee","middle","gse158743","10.1016/j.celrep.2021.109441"
"10.15252/embj.2019104296","Clemens A. Schmitt","middle","gse158743","10.1038/s41467-022-29824-1"
"10.15252/embj.2019104296","Clemens A. Schmitt","middle","gse158743","10.1016/j.celrep.2021.109441"
"10.15252/emmm.202013191","Manqiang Lin","middle","gse156544","10.18632/aging.203823"
"10.15252/emmm.202013191","Manqiang Lin","middle","gse156544","10.1016/j.compbiomed.2023.106969"
"10.15252/emmm.202013191","Rosa Schmuck","middle","gse156544","10.18632/aging.203823"
"10.15252/emmm.202013191","Rosa Schmuck","middle","gse156544","10.1016/j.compbiomed.2023.106969"
"10.15252/emmm.202013191","Frank Tacke","middle","gse156544","10.18632/aging.203823"
"10.15252/emmm.202013191","Frank Tacke","middle","gse156544","10.1016/j.compbiomed.2023.106969"
"10.15252/emmm.202013659","Nicoleta Carmen Cosma","middle","gse153105","10.3389/fimmu.2022.1041284"
"10.15252/emmm.202013659","Nicoleta Carmen Cosma","middle","gse153180","10.3389/fnagi.2022.1020699"
"10.15252/emmm.202013659","Nicoleta Carmen Cosma","middle","gse44770","10.1186/s12864-015-1300-3"
"10.15252/emmm.202013659","Nicoleta Carmen Cosma","middle","gse44770","10.1093/braincomms/fcab123"
"10.15252/emmm.202013659","Nicoleta Carmen Cosma","middle","gse44770","10.1002/trc2.12373"
"10.15252/emmm.202013659","Nicoleta Carmen Cosma","middle","gse44770","10.1371/journal.pone.0250278"
"10.15252/emmm.202013659","Nicoleta Carmen Cosma","middle","gse44770","10.1186/s12864-016-2791-2"
"10.15252/emmm.202013659","Nicoleta Carmen Cosma","middle","gse44770","10.1016/j.neurobiolaging.2015.04.008"
"10.15252/emmm.202013659","Nicoleta Carmen Cosma","middle","gse44770","10.1093/hmg/ddaa182"
"10.15252/emmm.202013659","Nicoleta Carmen Cosma","middle","gse44770","10.1371/journal.pone.0233468"
"10.15252/emmm.202013659","Nicoleta Carmen Cosma","middle","gse44770","10.1371/journal.pone.0201056"
"10.15252/emmm.202013659","Nicoleta Carmen Cosma","middle","gse44770","10.3389/fnagi.2022.1056312"
"10.15252/emmm.202013659","Nicoleta Carmen Cosma","middle","gse44770","10.3389/fgene.2022.913535"
"10.15252/emmm.202013659","Nicoleta Carmen Cosma","middle","gse44770","10.1016/j.csbj.2022.12.018"
"10.15252/emmm.202013659","Nicoleta Carmen Cosma","middle","gse44770","10.1038/s41593-018-0216-z"
"10.15252/emmm.202013659","Nicoleta Carmen Cosma","middle","gse44770","10.1016/j.ibneur.2022.06.002"
"10.15252/emmm.202013659","Nicoleta Carmen Cosma","middle","gse44770","10.1016/j.csbj.2023.02.021"
"10.15252/emmm.202013659","Nicoleta Carmen Cosma","middle","gse44770","10.3389/fgene.2022.967730"
"10.15252/emmm.202013659","Nicoleta Carmen Cosma","middle","gse44770","10.3389/fnagi.2022.860364"
"10.15252/emmm.202013659","Nicoleta Carmen Cosma","middle","gse44770","10.1038/s41598-023-30892-6"
"10.15252/emmm.202013659","Nicoleta Carmen Cosma","middle","gse44770","10.3390/ijms23169027"
"10.15252/emmm.202013659","Nicoleta Carmen Cosma","middle","gse44770","10.12659/msm.923547"
"10.15252/emmm.202013659","Nicoleta Carmen Cosma","middle","gse44770","10.7150/thno.20183"
"10.15252/emmm.202013659","Nicoleta Carmen Cosma","middle","gse44770","10.1038/srep12393"
"10.15252/emmm.202013659","Nicoleta Carmen Cosma","middle","gse44770","10.7150/ijms.66422"
"10.15252/emmm.202013659","Nicoleta Carmen Cosma","middle","gse44770","10.3389/fnagi.2022.968190"
"10.15252/emmm.202013659","Nicoleta Carmen Cosma","middle","gse44770","10.3233/jad-170011"
"10.15252/emmm.202013659","Nicoleta Carmen Cosma","middle","gse44770","10.1186/s13326-016-0079-8"
"10.15252/emmm.202013659","Nicoleta Carmen Cosma","middle","gse44770","10.1093/nar/gku1356"
"10.15252/emmm.202013659","Nicoleta Carmen Cosma","middle","gse65159","10.1038/s41588-020-0696-0"
"10.15252/emmm.202013659","Nicoleta Carmen Cosma","middle","gse65159","10.1155/2016/3164238"
"10.15252/emmm.202013659","Nicoleta Carmen Cosma","middle","gse65159","10.1038/nature14252"
"10.15252/emmm.202013659","Nicoleta Carmen Cosma","middle","gse65159","10.1186/s13072-019-0306-5"
"10.15252/emmm.202013659","Oliver Peters","middle","gse153105","10.3389/fimmu.2022.1041284"
"10.15252/emmm.202013659","Oliver Peters","middle","gse153180","10.3389/fnagi.2022.1020699"
"10.15252/emmm.202013659","Oliver Peters","middle","gse44770","10.1186/s12864-015-1300-3"
"10.15252/emmm.202013659","Oliver Peters","middle","gse44770","10.1093/braincomms/fcab123"
"10.15252/emmm.202013659","Oliver Peters","middle","gse44770","10.1002/trc2.12373"
"10.15252/emmm.202013659","Oliver Peters","middle","gse44770","10.1371/journal.pone.0250278"
"10.15252/emmm.202013659","Oliver Peters","middle","gse44770","10.1186/s12864-016-2791-2"
"10.15252/emmm.202013659","Oliver Peters","middle","gse44770","10.1016/j.neurobiolaging.2015.04.008"
"10.15252/emmm.202013659","Oliver Peters","middle","gse44770","10.1093/hmg/ddaa182"
"10.15252/emmm.202013659","Oliver Peters","middle","gse44770","10.1371/journal.pone.0233468"
"10.15252/emmm.202013659","Oliver Peters","middle","gse44770","10.1371/journal.pone.0201056"
"10.15252/emmm.202013659","Oliver Peters","middle","gse44770","10.3389/fnagi.2022.1056312"
"10.15252/emmm.202013659","Oliver Peters","middle","gse44770","10.3389/fgene.2022.913535"
"10.15252/emmm.202013659","Oliver Peters","middle","gse44770","10.1016/j.csbj.2022.12.018"
"10.15252/emmm.202013659","Oliver Peters","middle","gse44770","10.1038/s41593-018-0216-z"
"10.15252/emmm.202013659","Oliver Peters","middle","gse44770","10.1016/j.ibneur.2022.06.002"
"10.15252/emmm.202013659","Oliver Peters","middle","gse44770","10.1016/j.csbj.2023.02.021"
"10.15252/emmm.202013659","Oliver Peters","middle","gse44770","10.3389/fgene.2022.967730"
"10.15252/emmm.202013659","Oliver Peters","middle","gse44770","10.3389/fnagi.2022.860364"
"10.15252/emmm.202013659","Oliver Peters","middle","gse44770","10.1038/s41598-023-30892-6"
"10.15252/emmm.202013659","Oliver Peters","middle","gse44770","10.3390/ijms23169027"
"10.15252/emmm.202013659","Oliver Peters","middle","gse44770","10.12659/msm.923547"
"10.15252/emmm.202013659","Oliver Peters","middle","gse44770","10.7150/thno.20183"
"10.15252/emmm.202013659","Oliver Peters","middle","gse44770","10.1038/srep12393"
"10.15252/emmm.202013659","Oliver Peters","middle","gse44770","10.7150/ijms.66422"
"10.15252/emmm.202013659","Oliver Peters","middle","gse44770","10.3389/fnagi.2022.968190"
"10.15252/emmm.202013659","Oliver Peters","middle","gse44770","10.3233/jad-170011"
"10.15252/emmm.202013659","Oliver Peters","middle","gse44770","10.1186/s13326-016-0079-8"
"10.15252/emmm.202013659","Oliver Peters","middle","gse44770","10.1093/nar/gku1356"
"10.15252/emmm.202013659","Oliver Peters","middle","gse65159","10.1038/s41588-020-0696-0"
"10.15252/emmm.202013659","Oliver Peters","middle","gse65159","10.1155/2016/3164238"
"10.15252/emmm.202013659","Oliver Peters","middle","gse65159","10.1038/nature14252"
"10.15252/emmm.202013659","Oliver Peters","middle","gse65159","10.1186/s13072-019-0306-5"
"10.15252/emmm.202013659","Josef Priller","middle","gse153105","10.3389/fimmu.2022.1041284"
"10.15252/emmm.202013659","Josef Priller","middle","gse153180","10.3389/fnagi.2022.1020699"
"10.15252/emmm.202013659","Josef Priller","middle","gse44770","10.1186/s12864-015-1300-3"
"10.15252/emmm.202013659","Josef Priller","middle","gse44770","10.1093/braincomms/fcab123"
"10.15252/emmm.202013659","Josef Priller","middle","gse44770","10.1002/trc2.12373"
"10.15252/emmm.202013659","Josef Priller","middle","gse44770","10.1371/journal.pone.0250278"
"10.15252/emmm.202013659","Josef Priller","middle","gse44770","10.1186/s12864-016-2791-2"
"10.15252/emmm.202013659","Josef Priller","middle","gse44770","10.1016/j.neurobiolaging.2015.04.008"
"10.15252/emmm.202013659","Josef Priller","middle","gse44770","10.1093/hmg/ddaa182"
"10.15252/emmm.202013659","Josef Priller","middle","gse44770","10.1371/journal.pone.0233468"
"10.15252/emmm.202013659","Josef Priller","middle","gse44770","10.1371/journal.pone.0201056"
"10.15252/emmm.202013659","Josef Priller","middle","gse44770","10.3389/fnagi.2022.1056312"
"10.15252/emmm.202013659","Josef Priller","middle","gse44770","10.3389/fgene.2022.913535"
"10.15252/emmm.202013659","Josef Priller","middle","gse44770","10.1016/j.csbj.2022.12.018"
"10.15252/emmm.202013659","Josef Priller","middle","gse44770","10.1038/s41593-018-0216-z"
"10.15252/emmm.202013659","Josef Priller","middle","gse44770","10.1016/j.ibneur.2022.06.002"
"10.15252/emmm.202013659","Josef Priller","middle","gse44770","10.1016/j.csbj.2023.02.021"
"10.15252/emmm.202013659","Josef Priller","middle","gse44770","10.3389/fgene.2022.967730"
"10.15252/emmm.202013659","Josef Priller","middle","gse44770","10.3389/fnagi.2022.860364"
"10.15252/emmm.202013659","Josef Priller","middle","gse44770","10.1038/s41598-023-30892-6"
"10.15252/emmm.202013659","Josef Priller","middle","gse44770","10.3390/ijms23169027"
"10.15252/emmm.202013659","Josef Priller","middle","gse44770","10.12659/msm.923547"
"10.15252/emmm.202013659","Josef Priller","middle","gse44770","10.7150/thno.20183"
"10.15252/emmm.202013659","Josef Priller","middle","gse44770","10.1038/srep12393"
"10.15252/emmm.202013659","Josef Priller","middle","gse44770","10.7150/ijms.66422"
"10.15252/emmm.202013659","Josef Priller","middle","gse44770","10.3389/fnagi.2022.968190"
"10.15252/emmm.202013659","Josef Priller","middle","gse44770","10.3233/jad-170011"
"10.15252/emmm.202013659","Josef Priller","middle","gse44770","10.1186/s13326-016-0079-8"
"10.15252/emmm.202013659","Josef Priller","middle","gse44770","10.1093/nar/gku1356"
"10.15252/emmm.202013659","Josef Priller","middle","gse65159","10.1038/s41588-020-0696-0"
"10.15252/emmm.202013659","Josef Priller","middle","gse65159","10.1155/2016/3164238"
"10.15252/emmm.202013659","Josef Priller","middle","gse65159","10.1038/nature14252"
"10.15252/emmm.202013659","Josef Priller","middle","gse65159","10.1186/s13072-019-0306-5"
"10.15252/emmm.202013659","Eike Spruth","middle","gse153105","10.3389/fimmu.2022.1041284"
"10.15252/emmm.202013659","Eike Spruth","middle","gse153180","10.3389/fnagi.2022.1020699"
"10.15252/emmm.202013659","Eike Spruth","middle","gse44770","10.1186/s12864-015-1300-3"
"10.15252/emmm.202013659","Eike Spruth","middle","gse44770","10.1093/braincomms/fcab123"
"10.15252/emmm.202013659","Eike Spruth","middle","gse44770","10.1002/trc2.12373"
"10.15252/emmm.202013659","Eike Spruth","middle","gse44770","10.1371/journal.pone.0250278"
"10.15252/emmm.202013659","Eike Spruth","middle","gse44770","10.1186/s12864-016-2791-2"
"10.15252/emmm.202013659","Eike Spruth","middle","gse44770","10.1016/j.neurobiolaging.2015.04.008"
"10.15252/emmm.202013659","Eike Spruth","middle","gse44770","10.1093/hmg/ddaa182"
"10.15252/emmm.202013659","Eike Spruth","middle","gse44770","10.1371/journal.pone.0233468"
"10.15252/emmm.202013659","Eike Spruth","middle","gse44770","10.1371/journal.pone.0201056"
"10.15252/emmm.202013659","Eike Spruth","middle","gse44770","10.3389/fnagi.2022.1056312"
"10.15252/emmm.202013659","Eike Spruth","middle","gse44770","10.3389/fgene.2022.913535"
"10.15252/emmm.202013659","Eike Spruth","middle","gse44770","10.1016/j.csbj.2022.12.018"
"10.15252/emmm.202013659","Eike Spruth","middle","gse44770","10.1038/s41593-018-0216-z"
"10.15252/emmm.202013659","Eike Spruth","middle","gse44770","10.1016/j.ibneur.2022.06.002"
"10.15252/emmm.202013659","Eike Spruth","middle","gse44770","10.1016/j.csbj.2023.02.021"
"10.15252/emmm.202013659","Eike Spruth","middle","gse44770","10.3389/fgene.2022.967730"
"10.15252/emmm.202013659","Eike Spruth","middle","gse44770","10.3389/fnagi.2022.860364"
"10.15252/emmm.202013659","Eike Spruth","middle","gse44770","10.1038/s41598-023-30892-6"
"10.15252/emmm.202013659","Eike Spruth","middle","gse44770","10.3390/ijms23169027"
"10.15252/emmm.202013659","Eike Spruth","middle","gse44770","10.12659/msm.923547"
"10.15252/emmm.202013659","Eike Spruth","middle","gse44770","10.7150/thno.20183"
"10.15252/emmm.202013659","Eike Spruth","middle","gse44770","10.1038/srep12393"
"10.15252/emmm.202013659","Eike Spruth","middle","gse44770","10.7150/ijms.66422"
"10.15252/emmm.202013659","Eike Spruth","middle","gse44770","10.3389/fnagi.2022.968190"
"10.15252/emmm.202013659","Eike Spruth","middle","gse44770","10.3233/jad-170011"
"10.15252/emmm.202013659","Eike Spruth","middle","gse44770","10.1186/s13326-016-0079-8"
"10.15252/emmm.202013659","Eike Spruth","middle","gse44770","10.1093/nar/gku1356"
"10.15252/emmm.202013659","Eike Spruth","middle","gse65159","10.1038/s41588-020-0696-0"
"10.15252/emmm.202013659","Eike Spruth","middle","gse65159","10.1155/2016/3164238"
"10.15252/emmm.202013659","Eike Spruth","middle","gse65159","10.1038/nature14252"
"10.15252/emmm.202013659","Eike Spruth","middle","gse65159","10.1186/s13072-019-0306-5"
"10.15252/emmm.202114123","Florian Uhlitz","first","gse166555","10.3389/fcell.2022.921320"
"10.15252/emmm.202114123","Florian Uhlitz","first","gse166555","10.1038/s41392-022-00881-8"
"10.15252/emmm.202114123","Florian Uhlitz","first","gse166555","10.3390/cancers14235952"
"10.15252/emmm.202114123","Florian Uhlitz","first","gse166555","10.3389/fimmu.2023.1093716"
"10.15252/emmm.202114123","Florian Uhlitz","first","gse166555","10.3389/fimmu.2022.1006501"
"10.15252/emmm.202114123","Florian Uhlitz","first","gse166555","10.3390/pharmaceutics14051046"
"10.15252/emmm.202114123","Florian Uhlitz","first","gse166555","10.3389/fonc.2023.1179120"
"10.15252/emmm.202114123","Florian Uhlitz","first","gse166555","10.1186/s12876-022-02257-2"
"10.15252/emmm.202114123","Florian Uhlitz","first","gse166555","10.1016/j.heliyon.2023.e13170"
"10.15252/emmm.202114123","Philip Bischoff","middle","gse166555","10.3389/fcell.2022.921320"
"10.15252/emmm.202114123","Philip Bischoff","middle","gse166555","10.1038/s41392-022-00881-8"
"10.15252/emmm.202114123","Philip Bischoff","middle","gse166555","10.3390/cancers14235952"
"10.15252/emmm.202114123","Philip Bischoff","middle","gse166555","10.3389/fimmu.2023.1093716"
"10.15252/emmm.202114123","Philip Bischoff","middle","gse166555","10.3389/fimmu.2022.1006501"
"10.15252/emmm.202114123","Philip Bischoff","middle","gse166555","10.3390/pharmaceutics14051046"
"10.15252/emmm.202114123","Philip Bischoff","middle","gse166555","10.3389/fonc.2023.1179120"
"10.15252/emmm.202114123","Philip Bischoff","middle","gse166555","10.1186/s12876-022-02257-2"
"10.15252/emmm.202114123","Philip Bischoff","middle","gse166555","10.1016/j.heliyon.2023.e13170"
"10.15252/emmm.202114123","Stefan Peidli","middle","gse166555","10.3389/fcell.2022.921320"
"10.15252/emmm.202114123","Stefan Peidli","middle","gse166555","10.1038/s41392-022-00881-8"
"10.15252/emmm.202114123","Stefan Peidli","middle","gse166555","10.3390/cancers14235952"
"10.15252/emmm.202114123","Stefan Peidli","middle","gse166555","10.3389/fimmu.2023.1093716"
"10.15252/emmm.202114123","Stefan Peidli","middle","gse166555","10.3389/fimmu.2022.1006501"
"10.15252/emmm.202114123","Stefan Peidli","middle","gse166555","10.3390/pharmaceutics14051046"
"10.15252/emmm.202114123","Stefan Peidli","middle","gse166555","10.3389/fonc.2023.1179120"
"10.15252/emmm.202114123","Stefan Peidli","middle","gse166555","10.1186/s12876-022-02257-2"
"10.15252/emmm.202114123","Stefan Peidli","middle","gse166555","10.1016/j.heliyon.2023.e13170"
"10.15252/emmm.202114123","Anja Sieber","middle","gse166555","10.3389/fcell.2022.921320"
"10.15252/emmm.202114123","Anja Sieber","middle","gse166555","10.1038/s41392-022-00881-8"
"10.15252/emmm.202114123","Anja Sieber","middle","gse166555","10.3390/cancers14235952"
"10.15252/emmm.202114123","Anja Sieber","middle","gse166555","10.3389/fimmu.2023.1093716"
"10.15252/emmm.202114123","Anja Sieber","middle","gse166555","10.3389/fimmu.2022.1006501"
"10.15252/emmm.202114123","Anja Sieber","middle","gse166555","10.3390/pharmaceutics14051046"
"10.15252/emmm.202114123","Anja Sieber","middle","gse166555","10.3389/fonc.2023.1179120"
"10.15252/emmm.202114123","Anja Sieber","middle","gse166555","10.1186/s12876-022-02257-2"
"10.15252/emmm.202114123","Anja Sieber","middle","gse166555","10.1016/j.heliyon.2023.e13170"
"10.15252/emmm.202114123","Alexandra Trinks","middle","gse166555","10.3389/fcell.2022.921320"
"10.15252/emmm.202114123","Alexandra Trinks","middle","gse166555","10.1038/s41392-022-00881-8"
"10.15252/emmm.202114123","Alexandra Trinks","middle","gse166555","10.3390/cancers14235952"
"10.15252/emmm.202114123","Alexandra Trinks","middle","gse166555","10.3389/fimmu.2023.1093716"
"10.15252/emmm.202114123","Alexandra Trinks","middle","gse166555","10.3389/fimmu.2022.1006501"
"10.15252/emmm.202114123","Alexandra Trinks","middle","gse166555","10.3390/pharmaceutics14051046"
"10.15252/emmm.202114123","Alexandra Trinks","middle","gse166555","10.3389/fonc.2023.1179120"
"10.15252/emmm.202114123","Alexandra Trinks","middle","gse166555","10.1186/s12876-022-02257-2"
"10.15252/emmm.202114123","Alexandra Trinks","middle","gse166555","10.1016/j.heliyon.2023.e13170"
"10.15252/emmm.202114123","Mareen Lüthen","middle","gse166555","10.3389/fcell.2022.921320"
"10.15252/emmm.202114123","Mareen Lüthen","middle","gse166555","10.1038/s41392-022-00881-8"
"10.15252/emmm.202114123","Mareen Lüthen","middle","gse166555","10.3390/cancers14235952"
"10.15252/emmm.202114123","Mareen Lüthen","middle","gse166555","10.3389/fimmu.2023.1093716"
"10.15252/emmm.202114123","Mareen Lüthen","middle","gse166555","10.3389/fimmu.2022.1006501"
"10.15252/emmm.202114123","Mareen Lüthen","middle","gse166555","10.3390/pharmaceutics14051046"
"10.15252/emmm.202114123","Mareen Lüthen","middle","gse166555","10.3389/fonc.2023.1179120"
"10.15252/emmm.202114123","Mareen Lüthen","middle","gse166555","10.1186/s12876-022-02257-2"
"10.15252/emmm.202114123","Mareen Lüthen","middle","gse166555","10.1016/j.heliyon.2023.e13170"
"10.15252/emmm.202114123","Benedikt Obermayer","middle","gse166555","10.3389/fcell.2022.921320"
"10.15252/emmm.202114123","Benedikt Obermayer","middle","gse166555","10.1038/s41392-022-00881-8"
"10.15252/emmm.202114123","Benedikt Obermayer","middle","gse166555","10.3390/cancers14235952"
"10.15252/emmm.202114123","Benedikt Obermayer","middle","gse166555","10.3389/fimmu.2023.1093716"
"10.15252/emmm.202114123","Benedikt Obermayer","middle","gse166555","10.3389/fimmu.2022.1006501"
"10.15252/emmm.202114123","Benedikt Obermayer","middle","gse166555","10.3390/pharmaceutics14051046"
"10.15252/emmm.202114123","Benedikt Obermayer","middle","gse166555","10.3389/fonc.2023.1179120"
"10.15252/emmm.202114123","Benedikt Obermayer","middle","gse166555","10.1186/s12876-022-02257-2"
"10.15252/emmm.202114123","Benedikt Obermayer","middle","gse166555","10.1016/j.heliyon.2023.e13170"
"10.15252/emmm.202114123","Eric Blanc","middle","gse166555","10.3389/fcell.2022.921320"
"10.15252/emmm.202114123","Eric Blanc","middle","gse166555","10.1038/s41392-022-00881-8"
"10.15252/emmm.202114123","Eric Blanc","middle","gse166555","10.3390/cancers14235952"
"10.15252/emmm.202114123","Eric Blanc","middle","gse166555","10.3389/fimmu.2023.1093716"
"10.15252/emmm.202114123","Eric Blanc","middle","gse166555","10.3389/fimmu.2022.1006501"
"10.15252/emmm.202114123","Eric Blanc","middle","gse166555","10.3390/pharmaceutics14051046"
"10.15252/emmm.202114123","Eric Blanc","middle","gse166555","10.3389/fonc.2023.1179120"
"10.15252/emmm.202114123","Eric Blanc","middle","gse166555","10.1186/s12876-022-02257-2"
"10.15252/emmm.202114123","Eric Blanc","middle","gse166555","10.1016/j.heliyon.2023.e13170"
"10.15252/emmm.202114123","Yana Ruchiy","middle","gse166555","10.3389/fcell.2022.921320"
"10.15252/emmm.202114123","Yana Ruchiy","middle","gse166555","10.1038/s41392-022-00881-8"
"10.15252/emmm.202114123","Yana Ruchiy","middle","gse166555","10.3390/cancers14235952"
"10.15252/emmm.202114123","Yana Ruchiy","middle","gse166555","10.3389/fimmu.2023.1093716"
"10.15252/emmm.202114123","Yana Ruchiy","middle","gse166555","10.3389/fimmu.2022.1006501"
"10.15252/emmm.202114123","Yana Ruchiy","middle","gse166555","10.3390/pharmaceutics14051046"
"10.15252/emmm.202114123","Yana Ruchiy","middle","gse166555","10.3389/fonc.2023.1179120"
"10.15252/emmm.202114123","Yana Ruchiy","middle","gse166555","10.1186/s12876-022-02257-2"
"10.15252/emmm.202114123","Yana Ruchiy","middle","gse166555","10.1016/j.heliyon.2023.e13170"
"10.15252/emmm.202114123","Thomas Sell","middle","gse166555","10.3389/fcell.2022.921320"
"10.15252/emmm.202114123","Thomas Sell","middle","gse166555","10.1038/s41392-022-00881-8"
"10.15252/emmm.202114123","Thomas Sell","middle","gse166555","10.3390/cancers14235952"
"10.15252/emmm.202114123","Thomas Sell","middle","gse166555","10.3389/fimmu.2023.1093716"
"10.15252/emmm.202114123","Thomas Sell","middle","gse166555","10.3389/fimmu.2022.1006501"
"10.15252/emmm.202114123","Thomas Sell","middle","gse166555","10.3390/pharmaceutics14051046"
"10.15252/emmm.202114123","Thomas Sell","middle","gse166555","10.3389/fonc.2023.1179120"
"10.15252/emmm.202114123","Thomas Sell","middle","gse166555","10.1186/s12876-022-02257-2"
"10.15252/emmm.202114123","Thomas Sell","middle","gse166555","10.1016/j.heliyon.2023.e13170"
"10.15252/emmm.202114123","Soulafa Mamlouk","middle","gse166555","10.3389/fcell.2022.921320"
"10.15252/emmm.202114123","Soulafa Mamlouk","middle","gse166555","10.1038/s41392-022-00881-8"
"10.15252/emmm.202114123","Soulafa Mamlouk","middle","gse166555","10.3390/cancers14235952"
"10.15252/emmm.202114123","Soulafa Mamlouk","middle","gse166555","10.3389/fimmu.2023.1093716"
"10.15252/emmm.202114123","Soulafa Mamlouk","middle","gse166555","10.3389/fimmu.2022.1006501"
"10.15252/emmm.202114123","Soulafa Mamlouk","middle","gse166555","10.3390/pharmaceutics14051046"
"10.15252/emmm.202114123","Soulafa Mamlouk","middle","gse166555","10.3389/fonc.2023.1179120"
"10.15252/emmm.202114123","Soulafa Mamlouk","middle","gse166555","10.1186/s12876-022-02257-2"
"10.15252/emmm.202114123","Soulafa Mamlouk","middle","gse166555","10.1016/j.heliyon.2023.e13170"
"10.15252/emmm.202114123","Tzu‐Ting Wei","middle","gse166555","10.3389/fcell.2022.921320"
"10.15252/emmm.202114123","Tzu‐Ting Wei","middle","gse166555","10.1038/s41392-022-00881-8"
"10.15252/emmm.202114123","Tzu‐Ting Wei","middle","gse166555","10.3390/cancers14235952"
"10.15252/emmm.202114123","Tzu‐Ting Wei","middle","gse166555","10.3389/fimmu.2023.1093716"
"10.15252/emmm.202114123","Tzu‐Ting Wei","middle","gse166555","10.3389/fimmu.2022.1006501"
"10.15252/emmm.202114123","Tzu‐Ting Wei","middle","gse166555","10.3390/pharmaceutics14051046"
"10.15252/emmm.202114123","Tzu‐Ting Wei","middle","gse166555","10.3389/fonc.2023.1179120"
"10.15252/emmm.202114123","Tzu‐Ting Wei","middle","gse166555","10.1186/s12876-022-02257-2"
"10.15252/emmm.202114123","Tzu‐Ting Wei","middle","gse166555","10.1016/j.heliyon.2023.e13170"
"10.15252/emmm.202114123","Kathleen Klotz‐Noack","middle","gse166555","10.3389/fcell.2022.921320"
"10.15252/emmm.202114123","Kathleen Klotz‐Noack","middle","gse166555","10.1038/s41392-022-00881-8"
"10.15252/emmm.202114123","Kathleen Klotz‐Noack","middle","gse166555","10.3390/cancers14235952"
"10.15252/emmm.202114123","Kathleen Klotz‐Noack","middle","gse166555","10.3389/fimmu.2023.1093716"
"10.15252/emmm.202114123","Kathleen Klotz‐Noack","middle","gse166555","10.3389/fimmu.2022.1006501"
"10.15252/emmm.202114123","Kathleen Klotz‐Noack","middle","gse166555","10.3390/pharmaceutics14051046"
"10.15252/emmm.202114123","Kathleen Klotz‐Noack","middle","gse166555","10.3389/fonc.2023.1179120"
"10.15252/emmm.202114123","Kathleen Klotz‐Noack","middle","gse166555","10.1186/s12876-022-02257-2"
"10.15252/emmm.202114123","Kathleen Klotz‐Noack","middle","gse166555","10.1016/j.heliyon.2023.e13170"
"10.15252/emmm.202114123","Birgit Sawitzki","middle","gse166555","10.3389/fcell.2022.921320"
"10.15252/emmm.202114123","Birgit Sawitzki","middle","gse166555","10.1038/s41392-022-00881-8"
"10.15252/emmm.202114123","Birgit Sawitzki","middle","gse166555","10.3390/cancers14235952"
"10.15252/emmm.202114123","Birgit Sawitzki","middle","gse166555","10.3389/fimmu.2023.1093716"
"10.15252/emmm.202114123","Birgit Sawitzki","middle","gse166555","10.3389/fimmu.2022.1006501"
"10.15252/emmm.202114123","Birgit Sawitzki","middle","gse166555","10.3390/pharmaceutics14051046"
"10.15252/emmm.202114123","Birgit Sawitzki","middle","gse166555","10.3389/fonc.2023.1179120"
"10.15252/emmm.202114123","Birgit Sawitzki","middle","gse166555","10.1186/s12876-022-02257-2"
"10.15252/emmm.202114123","Birgit Sawitzki","middle","gse166555","10.1016/j.heliyon.2023.e13170"
"10.15252/emmm.202114123","Carsten Kamphues","middle","gse166555","10.3389/fcell.2022.921320"
"10.15252/emmm.202114123","Carsten Kamphues","middle","gse166555","10.1038/s41392-022-00881-8"
"10.15252/emmm.202114123","Carsten Kamphues","middle","gse166555","10.3390/cancers14235952"
"10.15252/emmm.202114123","Carsten Kamphues","middle","gse166555","10.3389/fimmu.2023.1093716"
"10.15252/emmm.202114123","Carsten Kamphues","middle","gse166555","10.3389/fimmu.2022.1006501"
"10.15252/emmm.202114123","Carsten Kamphues","middle","gse166555","10.3390/pharmaceutics14051046"
"10.15252/emmm.202114123","Carsten Kamphues","middle","gse166555","10.3389/fonc.2023.1179120"
"10.15252/emmm.202114123","Carsten Kamphues","middle","gse166555","10.1186/s12876-022-02257-2"
"10.15252/emmm.202114123","Carsten Kamphues","middle","gse166555","10.1016/j.heliyon.2023.e13170"
"10.15252/emmm.202114123","Dieter Beule","middle","gse166555","10.3389/fcell.2022.921320"
"10.15252/emmm.202114123","Dieter Beule","middle","gse166555","10.1038/s41392-022-00881-8"
"10.15252/emmm.202114123","Dieter Beule","middle","gse166555","10.3390/cancers14235952"
"10.15252/emmm.202114123","Dieter Beule","middle","gse166555","10.3389/fimmu.2023.1093716"
"10.15252/emmm.202114123","Dieter Beule","middle","gse166555","10.3389/fimmu.2022.1006501"
"10.15252/emmm.202114123","Dieter Beule","middle","gse166555","10.3390/pharmaceutics14051046"
"10.15252/emmm.202114123","Dieter Beule","middle","gse166555","10.3389/fonc.2023.1179120"
"10.15252/emmm.202114123","Dieter Beule","middle","gse166555","10.1186/s12876-022-02257-2"
"10.15252/emmm.202114123","Dieter Beule","middle","gse166555","10.1016/j.heliyon.2023.e13170"
"10.15252/emmm.202114123","Christine Sers","middle","gse166555","10.3389/fcell.2022.921320"
"10.15252/emmm.202114123","Christine Sers","middle","gse166555","10.1038/s41392-022-00881-8"
"10.15252/emmm.202114123","Christine Sers","middle","gse166555","10.3390/cancers14235952"
"10.15252/emmm.202114123","Christine Sers","middle","gse166555","10.3389/fimmu.2023.1093716"
"10.15252/emmm.202114123","Christine Sers","middle","gse166555","10.3389/fimmu.2022.1006501"
"10.15252/emmm.202114123","Christine Sers","middle","gse166555","10.3390/pharmaceutics14051046"
"10.15252/emmm.202114123","Christine Sers","middle","gse166555","10.3389/fonc.2023.1179120"
"10.15252/emmm.202114123","Christine Sers","middle","gse166555","10.1186/s12876-022-02257-2"
"10.15252/emmm.202114123","Christine Sers","middle","gse166555","10.1016/j.heliyon.2023.e13170"
"10.15252/emmm.202114123","David Horst","middle","gse166555","10.3389/fcell.2022.921320"
"10.15252/emmm.202114123","David Horst","middle","gse166555","10.1038/s41392-022-00881-8"
"10.15252/emmm.202114123","David Horst","middle","gse166555","10.3390/cancers14235952"
"10.15252/emmm.202114123","David Horst","middle","gse166555","10.3389/fimmu.2023.1093716"
"10.15252/emmm.202114123","David Horst","middle","gse166555","10.3389/fimmu.2022.1006501"
"10.15252/emmm.202114123","David Horst","middle","gse166555","10.3390/pharmaceutics14051046"
"10.15252/emmm.202114123","David Horst","middle","gse166555","10.3389/fonc.2023.1179120"
"10.15252/emmm.202114123","David Horst","middle","gse166555","10.1186/s12876-022-02257-2"
"10.15252/emmm.202114123","David Horst","middle","gse166555","10.1016/j.heliyon.2023.e13170"
"10.15252/emmm.202114123","Nils Blüthgen","middle","gse166555","10.3389/fcell.2022.921320"
"10.15252/emmm.202114123","Nils Blüthgen","middle","gse166555","10.1038/s41392-022-00881-8"
"10.15252/emmm.202114123","Nils Blüthgen","middle","gse166555","10.3390/cancers14235952"
"10.15252/emmm.202114123","Nils Blüthgen","middle","gse166555","10.3389/fimmu.2023.1093716"
"10.15252/emmm.202114123","Nils Blüthgen","middle","gse166555","10.3389/fimmu.2022.1006501"
"10.15252/emmm.202114123","Nils Blüthgen","middle","gse166555","10.3390/pharmaceutics14051046"
"10.15252/emmm.202114123","Nils Blüthgen","middle","gse166555","10.3389/fonc.2023.1179120"
"10.15252/emmm.202114123","Nils Blüthgen","middle","gse166555","10.1186/s12876-022-02257-2"
"10.15252/emmm.202114123","Nils Blüthgen","middle","gse166555","10.1016/j.heliyon.2023.e13170"
"10.15252/emmm.202114123","Markus Morkel","last","gse166555","10.3389/fcell.2022.921320"
"10.15252/emmm.202114123","Markus Morkel","last","gse166555","10.1038/s41392-022-00881-8"
"10.15252/emmm.202114123","Markus Morkel","last","gse166555","10.3390/cancers14235952"
"10.15252/emmm.202114123","Markus Morkel","last","gse166555","10.3389/fimmu.2023.1093716"
"10.15252/emmm.202114123","Markus Morkel","last","gse166555","10.3389/fimmu.2022.1006501"
"10.15252/emmm.202114123","Markus Morkel","last","gse166555","10.3390/pharmaceutics14051046"
"10.15252/emmm.202114123","Markus Morkel","last","gse166555","10.3389/fonc.2023.1179120"
"10.15252/emmm.202114123","Markus Morkel","last","gse166555","10.1186/s12876-022-02257-2"
"10.15252/emmm.202114123","Markus Morkel","last","gse166555","10.1016/j.heliyon.2023.e13170"
"10.15252/msb.20199356","Pèter Köertvelyessy","middle","pxd016278","10.1093/noajnl/vdac161"
"10.15252/msb.20199356","Pèter Köertvelyessy","middle","pxd016278","10.1021/acs.jproteome.2c00513"
"10.15252/msb.20199356","Carola G. Schipke","middle","pxd016278","10.1093/noajnl/vdac161"
"10.15252/msb.20199356","Carola G. Schipke","middle","pxd016278","10.1021/acs.jproteome.2c00513"
"10.15252/msb.20199356","Enise I. Incesoy","middle","pxd016278","10.1093/noajnl/vdac161"
"10.15252/msb.20199356","Enise I. Incesoy","middle","pxd016278","10.1021/acs.jproteome.2c00513"
"10.15252/msb.20199356","Oliver Peters","middle","pxd016278","10.1093/noajnl/vdac161"
"10.15252/msb.20199356","Oliver Peters","middle","pxd016278","10.1021/acs.jproteome.2c00513"
"10.3389/fcell.2021.751590","Kristy Ou","first","gse113405","10.1038/s41467-020-20001-w"
"10.3389/fcell.2021.751590","Dania Hamo","middle","gse113405","10.1038/s41467-020-20001-w"
"10.3389/fcell.2021.751590","Anne Schulze","middle","gse113405","10.1038/s41467-020-20001-w"
"10.3389/fcell.2021.751590","Andy Roemhild","middle","gse113405","10.1038/s41467-020-20001-w"
"10.3389/fcell.2021.751590","Daniel R. Kaiser","middle","gse113405","10.1038/s41467-020-20001-w"
"10.3389/fcell.2021.751590","Ghazaleh Zarrinrad","middle","gse113405","10.1038/s41467-020-20001-w"
"10.3389/fcell.2021.751590","Leila Amini","middle","gse113405","10.1038/s41467-020-20001-w"
"10.3389/fcell.2021.751590","Stephan Schlickeiser","middle","gse113405","10.1038/s41467-020-20001-w"
"10.3389/fcell.2021.751590","Mathias Streitz","middle","gse113405","10.1038/s41467-020-20001-w"
"10.3389/fcell.2021.751590","Hans‐Dieter Volk","middle","gse113405","10.1038/s41467-020-20001-w"
"10.3389/fcell.2021.751590","Michael Schmueck‐Henneresse","middle","gse113405","10.1038/s41467-020-20001-w"
"10.3389/fcell.2021.751590","Petra Reinke","middle","gse113405","10.1038/s41467-020-20001-w"
"10.3389/fcell.2021.751590","Julia K. Polansky","last","gse113405","10.1038/s41467-020-20001-w"
"10.3389/fonc.2021.647737","Johannes H. Schulte","middle","gse155945","10.1038/s41598-022-24140-6"
"10.3390/cancers13081807","Angelika Eggert","middle","phs000124","10.1002/cam4.3458"
"10.3390/cancers13081807","Angelika Eggert","middle","phs000467","10.3390/curroncol29010008"
"10.3390/cancers13081807","Angelika Eggert","middle","phs000467","10.1038/s41588-020-0659-5"
"10.3390/cancers13081807","Angelika Eggert","middle","phs000467","10.1038/srep23226"
"10.3390/cancers13081807","Angelika Eggert","middle","phs000467","10.1371/journal.pone.0245526"
"10.3390/cancers13081807","Angelika Eggert","middle","phs000467","10.1186/s12918-017-0466-5"
"10.3390/cancers13081807","Angelika Eggert","middle","phs000467","10.1038/s41698-022-00331-2"
"10.3390/cells9010186","Thomas Wallach","first","gse138532","10.1093/nar/gkab433"
"10.3390/cells9010186","Max Wetzel","middle","gse138532","10.1093/nar/gkab433"
"10.3390/cells9010186","Paul Dembny","middle","gse138532","10.1093/nar/gkab433"
"10.3390/cells9010186","Christina Krüger","middle","gse138532","10.1093/nar/gkab433"
"10.3390/cells9010186","Alice Buonfiglioli","middle","gse138532","10.1093/nar/gkab433"
"10.3390/cells9010186","Seija Lehnardt","last","gse138532","10.1093/nar/gkab433"
"10.3390/genes14071408","Athanasia Ziagaki","middle","nm_017986","10.1016/j.ajhg.2017.01.024"
"10.3390/genes14071408","Athanasia Ziagaki","middle","nm_017986","10.3390/ijms15022971"
"10.3390/v14051041","Anne Kopp","middle","on158817","10.3389/fmicb.2022.997058"
"10.3390/v14051041","Anne Kopp","middle","on158818","10.3389/fmicb.2022.997058"
"10.3390/v14051041","Anne Kopp","middle","on186499","10.3389/fmicb.2022.997058"
"10.3390/v14051041","Anne Kopp","middle","on186526","10.3389/fmicb.2022.997058"
"10.3390/v14051041","Inga Slothouwer","middle","on158817","10.3389/fmicb.2022.997058"
"10.3390/v14051041","Inga Slothouwer","middle","on158818","10.3389/fmicb.2022.997058"
"10.3390/v14051041","Inga Slothouwer","middle","on186499","10.3389/fmicb.2022.997058"
"10.3390/v14051041","Inga Slothouwer","middle","on186526","10.3389/fmicb.2022.997058"
"10.3390/v14051041","Marco Marklewitz","middle","on158817","10.3389/fmicb.2022.997058"
"10.3390/v14051041","Marco Marklewitz","middle","on158818","10.3389/fmicb.2022.997058"
"10.3390/v14051041","Marco Marklewitz","middle","on186499","10.3389/fmicb.2022.997058"
"10.3390/v14051041","Marco Marklewitz","middle","on186526","10.3389/fmicb.2022.997058"
"10.3390/v14051041","Sandra Junglen","middle","on158817","10.3389/fmicb.2022.997058"
"10.3390/v14051041","Sandra Junglen","middle","on158818","10.3389/fmicb.2022.997058"
"10.3390/v14051041","Sandra Junglen","middle","on186499","10.3389/fmicb.2022.997058"
"10.3390/v14051041","Sandra Junglen","middle","on186526","10.3389/fmicb.2022.997058"
"10.1038/s41398-023-02705-x","Awasthi, Swapnil","middle","10.17863/cam.23511","10.1038/s41467-018-04930-1"
"10.1038/s41398-023-02705-x","Roepke, Stefan","middle","10.17863/cam.23511","10.1038/s41467-018-04930-1"
"10.1038/s41398-023-02705-x","Ripke, Stephan","middle","10.17863/cam.23511","10.1038/s41467-018-04930-1"
"10.1038/s42003-023-05454-1","Langenberg, Claudia","middle","ng00075","10.1038/s41514-021-00069-4"
"10.1038/s42003-023-05454-1","Langenberg, Claudia","middle","ng00075","10.1038/s41467-022-34932-z"
"10.1038/s42003-023-05454-1","Langenberg, Claudia","middle","ng00075","10.1002/brb3.2834"
"10.1038/s42003-023-05454-1","Langenberg, Claudia","middle","ng00075","10.3390/genes13010112"
"10.1038/s42003-023-05454-1","Langenberg, Claudia","middle","ng00075","10.1038/s41467-021-24082-z"
"10.1038/s42003-023-05454-1","Langenberg, Claudia","middle","ng00075","10.1212/wnl.0000000000200605"
"10.1038/s42003-023-05454-1","Langenberg, Claudia","middle","ng00075","10.1186/s13059-021-02479-9"
"10.1038/s42003-023-05454-1","Pietzner, Maik","middle","ng00075","10.1038/s41514-021-00069-4"
"10.1038/s42003-023-05454-1","Pietzner, Maik","middle","ng00075","10.1038/s41467-022-34932-z"
"10.1038/s42003-023-05454-1","Pietzner, Maik","middle","ng00075","10.1002/brb3.2834"
"10.1038/s42003-023-05454-1","Pietzner, Maik","middle","ng00075","10.3390/genes13010112"
"10.1038/s42003-023-05454-1","Pietzner, Maik","middle","ng00075","10.1038/s41467-021-24082-z"
"10.1038/s42003-023-05454-1","Pietzner, Maik","middle","ng00075","10.1212/wnl.0000000000200605"
"10.1038/s42003-023-05454-1","Pietzner, Maik","middle","ng00075","10.1186/s13059-021-02479-9"
"10.1016/j.neo.2023.100934","Hoffmann, Inga","first","gse14764","10.1186/s13073-016-0319-7"
"10.1016/j.neo.2023.100934","Hoffmann, Inga","first","gse14764","10.1038/cddis.2015.250"
"10.1016/j.neo.2023.100934","Hoffmann, Inga","first","gse14764","10.3390/ijms221910817"
"10.1016/j.neo.2023.100934","Hoffmann, Inga","first","gse14764","10.3389/fonc.2022.1003512"
"10.1016/j.neo.2023.100934","Hoffmann, Inga","first","gse14764","10.1038/s41389-020-00246-2"
"10.1016/j.neo.2023.100934","Hoffmann, Inga","first","gse14764","10.3390/ijms21082824"
"10.1016/j.neo.2023.100934","Hoffmann, Inga","first","gse14764","10.1038/s41598-021-86923-7"
"10.1016/j.neo.2023.100934","Hoffmann, Inga","first","gse14764","10.1186/s12943-020-1130-z"
"10.1016/j.neo.2023.100934","Hoffmann, Inga","first","gse14764","10.3892/ol.2019.10934"
"10.1016/j.neo.2023.100934","Hoffmann, Inga","first","gse14764","10.3389/fonc.2022.923508"
"10.1016/j.neo.2023.100934","Hoffmann, Inga","first","gse14764","10.1002/advs.202105469"
"10.1016/j.neo.2023.100934","Hoffmann, Inga","first","gse14764","10.18632/aging.103811"
"10.1016/j.neo.2023.100934","Hoffmann, Inga","first","gse14764","10.2147/ott.s228678"
"10.1016/j.neo.2023.100934","Hoffmann, Inga","first","gse14764","10.1186/s12885-022-10485-8"
"10.1016/j.neo.2023.100934","Hoffmann, Inga","first","gse14764","10.3389/fgene.2022.958092"
"10.1016/j.neo.2023.100934","Hoffmann, Inga","first","gse14764","10.3390/ijms232415994"
"10.1016/j.neo.2023.100934","Hoffmann, Inga","first","gse14764","10.1371/journal.pone.0030269"
"10.1016/j.neo.2023.100934","Hoffmann, Inga","first","gse14764","10.1038/s41416-020-01252-2"
"10.1016/j.neo.2023.100934","Hoffmann, Inga","first","gse14764","10.1186/1476-4598-13-241"
"10.1016/j.neo.2023.100934","Hoffmann, Inga","first","gse14764","10.1186/s13073-016-0281-4"
"10.1016/j.neo.2023.100934","Hoffmann, Inga","first","gse14764","10.3390/medicina57090933"
"10.1016/j.neo.2023.100934","Hoffmann, Inga","first","gse14764","10.1038/bjc.2013.687"
"10.1016/j.neo.2023.100934","Hoffmann, Inga","first","gse14764","10.1186/s13048-015-0176-9"
"10.1016/j.neo.2023.100934","Hoffmann, Inga","first","gse14764","10.1371/journal.pone.0149183"
"10.1016/j.neo.2023.100934","Hoffmann, Inga","first","gse14764","10.1002/2211-5463.12881"
"10.1016/j.neo.2023.100934","Hoffmann, Inga","first","gse14764","10.1186/s13048-023-01099-0"
"10.1016/j.neo.2023.100934","Hoffmann, Inga","first","gse14764","10.1111/jcmm.16327"
"10.1016/j.neo.2023.100934","Hoffmann, Inga","first","gse14764","10.1038/s41467-021-20893-2"
"10.1016/j.neo.2023.100934","Hoffmann, Inga","first","gse14764","10.1186/s12967-021-03123-7"
"10.1016/j.neo.2023.100934","Hoffmann, Inga","first","gse14764","10.1038/s41419-019-2050-y"
"10.1016/j.neo.2023.100934","Hoffmann, Inga","first","gse14764","10.1038/s41698-022-00298-0"
"10.1016/j.neo.2023.100934","Hoffmann, Inga","first","gse14764","10.1186/s12935-021-02155-9"
"10.1016/j.neo.2023.100934","Hoffmann, Inga","first","gse14764","10.3389/fcell.2021.794801"
"10.1016/j.neo.2023.100934","Hoffmann, Inga","first","gse14764","10.1002/ctm2.1217"
"10.1016/j.neo.2023.100934","Hoffmann, Inga","first","gse14764","10.1038/srep11432"
"10.1016/j.neo.2023.100934","Hoffmann, Inga","first","gse14764","10.1186/s12967-022-03776-y"
"10.1016/j.neo.2023.100934","Hoffmann, Inga","first","gse14764","10.18632/oncotarget.16523"
"10.1016/j.neo.2023.100934","Hoffmann, Inga","first","gse14764","10.3389/fonc.2019.00557"
"10.1016/j.neo.2023.100934","Hoffmann, Inga","first","gse14764","10.1186/1757-2215-7-53"
"10.1016/j.neo.2023.100934","Hoffmann, Inga","first","gse14764","10.1111/jcmm.15601"
"10.1016/j.neo.2023.100934","Hoffmann, Inga","first","gse14764","10.3389/fonc.2016.00213"
"10.1016/j.neo.2023.100934","Hoffmann, Inga","first","gse14764","10.1186/s12859-019-2829-y"
"10.1016/j.neo.2023.100934","Hoffmann, Inga","first","gse14764","10.1155/2022/7745675"
"10.1016/j.neo.2023.100934","Hoffmann, Inga","first","gse14764","10.1186/s13048-019-0575-4"
"10.1016/j.neo.2023.100934","Hoffmann, Inga","first","gse14764","10.1186/s13046-018-0854-8"
"10.1016/j.neo.2023.100934","Hoffmann, Inga","first","gse14764","10.1186/s13059-016-0956-6"
"10.1016/j.neo.2023.100934","Hoffmann, Inga","first","gse14764","10.3390/cancers11030337"
"10.1016/j.neo.2023.100934","Hoffmann, Inga","first","gse14764","10.1038/onc.2014.277"
"10.1016/j.neo.2023.100934","Hoffmann, Inga","first","gse14764","10.3389/fonc.2020.626555"
"10.1016/j.neo.2023.100934","Hoffmann, Inga","first","gse14764","10.1016/j.ebiom.2019.102602"
"10.1016/j.neo.2023.100934","Hoffmann, Inga","first","gse14764","10.1155/2019/3614207"
"10.1016/j.neo.2023.100934","Hoffmann, Inga","first","gse14764","10.1002/mco2.245"
"10.1016/j.neo.2023.100934","Hoffmann, Inga","first","gse14764","10.3389/fcell.2021.653357"
"10.1016/j.neo.2023.100934","Hoffmann, Inga","first","gse14764","10.2147/cmar.s337873"
"10.1016/j.neo.2023.100934","Hoffmann, Inga","first","gse14764","10.1016/j.ebiom.2018.12.054"
"10.1016/j.neo.2023.100934","Hoffmann, Inga","first","gse14764","10.1371/journal.pone.0167585"
"10.1016/j.neo.2023.100934","Hoffmann, Inga","first","gse14764","10.3389/fgene.2020.00705"
"10.1016/j.neo.2023.100934","Hoffmann, Inga","first","gse14764","10.3389/fgene.2022.823082"
"10.1016/j.neo.2023.100934","Hoffmann, Inga","first","gse14764","10.3389/fbioe.2021.792911"
"10.1016/j.neo.2023.100934","Hoffmann, Inga","first","gse14764","10.3389/fimmu.2022.951582"
"10.1016/j.neo.2023.100934","Hoffmann, Inga","first","gse14764","10.1002/ctm2.633"
"10.1016/j.neo.2023.100934","Hoffmann, Inga","first","gse14764","10.3892/ol.2020.11266"
"10.1016/j.neo.2023.100934","Hoffmann, Inga","first","gse14764","10.3389/fphar.2020.00577"
"10.1016/j.neo.2023.100934","Hoffmann, Inga","first","gse14764","10.1155/2022/6575534"
"10.1016/j.neo.2023.100934","Hoffmann, Inga","first","gse14764","10.1080/21655979.2021.1973220"
"10.1016/j.neo.2023.100934","Hoffmann, Inga","first","gse14764","10.3390/ijms21072327"
"10.1016/j.neo.2023.100934","Hoffmann, Inga","first","gse14764","10.3389/fgene.2021.678747"
"10.1016/j.neo.2023.100934","Hoffmann, Inga","first","gse14764","10.7150/thno.48101"
"10.1016/j.neo.2023.100934","Hoffmann, Inga","first","gse14764","10.15252/embr.202051981"
"10.1016/j.neo.2023.100934","Dragomir, Mihnea P.","middle","gse14764","10.1186/s13073-016-0319-7"
"10.1016/j.neo.2023.100934","Dragomir, Mihnea P.","middle","gse14764","10.1038/cddis.2015.250"
"10.1016/j.neo.2023.100934","Dragomir, Mihnea P.","middle","gse14764","10.3390/ijms221910817"
"10.1016/j.neo.2023.100934","Dragomir, Mihnea P.","middle","gse14764","10.3389/fonc.2022.1003512"
"10.1016/j.neo.2023.100934","Dragomir, Mihnea P.","middle","gse14764","10.1038/s41389-020-00246-2"
"10.1016/j.neo.2023.100934","Dragomir, Mihnea P.","middle","gse14764","10.3390/ijms21082824"
"10.1016/j.neo.2023.100934","Dragomir, Mihnea P.","middle","gse14764","10.1038/s41598-021-86923-7"
"10.1016/j.neo.2023.100934","Dragomir, Mihnea P.","middle","gse14764","10.1186/s12943-020-1130-z"
"10.1016/j.neo.2023.100934","Dragomir, Mihnea P.","middle","gse14764","10.3892/ol.2019.10934"
"10.1016/j.neo.2023.100934","Dragomir, Mihnea P.","middle","gse14764","10.3389/fonc.2022.923508"
"10.1016/j.neo.2023.100934","Dragomir, Mihnea P.","middle","gse14764","10.1002/advs.202105469"
"10.1016/j.neo.2023.100934","Dragomir, Mihnea P.","middle","gse14764","10.18632/aging.103811"
"10.1016/j.neo.2023.100934","Dragomir, Mihnea P.","middle","gse14764","10.2147/ott.s228678"
"10.1016/j.neo.2023.100934","Dragomir, Mihnea P.","middle","gse14764","10.1186/s12885-022-10485-8"
"10.1016/j.neo.2023.100934","Dragomir, Mihnea P.","middle","gse14764","10.3389/fgene.2022.958092"
"10.1016/j.neo.2023.100934","Dragomir, Mihnea P.","middle","gse14764","10.3390/ijms232415994"
"10.1016/j.neo.2023.100934","Dragomir, Mihnea P.","middle","gse14764","10.1371/journal.pone.0030269"
"10.1016/j.neo.2023.100934","Dragomir, Mihnea P.","middle","gse14764","10.1038/s41416-020-01252-2"
"10.1016/j.neo.2023.100934","Dragomir, Mihnea P.","middle","gse14764","10.1186/1476-4598-13-241"
"10.1016/j.neo.2023.100934","Dragomir, Mihnea P.","middle","gse14764","10.1186/s13073-016-0281-4"
"10.1016/j.neo.2023.100934","Dragomir, Mihnea P.","middle","gse14764","10.3390/medicina57090933"
"10.1016/j.neo.2023.100934","Dragomir, Mihnea P.","middle","gse14764","10.1038/bjc.2013.687"
"10.1016/j.neo.2023.100934","Dragomir, Mihnea P.","middle","gse14764","10.1186/s13048-015-0176-9"
"10.1016/j.neo.2023.100934","Dragomir, Mihnea P.","middle","gse14764","10.1371/journal.pone.0149183"
"10.1016/j.neo.2023.100934","Dragomir, Mihnea P.","middle","gse14764","10.1002/2211-5463.12881"
"10.1016/j.neo.2023.100934","Dragomir, Mihnea P.","middle","gse14764","10.1186/s13048-023-01099-0"
"10.1016/j.neo.2023.100934","Dragomir, Mihnea P.","middle","gse14764","10.1111/jcmm.16327"
"10.1016/j.neo.2023.100934","Dragomir, Mihnea P.","middle","gse14764","10.1038/s41467-021-20893-2"
"10.1016/j.neo.2023.100934","Dragomir, Mihnea P.","middle","gse14764","10.1186/s12967-021-03123-7"
"10.1016/j.neo.2023.100934","Dragomir, Mihnea P.","middle","gse14764","10.1038/s41419-019-2050-y"
"10.1016/j.neo.2023.100934","Dragomir, Mihnea P.","middle","gse14764","10.1038/s41698-022-00298-0"
"10.1016/j.neo.2023.100934","Dragomir, Mihnea P.","middle","gse14764","10.1186/s12935-021-02155-9"
"10.1016/j.neo.2023.100934","Dragomir, Mihnea P.","middle","gse14764","10.3389/fcell.2021.794801"
"10.1016/j.neo.2023.100934","Dragomir, Mihnea P.","middle","gse14764","10.1002/ctm2.1217"
"10.1016/j.neo.2023.100934","Dragomir, Mihnea P.","middle","gse14764","10.1038/srep11432"
"10.1016/j.neo.2023.100934","Dragomir, Mihnea P.","middle","gse14764","10.1186/s12967-022-03776-y"
"10.1016/j.neo.2023.100934","Dragomir, Mihnea P.","middle","gse14764","10.18632/oncotarget.16523"
"10.1016/j.neo.2023.100934","Dragomir, Mihnea P.","middle","gse14764","10.3389/fonc.2019.00557"
"10.1016/j.neo.2023.100934","Dragomir, Mihnea P.","middle","gse14764","10.1186/1757-2215-7-53"
"10.1016/j.neo.2023.100934","Dragomir, Mihnea P.","middle","gse14764","10.1111/jcmm.15601"
"10.1016/j.neo.2023.100934","Dragomir, Mihnea P.","middle","gse14764","10.3389/fonc.2016.00213"
"10.1016/j.neo.2023.100934","Dragomir, Mihnea P.","middle","gse14764","10.1186/s12859-019-2829-y"
"10.1016/j.neo.2023.100934","Dragomir, Mihnea P.","middle","gse14764","10.1155/2022/7745675"
"10.1016/j.neo.2023.100934","Dragomir, Mihnea P.","middle","gse14764","10.1186/s13048-019-0575-4"
"10.1016/j.neo.2023.100934","Dragomir, Mihnea P.","middle","gse14764","10.1186/s13046-018-0854-8"
"10.1016/j.neo.2023.100934","Dragomir, Mihnea P.","middle","gse14764","10.1186/s13059-016-0956-6"
"10.1016/j.neo.2023.100934","Dragomir, Mihnea P.","middle","gse14764","10.3390/cancers11030337"
"10.1016/j.neo.2023.100934","Dragomir, Mihnea P.","middle","gse14764","10.1038/onc.2014.277"
"10.1016/j.neo.2023.100934","Dragomir, Mihnea P.","middle","gse14764","10.3389/fonc.2020.626555"
"10.1016/j.neo.2023.100934","Dragomir, Mihnea P.","middle","gse14764","10.1016/j.ebiom.2019.102602"
"10.1016/j.neo.2023.100934","Dragomir, Mihnea P.","middle","gse14764","10.1155/2019/3614207"
"10.1016/j.neo.2023.100934","Dragomir, Mihnea P.","middle","gse14764","10.1002/mco2.245"
"10.1016/j.neo.2023.100934","Dragomir, Mihnea P.","middle","gse14764","10.3389/fcell.2021.653357"
"10.1016/j.neo.2023.100934","Dragomir, Mihnea P.","middle","gse14764","10.2147/cmar.s337873"
"10.1016/j.neo.2023.100934","Dragomir, Mihnea P.","middle","gse14764","10.1016/j.ebiom.2018.12.054"
"10.1016/j.neo.2023.100934","Dragomir, Mihnea P.","middle","gse14764","10.1371/journal.pone.0167585"
"10.1016/j.neo.2023.100934","Dragomir, Mihnea P.","middle","gse14764","10.3389/fgene.2020.00705"
"10.1016/j.neo.2023.100934","Dragomir, Mihnea P.","middle","gse14764","10.3389/fgene.2022.823082"
"10.1016/j.neo.2023.100934","Dragomir, Mihnea P.","middle","gse14764","10.3389/fbioe.2021.792911"
"10.1016/j.neo.2023.100934","Dragomir, Mihnea P.","middle","gse14764","10.3389/fimmu.2022.951582"
"10.1016/j.neo.2023.100934","Dragomir, Mihnea P.","middle","gse14764","10.1002/ctm2.633"
"10.1016/j.neo.2023.100934","Dragomir, Mihnea P.","middle","gse14764","10.3892/ol.2020.11266"
"10.1016/j.neo.2023.100934","Dragomir, Mihnea P.","middle","gse14764","10.3389/fphar.2020.00577"
"10.1016/j.neo.2023.100934","Dragomir, Mihnea P.","middle","gse14764","10.1155/2022/6575534"
"10.1016/j.neo.2023.100934","Dragomir, Mihnea P.","middle","gse14764","10.1080/21655979.2021.1973220"
"10.1016/j.neo.2023.100934","Dragomir, Mihnea P.","middle","gse14764","10.3390/ijms21072327"
"10.1016/j.neo.2023.100934","Dragomir, Mihnea P.","middle","gse14764","10.3389/fgene.2021.678747"
"10.1016/j.neo.2023.100934","Dragomir, Mihnea P.","middle","gse14764","10.7150/thno.48101"
"10.1016/j.neo.2023.100934","Dragomir, Mihnea P.","middle","gse14764","10.15252/embr.202051981"
"10.1016/j.neo.2023.100934","Dragomir, Mihnea P.","middle","gse14764","10.1186/s13073-016-0319-7"
"10.1016/j.neo.2023.100934","Dragomir, Mihnea P.","middle","gse14764","10.1038/cddis.2015.250"
"10.1016/j.neo.2023.100934","Dragomir, Mihnea P.","middle","gse14764","10.3390/ijms221910817"
"10.1016/j.neo.2023.100934","Dragomir, Mihnea P.","middle","gse14764","10.3389/fonc.2022.1003512"
"10.1016/j.neo.2023.100934","Dragomir, Mihnea P.","middle","gse14764","10.1038/s41389-020-00246-2"
"10.1016/j.neo.2023.100934","Dragomir, Mihnea P.","middle","gse14764","10.3390/ijms21082824"
"10.1016/j.neo.2023.100934","Dragomir, Mihnea P.","middle","gse14764","10.1038/s41598-021-86923-7"
"10.1016/j.neo.2023.100934","Dragomir, Mihnea P.","middle","gse14764","10.1186/s12943-020-1130-z"
"10.1016/j.neo.2023.100934","Dragomir, Mihnea P.","middle","gse14764","10.3892/ol.2019.10934"
"10.1016/j.neo.2023.100934","Dragomir, Mihnea P.","middle","gse14764","10.3389/fonc.2022.923508"
"10.1016/j.neo.2023.100934","Dragomir, Mihnea P.","middle","gse14764","10.1002/advs.202105469"
"10.1016/j.neo.2023.100934","Dragomir, Mihnea P.","middle","gse14764","10.18632/aging.103811"
"10.1016/j.neo.2023.100934","Dragomir, Mihnea P.","middle","gse14764","10.2147/ott.s228678"
"10.1016/j.neo.2023.100934","Dragomir, Mihnea P.","middle","gse14764","10.1186/s12885-022-10485-8"
"10.1016/j.neo.2023.100934","Dragomir, Mihnea P.","middle","gse14764","10.3389/fgene.2022.958092"
"10.1016/j.neo.2023.100934","Dragomir, Mihnea P.","middle","gse14764","10.3390/ijms232415994"
"10.1016/j.neo.2023.100934","Dragomir, Mihnea P.","middle","gse14764","10.1371/journal.pone.0030269"
"10.1016/j.neo.2023.100934","Dragomir, Mihnea P.","middle","gse14764","10.1038/s41416-020-01252-2"
"10.1016/j.neo.2023.100934","Dragomir, Mihnea P.","middle","gse14764","10.1186/1476-4598-13-241"
"10.1016/j.neo.2023.100934","Dragomir, Mihnea P.","middle","gse14764","10.1186/s13073-016-0281-4"
"10.1016/j.neo.2023.100934","Dragomir, Mihnea P.","middle","gse14764","10.3390/medicina57090933"
"10.1016/j.neo.2023.100934","Dragomir, Mihnea P.","middle","gse14764","10.1038/bjc.2013.687"
"10.1016/j.neo.2023.100934","Dragomir, Mihnea P.","middle","gse14764","10.1186/s13048-015-0176-9"
"10.1016/j.neo.2023.100934","Dragomir, Mihnea P.","middle","gse14764","10.1371/journal.pone.0149183"
"10.1016/j.neo.2023.100934","Dragomir, Mihnea P.","middle","gse14764","10.1002/2211-5463.12881"
"10.1016/j.neo.2023.100934","Dragomir, Mihnea P.","middle","gse14764","10.1186/s13048-023-01099-0"
"10.1016/j.neo.2023.100934","Dragomir, Mihnea P.","middle","gse14764","10.1111/jcmm.16327"
"10.1016/j.neo.2023.100934","Dragomir, Mihnea P.","middle","gse14764","10.1038/s41467-021-20893-2"
"10.1016/j.neo.2023.100934","Dragomir, Mihnea P.","middle","gse14764","10.1186/s12967-021-03123-7"
"10.1016/j.neo.2023.100934","Dragomir, Mihnea P.","middle","gse14764","10.1038/s41419-019-2050-y"
"10.1016/j.neo.2023.100934","Dragomir, Mihnea P.","middle","gse14764","10.1038/s41698-022-00298-0"
"10.1016/j.neo.2023.100934","Dragomir, Mihnea P.","middle","gse14764","10.1186/s12935-021-02155-9"
"10.1016/j.neo.2023.100934","Dragomir, Mihnea P.","middle","gse14764","10.3389/fcell.2021.794801"
"10.1016/j.neo.2023.100934","Dragomir, Mihnea P.","middle","gse14764","10.1002/ctm2.1217"
"10.1016/j.neo.2023.100934","Dragomir, Mihnea P.","middle","gse14764","10.1038/srep11432"
"10.1016/j.neo.2023.100934","Dragomir, Mihnea P.","middle","gse14764","10.1186/s12967-022-03776-y"
"10.1016/j.neo.2023.100934","Dragomir, Mihnea P.","middle","gse14764","10.18632/oncotarget.16523"
"10.1016/j.neo.2023.100934","Dragomir, Mihnea P.","middle","gse14764","10.3389/fonc.2019.00557"
"10.1016/j.neo.2023.100934","Dragomir, Mihnea P.","middle","gse14764","10.1186/1757-2215-7-53"
"10.1016/j.neo.2023.100934","Dragomir, Mihnea P.","middle","gse14764","10.1111/jcmm.15601"
"10.1016/j.neo.2023.100934","Dragomir, Mihnea P.","middle","gse14764","10.3389/fonc.2016.00213"
"10.1016/j.neo.2023.100934","Dragomir, Mihnea P.","middle","gse14764","10.1186/s12859-019-2829-y"
"10.1016/j.neo.2023.100934","Dragomir, Mihnea P.","middle","gse14764","10.1155/2022/7745675"
"10.1016/j.neo.2023.100934","Dragomir, Mihnea P.","middle","gse14764","10.1186/s13048-019-0575-4"
"10.1016/j.neo.2023.100934","Dragomir, Mihnea P.","middle","gse14764","10.1186/s13046-018-0854-8"
"10.1016/j.neo.2023.100934","Dragomir, Mihnea P.","middle","gse14764","10.1186/s13059-016-0956-6"
"10.1016/j.neo.2023.100934","Dragomir, Mihnea P.","middle","gse14764","10.3390/cancers11030337"
"10.1016/j.neo.2023.100934","Dragomir, Mihnea P.","middle","gse14764","10.1038/onc.2014.277"
"10.1016/j.neo.2023.100934","Dragomir, Mihnea P.","middle","gse14764","10.3389/fonc.2020.626555"
"10.1016/j.neo.2023.100934","Dragomir, Mihnea P.","middle","gse14764","10.1016/j.ebiom.2019.102602"
"10.1016/j.neo.2023.100934","Dragomir, Mihnea P.","middle","gse14764","10.1155/2019/3614207"
"10.1016/j.neo.2023.100934","Dragomir, Mihnea P.","middle","gse14764","10.1002/mco2.245"
"10.1016/j.neo.2023.100934","Dragomir, Mihnea P.","middle","gse14764","10.3389/fcell.2021.653357"
"10.1016/j.neo.2023.100934","Dragomir, Mihnea P.","middle","gse14764","10.2147/cmar.s337873"
"10.1016/j.neo.2023.100934","Dragomir, Mihnea P.","middle","gse14764","10.1016/j.ebiom.2018.12.054"
"10.1016/j.neo.2023.100934","Dragomir, Mihnea P.","middle","gse14764","10.1371/journal.pone.0167585"
"10.1016/j.neo.2023.100934","Dragomir, Mihnea P.","middle","gse14764","10.3389/fgene.2020.00705"
"10.1016/j.neo.2023.100934","Dragomir, Mihnea P.","middle","gse14764","10.3389/fgene.2022.823082"
"10.1016/j.neo.2023.100934","Dragomir, Mihnea P.","middle","gse14764","10.3389/fbioe.2021.792911"
"10.1016/j.neo.2023.100934","Dragomir, Mihnea P.","middle","gse14764","10.3389/fimmu.2022.951582"
"10.1016/j.neo.2023.100934","Dragomir, Mihnea P.","middle","gse14764","10.1002/ctm2.633"
"10.1016/j.neo.2023.100934","Dragomir, Mihnea P.","middle","gse14764","10.3892/ol.2020.11266"
"10.1016/j.neo.2023.100934","Dragomir, Mihnea P.","middle","gse14764","10.3389/fphar.2020.00577"
"10.1016/j.neo.2023.100934","Dragomir, Mihnea P.","middle","gse14764","10.1155/2022/6575534"
"10.1016/j.neo.2023.100934","Dragomir, Mihnea P.","middle","gse14764","10.1080/21655979.2021.1973220"
"10.1016/j.neo.2023.100934","Dragomir, Mihnea P.","middle","gse14764","10.3390/ijms21072327"
"10.1016/j.neo.2023.100934","Dragomir, Mihnea P.","middle","gse14764","10.3389/fgene.2021.678747"
"10.1016/j.neo.2023.100934","Dragomir, Mihnea P.","middle","gse14764","10.7150/thno.48101"
"10.1016/j.neo.2023.100934","Dragomir, Mihnea P.","middle","gse14764","10.15252/embr.202051981"
"10.1016/j.neo.2023.100934","Monjé, Nanna","middle","gse14764","10.1186/s13073-016-0319-7"
"10.1016/j.neo.2023.100934","Monjé, Nanna","middle","gse14764","10.1038/cddis.2015.250"
"10.1016/j.neo.2023.100934","Monjé, Nanna","middle","gse14764","10.3390/ijms221910817"
"10.1016/j.neo.2023.100934","Monjé, Nanna","middle","gse14764","10.3389/fonc.2022.1003512"
"10.1016/j.neo.2023.100934","Monjé, Nanna","middle","gse14764","10.1038/s41389-020-00246-2"
"10.1016/j.neo.2023.100934","Monjé, Nanna","middle","gse14764","10.3390/ijms21082824"
"10.1016/j.neo.2023.100934","Monjé, Nanna","middle","gse14764","10.1038/s41598-021-86923-7"
"10.1016/j.neo.2023.100934","Monjé, Nanna","middle","gse14764","10.1186/s12943-020-1130-z"
"10.1016/j.neo.2023.100934","Monjé, Nanna","middle","gse14764","10.3892/ol.2019.10934"
"10.1016/j.neo.2023.100934","Monjé, Nanna","middle","gse14764","10.3389/fonc.2022.923508"
"10.1016/j.neo.2023.100934","Monjé, Nanna","middle","gse14764","10.1002/advs.202105469"
"10.1016/j.neo.2023.100934","Monjé, Nanna","middle","gse14764","10.18632/aging.103811"
"10.1016/j.neo.2023.100934","Monjé, Nanna","middle","gse14764","10.2147/ott.s228678"
"10.1016/j.neo.2023.100934","Monjé, Nanna","middle","gse14764","10.1186/s12885-022-10485-8"
"10.1016/j.neo.2023.100934","Monjé, Nanna","middle","gse14764","10.3389/fgene.2022.958092"
"10.1016/j.neo.2023.100934","Monjé, Nanna","middle","gse14764","10.3390/ijms232415994"
"10.1016/j.neo.2023.100934","Monjé, Nanna","middle","gse14764","10.1371/journal.pone.0030269"
"10.1016/j.neo.2023.100934","Monjé, Nanna","middle","gse14764","10.1038/s41416-020-01252-2"
"10.1016/j.neo.2023.100934","Monjé, Nanna","middle","gse14764","10.1186/1476-4598-13-241"
"10.1016/j.neo.2023.100934","Monjé, Nanna","middle","gse14764","10.1186/s13073-016-0281-4"
"10.1016/j.neo.2023.100934","Monjé, Nanna","middle","gse14764","10.3390/medicina57090933"
"10.1016/j.neo.2023.100934","Monjé, Nanna","middle","gse14764","10.1038/bjc.2013.687"
"10.1016/j.neo.2023.100934","Monjé, Nanna","middle","gse14764","10.1186/s13048-015-0176-9"
"10.1016/j.neo.2023.100934","Monjé, Nanna","middle","gse14764","10.1371/journal.pone.0149183"
"10.1016/j.neo.2023.100934","Monjé, Nanna","middle","gse14764","10.1002/2211-5463.12881"
"10.1016/j.neo.2023.100934","Monjé, Nanna","middle","gse14764","10.1186/s13048-023-01099-0"
"10.1016/j.neo.2023.100934","Monjé, Nanna","middle","gse14764","10.1111/jcmm.16327"
"10.1016/j.neo.2023.100934","Monjé, Nanna","middle","gse14764","10.1038/s41467-021-20893-2"
"10.1016/j.neo.2023.100934","Monjé, Nanna","middle","gse14764","10.1186/s12967-021-03123-7"
"10.1016/j.neo.2023.100934","Monjé, Nanna","middle","gse14764","10.1038/s41419-019-2050-y"
"10.1016/j.neo.2023.100934","Monjé, Nanna","middle","gse14764","10.1038/s41698-022-00298-0"
"10.1016/j.neo.2023.100934","Monjé, Nanna","middle","gse14764","10.1186/s12935-021-02155-9"
"10.1016/j.neo.2023.100934","Monjé, Nanna","middle","gse14764","10.3389/fcell.2021.794801"
"10.1016/j.neo.2023.100934","Monjé, Nanna","middle","gse14764","10.1002/ctm2.1217"
"10.1016/j.neo.2023.100934","Monjé, Nanna","middle","gse14764","10.1038/srep11432"
"10.1016/j.neo.2023.100934","Monjé, Nanna","middle","gse14764","10.1186/s12967-022-03776-y"
"10.1016/j.neo.2023.100934","Monjé, Nanna","middle","gse14764","10.18632/oncotarget.16523"
"10.1016/j.neo.2023.100934","Monjé, Nanna","middle","gse14764","10.3389/fonc.2019.00557"
"10.1016/j.neo.2023.100934","Monjé, Nanna","middle","gse14764","10.1186/1757-2215-7-53"
"10.1016/j.neo.2023.100934","Monjé, Nanna","middle","gse14764","10.1111/jcmm.15601"
"10.1016/j.neo.2023.100934","Monjé, Nanna","middle","gse14764","10.3389/fonc.2016.00213"
"10.1016/j.neo.2023.100934","Monjé, Nanna","middle","gse14764","10.1186/s12859-019-2829-y"
"10.1016/j.neo.2023.100934","Monjé, Nanna","middle","gse14764","10.1155/2022/7745675"
"10.1016/j.neo.2023.100934","Monjé, Nanna","middle","gse14764","10.1186/s13048-019-0575-4"
"10.1016/j.neo.2023.100934","Monjé, Nanna","middle","gse14764","10.1186/s13046-018-0854-8"
"10.1016/j.neo.2023.100934","Monjé, Nanna","middle","gse14764","10.1186/s13059-016-0956-6"
"10.1016/j.neo.2023.100934","Monjé, Nanna","middle","gse14764","10.3390/cancers11030337"
"10.1016/j.neo.2023.100934","Monjé, Nanna","middle","gse14764","10.1038/onc.2014.277"
"10.1016/j.neo.2023.100934","Monjé, Nanna","middle","gse14764","10.3389/fonc.2020.626555"
"10.1016/j.neo.2023.100934","Monjé, Nanna","middle","gse14764","10.1016/j.ebiom.2019.102602"
"10.1016/j.neo.2023.100934","Monjé, Nanna","middle","gse14764","10.1155/2019/3614207"
"10.1016/j.neo.2023.100934","Monjé, Nanna","middle","gse14764","10.1002/mco2.245"
"10.1016/j.neo.2023.100934","Monjé, Nanna","middle","gse14764","10.3389/fcell.2021.653357"
"10.1016/j.neo.2023.100934","Monjé, Nanna","middle","gse14764","10.2147/cmar.s337873"
"10.1016/j.neo.2023.100934","Monjé, Nanna","middle","gse14764","10.1016/j.ebiom.2018.12.054"
"10.1016/j.neo.2023.100934","Monjé, Nanna","middle","gse14764","10.1371/journal.pone.0167585"
"10.1016/j.neo.2023.100934","Monjé, Nanna","middle","gse14764","10.3389/fgene.2020.00705"
"10.1016/j.neo.2023.100934","Monjé, Nanna","middle","gse14764","10.3389/fgene.2022.823082"
"10.1016/j.neo.2023.100934","Monjé, Nanna","middle","gse14764","10.3389/fbioe.2021.792911"
"10.1016/j.neo.2023.100934","Monjé, Nanna","middle","gse14764","10.3389/fimmu.2022.951582"
"10.1016/j.neo.2023.100934","Monjé, Nanna","middle","gse14764","10.1002/ctm2.633"
"10.1016/j.neo.2023.100934","Monjé, Nanna","middle","gse14764","10.3892/ol.2020.11266"
"10.1016/j.neo.2023.100934","Monjé, Nanna","middle","gse14764","10.3389/fphar.2020.00577"
"10.1016/j.neo.2023.100934","Monjé, Nanna","middle","gse14764","10.1155/2022/6575534"
"10.1016/j.neo.2023.100934","Monjé, Nanna","middle","gse14764","10.1080/21655979.2021.1973220"
"10.1016/j.neo.2023.100934","Monjé, Nanna","middle","gse14764","10.3390/ijms21072327"
"10.1016/j.neo.2023.100934","Monjé, Nanna","middle","gse14764","10.3389/fgene.2021.678747"
"10.1016/j.neo.2023.100934","Monjé, Nanna","middle","gse14764","10.7150/thno.48101"
"10.1016/j.neo.2023.100934","Monjé, Nanna","middle","gse14764","10.15252/embr.202051981"
"10.1016/j.neo.2023.100934","Keunecke, Carlotta","middle","gse14764","10.1186/s13073-016-0319-7"
"10.1016/j.neo.2023.100934","Keunecke, Carlotta","middle","gse14764","10.1038/cddis.2015.250"
"10.1016/j.neo.2023.100934","Keunecke, Carlotta","middle","gse14764","10.3390/ijms221910817"
"10.1016/j.neo.2023.100934","Keunecke, Carlotta","middle","gse14764","10.3389/fonc.2022.1003512"
"10.1016/j.neo.2023.100934","Keunecke, Carlotta","middle","gse14764","10.1038/s41389-020-00246-2"
"10.1016/j.neo.2023.100934","Keunecke, Carlotta","middle","gse14764","10.3390/ijms21082824"
"10.1016/j.neo.2023.100934","Keunecke, Carlotta","middle","gse14764","10.1038/s41598-021-86923-7"
"10.1016/j.neo.2023.100934","Keunecke, Carlotta","middle","gse14764","10.1186/s12943-020-1130-z"
"10.1016/j.neo.2023.100934","Keunecke, Carlotta","middle","gse14764","10.3892/ol.2019.10934"
"10.1016/j.neo.2023.100934","Keunecke, Carlotta","middle","gse14764","10.3389/fonc.2022.923508"
"10.1016/j.neo.2023.100934","Keunecke, Carlotta","middle","gse14764","10.1002/advs.202105469"
"10.1016/j.neo.2023.100934","Keunecke, Carlotta","middle","gse14764","10.18632/aging.103811"
"10.1016/j.neo.2023.100934","Keunecke, Carlotta","middle","gse14764","10.2147/ott.s228678"
"10.1016/j.neo.2023.100934","Keunecke, Carlotta","middle","gse14764","10.1186/s12885-022-10485-8"
"10.1016/j.neo.2023.100934","Keunecke, Carlotta","middle","gse14764","10.3389/fgene.2022.958092"
"10.1016/j.neo.2023.100934","Keunecke, Carlotta","middle","gse14764","10.3390/ijms232415994"
"10.1016/j.neo.2023.100934","Keunecke, Carlotta","middle","gse14764","10.1371/journal.pone.0030269"
"10.1016/j.neo.2023.100934","Keunecke, Carlotta","middle","gse14764","10.1038/s41416-020-01252-2"
"10.1016/j.neo.2023.100934","Keunecke, Carlotta","middle","gse14764","10.1186/1476-4598-13-241"
"10.1016/j.neo.2023.100934","Keunecke, Carlotta","middle","gse14764","10.1186/s13073-016-0281-4"
"10.1016/j.neo.2023.100934","Keunecke, Carlotta","middle","gse14764","10.3390/medicina57090933"
"10.1016/j.neo.2023.100934","Keunecke, Carlotta","middle","gse14764","10.1038/bjc.2013.687"
"10.1016/j.neo.2023.100934","Keunecke, Carlotta","middle","gse14764","10.1186/s13048-015-0176-9"
"10.1016/j.neo.2023.100934","Keunecke, Carlotta","middle","gse14764","10.1371/journal.pone.0149183"
"10.1016/j.neo.2023.100934","Keunecke, Carlotta","middle","gse14764","10.1002/2211-5463.12881"
"10.1016/j.neo.2023.100934","Keunecke, Carlotta","middle","gse14764","10.1186/s13048-023-01099-0"
"10.1016/j.neo.2023.100934","Keunecke, Carlotta","middle","gse14764","10.1111/jcmm.16327"
"10.1016/j.neo.2023.100934","Keunecke, Carlotta","middle","gse14764","10.1038/s41467-021-20893-2"
"10.1016/j.neo.2023.100934","Keunecke, Carlotta","middle","gse14764","10.1186/s12967-021-03123-7"
"10.1016/j.neo.2023.100934","Keunecke, Carlotta","middle","gse14764","10.1038/s41419-019-2050-y"
"10.1016/j.neo.2023.100934","Keunecke, Carlotta","middle","gse14764","10.1038/s41698-022-00298-0"
"10.1016/j.neo.2023.100934","Keunecke, Carlotta","middle","gse14764","10.1186/s12935-021-02155-9"
"10.1016/j.neo.2023.100934","Keunecke, Carlotta","middle","gse14764","10.3389/fcell.2021.794801"
"10.1016/j.neo.2023.100934","Keunecke, Carlotta","middle","gse14764","10.1002/ctm2.1217"
"10.1016/j.neo.2023.100934","Keunecke, Carlotta","middle","gse14764","10.1038/srep11432"
"10.1016/j.neo.2023.100934","Keunecke, Carlotta","middle","gse14764","10.1186/s12967-022-03776-y"
"10.1016/j.neo.2023.100934","Keunecke, Carlotta","middle","gse14764","10.18632/oncotarget.16523"
"10.1016/j.neo.2023.100934","Keunecke, Carlotta","middle","gse14764","10.3389/fonc.2019.00557"
"10.1016/j.neo.2023.100934","Keunecke, Carlotta","middle","gse14764","10.1186/1757-2215-7-53"
"10.1016/j.neo.2023.100934","Keunecke, Carlotta","middle","gse14764","10.1111/jcmm.15601"
"10.1016/j.neo.2023.100934","Keunecke, Carlotta","middle","gse14764","10.3389/fonc.2016.00213"
"10.1016/j.neo.2023.100934","Keunecke, Carlotta","middle","gse14764","10.1186/s12859-019-2829-y"
"10.1016/j.neo.2023.100934","Keunecke, Carlotta","middle","gse14764","10.1155/2022/7745675"
"10.1016/j.neo.2023.100934","Keunecke, Carlotta","middle","gse14764","10.1186/s13048-019-0575-4"
"10.1016/j.neo.2023.100934","Keunecke, Carlotta","middle","gse14764","10.1186/s13046-018-0854-8"
"10.1016/j.neo.2023.100934","Keunecke, Carlotta","middle","gse14764","10.1186/s13059-016-0956-6"
"10.1016/j.neo.2023.100934","Keunecke, Carlotta","middle","gse14764","10.3390/cancers11030337"
"10.1016/j.neo.2023.100934","Keunecke, Carlotta","middle","gse14764","10.1038/onc.2014.277"
"10.1016/j.neo.2023.100934","Keunecke, Carlotta","middle","gse14764","10.3389/fonc.2020.626555"
"10.1016/j.neo.2023.100934","Keunecke, Carlotta","middle","gse14764","10.1016/j.ebiom.2019.102602"
"10.1016/j.neo.2023.100934","Keunecke, Carlotta","middle","gse14764","10.1155/2019/3614207"
"10.1016/j.neo.2023.100934","Keunecke, Carlotta","middle","gse14764","10.1002/mco2.245"
"10.1016/j.neo.2023.100934","Keunecke, Carlotta","middle","gse14764","10.3389/fcell.2021.653357"
"10.1016/j.neo.2023.100934","Keunecke, Carlotta","middle","gse14764","10.2147/cmar.s337873"
"10.1016/j.neo.2023.100934","Keunecke, Carlotta","middle","gse14764","10.1016/j.ebiom.2018.12.054"
"10.1016/j.neo.2023.100934","Keunecke, Carlotta","middle","gse14764","10.1371/journal.pone.0167585"
"10.1016/j.neo.2023.100934","Keunecke, Carlotta","middle","gse14764","10.3389/fgene.2020.00705"
"10.1016/j.neo.2023.100934","Keunecke, Carlotta","middle","gse14764","10.3389/fgene.2022.823082"
"10.1016/j.neo.2023.100934","Keunecke, Carlotta","middle","gse14764","10.3389/fbioe.2021.792911"
"10.1016/j.neo.2023.100934","Keunecke, Carlotta","middle","gse14764","10.3389/fimmu.2022.951582"
"10.1016/j.neo.2023.100934","Keunecke, Carlotta","middle","gse14764","10.1002/ctm2.633"
"10.1016/j.neo.2023.100934","Keunecke, Carlotta","middle","gse14764","10.3892/ol.2020.11266"
"10.1016/j.neo.2023.100934","Keunecke, Carlotta","middle","gse14764","10.3389/fphar.2020.00577"
"10.1016/j.neo.2023.100934","Keunecke, Carlotta","middle","gse14764","10.1155/2022/6575534"
"10.1016/j.neo.2023.100934","Keunecke, Carlotta","middle","gse14764","10.1080/21655979.2021.1973220"
"10.1016/j.neo.2023.100934","Keunecke, Carlotta","middle","gse14764","10.3390/ijms21072327"
"10.1016/j.neo.2023.100934","Keunecke, Carlotta","middle","gse14764","10.3389/fgene.2021.678747"
"10.1016/j.neo.2023.100934","Keunecke, Carlotta","middle","gse14764","10.7150/thno.48101"
"10.1016/j.neo.2023.100934","Keunecke, Carlotta","middle","gse14764","10.15252/embr.202051981"
"10.1016/j.neo.2023.100934","Kunze, Catarina Alisa","middle","gse14764","10.1186/s13073-016-0319-7"
"10.1016/j.neo.2023.100934","Kunze, Catarina Alisa","middle","gse14764","10.1038/cddis.2015.250"
"10.1016/j.neo.2023.100934","Kunze, Catarina Alisa","middle","gse14764","10.3390/ijms221910817"
"10.1016/j.neo.2023.100934","Kunze, Catarina Alisa","middle","gse14764","10.3389/fonc.2022.1003512"
"10.1016/j.neo.2023.100934","Kunze, Catarina Alisa","middle","gse14764","10.1038/s41389-020-00246-2"
"10.1016/j.neo.2023.100934","Kunze, Catarina Alisa","middle","gse14764","10.3390/ijms21082824"
"10.1016/j.neo.2023.100934","Kunze, Catarina Alisa","middle","gse14764","10.1038/s41598-021-86923-7"
"10.1016/j.neo.2023.100934","Kunze, Catarina Alisa","middle","gse14764","10.1186/s12943-020-1130-z"
"10.1016/j.neo.2023.100934","Kunze, Catarina Alisa","middle","gse14764","10.3892/ol.2019.10934"
"10.1016/j.neo.2023.100934","Kunze, Catarina Alisa","middle","gse14764","10.3389/fonc.2022.923508"
"10.1016/j.neo.2023.100934","Kunze, Catarina Alisa","middle","gse14764","10.1002/advs.202105469"
"10.1016/j.neo.2023.100934","Kunze, Catarina Alisa","middle","gse14764","10.18632/aging.103811"
"10.1016/j.neo.2023.100934","Kunze, Catarina Alisa","middle","gse14764","10.2147/ott.s228678"
"10.1016/j.neo.2023.100934","Kunze, Catarina Alisa","middle","gse14764","10.1186/s12885-022-10485-8"
"10.1016/j.neo.2023.100934","Kunze, Catarina Alisa","middle","gse14764","10.3389/fgene.2022.958092"
"10.1016/j.neo.2023.100934","Kunze, Catarina Alisa","middle","gse14764","10.3390/ijms232415994"
"10.1016/j.neo.2023.100934","Kunze, Catarina Alisa","middle","gse14764","10.1371/journal.pone.0030269"
"10.1016/j.neo.2023.100934","Kunze, Catarina Alisa","middle","gse14764","10.1038/s41416-020-01252-2"
"10.1016/j.neo.2023.100934","Kunze, Catarina Alisa","middle","gse14764","10.1186/1476-4598-13-241"
"10.1016/j.neo.2023.100934","Kunze, Catarina Alisa","middle","gse14764","10.1186/s13073-016-0281-4"
"10.1016/j.neo.2023.100934","Kunze, Catarina Alisa","middle","gse14764","10.3390/medicina57090933"
"10.1016/j.neo.2023.100934","Kunze, Catarina Alisa","middle","gse14764","10.1038/bjc.2013.687"
"10.1016/j.neo.2023.100934","Kunze, Catarina Alisa","middle","gse14764","10.1186/s13048-015-0176-9"
"10.1016/j.neo.2023.100934","Kunze, Catarina Alisa","middle","gse14764","10.1371/journal.pone.0149183"
"10.1016/j.neo.2023.100934","Kunze, Catarina Alisa","middle","gse14764","10.1002/2211-5463.12881"
"10.1016/j.neo.2023.100934","Kunze, Catarina Alisa","middle","gse14764","10.1186/s13048-023-01099-0"
"10.1016/j.neo.2023.100934","Kunze, Catarina Alisa","middle","gse14764","10.1111/jcmm.16327"
"10.1016/j.neo.2023.100934","Kunze, Catarina Alisa","middle","gse14764","10.1038/s41467-021-20893-2"
"10.1016/j.neo.2023.100934","Kunze, Catarina Alisa","middle","gse14764","10.1186/s12967-021-03123-7"
"10.1016/j.neo.2023.100934","Kunze, Catarina Alisa","middle","gse14764","10.1038/s41419-019-2050-y"
"10.1016/j.neo.2023.100934","Kunze, Catarina Alisa","middle","gse14764","10.1038/s41698-022-00298-0"
"10.1016/j.neo.2023.100934","Kunze, Catarina Alisa","middle","gse14764","10.1186/s12935-021-02155-9"
"10.1016/j.neo.2023.100934","Kunze, Catarina Alisa","middle","gse14764","10.3389/fcell.2021.794801"
"10.1016/j.neo.2023.100934","Kunze, Catarina Alisa","middle","gse14764","10.1002/ctm2.1217"
"10.1016/j.neo.2023.100934","Kunze, Catarina Alisa","middle","gse14764","10.1038/srep11432"
"10.1016/j.neo.2023.100934","Kunze, Catarina Alisa","middle","gse14764","10.1186/s12967-022-03776-y"
"10.1016/j.neo.2023.100934","Kunze, Catarina Alisa","middle","gse14764","10.18632/oncotarget.16523"
"10.1016/j.neo.2023.100934","Kunze, Catarina Alisa","middle","gse14764","10.3389/fonc.2019.00557"
"10.1016/j.neo.2023.100934","Kunze, Catarina Alisa","middle","gse14764","10.1186/1757-2215-7-53"
"10.1016/j.neo.2023.100934","Kunze, Catarina Alisa","middle","gse14764","10.1111/jcmm.15601"
"10.1016/j.neo.2023.100934","Kunze, Catarina Alisa","middle","gse14764","10.3389/fonc.2016.00213"
"10.1016/j.neo.2023.100934","Kunze, Catarina Alisa","middle","gse14764","10.1186/s12859-019-2829-y"
"10.1016/j.neo.2023.100934","Kunze, Catarina Alisa","middle","gse14764","10.1155/2022/7745675"
"10.1016/j.neo.2023.100934","Kunze, Catarina Alisa","middle","gse14764","10.1186/s13048-019-0575-4"
"10.1016/j.neo.2023.100934","Kunze, Catarina Alisa","middle","gse14764","10.1186/s13046-018-0854-8"
"10.1016/j.neo.2023.100934","Kunze, Catarina Alisa","middle","gse14764","10.1186/s13059-016-0956-6"
"10.1016/j.neo.2023.100934","Kunze, Catarina Alisa","middle","gse14764","10.3390/cancers11030337"
"10.1016/j.neo.2023.100934","Kunze, Catarina Alisa","middle","gse14764","10.1038/onc.2014.277"
"10.1016/j.neo.2023.100934","Kunze, Catarina Alisa","middle","gse14764","10.3389/fonc.2020.626555"
"10.1016/j.neo.2023.100934","Kunze, Catarina Alisa","middle","gse14764","10.1016/j.ebiom.2019.102602"
"10.1016/j.neo.2023.100934","Kunze, Catarina Alisa","middle","gse14764","10.1155/2019/3614207"
"10.1016/j.neo.2023.100934","Kunze, Catarina Alisa","middle","gse14764","10.1002/mco2.245"
"10.1016/j.neo.2023.100934","Kunze, Catarina Alisa","middle","gse14764","10.3389/fcell.2021.653357"
"10.1016/j.neo.2023.100934","Kunze, Catarina Alisa","middle","gse14764","10.2147/cmar.s337873"
"10.1016/j.neo.2023.100934","Kunze, Catarina Alisa","middle","gse14764","10.1016/j.ebiom.2018.12.054"
"10.1016/j.neo.2023.100934","Kunze, Catarina Alisa","middle","gse14764","10.1371/journal.pone.0167585"
"10.1016/j.neo.2023.100934","Kunze, Catarina Alisa","middle","gse14764","10.3389/fgene.2020.00705"
"10.1016/j.neo.2023.100934","Kunze, Catarina Alisa","middle","gse14764","10.3389/fgene.2022.823082"
"10.1016/j.neo.2023.100934","Kunze, Catarina Alisa","middle","gse14764","10.3389/fbioe.2021.792911"
"10.1016/j.neo.2023.100934","Kunze, Catarina Alisa","middle","gse14764","10.3389/fimmu.2022.951582"
"10.1016/j.neo.2023.100934","Kunze, Catarina Alisa","middle","gse14764","10.1002/ctm2.633"
"10.1016/j.neo.2023.100934","Kunze, Catarina Alisa","middle","gse14764","10.3892/ol.2020.11266"
"10.1016/j.neo.2023.100934","Kunze, Catarina Alisa","middle","gse14764","10.3389/fphar.2020.00577"
"10.1016/j.neo.2023.100934","Kunze, Catarina Alisa","middle","gse14764","10.1155/2022/6575534"
"10.1016/j.neo.2023.100934","Kunze, Catarina Alisa","middle","gse14764","10.1080/21655979.2021.1973220"
"10.1016/j.neo.2023.100934","Kunze, Catarina Alisa","middle","gse14764","10.3390/ijms21072327"
"10.1016/j.neo.2023.100934","Kunze, Catarina Alisa","middle","gse14764","10.3389/fgene.2021.678747"
"10.1016/j.neo.2023.100934","Kunze, Catarina Alisa","middle","gse14764","10.7150/thno.48101"
"10.1016/j.neo.2023.100934","Kunze, Catarina Alisa","middle","gse14764","10.15252/embr.202051981"
"10.1016/j.neo.2023.100934","Schallenberg, Simon","middle","gse14764","10.1186/s13073-016-0319-7"
"10.1016/j.neo.2023.100934","Schallenberg, Simon","middle","gse14764","10.1038/cddis.2015.250"
"10.1016/j.neo.2023.100934","Schallenberg, Simon","middle","gse14764","10.3390/ijms221910817"
"10.1016/j.neo.2023.100934","Schallenberg, Simon","middle","gse14764","10.3389/fonc.2022.1003512"
"10.1016/j.neo.2023.100934","Schallenberg, Simon","middle","gse14764","10.1038/s41389-020-00246-2"
"10.1016/j.neo.2023.100934","Schallenberg, Simon","middle","gse14764","10.3390/ijms21082824"
"10.1016/j.neo.2023.100934","Schallenberg, Simon","middle","gse14764","10.1038/s41598-021-86923-7"
"10.1016/j.neo.2023.100934","Schallenberg, Simon","middle","gse14764","10.1186/s12943-020-1130-z"
"10.1016/j.neo.2023.100934","Schallenberg, Simon","middle","gse14764","10.3892/ol.2019.10934"
"10.1016/j.neo.2023.100934","Schallenberg, Simon","middle","gse14764","10.3389/fonc.2022.923508"
"10.1016/j.neo.2023.100934","Schallenberg, Simon","middle","gse14764","10.1002/advs.202105469"
"10.1016/j.neo.2023.100934","Schallenberg, Simon","middle","gse14764","10.18632/aging.103811"
"10.1016/j.neo.2023.100934","Schallenberg, Simon","middle","gse14764","10.2147/ott.s228678"
"10.1016/j.neo.2023.100934","Schallenberg, Simon","middle","gse14764","10.1186/s12885-022-10485-8"
"10.1016/j.neo.2023.100934","Schallenberg, Simon","middle","gse14764","10.3389/fgene.2022.958092"
"10.1016/j.neo.2023.100934","Schallenberg, Simon","middle","gse14764","10.3390/ijms232415994"
"10.1016/j.neo.2023.100934","Schallenberg, Simon","middle","gse14764","10.1371/journal.pone.0030269"
"10.1016/j.neo.2023.100934","Schallenberg, Simon","middle","gse14764","10.1038/s41416-020-01252-2"
"10.1016/j.neo.2023.100934","Schallenberg, Simon","middle","gse14764","10.1186/1476-4598-13-241"
"10.1016/j.neo.2023.100934","Schallenberg, Simon","middle","gse14764","10.1186/s13073-016-0281-4"
"10.1016/j.neo.2023.100934","Schallenberg, Simon","middle","gse14764","10.3390/medicina57090933"
"10.1016/j.neo.2023.100934","Schallenberg, Simon","middle","gse14764","10.1038/bjc.2013.687"
"10.1016/j.neo.2023.100934","Schallenberg, Simon","middle","gse14764","10.1186/s13048-015-0176-9"
"10.1016/j.neo.2023.100934","Schallenberg, Simon","middle","gse14764","10.1371/journal.pone.0149183"
"10.1016/j.neo.2023.100934","Schallenberg, Simon","middle","gse14764","10.1002/2211-5463.12881"
"10.1016/j.neo.2023.100934","Schallenberg, Simon","middle","gse14764","10.1186/s13048-023-01099-0"
"10.1016/j.neo.2023.100934","Schallenberg, Simon","middle","gse14764","10.1111/jcmm.16327"
"10.1016/j.neo.2023.100934","Schallenberg, Simon","middle","gse14764","10.1038/s41467-021-20893-2"
"10.1016/j.neo.2023.100934","Schallenberg, Simon","middle","gse14764","10.1186/s12967-021-03123-7"
"10.1016/j.neo.2023.100934","Schallenberg, Simon","middle","gse14764","10.1038/s41419-019-2050-y"
"10.1016/j.neo.2023.100934","Schallenberg, Simon","middle","gse14764","10.1038/s41698-022-00298-0"
"10.1016/j.neo.2023.100934","Schallenberg, Simon","middle","gse14764","10.1186/s12935-021-02155-9"
"10.1016/j.neo.2023.100934","Schallenberg, Simon","middle","gse14764","10.3389/fcell.2021.794801"
"10.1016/j.neo.2023.100934","Schallenberg, Simon","middle","gse14764","10.1002/ctm2.1217"
"10.1016/j.neo.2023.100934","Schallenberg, Simon","middle","gse14764","10.1038/srep11432"
"10.1016/j.neo.2023.100934","Schallenberg, Simon","middle","gse14764","10.1186/s12967-022-03776-y"
"10.1016/j.neo.2023.100934","Schallenberg, Simon","middle","gse14764","10.18632/oncotarget.16523"
"10.1016/j.neo.2023.100934","Schallenberg, Simon","middle","gse14764","10.3389/fonc.2019.00557"
"10.1016/j.neo.2023.100934","Schallenberg, Simon","middle","gse14764","10.1186/1757-2215-7-53"
"10.1016/j.neo.2023.100934","Schallenberg, Simon","middle","gse14764","10.1111/jcmm.15601"
"10.1016/j.neo.2023.100934","Schallenberg, Simon","middle","gse14764","10.3389/fonc.2016.00213"
"10.1016/j.neo.2023.100934","Schallenberg, Simon","middle","gse14764","10.1186/s12859-019-2829-y"
"10.1016/j.neo.2023.100934","Schallenberg, Simon","middle","gse14764","10.1155/2022/7745675"
"10.1016/j.neo.2023.100934","Schallenberg, Simon","middle","gse14764","10.1186/s13048-019-0575-4"
"10.1016/j.neo.2023.100934","Schallenberg, Simon","middle","gse14764","10.1186/s13046-018-0854-8"
"10.1016/j.neo.2023.100934","Schallenberg, Simon","middle","gse14764","10.1186/s13059-016-0956-6"
"10.1016/j.neo.2023.100934","Schallenberg, Simon","middle","gse14764","10.3390/cancers11030337"
"10.1016/j.neo.2023.100934","Schallenberg, Simon","middle","gse14764","10.1038/onc.2014.277"
"10.1016/j.neo.2023.100934","Schallenberg, Simon","middle","gse14764","10.3389/fonc.2020.626555"
"10.1016/j.neo.2023.100934","Schallenberg, Simon","middle","gse14764","10.1016/j.ebiom.2019.102602"
"10.1016/j.neo.2023.100934","Schallenberg, Simon","middle","gse14764","10.1155/2019/3614207"
"10.1016/j.neo.2023.100934","Schallenberg, Simon","middle","gse14764","10.1002/mco2.245"
"10.1016/j.neo.2023.100934","Schallenberg, Simon","middle","gse14764","10.3389/fcell.2021.653357"
"10.1016/j.neo.2023.100934","Schallenberg, Simon","middle","gse14764","10.2147/cmar.s337873"
"10.1016/j.neo.2023.100934","Schallenberg, Simon","middle","gse14764","10.1016/j.ebiom.2018.12.054"
"10.1016/j.neo.2023.100934","Schallenberg, Simon","middle","gse14764","10.1371/journal.pone.0167585"
"10.1016/j.neo.2023.100934","Schallenberg, Simon","middle","gse14764","10.3389/fgene.2020.00705"
"10.1016/j.neo.2023.100934","Schallenberg, Simon","middle","gse14764","10.3389/fgene.2022.823082"
"10.1016/j.neo.2023.100934","Schallenberg, Simon","middle","gse14764","10.3389/fbioe.2021.792911"
"10.1016/j.neo.2023.100934","Schallenberg, Simon","middle","gse14764","10.3389/fimmu.2022.951582"
"10.1016/j.neo.2023.100934","Schallenberg, Simon","middle","gse14764","10.1002/ctm2.633"
"10.1016/j.neo.2023.100934","Schallenberg, Simon","middle","gse14764","10.3892/ol.2020.11266"
"10.1016/j.neo.2023.100934","Schallenberg, Simon","middle","gse14764","10.3389/fphar.2020.00577"
"10.1016/j.neo.2023.100934","Schallenberg, Simon","middle","gse14764","10.1155/2022/6575534"
"10.1016/j.neo.2023.100934","Schallenberg, Simon","middle","gse14764","10.1080/21655979.2021.1973220"
"10.1016/j.neo.2023.100934","Schallenberg, Simon","middle","gse14764","10.3390/ijms21072327"
"10.1016/j.neo.2023.100934","Schallenberg, Simon","middle","gse14764","10.3389/fgene.2021.678747"
"10.1016/j.neo.2023.100934","Schallenberg, Simon","middle","gse14764","10.7150/thno.48101"
"10.1016/j.neo.2023.100934","Schallenberg, Simon","middle","gse14764","10.15252/embr.202051981"
"10.1016/j.neo.2023.100934","Marchenko, Sofya","middle","gse14764","10.1186/s13073-016-0319-7"
"10.1016/j.neo.2023.100934","Marchenko, Sofya","middle","gse14764","10.1038/cddis.2015.250"
"10.1016/j.neo.2023.100934","Marchenko, Sofya","middle","gse14764","10.3390/ijms221910817"
"10.1016/j.neo.2023.100934","Marchenko, Sofya","middle","gse14764","10.3389/fonc.2022.1003512"
"10.1016/j.neo.2023.100934","Marchenko, Sofya","middle","gse14764","10.1038/s41389-020-00246-2"
"10.1016/j.neo.2023.100934","Marchenko, Sofya","middle","gse14764","10.3390/ijms21082824"
"10.1016/j.neo.2023.100934","Marchenko, Sofya","middle","gse14764","10.1038/s41598-021-86923-7"
"10.1016/j.neo.2023.100934","Marchenko, Sofya","middle","gse14764","10.1186/s12943-020-1130-z"
"10.1016/j.neo.2023.100934","Marchenko, Sofya","middle","gse14764","10.3892/ol.2019.10934"
"10.1016/j.neo.2023.100934","Marchenko, Sofya","middle","gse14764","10.3389/fonc.2022.923508"
"10.1016/j.neo.2023.100934","Marchenko, Sofya","middle","gse14764","10.1002/advs.202105469"
"10.1016/j.neo.2023.100934","Marchenko, Sofya","middle","gse14764","10.18632/aging.103811"
"10.1016/j.neo.2023.100934","Marchenko, Sofya","middle","gse14764","10.2147/ott.s228678"
"10.1016/j.neo.2023.100934","Marchenko, Sofya","middle","gse14764","10.1186/s12885-022-10485-8"
"10.1016/j.neo.2023.100934","Marchenko, Sofya","middle","gse14764","10.3389/fgene.2022.958092"
"10.1016/j.neo.2023.100934","Marchenko, Sofya","middle","gse14764","10.3390/ijms232415994"
"10.1016/j.neo.2023.100934","Marchenko, Sofya","middle","gse14764","10.1371/journal.pone.0030269"
"10.1016/j.neo.2023.100934","Marchenko, Sofya","middle","gse14764","10.1038/s41416-020-01252-2"
"10.1016/j.neo.2023.100934","Marchenko, Sofya","middle","gse14764","10.1186/1476-4598-13-241"
"10.1016/j.neo.2023.100934","Marchenko, Sofya","middle","gse14764","10.1186/s13073-016-0281-4"
"10.1016/j.neo.2023.100934","Marchenko, Sofya","middle","gse14764","10.3390/medicina57090933"
"10.1016/j.neo.2023.100934","Marchenko, Sofya","middle","gse14764","10.1038/bjc.2013.687"
"10.1016/j.neo.2023.100934","Marchenko, Sofya","middle","gse14764","10.1186/s13048-015-0176-9"
"10.1016/j.neo.2023.100934","Marchenko, Sofya","middle","gse14764","10.1371/journal.pone.0149183"
"10.1016/j.neo.2023.100934","Marchenko, Sofya","middle","gse14764","10.1002/2211-5463.12881"
"10.1016/j.neo.2023.100934","Marchenko, Sofya","middle","gse14764","10.1186/s13048-023-01099-0"
"10.1016/j.neo.2023.100934","Marchenko, Sofya","middle","gse14764","10.1111/jcmm.16327"
"10.1016/j.neo.2023.100934","Marchenko, Sofya","middle","gse14764","10.1038/s41467-021-20893-2"
"10.1016/j.neo.2023.100934","Marchenko, Sofya","middle","gse14764","10.1186/s12967-021-03123-7"
"10.1016/j.neo.2023.100934","Marchenko, Sofya","middle","gse14764","10.1038/s41419-019-2050-y"
"10.1016/j.neo.2023.100934","Marchenko, Sofya","middle","gse14764","10.1038/s41698-022-00298-0"
"10.1016/j.neo.2023.100934","Marchenko, Sofya","middle","gse14764","10.1186/s12935-021-02155-9"
"10.1016/j.neo.2023.100934","Marchenko, Sofya","middle","gse14764","10.3389/fcell.2021.794801"
"10.1016/j.neo.2023.100934","Marchenko, Sofya","middle","gse14764","10.1002/ctm2.1217"
"10.1016/j.neo.2023.100934","Marchenko, Sofya","middle","gse14764","10.1038/srep11432"
"10.1016/j.neo.2023.100934","Marchenko, Sofya","middle","gse14764","10.1186/s12967-022-03776-y"
"10.1016/j.neo.2023.100934","Marchenko, Sofya","middle","gse14764","10.18632/oncotarget.16523"
"10.1016/j.neo.2023.100934","Marchenko, Sofya","middle","gse14764","10.3389/fonc.2019.00557"
"10.1016/j.neo.2023.100934","Marchenko, Sofya","middle","gse14764","10.1186/1757-2215-7-53"
"10.1016/j.neo.2023.100934","Marchenko, Sofya","middle","gse14764","10.1111/jcmm.15601"
"10.1016/j.neo.2023.100934","Marchenko, Sofya","middle","gse14764","10.3389/fonc.2016.00213"
"10.1016/j.neo.2023.100934","Marchenko, Sofya","middle","gse14764","10.1186/s12859-019-2829-y"
"10.1016/j.neo.2023.100934","Marchenko, Sofya","middle","gse14764","10.1155/2022/7745675"
"10.1016/j.neo.2023.100934","Marchenko, Sofya","middle","gse14764","10.1186/s13048-019-0575-4"
"10.1016/j.neo.2023.100934","Marchenko, Sofya","middle","gse14764","10.1186/s13046-018-0854-8"
"10.1016/j.neo.2023.100934","Marchenko, Sofya","middle","gse14764","10.1186/s13059-016-0956-6"
"10.1016/j.neo.2023.100934","Marchenko, Sofya","middle","gse14764","10.3390/cancers11030337"
"10.1016/j.neo.2023.100934","Marchenko, Sofya","middle","gse14764","10.1038/onc.2014.277"
"10.1016/j.neo.2023.100934","Marchenko, Sofya","middle","gse14764","10.3389/fonc.2020.626555"
"10.1016/j.neo.2023.100934","Marchenko, Sofya","middle","gse14764","10.1016/j.ebiom.2019.102602"
"10.1016/j.neo.2023.100934","Marchenko, Sofya","middle","gse14764","10.1155/2019/3614207"
"10.1016/j.neo.2023.100934","Marchenko, Sofya","middle","gse14764","10.1002/mco2.245"
"10.1016/j.neo.2023.100934","Marchenko, Sofya","middle","gse14764","10.3389/fcell.2021.653357"
"10.1016/j.neo.2023.100934","Marchenko, Sofya","middle","gse14764","10.2147/cmar.s337873"
"10.1016/j.neo.2023.100934","Marchenko, Sofya","middle","gse14764","10.1016/j.ebiom.2018.12.054"
"10.1016/j.neo.2023.100934","Marchenko, Sofya","middle","gse14764","10.1371/journal.pone.0167585"
"10.1016/j.neo.2023.100934","Marchenko, Sofya","middle","gse14764","10.3389/fgene.2020.00705"
"10.1016/j.neo.2023.100934","Marchenko, Sofya","middle","gse14764","10.3389/fgene.2022.823082"
"10.1016/j.neo.2023.100934","Marchenko, Sofya","middle","gse14764","10.3389/fbioe.2021.792911"
"10.1016/j.neo.2023.100934","Marchenko, Sofya","middle","gse14764","10.3389/fimmu.2022.951582"
"10.1016/j.neo.2023.100934","Marchenko, Sofya","middle","gse14764","10.1002/ctm2.633"
"10.1016/j.neo.2023.100934","Marchenko, Sofya","middle","gse14764","10.3892/ol.2020.11266"
"10.1016/j.neo.2023.100934","Marchenko, Sofya","middle","gse14764","10.3389/fphar.2020.00577"
"10.1016/j.neo.2023.100934","Marchenko, Sofya","middle","gse14764","10.1155/2022/6575534"
"10.1016/j.neo.2023.100934","Marchenko, Sofya","middle","gse14764","10.1080/21655979.2021.1973220"
"10.1016/j.neo.2023.100934","Marchenko, Sofya","middle","gse14764","10.3390/ijms21072327"
"10.1016/j.neo.2023.100934","Marchenko, Sofya","middle","gse14764","10.3389/fgene.2021.678747"
"10.1016/j.neo.2023.100934","Marchenko, Sofya","middle","gse14764","10.7150/thno.48101"
"10.1016/j.neo.2023.100934","Marchenko, Sofya","middle","gse14764","10.15252/embr.202051981"
"10.1016/j.neo.2023.100934","Schmitt, Wolfgang D.","middle","gse14764","10.1186/s13073-016-0319-7"
"10.1016/j.neo.2023.100934","Schmitt, Wolfgang D.","middle","gse14764","10.1038/cddis.2015.250"
"10.1016/j.neo.2023.100934","Schmitt, Wolfgang D.","middle","gse14764","10.3390/ijms221910817"
"10.1016/j.neo.2023.100934","Schmitt, Wolfgang D.","middle","gse14764","10.3389/fonc.2022.1003512"
"10.1016/j.neo.2023.100934","Schmitt, Wolfgang D.","middle","gse14764","10.1038/s41389-020-00246-2"
"10.1016/j.neo.2023.100934","Schmitt, Wolfgang D.","middle","gse14764","10.3390/ijms21082824"
"10.1016/j.neo.2023.100934","Schmitt, Wolfgang D.","middle","gse14764","10.1038/s41598-021-86923-7"
"10.1016/j.neo.2023.100934","Schmitt, Wolfgang D.","middle","gse14764","10.1186/s12943-020-1130-z"
"10.1016/j.neo.2023.100934","Schmitt, Wolfgang D.","middle","gse14764","10.3892/ol.2019.10934"
"10.1016/j.neo.2023.100934","Schmitt, Wolfgang D.","middle","gse14764","10.3389/fonc.2022.923508"
"10.1016/j.neo.2023.100934","Schmitt, Wolfgang D.","middle","gse14764","10.1002/advs.202105469"
"10.1016/j.neo.2023.100934","Schmitt, Wolfgang D.","middle","gse14764","10.18632/aging.103811"
"10.1016/j.neo.2023.100934","Schmitt, Wolfgang D.","middle","gse14764","10.2147/ott.s228678"
"10.1016/j.neo.2023.100934","Schmitt, Wolfgang D.","middle","gse14764","10.1186/s12885-022-10485-8"
"10.1016/j.neo.2023.100934","Schmitt, Wolfgang D.","middle","gse14764","10.3389/fgene.2022.958092"
"10.1016/j.neo.2023.100934","Schmitt, Wolfgang D.","middle","gse14764","10.3390/ijms232415994"
"10.1016/j.neo.2023.100934","Schmitt, Wolfgang D.","middle","gse14764","10.1371/journal.pone.0030269"
"10.1016/j.neo.2023.100934","Schmitt, Wolfgang D.","middle","gse14764","10.1038/s41416-020-01252-2"
"10.1016/j.neo.2023.100934","Schmitt, Wolfgang D.","middle","gse14764","10.1186/1476-4598-13-241"
"10.1016/j.neo.2023.100934","Schmitt, Wolfgang D.","middle","gse14764","10.1186/s13073-016-0281-4"
"10.1016/j.neo.2023.100934","Schmitt, Wolfgang D.","middle","gse14764","10.3390/medicina57090933"
"10.1016/j.neo.2023.100934","Schmitt, Wolfgang D.","middle","gse14764","10.1038/bjc.2013.687"
"10.1016/j.neo.2023.100934","Schmitt, Wolfgang D.","middle","gse14764","10.1186/s13048-015-0176-9"
"10.1016/j.neo.2023.100934","Schmitt, Wolfgang D.","middle","gse14764","10.1371/journal.pone.0149183"
"10.1016/j.neo.2023.100934","Schmitt, Wolfgang D.","middle","gse14764","10.1002/2211-5463.12881"
"10.1016/j.neo.2023.100934","Schmitt, Wolfgang D.","middle","gse14764","10.1186/s13048-023-01099-0"
"10.1016/j.neo.2023.100934","Schmitt, Wolfgang D.","middle","gse14764","10.1111/jcmm.16327"
"10.1016/j.neo.2023.100934","Schmitt, Wolfgang D.","middle","gse14764","10.1038/s41467-021-20893-2"
"10.1016/j.neo.2023.100934","Schmitt, Wolfgang D.","middle","gse14764","10.1186/s12967-021-03123-7"
"10.1016/j.neo.2023.100934","Schmitt, Wolfgang D.","middle","gse14764","10.1038/s41419-019-2050-y"
"10.1016/j.neo.2023.100934","Schmitt, Wolfgang D.","middle","gse14764","10.1038/s41698-022-00298-0"
"10.1016/j.neo.2023.100934","Schmitt, Wolfgang D.","middle","gse14764","10.1186/s12935-021-02155-9"
"10.1016/j.neo.2023.100934","Schmitt, Wolfgang D.","middle","gse14764","10.3389/fcell.2021.794801"
"10.1016/j.neo.2023.100934","Schmitt, Wolfgang D.","middle","gse14764","10.1002/ctm2.1217"
"10.1016/j.neo.2023.100934","Schmitt, Wolfgang D.","middle","gse14764","10.1038/srep11432"
"10.1016/j.neo.2023.100934","Schmitt, Wolfgang D.","middle","gse14764","10.1186/s12967-022-03776-y"
"10.1016/j.neo.2023.100934","Schmitt, Wolfgang D.","middle","gse14764","10.18632/oncotarget.16523"
"10.1016/j.neo.2023.100934","Schmitt, Wolfgang D.","middle","gse14764","10.3389/fonc.2019.00557"
"10.1016/j.neo.2023.100934","Schmitt, Wolfgang D.","middle","gse14764","10.1186/1757-2215-7-53"
"10.1016/j.neo.2023.100934","Schmitt, Wolfgang D.","middle","gse14764","10.1111/jcmm.15601"
"10.1016/j.neo.2023.100934","Schmitt, Wolfgang D.","middle","gse14764","10.3389/fonc.2016.00213"
"10.1016/j.neo.2023.100934","Schmitt, Wolfgang D.","middle","gse14764","10.1186/s12859-019-2829-y"
"10.1016/j.neo.2023.100934","Schmitt, Wolfgang D.","middle","gse14764","10.1155/2022/7745675"
"10.1016/j.neo.2023.100934","Schmitt, Wolfgang D.","middle","gse14764","10.1186/s13048-019-0575-4"
"10.1016/j.neo.2023.100934","Schmitt, Wolfgang D.","middle","gse14764","10.1186/s13046-018-0854-8"
"10.1016/j.neo.2023.100934","Schmitt, Wolfgang D.","middle","gse14764","10.1186/s13059-016-0956-6"
"10.1016/j.neo.2023.100934","Schmitt, Wolfgang D.","middle","gse14764","10.3390/cancers11030337"
"10.1016/j.neo.2023.100934","Schmitt, Wolfgang D.","middle","gse14764","10.1038/onc.2014.277"
"10.1016/j.neo.2023.100934","Schmitt, Wolfgang D.","middle","gse14764","10.3389/fonc.2020.626555"
"10.1016/j.neo.2023.100934","Schmitt, Wolfgang D.","middle","gse14764","10.1016/j.ebiom.2019.102602"
"10.1016/j.neo.2023.100934","Schmitt, Wolfgang D.","middle","gse14764","10.1155/2019/3614207"
"10.1016/j.neo.2023.100934","Schmitt, Wolfgang D.","middle","gse14764","10.1002/mco2.245"
"10.1016/j.neo.2023.100934","Schmitt, Wolfgang D.","middle","gse14764","10.3389/fcell.2021.653357"
"10.1016/j.neo.2023.100934","Schmitt, Wolfgang D.","middle","gse14764","10.2147/cmar.s337873"
"10.1016/j.neo.2023.100934","Schmitt, Wolfgang D.","middle","gse14764","10.1016/j.ebiom.2018.12.054"
"10.1016/j.neo.2023.100934","Schmitt, Wolfgang D.","middle","gse14764","10.1371/journal.pone.0167585"
"10.1016/j.neo.2023.100934","Schmitt, Wolfgang D.","middle","gse14764","10.3389/fgene.2020.00705"
"10.1016/j.neo.2023.100934","Schmitt, Wolfgang D.","middle","gse14764","10.3389/fgene.2022.823082"
"10.1016/j.neo.2023.100934","Schmitt, Wolfgang D.","middle","gse14764","10.3389/fbioe.2021.792911"
"10.1016/j.neo.2023.100934","Schmitt, Wolfgang D.","middle","gse14764","10.3389/fimmu.2022.951582"
"10.1016/j.neo.2023.100934","Schmitt, Wolfgang D.","middle","gse14764","10.1002/ctm2.633"
"10.1016/j.neo.2023.100934","Schmitt, Wolfgang D.","middle","gse14764","10.3892/ol.2020.11266"
"10.1016/j.neo.2023.100934","Schmitt, Wolfgang D.","middle","gse14764","10.3389/fphar.2020.00577"
"10.1016/j.neo.2023.100934","Schmitt, Wolfgang D.","middle","gse14764","10.1155/2022/6575534"
"10.1016/j.neo.2023.100934","Schmitt, Wolfgang D.","middle","gse14764","10.1080/21655979.2021.1973220"
"10.1016/j.neo.2023.100934","Schmitt, Wolfgang D.","middle","gse14764","10.3390/ijms21072327"
"10.1016/j.neo.2023.100934","Schmitt, Wolfgang D.","middle","gse14764","10.3389/fgene.2021.678747"
"10.1016/j.neo.2023.100934","Schmitt, Wolfgang D.","middle","gse14764","10.7150/thno.48101"
"10.1016/j.neo.2023.100934","Schmitt, Wolfgang D.","middle","gse14764","10.15252/embr.202051981"
"10.1016/j.neo.2023.100934","Kulbe, Hagen","middle","gse14764","10.1186/s13073-016-0319-7"
"10.1016/j.neo.2023.100934","Kulbe, Hagen","middle","gse14764","10.1038/cddis.2015.250"
"10.1016/j.neo.2023.100934","Kulbe, Hagen","middle","gse14764","10.3390/ijms221910817"
"10.1016/j.neo.2023.100934","Kulbe, Hagen","middle","gse14764","10.3389/fonc.2022.1003512"
"10.1016/j.neo.2023.100934","Kulbe, Hagen","middle","gse14764","10.1038/s41389-020-00246-2"
"10.1016/j.neo.2023.100934","Kulbe, Hagen","middle","gse14764","10.3390/ijms21082824"
"10.1016/j.neo.2023.100934","Kulbe, Hagen","middle","gse14764","10.1038/s41598-021-86923-7"
"10.1016/j.neo.2023.100934","Kulbe, Hagen","middle","gse14764","10.1186/s12943-020-1130-z"
"10.1016/j.neo.2023.100934","Kulbe, Hagen","middle","gse14764","10.3892/ol.2019.10934"
"10.1016/j.neo.2023.100934","Kulbe, Hagen","middle","gse14764","10.3389/fonc.2022.923508"
"10.1016/j.neo.2023.100934","Kulbe, Hagen","middle","gse14764","10.1002/advs.202105469"
"10.1016/j.neo.2023.100934","Kulbe, Hagen","middle","gse14764","10.18632/aging.103811"
"10.1016/j.neo.2023.100934","Kulbe, Hagen","middle","gse14764","10.2147/ott.s228678"
"10.1016/j.neo.2023.100934","Kulbe, Hagen","middle","gse14764","10.1186/s12885-022-10485-8"
"10.1016/j.neo.2023.100934","Kulbe, Hagen","middle","gse14764","10.3389/fgene.2022.958092"
"10.1016/j.neo.2023.100934","Kulbe, Hagen","middle","gse14764","10.3390/ijms232415994"
"10.1016/j.neo.2023.100934","Kulbe, Hagen","middle","gse14764","10.1371/journal.pone.0030269"
"10.1016/j.neo.2023.100934","Kulbe, Hagen","middle","gse14764","10.1038/s41416-020-01252-2"
"10.1016/j.neo.2023.100934","Kulbe, Hagen","middle","gse14764","10.1186/1476-4598-13-241"
"10.1016/j.neo.2023.100934","Kulbe, Hagen","middle","gse14764","10.1186/s13073-016-0281-4"
"10.1016/j.neo.2023.100934","Kulbe, Hagen","middle","gse14764","10.3390/medicina57090933"
"10.1016/j.neo.2023.100934","Kulbe, Hagen","middle","gse14764","10.1038/bjc.2013.687"
"10.1016/j.neo.2023.100934","Kulbe, Hagen","middle","gse14764","10.1186/s13048-015-0176-9"
"10.1016/j.neo.2023.100934","Kulbe, Hagen","middle","gse14764","10.1371/journal.pone.0149183"
"10.1016/j.neo.2023.100934","Kulbe, Hagen","middle","gse14764","10.1002/2211-5463.12881"
"10.1016/j.neo.2023.100934","Kulbe, Hagen","middle","gse14764","10.1186/s13048-023-01099-0"
"10.1016/j.neo.2023.100934","Kulbe, Hagen","middle","gse14764","10.1111/jcmm.16327"
"10.1016/j.neo.2023.100934","Kulbe, Hagen","middle","gse14764","10.1038/s41467-021-20893-2"
"10.1016/j.neo.2023.100934","Kulbe, Hagen","middle","gse14764","10.1186/s12967-021-03123-7"
"10.1016/j.neo.2023.100934","Kulbe, Hagen","middle","gse14764","10.1038/s41419-019-2050-y"
"10.1016/j.neo.2023.100934","Kulbe, Hagen","middle","gse14764","10.1038/s41698-022-00298-0"
"10.1016/j.neo.2023.100934","Kulbe, Hagen","middle","gse14764","10.1186/s12935-021-02155-9"
"10.1016/j.neo.2023.100934","Kulbe, Hagen","middle","gse14764","10.3389/fcell.2021.794801"
"10.1016/j.neo.2023.100934","Kulbe, Hagen","middle","gse14764","10.1002/ctm2.1217"
"10.1016/j.neo.2023.100934","Kulbe, Hagen","middle","gse14764","10.1038/srep11432"
"10.1016/j.neo.2023.100934","Kulbe, Hagen","middle","gse14764","10.1186/s12967-022-03776-y"
"10.1016/j.neo.2023.100934","Kulbe, Hagen","middle","gse14764","10.18632/oncotarget.16523"
"10.1016/j.neo.2023.100934","Kulbe, Hagen","middle","gse14764","10.3389/fonc.2019.00557"
"10.1016/j.neo.2023.100934","Kulbe, Hagen","middle","gse14764","10.1186/1757-2215-7-53"
"10.1016/j.neo.2023.100934","Kulbe, Hagen","middle","gse14764","10.1111/jcmm.15601"
"10.1016/j.neo.2023.100934","Kulbe, Hagen","middle","gse14764","10.3389/fonc.2016.00213"
"10.1016/j.neo.2023.100934","Kulbe, Hagen","middle","gse14764","10.1186/s12859-019-2829-y"
"10.1016/j.neo.2023.100934","Kulbe, Hagen","middle","gse14764","10.1155/2022/7745675"
"10.1016/j.neo.2023.100934","Kulbe, Hagen","middle","gse14764","10.1186/s13048-019-0575-4"
"10.1016/j.neo.2023.100934","Kulbe, Hagen","middle","gse14764","10.1186/s13046-018-0854-8"
"10.1016/j.neo.2023.100934","Kulbe, Hagen","middle","gse14764","10.1186/s13059-016-0956-6"
"10.1016/j.neo.2023.100934","Kulbe, Hagen","middle","gse14764","10.3390/cancers11030337"
"10.1016/j.neo.2023.100934","Kulbe, Hagen","middle","gse14764","10.1038/onc.2014.277"
"10.1016/j.neo.2023.100934","Kulbe, Hagen","middle","gse14764","10.3389/fonc.2020.626555"
"10.1016/j.neo.2023.100934","Kulbe, Hagen","middle","gse14764","10.1016/j.ebiom.2019.102602"
"10.1016/j.neo.2023.100934","Kulbe, Hagen","middle","gse14764","10.1155/2019/3614207"
"10.1016/j.neo.2023.100934","Kulbe, Hagen","middle","gse14764","10.1002/mco2.245"
"10.1016/j.neo.2023.100934","Kulbe, Hagen","middle","gse14764","10.3389/fcell.2021.653357"
"10.1016/j.neo.2023.100934","Kulbe, Hagen","middle","gse14764","10.2147/cmar.s337873"
"10.1016/j.neo.2023.100934","Kulbe, Hagen","middle","gse14764","10.1016/j.ebiom.2018.12.054"
"10.1016/j.neo.2023.100934","Kulbe, Hagen","middle","gse14764","10.1371/journal.pone.0167585"
"10.1016/j.neo.2023.100934","Kulbe, Hagen","middle","gse14764","10.3389/fgene.2020.00705"
"10.1016/j.neo.2023.100934","Kulbe, Hagen","middle","gse14764","10.3389/fgene.2022.823082"
"10.1016/j.neo.2023.100934","Kulbe, Hagen","middle","gse14764","10.3389/fbioe.2021.792911"
"10.1016/j.neo.2023.100934","Kulbe, Hagen","middle","gse14764","10.3389/fimmu.2022.951582"
"10.1016/j.neo.2023.100934","Kulbe, Hagen","middle","gse14764","10.1002/ctm2.633"
"10.1016/j.neo.2023.100934","Kulbe, Hagen","middle","gse14764","10.3892/ol.2020.11266"
"10.1016/j.neo.2023.100934","Kulbe, Hagen","middle","gse14764","10.3389/fphar.2020.00577"
"10.1016/j.neo.2023.100934","Kulbe, Hagen","middle","gse14764","10.1155/2022/6575534"
"10.1016/j.neo.2023.100934","Kulbe, Hagen","middle","gse14764","10.1080/21655979.2021.1973220"
"10.1016/j.neo.2023.100934","Kulbe, Hagen","middle","gse14764","10.3390/ijms21072327"
"10.1016/j.neo.2023.100934","Kulbe, Hagen","middle","gse14764","10.3389/fgene.2021.678747"
"10.1016/j.neo.2023.100934","Kulbe, Hagen","middle","gse14764","10.7150/thno.48101"
"10.1016/j.neo.2023.100934","Kulbe, Hagen","middle","gse14764","10.15252/embr.202051981"
"10.1016/j.neo.2023.100934","Kulbe, Hagen","middle","gse14764","10.1186/s13073-016-0319-7"
"10.1016/j.neo.2023.100934","Kulbe, Hagen","middle","gse14764","10.1038/cddis.2015.250"
"10.1016/j.neo.2023.100934","Kulbe, Hagen","middle","gse14764","10.3390/ijms221910817"
"10.1016/j.neo.2023.100934","Kulbe, Hagen","middle","gse14764","10.3389/fonc.2022.1003512"
"10.1016/j.neo.2023.100934","Kulbe, Hagen","middle","gse14764","10.1038/s41389-020-00246-2"
"10.1016/j.neo.2023.100934","Kulbe, Hagen","middle","gse14764","10.3390/ijms21082824"
"10.1016/j.neo.2023.100934","Kulbe, Hagen","middle","gse14764","10.1038/s41598-021-86923-7"
"10.1016/j.neo.2023.100934","Kulbe, Hagen","middle","gse14764","10.1186/s12943-020-1130-z"
"10.1016/j.neo.2023.100934","Kulbe, Hagen","middle","gse14764","10.3892/ol.2019.10934"
"10.1016/j.neo.2023.100934","Kulbe, Hagen","middle","gse14764","10.3389/fonc.2022.923508"
"10.1016/j.neo.2023.100934","Kulbe, Hagen","middle","gse14764","10.1002/advs.202105469"
"10.1016/j.neo.2023.100934","Kulbe, Hagen","middle","gse14764","10.18632/aging.103811"
"10.1016/j.neo.2023.100934","Kulbe, Hagen","middle","gse14764","10.2147/ott.s228678"
"10.1016/j.neo.2023.100934","Kulbe, Hagen","middle","gse14764","10.1186/s12885-022-10485-8"
"10.1016/j.neo.2023.100934","Kulbe, Hagen","middle","gse14764","10.3389/fgene.2022.958092"
"10.1016/j.neo.2023.100934","Kulbe, Hagen","middle","gse14764","10.3390/ijms232415994"
"10.1016/j.neo.2023.100934","Kulbe, Hagen","middle","gse14764","10.1371/journal.pone.0030269"
"10.1016/j.neo.2023.100934","Kulbe, Hagen","middle","gse14764","10.1038/s41416-020-01252-2"
"10.1016/j.neo.2023.100934","Kulbe, Hagen","middle","gse14764","10.1186/1476-4598-13-241"
"10.1016/j.neo.2023.100934","Kulbe, Hagen","middle","gse14764","10.1186/s13073-016-0281-4"
"10.1016/j.neo.2023.100934","Kulbe, Hagen","middle","gse14764","10.3390/medicina57090933"
"10.1016/j.neo.2023.100934","Kulbe, Hagen","middle","gse14764","10.1038/bjc.2013.687"
"10.1016/j.neo.2023.100934","Kulbe, Hagen","middle","gse14764","10.1186/s13048-015-0176-9"
"10.1016/j.neo.2023.100934","Kulbe, Hagen","middle","gse14764","10.1371/journal.pone.0149183"
"10.1016/j.neo.2023.100934","Kulbe, Hagen","middle","gse14764","10.1002/2211-5463.12881"
"10.1016/j.neo.2023.100934","Kulbe, Hagen","middle","gse14764","10.1186/s13048-023-01099-0"
"10.1016/j.neo.2023.100934","Kulbe, Hagen","middle","gse14764","10.1111/jcmm.16327"
"10.1016/j.neo.2023.100934","Kulbe, Hagen","middle","gse14764","10.1038/s41467-021-20893-2"
"10.1016/j.neo.2023.100934","Kulbe, Hagen","middle","gse14764","10.1186/s12967-021-03123-7"
"10.1016/j.neo.2023.100934","Kulbe, Hagen","middle","gse14764","10.1038/s41419-019-2050-y"
"10.1016/j.neo.2023.100934","Kulbe, Hagen","middle","gse14764","10.1038/s41698-022-00298-0"
"10.1016/j.neo.2023.100934","Kulbe, Hagen","middle","gse14764","10.1186/s12935-021-02155-9"
"10.1016/j.neo.2023.100934","Kulbe, Hagen","middle","gse14764","10.3389/fcell.2021.794801"
"10.1016/j.neo.2023.100934","Kulbe, Hagen","middle","gse14764","10.1002/ctm2.1217"
"10.1016/j.neo.2023.100934","Kulbe, Hagen","middle","gse14764","10.1038/srep11432"
"10.1016/j.neo.2023.100934","Kulbe, Hagen","middle","gse14764","10.1186/s12967-022-03776-y"
"10.1016/j.neo.2023.100934","Kulbe, Hagen","middle","gse14764","10.18632/oncotarget.16523"
"10.1016/j.neo.2023.100934","Kulbe, Hagen","middle","gse14764","10.3389/fonc.2019.00557"
"10.1016/j.neo.2023.100934","Kulbe, Hagen","middle","gse14764","10.1186/1757-2215-7-53"
"10.1016/j.neo.2023.100934","Kulbe, Hagen","middle","gse14764","10.1111/jcmm.15601"
"10.1016/j.neo.2023.100934","Kulbe, Hagen","middle","gse14764","10.3389/fonc.2016.00213"
"10.1016/j.neo.2023.100934","Kulbe, Hagen","middle","gse14764","10.1186/s12859-019-2829-y"
"10.1016/j.neo.2023.100934","Kulbe, Hagen","middle","gse14764","10.1155/2022/7745675"
"10.1016/j.neo.2023.100934","Kulbe, Hagen","middle","gse14764","10.1186/s13048-019-0575-4"
"10.1016/j.neo.2023.100934","Kulbe, Hagen","middle","gse14764","10.1186/s13046-018-0854-8"
"10.1016/j.neo.2023.100934","Kulbe, Hagen","middle","gse14764","10.1186/s13059-016-0956-6"
"10.1016/j.neo.2023.100934","Kulbe, Hagen","middle","gse14764","10.3390/cancers11030337"
"10.1016/j.neo.2023.100934","Kulbe, Hagen","middle","gse14764","10.1038/onc.2014.277"
"10.1016/j.neo.2023.100934","Kulbe, Hagen","middle","gse14764","10.3389/fonc.2020.626555"
"10.1016/j.neo.2023.100934","Kulbe, Hagen","middle","gse14764","10.1016/j.ebiom.2019.102602"
"10.1016/j.neo.2023.100934","Kulbe, Hagen","middle","gse14764","10.1155/2019/3614207"
"10.1016/j.neo.2023.100934","Kulbe, Hagen","middle","gse14764","10.1002/mco2.245"
"10.1016/j.neo.2023.100934","Kulbe, Hagen","middle","gse14764","10.3389/fcell.2021.653357"
"10.1016/j.neo.2023.100934","Kulbe, Hagen","middle","gse14764","10.2147/cmar.s337873"
"10.1016/j.neo.2023.100934","Kulbe, Hagen","middle","gse14764","10.1016/j.ebiom.2018.12.054"
"10.1016/j.neo.2023.100934","Kulbe, Hagen","middle","gse14764","10.1371/journal.pone.0167585"
"10.1016/j.neo.2023.100934","Kulbe, Hagen","middle","gse14764","10.3389/fgene.2020.00705"
"10.1016/j.neo.2023.100934","Kulbe, Hagen","middle","gse14764","10.3389/fgene.2022.823082"
"10.1016/j.neo.2023.100934","Kulbe, Hagen","middle","gse14764","10.3389/fbioe.2021.792911"
"10.1016/j.neo.2023.100934","Kulbe, Hagen","middle","gse14764","10.3389/fimmu.2022.951582"
"10.1016/j.neo.2023.100934","Kulbe, Hagen","middle","gse14764","10.1002/ctm2.633"
"10.1016/j.neo.2023.100934","Kulbe, Hagen","middle","gse14764","10.3892/ol.2020.11266"
"10.1016/j.neo.2023.100934","Kulbe, Hagen","middle","gse14764","10.3389/fphar.2020.00577"
"10.1016/j.neo.2023.100934","Kulbe, Hagen","middle","gse14764","10.1155/2022/6575534"
"10.1016/j.neo.2023.100934","Kulbe, Hagen","middle","gse14764","10.1080/21655979.2021.1973220"
"10.1016/j.neo.2023.100934","Kulbe, Hagen","middle","gse14764","10.3390/ijms21072327"
"10.1016/j.neo.2023.100934","Kulbe, Hagen","middle","gse14764","10.3389/fgene.2021.678747"
"10.1016/j.neo.2023.100934","Kulbe, Hagen","middle","gse14764","10.7150/thno.48101"
"10.1016/j.neo.2023.100934","Kulbe, Hagen","middle","gse14764","10.15252/embr.202051981"
"10.1016/j.neo.2023.100934","Sehouli, Jalid","middle","gse14764","10.1186/s13073-016-0319-7"
"10.1016/j.neo.2023.100934","Sehouli, Jalid","middle","gse14764","10.1038/cddis.2015.250"
"10.1016/j.neo.2023.100934","Sehouli, Jalid","middle","gse14764","10.3390/ijms221910817"
"10.1016/j.neo.2023.100934","Sehouli, Jalid","middle","gse14764","10.3389/fonc.2022.1003512"
"10.1016/j.neo.2023.100934","Sehouli, Jalid","middle","gse14764","10.1038/s41389-020-00246-2"
"10.1016/j.neo.2023.100934","Sehouli, Jalid","middle","gse14764","10.3390/ijms21082824"
"10.1016/j.neo.2023.100934","Sehouli, Jalid","middle","gse14764","10.1038/s41598-021-86923-7"
"10.1016/j.neo.2023.100934","Sehouli, Jalid","middle","gse14764","10.1186/s12943-020-1130-z"
"10.1016/j.neo.2023.100934","Sehouli, Jalid","middle","gse14764","10.3892/ol.2019.10934"
"10.1016/j.neo.2023.100934","Sehouli, Jalid","middle","gse14764","10.3389/fonc.2022.923508"
"10.1016/j.neo.2023.100934","Sehouli, Jalid","middle","gse14764","10.1002/advs.202105469"
"10.1016/j.neo.2023.100934","Sehouli, Jalid","middle","gse14764","10.18632/aging.103811"
"10.1016/j.neo.2023.100934","Sehouli, Jalid","middle","gse14764","10.2147/ott.s228678"
"10.1016/j.neo.2023.100934","Sehouli, Jalid","middle","gse14764","10.1186/s12885-022-10485-8"
"10.1016/j.neo.2023.100934","Sehouli, Jalid","middle","gse14764","10.3389/fgene.2022.958092"
"10.1016/j.neo.2023.100934","Sehouli, Jalid","middle","gse14764","10.3390/ijms232415994"
"10.1016/j.neo.2023.100934","Sehouli, Jalid","middle","gse14764","10.1371/journal.pone.0030269"
"10.1016/j.neo.2023.100934","Sehouli, Jalid","middle","gse14764","10.1038/s41416-020-01252-2"
"10.1016/j.neo.2023.100934","Sehouli, Jalid","middle","gse14764","10.1186/1476-4598-13-241"
"10.1016/j.neo.2023.100934","Sehouli, Jalid","middle","gse14764","10.1186/s13073-016-0281-4"
"10.1016/j.neo.2023.100934","Sehouli, Jalid","middle","gse14764","10.3390/medicina57090933"
"10.1016/j.neo.2023.100934","Sehouli, Jalid","middle","gse14764","10.1038/bjc.2013.687"
"10.1016/j.neo.2023.100934","Sehouli, Jalid","middle","gse14764","10.1186/s13048-015-0176-9"
"10.1016/j.neo.2023.100934","Sehouli, Jalid","middle","gse14764","10.1371/journal.pone.0149183"
"10.1016/j.neo.2023.100934","Sehouli, Jalid","middle","gse14764","10.1002/2211-5463.12881"
"10.1016/j.neo.2023.100934","Sehouli, Jalid","middle","gse14764","10.1186/s13048-023-01099-0"
"10.1016/j.neo.2023.100934","Sehouli, Jalid","middle","gse14764","10.1111/jcmm.16327"
"10.1016/j.neo.2023.100934","Sehouli, Jalid","middle","gse14764","10.1038/s41467-021-20893-2"
"10.1016/j.neo.2023.100934","Sehouli, Jalid","middle","gse14764","10.1186/s12967-021-03123-7"
"10.1016/j.neo.2023.100934","Sehouli, Jalid","middle","gse14764","10.1038/s41419-019-2050-y"
"10.1016/j.neo.2023.100934","Sehouli, Jalid","middle","gse14764","10.1038/s41698-022-00298-0"
"10.1016/j.neo.2023.100934","Sehouli, Jalid","middle","gse14764","10.1186/s12935-021-02155-9"
"10.1016/j.neo.2023.100934","Sehouli, Jalid","middle","gse14764","10.3389/fcell.2021.794801"
"10.1016/j.neo.2023.100934","Sehouli, Jalid","middle","gse14764","10.1002/ctm2.1217"
"10.1016/j.neo.2023.100934","Sehouli, Jalid","middle","gse14764","10.1038/srep11432"
"10.1016/j.neo.2023.100934","Sehouli, Jalid","middle","gse14764","10.1186/s12967-022-03776-y"
"10.1016/j.neo.2023.100934","Sehouli, Jalid","middle","gse14764","10.18632/oncotarget.16523"
"10.1016/j.neo.2023.100934","Sehouli, Jalid","middle","gse14764","10.3389/fonc.2019.00557"
"10.1016/j.neo.2023.100934","Sehouli, Jalid","middle","gse14764","10.1186/1757-2215-7-53"
"10.1016/j.neo.2023.100934","Sehouli, Jalid","middle","gse14764","10.1111/jcmm.15601"
"10.1016/j.neo.2023.100934","Sehouli, Jalid","middle","gse14764","10.3389/fonc.2016.00213"
"10.1016/j.neo.2023.100934","Sehouli, Jalid","middle","gse14764","10.1186/s12859-019-2829-y"
"10.1016/j.neo.2023.100934","Sehouli, Jalid","middle","gse14764","10.1155/2022/7745675"
"10.1016/j.neo.2023.100934","Sehouli, Jalid","middle","gse14764","10.1186/s13048-019-0575-4"
"10.1016/j.neo.2023.100934","Sehouli, Jalid","middle","gse14764","10.1186/s13046-018-0854-8"
"10.1016/j.neo.2023.100934","Sehouli, Jalid","middle","gse14764","10.1186/s13059-016-0956-6"
"10.1016/j.neo.2023.100934","Sehouli, Jalid","middle","gse14764","10.3390/cancers11030337"
"10.1016/j.neo.2023.100934","Sehouli, Jalid","middle","gse14764","10.1038/onc.2014.277"
"10.1016/j.neo.2023.100934","Sehouli, Jalid","middle","gse14764","10.3389/fonc.2020.626555"
"10.1016/j.neo.2023.100934","Sehouli, Jalid","middle","gse14764","10.1016/j.ebiom.2019.102602"
"10.1016/j.neo.2023.100934","Sehouli, Jalid","middle","gse14764","10.1155/2019/3614207"
"10.1016/j.neo.2023.100934","Sehouli, Jalid","middle","gse14764","10.1002/mco2.245"
"10.1016/j.neo.2023.100934","Sehouli, Jalid","middle","gse14764","10.3389/fcell.2021.653357"
"10.1016/j.neo.2023.100934","Sehouli, Jalid","middle","gse14764","10.2147/cmar.s337873"
"10.1016/j.neo.2023.100934","Sehouli, Jalid","middle","gse14764","10.1016/j.ebiom.2018.12.054"
"10.1016/j.neo.2023.100934","Sehouli, Jalid","middle","gse14764","10.1371/journal.pone.0167585"
"10.1016/j.neo.2023.100934","Sehouli, Jalid","middle","gse14764","10.3389/fgene.2020.00705"
"10.1016/j.neo.2023.100934","Sehouli, Jalid","middle","gse14764","10.3389/fgene.2022.823082"
"10.1016/j.neo.2023.100934","Sehouli, Jalid","middle","gse14764","10.3389/fbioe.2021.792911"
"10.1016/j.neo.2023.100934","Sehouli, Jalid","middle","gse14764","10.3389/fimmu.2022.951582"
"10.1016/j.neo.2023.100934","Sehouli, Jalid","middle","gse14764","10.1002/ctm2.633"
"10.1016/j.neo.2023.100934","Sehouli, Jalid","middle","gse14764","10.3892/ol.2020.11266"
"10.1016/j.neo.2023.100934","Sehouli, Jalid","middle","gse14764","10.3389/fphar.2020.00577"
"10.1016/j.neo.2023.100934","Sehouli, Jalid","middle","gse14764","10.1155/2022/6575534"
"10.1016/j.neo.2023.100934","Sehouli, Jalid","middle","gse14764","10.1080/21655979.2021.1973220"
"10.1016/j.neo.2023.100934","Sehouli, Jalid","middle","gse14764","10.3390/ijms21072327"
"10.1016/j.neo.2023.100934","Sehouli, Jalid","middle","gse14764","10.3389/fgene.2021.678747"
"10.1016/j.neo.2023.100934","Sehouli, Jalid","middle","gse14764","10.7150/thno.48101"
"10.1016/j.neo.2023.100934","Sehouli, Jalid","middle","gse14764","10.15252/embr.202051981"
"10.1016/j.neo.2023.100934","Sehouli, Jalid","middle","gse14764","10.1186/s13073-016-0319-7"
"10.1016/j.neo.2023.100934","Sehouli, Jalid","middle","gse14764","10.1038/cddis.2015.250"
"10.1016/j.neo.2023.100934","Sehouli, Jalid","middle","gse14764","10.3390/ijms221910817"
"10.1016/j.neo.2023.100934","Sehouli, Jalid","middle","gse14764","10.3389/fonc.2022.1003512"
"10.1016/j.neo.2023.100934","Sehouli, Jalid","middle","gse14764","10.1038/s41389-020-00246-2"
"10.1016/j.neo.2023.100934","Sehouli, Jalid","middle","gse14764","10.3390/ijms21082824"
"10.1016/j.neo.2023.100934","Sehouli, Jalid","middle","gse14764","10.1038/s41598-021-86923-7"
"10.1016/j.neo.2023.100934","Sehouli, Jalid","middle","gse14764","10.1186/s12943-020-1130-z"
"10.1016/j.neo.2023.100934","Sehouli, Jalid","middle","gse14764","10.3892/ol.2019.10934"
"10.1016/j.neo.2023.100934","Sehouli, Jalid","middle","gse14764","10.3389/fonc.2022.923508"
"10.1016/j.neo.2023.100934","Sehouli, Jalid","middle","gse14764","10.1002/advs.202105469"
"10.1016/j.neo.2023.100934","Sehouli, Jalid","middle","gse14764","10.18632/aging.103811"
"10.1016/j.neo.2023.100934","Sehouli, Jalid","middle","gse14764","10.2147/ott.s228678"
"10.1016/j.neo.2023.100934","Sehouli, Jalid","middle","gse14764","10.1186/s12885-022-10485-8"
"10.1016/j.neo.2023.100934","Sehouli, Jalid","middle","gse14764","10.3389/fgene.2022.958092"
"10.1016/j.neo.2023.100934","Sehouli, Jalid","middle","gse14764","10.3390/ijms232415994"
"10.1016/j.neo.2023.100934","Sehouli, Jalid","middle","gse14764","10.1371/journal.pone.0030269"
"10.1016/j.neo.2023.100934","Sehouli, Jalid","middle","gse14764","10.1038/s41416-020-01252-2"
"10.1016/j.neo.2023.100934","Sehouli, Jalid","middle","gse14764","10.1186/1476-4598-13-241"
"10.1016/j.neo.2023.100934","Sehouli, Jalid","middle","gse14764","10.1186/s13073-016-0281-4"
"10.1016/j.neo.2023.100934","Sehouli, Jalid","middle","gse14764","10.3390/medicina57090933"
"10.1016/j.neo.2023.100934","Sehouli, Jalid","middle","gse14764","10.1038/bjc.2013.687"
"10.1016/j.neo.2023.100934","Sehouli, Jalid","middle","gse14764","10.1186/s13048-015-0176-9"
"10.1016/j.neo.2023.100934","Sehouli, Jalid","middle","gse14764","10.1371/journal.pone.0149183"
"10.1016/j.neo.2023.100934","Sehouli, Jalid","middle","gse14764","10.1002/2211-5463.12881"
"10.1016/j.neo.2023.100934","Sehouli, Jalid","middle","gse14764","10.1186/s13048-023-01099-0"
"10.1016/j.neo.2023.100934","Sehouli, Jalid","middle","gse14764","10.1111/jcmm.16327"
"10.1016/j.neo.2023.100934","Sehouli, Jalid","middle","gse14764","10.1038/s41467-021-20893-2"
"10.1016/j.neo.2023.100934","Sehouli, Jalid","middle","gse14764","10.1186/s12967-021-03123-7"
"10.1016/j.neo.2023.100934","Sehouli, Jalid","middle","gse14764","10.1038/s41419-019-2050-y"
"10.1016/j.neo.2023.100934","Sehouli, Jalid","middle","gse14764","10.1038/s41698-022-00298-0"
"10.1016/j.neo.2023.100934","Sehouli, Jalid","middle","gse14764","10.1186/s12935-021-02155-9"
"10.1016/j.neo.2023.100934","Sehouli, Jalid","middle","gse14764","10.3389/fcell.2021.794801"
"10.1016/j.neo.2023.100934","Sehouli, Jalid","middle","gse14764","10.1002/ctm2.1217"
"10.1016/j.neo.2023.100934","Sehouli, Jalid","middle","gse14764","10.1038/srep11432"
"10.1016/j.neo.2023.100934","Sehouli, Jalid","middle","gse14764","10.1186/s12967-022-03776-y"
"10.1016/j.neo.2023.100934","Sehouli, Jalid","middle","gse14764","10.18632/oncotarget.16523"
"10.1016/j.neo.2023.100934","Sehouli, Jalid","middle","gse14764","10.3389/fonc.2019.00557"
"10.1016/j.neo.2023.100934","Sehouli, Jalid","middle","gse14764","10.1186/1757-2215-7-53"
"10.1016/j.neo.2023.100934","Sehouli, Jalid","middle","gse14764","10.1111/jcmm.15601"
"10.1016/j.neo.2023.100934","Sehouli, Jalid","middle","gse14764","10.3389/fonc.2016.00213"
"10.1016/j.neo.2023.100934","Sehouli, Jalid","middle","gse14764","10.1186/s12859-019-2829-y"
"10.1016/j.neo.2023.100934","Sehouli, Jalid","middle","gse14764","10.1155/2022/7745675"
"10.1016/j.neo.2023.100934","Sehouli, Jalid","middle","gse14764","10.1186/s13048-019-0575-4"
"10.1016/j.neo.2023.100934","Sehouli, Jalid","middle","gse14764","10.1186/s13046-018-0854-8"
"10.1016/j.neo.2023.100934","Sehouli, Jalid","middle","gse14764","10.1186/s13059-016-0956-6"
"10.1016/j.neo.2023.100934","Sehouli, Jalid","middle","gse14764","10.3390/cancers11030337"
"10.1016/j.neo.2023.100934","Sehouli, Jalid","middle","gse14764","10.1038/onc.2014.277"
"10.1016/j.neo.2023.100934","Sehouli, Jalid","middle","gse14764","10.3389/fonc.2020.626555"
"10.1016/j.neo.2023.100934","Sehouli, Jalid","middle","gse14764","10.1016/j.ebiom.2019.102602"
"10.1016/j.neo.2023.100934","Sehouli, Jalid","middle","gse14764","10.1155/2019/3614207"
"10.1016/j.neo.2023.100934","Sehouli, Jalid","middle","gse14764","10.1002/mco2.245"
"10.1016/j.neo.2023.100934","Sehouli, Jalid","middle","gse14764","10.3389/fcell.2021.653357"
"10.1016/j.neo.2023.100934","Sehouli, Jalid","middle","gse14764","10.2147/cmar.s337873"
"10.1016/j.neo.2023.100934","Sehouli, Jalid","middle","gse14764","10.1016/j.ebiom.2018.12.054"
"10.1016/j.neo.2023.100934","Sehouli, Jalid","middle","gse14764","10.1371/journal.pone.0167585"
"10.1016/j.neo.2023.100934","Sehouli, Jalid","middle","gse14764","10.3389/fgene.2020.00705"
"10.1016/j.neo.2023.100934","Sehouli, Jalid","middle","gse14764","10.3389/fgene.2022.823082"
"10.1016/j.neo.2023.100934","Sehouli, Jalid","middle","gse14764","10.3389/fbioe.2021.792911"
"10.1016/j.neo.2023.100934","Sehouli, Jalid","middle","gse14764","10.3389/fimmu.2022.951582"
"10.1016/j.neo.2023.100934","Sehouli, Jalid","middle","gse14764","10.1002/ctm2.633"
"10.1016/j.neo.2023.100934","Sehouli, Jalid","middle","gse14764","10.3892/ol.2020.11266"
"10.1016/j.neo.2023.100934","Sehouli, Jalid","middle","gse14764","10.3389/fphar.2020.00577"
"10.1016/j.neo.2023.100934","Sehouli, Jalid","middle","gse14764","10.1155/2022/6575534"
"10.1016/j.neo.2023.100934","Sehouli, Jalid","middle","gse14764","10.1080/21655979.2021.1973220"
"10.1016/j.neo.2023.100934","Sehouli, Jalid","middle","gse14764","10.3390/ijms21072327"
"10.1016/j.neo.2023.100934","Sehouli, Jalid","middle","gse14764","10.3389/fgene.2021.678747"
"10.1016/j.neo.2023.100934","Sehouli, Jalid","middle","gse14764","10.7150/thno.48101"
"10.1016/j.neo.2023.100934","Sehouli, Jalid","middle","gse14764","10.15252/embr.202051981"
"10.1016/j.neo.2023.100934","Braicu, Ioana Elena","middle","gse14764","10.1186/s13073-016-0319-7"
"10.1016/j.neo.2023.100934","Braicu, Ioana Elena","middle","gse14764","10.1038/cddis.2015.250"
"10.1016/j.neo.2023.100934","Braicu, Ioana Elena","middle","gse14764","10.3390/ijms221910817"
"10.1016/j.neo.2023.100934","Braicu, Ioana Elena","middle","gse14764","10.3389/fonc.2022.1003512"
"10.1016/j.neo.2023.100934","Braicu, Ioana Elena","middle","gse14764","10.1038/s41389-020-00246-2"
"10.1016/j.neo.2023.100934","Braicu, Ioana Elena","middle","gse14764","10.3390/ijms21082824"
"10.1016/j.neo.2023.100934","Braicu, Ioana Elena","middle","gse14764","10.1038/s41598-021-86923-7"
"10.1016/j.neo.2023.100934","Braicu, Ioana Elena","middle","gse14764","10.1186/s12943-020-1130-z"
"10.1016/j.neo.2023.100934","Braicu, Ioana Elena","middle","gse14764","10.3892/ol.2019.10934"
"10.1016/j.neo.2023.100934","Braicu, Ioana Elena","middle","gse14764","10.3389/fonc.2022.923508"
"10.1016/j.neo.2023.100934","Braicu, Ioana Elena","middle","gse14764","10.1002/advs.202105469"
"10.1016/j.neo.2023.100934","Braicu, Ioana Elena","middle","gse14764","10.18632/aging.103811"
"10.1016/j.neo.2023.100934","Braicu, Ioana Elena","middle","gse14764","10.2147/ott.s228678"
"10.1016/j.neo.2023.100934","Braicu, Ioana Elena","middle","gse14764","10.1186/s12885-022-10485-8"
"10.1016/j.neo.2023.100934","Braicu, Ioana Elena","middle","gse14764","10.3389/fgene.2022.958092"
"10.1016/j.neo.2023.100934","Braicu, Ioana Elena","middle","gse14764","10.3390/ijms232415994"
"10.1016/j.neo.2023.100934","Braicu, Ioana Elena","middle","gse14764","10.1371/journal.pone.0030269"
"10.1016/j.neo.2023.100934","Braicu, Ioana Elena","middle","gse14764","10.1038/s41416-020-01252-2"
"10.1016/j.neo.2023.100934","Braicu, Ioana Elena","middle","gse14764","10.1186/1476-4598-13-241"
"10.1016/j.neo.2023.100934","Braicu, Ioana Elena","middle","gse14764","10.1186/s13073-016-0281-4"
"10.1016/j.neo.2023.100934","Braicu, Ioana Elena","middle","gse14764","10.3390/medicina57090933"
"10.1016/j.neo.2023.100934","Braicu, Ioana Elena","middle","gse14764","10.1038/bjc.2013.687"
"10.1016/j.neo.2023.100934","Braicu, Ioana Elena","middle","gse14764","10.1186/s13048-015-0176-9"
"10.1016/j.neo.2023.100934","Braicu, Ioana Elena","middle","gse14764","10.1371/journal.pone.0149183"
"10.1016/j.neo.2023.100934","Braicu, Ioana Elena","middle","gse14764","10.1002/2211-5463.12881"
"10.1016/j.neo.2023.100934","Braicu, Ioana Elena","middle","gse14764","10.1186/s13048-023-01099-0"
"10.1016/j.neo.2023.100934","Braicu, Ioana Elena","middle","gse14764","10.1111/jcmm.16327"
"10.1016/j.neo.2023.100934","Braicu, Ioana Elena","middle","gse14764","10.1038/s41467-021-20893-2"
"10.1016/j.neo.2023.100934","Braicu, Ioana Elena","middle","gse14764","10.1186/s12967-021-03123-7"
"10.1016/j.neo.2023.100934","Braicu, Ioana Elena","middle","gse14764","10.1038/s41419-019-2050-y"
"10.1016/j.neo.2023.100934","Braicu, Ioana Elena","middle","gse14764","10.1038/s41698-022-00298-0"
"10.1016/j.neo.2023.100934","Braicu, Ioana Elena","middle","gse14764","10.1186/s12935-021-02155-9"
"10.1016/j.neo.2023.100934","Braicu, Ioana Elena","middle","gse14764","10.3389/fcell.2021.794801"
"10.1016/j.neo.2023.100934","Braicu, Ioana Elena","middle","gse14764","10.1002/ctm2.1217"
"10.1016/j.neo.2023.100934","Braicu, Ioana Elena","middle","gse14764","10.1038/srep11432"
"10.1016/j.neo.2023.100934","Braicu, Ioana Elena","middle","gse14764","10.1186/s12967-022-03776-y"
"10.1016/j.neo.2023.100934","Braicu, Ioana Elena","middle","gse14764","10.18632/oncotarget.16523"
"10.1016/j.neo.2023.100934","Braicu, Ioana Elena","middle","gse14764","10.3389/fonc.2019.00557"
"10.1016/j.neo.2023.100934","Braicu, Ioana Elena","middle","gse14764","10.1186/1757-2215-7-53"
"10.1016/j.neo.2023.100934","Braicu, Ioana Elena","middle","gse14764","10.1111/jcmm.15601"
"10.1016/j.neo.2023.100934","Braicu, Ioana Elena","middle","gse14764","10.3389/fonc.2016.00213"
"10.1016/j.neo.2023.100934","Braicu, Ioana Elena","middle","gse14764","10.1186/s12859-019-2829-y"
"10.1016/j.neo.2023.100934","Braicu, Ioana Elena","middle","gse14764","10.1155/2022/7745675"
"10.1016/j.neo.2023.100934","Braicu, Ioana Elena","middle","gse14764","10.1186/s13048-019-0575-4"
"10.1016/j.neo.2023.100934","Braicu, Ioana Elena","middle","gse14764","10.1186/s13046-018-0854-8"
"10.1016/j.neo.2023.100934","Braicu, Ioana Elena","middle","gse14764","10.1186/s13059-016-0956-6"
"10.1016/j.neo.2023.100934","Braicu, Ioana Elena","middle","gse14764","10.3390/cancers11030337"
"10.1016/j.neo.2023.100934","Braicu, Ioana Elena","middle","gse14764","10.1038/onc.2014.277"
"10.1016/j.neo.2023.100934","Braicu, Ioana Elena","middle","gse14764","10.3389/fonc.2020.626555"
"10.1016/j.neo.2023.100934","Braicu, Ioana Elena","middle","gse14764","10.1016/j.ebiom.2019.102602"
"10.1016/j.neo.2023.100934","Braicu, Ioana Elena","middle","gse14764","10.1155/2019/3614207"
"10.1016/j.neo.2023.100934","Braicu, Ioana Elena","middle","gse14764","10.1002/mco2.245"
"10.1016/j.neo.2023.100934","Braicu, Ioana Elena","middle","gse14764","10.3389/fcell.2021.653357"
"10.1016/j.neo.2023.100934","Braicu, Ioana Elena","middle","gse14764","10.2147/cmar.s337873"
"10.1016/j.neo.2023.100934","Braicu, Ioana Elena","middle","gse14764","10.1016/j.ebiom.2018.12.054"
"10.1016/j.neo.2023.100934","Braicu, Ioana Elena","middle","gse14764","10.1371/journal.pone.0167585"
"10.1016/j.neo.2023.100934","Braicu, Ioana Elena","middle","gse14764","10.3389/fgene.2020.00705"
"10.1016/j.neo.2023.100934","Braicu, Ioana Elena","middle","gse14764","10.3389/fgene.2022.823082"
"10.1016/j.neo.2023.100934","Braicu, Ioana Elena","middle","gse14764","10.3389/fbioe.2021.792911"
"10.1016/j.neo.2023.100934","Braicu, Ioana Elena","middle","gse14764","10.3389/fimmu.2022.951582"
"10.1016/j.neo.2023.100934","Braicu, Ioana Elena","middle","gse14764","10.1002/ctm2.633"
"10.1016/j.neo.2023.100934","Braicu, Ioana Elena","middle","gse14764","10.3892/ol.2020.11266"
"10.1016/j.neo.2023.100934","Braicu, Ioana Elena","middle","gse14764","10.3389/fphar.2020.00577"
"10.1016/j.neo.2023.100934","Braicu, Ioana Elena","middle","gse14764","10.1155/2022/6575534"
"10.1016/j.neo.2023.100934","Braicu, Ioana Elena","middle","gse14764","10.1080/21655979.2021.1973220"
"10.1016/j.neo.2023.100934","Braicu, Ioana Elena","middle","gse14764","10.3390/ijms21072327"
"10.1016/j.neo.2023.100934","Braicu, Ioana Elena","middle","gse14764","10.3389/fgene.2021.678747"
"10.1016/j.neo.2023.100934","Braicu, Ioana Elena","middle","gse14764","10.7150/thno.48101"
"10.1016/j.neo.2023.100934","Braicu, Ioana Elena","middle","gse14764","10.15252/embr.202051981"
"10.1016/j.neo.2023.100934","Braicu, Ioana Elena","middle","gse14764","10.1186/s13073-016-0319-7"
"10.1016/j.neo.2023.100934","Braicu, Ioana Elena","middle","gse14764","10.1038/cddis.2015.250"
"10.1016/j.neo.2023.100934","Braicu, Ioana Elena","middle","gse14764","10.3390/ijms221910817"
"10.1016/j.neo.2023.100934","Braicu, Ioana Elena","middle","gse14764","10.3389/fonc.2022.1003512"
"10.1016/j.neo.2023.100934","Braicu, Ioana Elena","middle","gse14764","10.1038/s41389-020-00246-2"
"10.1016/j.neo.2023.100934","Braicu, Ioana Elena","middle","gse14764","10.3390/ijms21082824"
"10.1016/j.neo.2023.100934","Braicu, Ioana Elena","middle","gse14764","10.1038/s41598-021-86923-7"
"10.1016/j.neo.2023.100934","Braicu, Ioana Elena","middle","gse14764","10.1186/s12943-020-1130-z"
"10.1016/j.neo.2023.100934","Braicu, Ioana Elena","middle","gse14764","10.3892/ol.2019.10934"
"10.1016/j.neo.2023.100934","Braicu, Ioana Elena","middle","gse14764","10.3389/fonc.2022.923508"
"10.1016/j.neo.2023.100934","Braicu, Ioana Elena","middle","gse14764","10.1002/advs.202105469"
"10.1016/j.neo.2023.100934","Braicu, Ioana Elena","middle","gse14764","10.18632/aging.103811"
"10.1016/j.neo.2023.100934","Braicu, Ioana Elena","middle","gse14764","10.2147/ott.s228678"
"10.1016/j.neo.2023.100934","Braicu, Ioana Elena","middle","gse14764","10.1186/s12885-022-10485-8"
"10.1016/j.neo.2023.100934","Braicu, Ioana Elena","middle","gse14764","10.3389/fgene.2022.958092"
"10.1016/j.neo.2023.100934","Braicu, Ioana Elena","middle","gse14764","10.3390/ijms232415994"
"10.1016/j.neo.2023.100934","Braicu, Ioana Elena","middle","gse14764","10.1371/journal.pone.0030269"
"10.1016/j.neo.2023.100934","Braicu, Ioana Elena","middle","gse14764","10.1038/s41416-020-01252-2"
"10.1016/j.neo.2023.100934","Braicu, Ioana Elena","middle","gse14764","10.1186/1476-4598-13-241"
"10.1016/j.neo.2023.100934","Braicu, Ioana Elena","middle","gse14764","10.1186/s13073-016-0281-4"
"10.1016/j.neo.2023.100934","Braicu, Ioana Elena","middle","gse14764","10.3390/medicina57090933"
"10.1016/j.neo.2023.100934","Braicu, Ioana Elena","middle","gse14764","10.1038/bjc.2013.687"
"10.1016/j.neo.2023.100934","Braicu, Ioana Elena","middle","gse14764","10.1186/s13048-015-0176-9"
"10.1016/j.neo.2023.100934","Braicu, Ioana Elena","middle","gse14764","10.1371/journal.pone.0149183"
"10.1016/j.neo.2023.100934","Braicu, Ioana Elena","middle","gse14764","10.1002/2211-5463.12881"
"10.1016/j.neo.2023.100934","Braicu, Ioana Elena","middle","gse14764","10.1186/s13048-023-01099-0"
"10.1016/j.neo.2023.100934","Braicu, Ioana Elena","middle","gse14764","10.1111/jcmm.16327"
"10.1016/j.neo.2023.100934","Braicu, Ioana Elena","middle","gse14764","10.1038/s41467-021-20893-2"
"10.1016/j.neo.2023.100934","Braicu, Ioana Elena","middle","gse14764","10.1186/s12967-021-03123-7"
"10.1016/j.neo.2023.100934","Braicu, Ioana Elena","middle","gse14764","10.1038/s41419-019-2050-y"
"10.1016/j.neo.2023.100934","Braicu, Ioana Elena","middle","gse14764","10.1038/s41698-022-00298-0"
"10.1016/j.neo.2023.100934","Braicu, Ioana Elena","middle","gse14764","10.1186/s12935-021-02155-9"
"10.1016/j.neo.2023.100934","Braicu, Ioana Elena","middle","gse14764","10.3389/fcell.2021.794801"
"10.1016/j.neo.2023.100934","Braicu, Ioana Elena","middle","gse14764","10.1002/ctm2.1217"
"10.1016/j.neo.2023.100934","Braicu, Ioana Elena","middle","gse14764","10.1038/srep11432"
"10.1016/j.neo.2023.100934","Braicu, Ioana Elena","middle","gse14764","10.1186/s12967-022-03776-y"
"10.1016/j.neo.2023.100934","Braicu, Ioana Elena","middle","gse14764","10.18632/oncotarget.16523"
"10.1016/j.neo.2023.100934","Braicu, Ioana Elena","middle","gse14764","10.3389/fonc.2019.00557"
"10.1016/j.neo.2023.100934","Braicu, Ioana Elena","middle","gse14764","10.1186/1757-2215-7-53"
"10.1016/j.neo.2023.100934","Braicu, Ioana Elena","middle","gse14764","10.1111/jcmm.15601"
"10.1016/j.neo.2023.100934","Braicu, Ioana Elena","middle","gse14764","10.3389/fonc.2016.00213"
"10.1016/j.neo.2023.100934","Braicu, Ioana Elena","middle","gse14764","10.1186/s12859-019-2829-y"
"10.1016/j.neo.2023.100934","Braicu, Ioana Elena","middle","gse14764","10.1155/2022/7745675"
"10.1016/j.neo.2023.100934","Braicu, Ioana Elena","middle","gse14764","10.1186/s13048-019-0575-4"
"10.1016/j.neo.2023.100934","Braicu, Ioana Elena","middle","gse14764","10.1186/s13046-018-0854-8"
"10.1016/j.neo.2023.100934","Braicu, Ioana Elena","middle","gse14764","10.1186/s13059-016-0956-6"
"10.1016/j.neo.2023.100934","Braicu, Ioana Elena","middle","gse14764","10.3390/cancers11030337"
"10.1016/j.neo.2023.100934","Braicu, Ioana Elena","middle","gse14764","10.1038/onc.2014.277"
"10.1016/j.neo.2023.100934","Braicu, Ioana Elena","middle","gse14764","10.3389/fonc.2020.626555"
"10.1016/j.neo.2023.100934","Braicu, Ioana Elena","middle","gse14764","10.1016/j.ebiom.2019.102602"
"10.1016/j.neo.2023.100934","Braicu, Ioana Elena","middle","gse14764","10.1155/2019/3614207"
"10.1016/j.neo.2023.100934","Braicu, Ioana Elena","middle","gse14764","10.1002/mco2.245"
"10.1016/j.neo.2023.100934","Braicu, Ioana Elena","middle","gse14764","10.3389/fcell.2021.653357"
"10.1016/j.neo.2023.100934","Braicu, Ioana Elena","middle","gse14764","10.2147/cmar.s337873"
"10.1016/j.neo.2023.100934","Braicu, Ioana Elena","middle","gse14764","10.1016/j.ebiom.2018.12.054"
"10.1016/j.neo.2023.100934","Braicu, Ioana Elena","middle","gse14764","10.1371/journal.pone.0167585"
"10.1016/j.neo.2023.100934","Braicu, Ioana Elena","middle","gse14764","10.3389/fgene.2020.00705"
"10.1016/j.neo.2023.100934","Braicu, Ioana Elena","middle","gse14764","10.3389/fgene.2022.823082"
"10.1016/j.neo.2023.100934","Braicu, Ioana Elena","middle","gse14764","10.3389/fbioe.2021.792911"
"10.1016/j.neo.2023.100934","Braicu, Ioana Elena","middle","gse14764","10.3389/fimmu.2022.951582"
"10.1016/j.neo.2023.100934","Braicu, Ioana Elena","middle","gse14764","10.1002/ctm2.633"
"10.1016/j.neo.2023.100934","Braicu, Ioana Elena","middle","gse14764","10.3892/ol.2020.11266"
"10.1016/j.neo.2023.100934","Braicu, Ioana Elena","middle","gse14764","10.3389/fphar.2020.00577"
"10.1016/j.neo.2023.100934","Braicu, Ioana Elena","middle","gse14764","10.1155/2022/6575534"
"10.1016/j.neo.2023.100934","Braicu, Ioana Elena","middle","gse14764","10.1080/21655979.2021.1973220"
"10.1016/j.neo.2023.100934","Braicu, Ioana Elena","middle","gse14764","10.3390/ijms21072327"
"10.1016/j.neo.2023.100934","Braicu, Ioana Elena","middle","gse14764","10.3389/fgene.2021.678747"
"10.1016/j.neo.2023.100934","Braicu, Ioana Elena","middle","gse14764","10.7150/thno.48101"
"10.1016/j.neo.2023.100934","Braicu, Ioana Elena","middle","gse14764","10.15252/embr.202051981"
"10.1016/j.neo.2023.100934","Horst, David","middle","gse14764","10.1186/s13073-016-0319-7"
"10.1016/j.neo.2023.100934","Horst, David","middle","gse14764","10.1038/cddis.2015.250"
"10.1016/j.neo.2023.100934","Horst, David","middle","gse14764","10.3390/ijms221910817"
"10.1016/j.neo.2023.100934","Horst, David","middle","gse14764","10.3389/fonc.2022.1003512"
"10.1016/j.neo.2023.100934","Horst, David","middle","gse14764","10.1038/s41389-020-00246-2"
"10.1016/j.neo.2023.100934","Horst, David","middle","gse14764","10.3390/ijms21082824"
"10.1016/j.neo.2023.100934","Horst, David","middle","gse14764","10.1038/s41598-021-86923-7"
"10.1016/j.neo.2023.100934","Horst, David","middle","gse14764","10.1186/s12943-020-1130-z"
"10.1016/j.neo.2023.100934","Horst, David","middle","gse14764","10.3892/ol.2019.10934"
"10.1016/j.neo.2023.100934","Horst, David","middle","gse14764","10.3389/fonc.2022.923508"
"10.1016/j.neo.2023.100934","Horst, David","middle","gse14764","10.1002/advs.202105469"
"10.1016/j.neo.2023.100934","Horst, David","middle","gse14764","10.18632/aging.103811"
"10.1016/j.neo.2023.100934","Horst, David","middle","gse14764","10.2147/ott.s228678"
"10.1016/j.neo.2023.100934","Horst, David","middle","gse14764","10.1186/s12885-022-10485-8"
"10.1016/j.neo.2023.100934","Horst, David","middle","gse14764","10.3389/fgene.2022.958092"
"10.1016/j.neo.2023.100934","Horst, David","middle","gse14764","10.3390/ijms232415994"
"10.1016/j.neo.2023.100934","Horst, David","middle","gse14764","10.1371/journal.pone.0030269"
"10.1016/j.neo.2023.100934","Horst, David","middle","gse14764","10.1038/s41416-020-01252-2"
"10.1016/j.neo.2023.100934","Horst, David","middle","gse14764","10.1186/1476-4598-13-241"
"10.1016/j.neo.2023.100934","Horst, David","middle","gse14764","10.1186/s13073-016-0281-4"
"10.1016/j.neo.2023.100934","Horst, David","middle","gse14764","10.3390/medicina57090933"
"10.1016/j.neo.2023.100934","Horst, David","middle","gse14764","10.1038/bjc.2013.687"
"10.1016/j.neo.2023.100934","Horst, David","middle","gse14764","10.1186/s13048-015-0176-9"
"10.1016/j.neo.2023.100934","Horst, David","middle","gse14764","10.1371/journal.pone.0149183"
"10.1016/j.neo.2023.100934","Horst, David","middle","gse14764","10.1002/2211-5463.12881"
"10.1016/j.neo.2023.100934","Horst, David","middle","gse14764","10.1186/s13048-023-01099-0"
"10.1016/j.neo.2023.100934","Horst, David","middle","gse14764","10.1111/jcmm.16327"
"10.1016/j.neo.2023.100934","Horst, David","middle","gse14764","10.1038/s41467-021-20893-2"
"10.1016/j.neo.2023.100934","Horst, David","middle","gse14764","10.1186/s12967-021-03123-7"
"10.1016/j.neo.2023.100934","Horst, David","middle","gse14764","10.1038/s41419-019-2050-y"
"10.1016/j.neo.2023.100934","Horst, David","middle","gse14764","10.1038/s41698-022-00298-0"
"10.1016/j.neo.2023.100934","Horst, David","middle","gse14764","10.1186/s12935-021-02155-9"
"10.1016/j.neo.2023.100934","Horst, David","middle","gse14764","10.3389/fcell.2021.794801"
"10.1016/j.neo.2023.100934","Horst, David","middle","gse14764","10.1002/ctm2.1217"
"10.1016/j.neo.2023.100934","Horst, David","middle","gse14764","10.1038/srep11432"
"10.1016/j.neo.2023.100934","Horst, David","middle","gse14764","10.1186/s12967-022-03776-y"
"10.1016/j.neo.2023.100934","Horst, David","middle","gse14764","10.18632/oncotarget.16523"
"10.1016/j.neo.2023.100934","Horst, David","middle","gse14764","10.3389/fonc.2019.00557"
"10.1016/j.neo.2023.100934","Horst, David","middle","gse14764","10.1186/1757-2215-7-53"
"10.1016/j.neo.2023.100934","Horst, David","middle","gse14764","10.1111/jcmm.15601"
"10.1016/j.neo.2023.100934","Horst, David","middle","gse14764","10.3389/fonc.2016.00213"
"10.1016/j.neo.2023.100934","Horst, David","middle","gse14764","10.1186/s12859-019-2829-y"
"10.1016/j.neo.2023.100934","Horst, David","middle","gse14764","10.1155/2022/7745675"
"10.1016/j.neo.2023.100934","Horst, David","middle","gse14764","10.1186/s13048-019-0575-4"
"10.1016/j.neo.2023.100934","Horst, David","middle","gse14764","10.1186/s13046-018-0854-8"
"10.1016/j.neo.2023.100934","Horst, David","middle","gse14764","10.1186/s13059-016-0956-6"
"10.1016/j.neo.2023.100934","Horst, David","middle","gse14764","10.3390/cancers11030337"
"10.1016/j.neo.2023.100934","Horst, David","middle","gse14764","10.1038/onc.2014.277"
"10.1016/j.neo.2023.100934","Horst, David","middle","gse14764","10.3389/fonc.2020.626555"
"10.1016/j.neo.2023.100934","Horst, David","middle","gse14764","10.1016/j.ebiom.2019.102602"
"10.1016/j.neo.2023.100934","Horst, David","middle","gse14764","10.1155/2019/3614207"
"10.1016/j.neo.2023.100934","Horst, David","middle","gse14764","10.1002/mco2.245"
"10.1016/j.neo.2023.100934","Horst, David","middle","gse14764","10.3389/fcell.2021.653357"
"10.1016/j.neo.2023.100934","Horst, David","middle","gse14764","10.2147/cmar.s337873"
"10.1016/j.neo.2023.100934","Horst, David","middle","gse14764","10.1016/j.ebiom.2018.12.054"
"10.1016/j.neo.2023.100934","Horst, David","middle","gse14764","10.1371/journal.pone.0167585"
"10.1016/j.neo.2023.100934","Horst, David","middle","gse14764","10.3389/fgene.2020.00705"
"10.1016/j.neo.2023.100934","Horst, David","middle","gse14764","10.3389/fgene.2022.823082"
"10.1016/j.neo.2023.100934","Horst, David","middle","gse14764","10.3389/fbioe.2021.792911"
"10.1016/j.neo.2023.100934","Horst, David","middle","gse14764","10.3389/fimmu.2022.951582"
"10.1016/j.neo.2023.100934","Horst, David","middle","gse14764","10.1002/ctm2.633"
"10.1016/j.neo.2023.100934","Horst, David","middle","gse14764","10.3892/ol.2020.11266"
"10.1016/j.neo.2023.100934","Horst, David","middle","gse14764","10.3389/fphar.2020.00577"
"10.1016/j.neo.2023.100934","Horst, David","middle","gse14764","10.1155/2022/6575534"
"10.1016/j.neo.2023.100934","Horst, David","middle","gse14764","10.1080/21655979.2021.1973220"
"10.1016/j.neo.2023.100934","Horst, David","middle","gse14764","10.3390/ijms21072327"
"10.1016/j.neo.2023.100934","Horst, David","middle","gse14764","10.3389/fgene.2021.678747"
"10.1016/j.neo.2023.100934","Horst, David","middle","gse14764","10.7150/thno.48101"
"10.1016/j.neo.2023.100934","Horst, David","middle","gse14764","10.15252/embr.202051981"
"10.1016/j.neo.2023.100934","Sinn, Bruno V.","middle","gse14764","10.1186/s13073-016-0319-7"
"10.1016/j.neo.2023.100934","Sinn, Bruno V.","middle","gse14764","10.1038/cddis.2015.250"
"10.1016/j.neo.2023.100934","Sinn, Bruno V.","middle","gse14764","10.3390/ijms221910817"
"10.1016/j.neo.2023.100934","Sinn, Bruno V.","middle","gse14764","10.3389/fonc.2022.1003512"
"10.1016/j.neo.2023.100934","Sinn, Bruno V.","middle","gse14764","10.1038/s41389-020-00246-2"
"10.1016/j.neo.2023.100934","Sinn, Bruno V.","middle","gse14764","10.3390/ijms21082824"
"10.1016/j.neo.2023.100934","Sinn, Bruno V.","middle","gse14764","10.1038/s41598-021-86923-7"
"10.1016/j.neo.2023.100934","Sinn, Bruno V.","middle","gse14764","10.1186/s12943-020-1130-z"
"10.1016/j.neo.2023.100934","Sinn, Bruno V.","middle","gse14764","10.3892/ol.2019.10934"
"10.1016/j.neo.2023.100934","Sinn, Bruno V.","middle","gse14764","10.3389/fonc.2022.923508"
"10.1016/j.neo.2023.100934","Sinn, Bruno V.","middle","gse14764","10.1002/advs.202105469"
"10.1016/j.neo.2023.100934","Sinn, Bruno V.","middle","gse14764","10.18632/aging.103811"
"10.1016/j.neo.2023.100934","Sinn, Bruno V.","middle","gse14764","10.2147/ott.s228678"
"10.1016/j.neo.2023.100934","Sinn, Bruno V.","middle","gse14764","10.1186/s12885-022-10485-8"
"10.1016/j.neo.2023.100934","Sinn, Bruno V.","middle","gse14764","10.3389/fgene.2022.958092"
"10.1016/j.neo.2023.100934","Sinn, Bruno V.","middle","gse14764","10.3390/ijms232415994"
"10.1016/j.neo.2023.100934","Sinn, Bruno V.","middle","gse14764","10.1371/journal.pone.0030269"
"10.1016/j.neo.2023.100934","Sinn, Bruno V.","middle","gse14764","10.1038/s41416-020-01252-2"
"10.1016/j.neo.2023.100934","Sinn, Bruno V.","middle","gse14764","10.1186/1476-4598-13-241"
"10.1016/j.neo.2023.100934","Sinn, Bruno V.","middle","gse14764","10.1186/s13073-016-0281-4"
"10.1016/j.neo.2023.100934","Sinn, Bruno V.","middle","gse14764","10.3390/medicina57090933"
"10.1016/j.neo.2023.100934","Sinn, Bruno V.","middle","gse14764","10.1038/bjc.2013.687"
"10.1016/j.neo.2023.100934","Sinn, Bruno V.","middle","gse14764","10.1186/s13048-015-0176-9"
"10.1016/j.neo.2023.100934","Sinn, Bruno V.","middle","gse14764","10.1371/journal.pone.0149183"
"10.1016/j.neo.2023.100934","Sinn, Bruno V.","middle","gse14764","10.1002/2211-5463.12881"
"10.1016/j.neo.2023.100934","Sinn, Bruno V.","middle","gse14764","10.1186/s13048-023-01099-0"
"10.1016/j.neo.2023.100934","Sinn, Bruno V.","middle","gse14764","10.1111/jcmm.16327"
"10.1016/j.neo.2023.100934","Sinn, Bruno V.","middle","gse14764","10.1038/s41467-021-20893-2"
"10.1016/j.neo.2023.100934","Sinn, Bruno V.","middle","gse14764","10.1186/s12967-021-03123-7"
"10.1016/j.neo.2023.100934","Sinn, Bruno V.","middle","gse14764","10.1038/s41419-019-2050-y"
"10.1016/j.neo.2023.100934","Sinn, Bruno V.","middle","gse14764","10.1038/s41698-022-00298-0"
"10.1016/j.neo.2023.100934","Sinn, Bruno V.","middle","gse14764","10.1186/s12935-021-02155-9"
"10.1016/j.neo.2023.100934","Sinn, Bruno V.","middle","gse14764","10.3389/fcell.2021.794801"
"10.1016/j.neo.2023.100934","Sinn, Bruno V.","middle","gse14764","10.1002/ctm2.1217"
"10.1016/j.neo.2023.100934","Sinn, Bruno V.","middle","gse14764","10.1038/srep11432"
"10.1016/j.neo.2023.100934","Sinn, Bruno V.","middle","gse14764","10.1186/s12967-022-03776-y"
"10.1016/j.neo.2023.100934","Sinn, Bruno V.","middle","gse14764","10.18632/oncotarget.16523"
"10.1016/j.neo.2023.100934","Sinn, Bruno V.","middle","gse14764","10.3389/fonc.2019.00557"
"10.1016/j.neo.2023.100934","Sinn, Bruno V.","middle","gse14764","10.1186/1757-2215-7-53"
"10.1016/j.neo.2023.100934","Sinn, Bruno V.","middle","gse14764","10.1111/jcmm.15601"
"10.1016/j.neo.2023.100934","Sinn, Bruno V.","middle","gse14764","10.3389/fonc.2016.00213"
"10.1016/j.neo.2023.100934","Sinn, Bruno V.","middle","gse14764","10.1186/s12859-019-2829-y"
"10.1016/j.neo.2023.100934","Sinn, Bruno V.","middle","gse14764","10.1155/2022/7745675"
"10.1016/j.neo.2023.100934","Sinn, Bruno V.","middle","gse14764","10.1186/s13048-019-0575-4"
"10.1016/j.neo.2023.100934","Sinn, Bruno V.","middle","gse14764","10.1186/s13046-018-0854-8"
"10.1016/j.neo.2023.100934","Sinn, Bruno V.","middle","gse14764","10.1186/s13059-016-0956-6"
"10.1016/j.neo.2023.100934","Sinn, Bruno V.","middle","gse14764","10.3390/cancers11030337"
"10.1016/j.neo.2023.100934","Sinn, Bruno V.","middle","gse14764","10.1038/onc.2014.277"
"10.1016/j.neo.2023.100934","Sinn, Bruno V.","middle","gse14764","10.3389/fonc.2020.626555"
"10.1016/j.neo.2023.100934","Sinn, Bruno V.","middle","gse14764","10.1016/j.ebiom.2019.102602"
"10.1016/j.neo.2023.100934","Sinn, Bruno V.","middle","gse14764","10.1155/2019/3614207"
"10.1016/j.neo.2023.100934","Sinn, Bruno V.","middle","gse14764","10.1002/mco2.245"
"10.1016/j.neo.2023.100934","Sinn, Bruno V.","middle","gse14764","10.3389/fcell.2021.653357"
"10.1016/j.neo.2023.100934","Sinn, Bruno V.","middle","gse14764","10.2147/cmar.s337873"
"10.1016/j.neo.2023.100934","Sinn, Bruno V.","middle","gse14764","10.1016/j.ebiom.2018.12.054"
"10.1016/j.neo.2023.100934","Sinn, Bruno V.","middle","gse14764","10.1371/journal.pone.0167585"
"10.1016/j.neo.2023.100934","Sinn, Bruno V.","middle","gse14764","10.3389/fgene.2020.00705"
"10.1016/j.neo.2023.100934","Sinn, Bruno V.","middle","gse14764","10.3389/fgene.2022.823082"
"10.1016/j.neo.2023.100934","Sinn, Bruno V.","middle","gse14764","10.3389/fbioe.2021.792911"
"10.1016/j.neo.2023.100934","Sinn, Bruno V.","middle","gse14764","10.3389/fimmu.2022.951582"
"10.1016/j.neo.2023.100934","Sinn, Bruno V.","middle","gse14764","10.1002/ctm2.633"
"10.1016/j.neo.2023.100934","Sinn, Bruno V.","middle","gse14764","10.3892/ol.2020.11266"
"10.1016/j.neo.2023.100934","Sinn, Bruno V.","middle","gse14764","10.3389/fphar.2020.00577"
"10.1016/j.neo.2023.100934","Sinn, Bruno V.","middle","gse14764","10.1155/2022/6575534"
"10.1016/j.neo.2023.100934","Sinn, Bruno V.","middle","gse14764","10.1080/21655979.2021.1973220"
"10.1016/j.neo.2023.100934","Sinn, Bruno V.","middle","gse14764","10.3390/ijms21072327"
"10.1016/j.neo.2023.100934","Sinn, Bruno V.","middle","gse14764","10.3389/fgene.2021.678747"
"10.1016/j.neo.2023.100934","Sinn, Bruno V.","middle","gse14764","10.7150/thno.48101"
"10.1016/j.neo.2023.100934","Sinn, Bruno V.","middle","gse14764","10.15252/embr.202051981"
"10.1016/j.neo.2023.100934","Sers, Christine","middle","gse14764","10.1186/s13073-016-0319-7"
"10.1016/j.neo.2023.100934","Sers, Christine","middle","gse14764","10.1038/cddis.2015.250"
"10.1016/j.neo.2023.100934","Sers, Christine","middle","gse14764","10.3390/ijms221910817"
"10.1016/j.neo.2023.100934","Sers, Christine","middle","gse14764","10.3389/fonc.2022.1003512"
"10.1016/j.neo.2023.100934","Sers, Christine","middle","gse14764","10.1038/s41389-020-00246-2"
"10.1016/j.neo.2023.100934","Sers, Christine","middle","gse14764","10.3390/ijms21082824"
"10.1016/j.neo.2023.100934","Sers, Christine","middle","gse14764","10.1038/s41598-021-86923-7"
"10.1016/j.neo.2023.100934","Sers, Christine","middle","gse14764","10.1186/s12943-020-1130-z"
"10.1016/j.neo.2023.100934","Sers, Christine","middle","gse14764","10.3892/ol.2019.10934"
"10.1016/j.neo.2023.100934","Sers, Christine","middle","gse14764","10.3389/fonc.2022.923508"
"10.1016/j.neo.2023.100934","Sers, Christine","middle","gse14764","10.1002/advs.202105469"
"10.1016/j.neo.2023.100934","Sers, Christine","middle","gse14764","10.18632/aging.103811"
"10.1016/j.neo.2023.100934","Sers, Christine","middle","gse14764","10.2147/ott.s228678"
"10.1016/j.neo.2023.100934","Sers, Christine","middle","gse14764","10.1186/s12885-022-10485-8"
"10.1016/j.neo.2023.100934","Sers, Christine","middle","gse14764","10.3389/fgene.2022.958092"
"10.1016/j.neo.2023.100934","Sers, Christine","middle","gse14764","10.3390/ijms232415994"
"10.1016/j.neo.2023.100934","Sers, Christine","middle","gse14764","10.1371/journal.pone.0030269"
"10.1016/j.neo.2023.100934","Sers, Christine","middle","gse14764","10.1038/s41416-020-01252-2"
"10.1016/j.neo.2023.100934","Sers, Christine","middle","gse14764","10.1186/1476-4598-13-241"
"10.1016/j.neo.2023.100934","Sers, Christine","middle","gse14764","10.1186/s13073-016-0281-4"
"10.1016/j.neo.2023.100934","Sers, Christine","middle","gse14764","10.3390/medicina57090933"
"10.1016/j.neo.2023.100934","Sers, Christine","middle","gse14764","10.1038/bjc.2013.687"
"10.1016/j.neo.2023.100934","Sers, Christine","middle","gse14764","10.1186/s13048-015-0176-9"
"10.1016/j.neo.2023.100934","Sers, Christine","middle","gse14764","10.1371/journal.pone.0149183"
"10.1016/j.neo.2023.100934","Sers, Christine","middle","gse14764","10.1002/2211-5463.12881"
"10.1016/j.neo.2023.100934","Sers, Christine","middle","gse14764","10.1186/s13048-023-01099-0"
"10.1016/j.neo.2023.100934","Sers, Christine","middle","gse14764","10.1111/jcmm.16327"
"10.1016/j.neo.2023.100934","Sers, Christine","middle","gse14764","10.1038/s41467-021-20893-2"
"10.1016/j.neo.2023.100934","Sers, Christine","middle","gse14764","10.1186/s12967-021-03123-7"
"10.1016/j.neo.2023.100934","Sers, Christine","middle","gse14764","10.1038/s41419-019-2050-y"
"10.1016/j.neo.2023.100934","Sers, Christine","middle","gse14764","10.1038/s41698-022-00298-0"
"10.1016/j.neo.2023.100934","Sers, Christine","middle","gse14764","10.1186/s12935-021-02155-9"
"10.1016/j.neo.2023.100934","Sers, Christine","middle","gse14764","10.3389/fcell.2021.794801"
"10.1016/j.neo.2023.100934","Sers, Christine","middle","gse14764","10.1002/ctm2.1217"
"10.1016/j.neo.2023.100934","Sers, Christine","middle","gse14764","10.1038/srep11432"
"10.1016/j.neo.2023.100934","Sers, Christine","middle","gse14764","10.1186/s12967-022-03776-y"
"10.1016/j.neo.2023.100934","Sers, Christine","middle","gse14764","10.18632/oncotarget.16523"
"10.1016/j.neo.2023.100934","Sers, Christine","middle","gse14764","10.3389/fonc.2019.00557"
"10.1016/j.neo.2023.100934","Sers, Christine","middle","gse14764","10.1186/1757-2215-7-53"
"10.1016/j.neo.2023.100934","Sers, Christine","middle","gse14764","10.1111/jcmm.15601"
"10.1016/j.neo.2023.100934","Sers, Christine","middle","gse14764","10.3389/fonc.2016.00213"
"10.1016/j.neo.2023.100934","Sers, Christine","middle","gse14764","10.1186/s12859-019-2829-y"
"10.1016/j.neo.2023.100934","Sers, Christine","middle","gse14764","10.1155/2022/7745675"
"10.1016/j.neo.2023.100934","Sers, Christine","middle","gse14764","10.1186/s13048-019-0575-4"
"10.1016/j.neo.2023.100934","Sers, Christine","middle","gse14764","10.1186/s13046-018-0854-8"
"10.1016/j.neo.2023.100934","Sers, Christine","middle","gse14764","10.1186/s13059-016-0956-6"
"10.1016/j.neo.2023.100934","Sers, Christine","middle","gse14764","10.3390/cancers11030337"
"10.1016/j.neo.2023.100934","Sers, Christine","middle","gse14764","10.1038/onc.2014.277"
"10.1016/j.neo.2023.100934","Sers, Christine","middle","gse14764","10.3389/fonc.2020.626555"
"10.1016/j.neo.2023.100934","Sers, Christine","middle","gse14764","10.1016/j.ebiom.2019.102602"
"10.1016/j.neo.2023.100934","Sers, Christine","middle","gse14764","10.1155/2019/3614207"
"10.1016/j.neo.2023.100934","Sers, Christine","middle","gse14764","10.1002/mco2.245"
"10.1016/j.neo.2023.100934","Sers, Christine","middle","gse14764","10.3389/fcell.2021.653357"
"10.1016/j.neo.2023.100934","Sers, Christine","middle","gse14764","10.2147/cmar.s337873"
"10.1016/j.neo.2023.100934","Sers, Christine","middle","gse14764","10.1016/j.ebiom.2018.12.054"
"10.1016/j.neo.2023.100934","Sers, Christine","middle","gse14764","10.1371/journal.pone.0167585"
"10.1016/j.neo.2023.100934","Sers, Christine","middle","gse14764","10.3389/fgene.2020.00705"
"10.1016/j.neo.2023.100934","Sers, Christine","middle","gse14764","10.3389/fgene.2022.823082"
"10.1016/j.neo.2023.100934","Sers, Christine","middle","gse14764","10.3389/fbioe.2021.792911"
"10.1016/j.neo.2023.100934","Sers, Christine","middle","gse14764","10.3389/fimmu.2022.951582"
"10.1016/j.neo.2023.100934","Sers, Christine","middle","gse14764","10.1002/ctm2.633"
"10.1016/j.neo.2023.100934","Sers, Christine","middle","gse14764","10.3892/ol.2020.11266"
"10.1016/j.neo.2023.100934","Sers, Christine","middle","gse14764","10.3389/fphar.2020.00577"
"10.1016/j.neo.2023.100934","Sers, Christine","middle","gse14764","10.1155/2022/6575534"
"10.1016/j.neo.2023.100934","Sers, Christine","middle","gse14764","10.1080/21655979.2021.1973220"
"10.1016/j.neo.2023.100934","Sers, Christine","middle","gse14764","10.3390/ijms21072327"
"10.1016/j.neo.2023.100934","Sers, Christine","middle","gse14764","10.3389/fgene.2021.678747"
"10.1016/j.neo.2023.100934","Sers, Christine","middle","gse14764","10.7150/thno.48101"
"10.1016/j.neo.2023.100934","Sers, Christine","middle","gse14764","10.15252/embr.202051981"
"10.1016/j.neo.2023.100934","Bischoff, Philip","middle","gse14764","10.1186/s13073-016-0319-7"
"10.1016/j.neo.2023.100934","Bischoff, Philip","middle","gse14764","10.1038/cddis.2015.250"
"10.1016/j.neo.2023.100934","Bischoff, Philip","middle","gse14764","10.3390/ijms221910817"
"10.1016/j.neo.2023.100934","Bischoff, Philip","middle","gse14764","10.3389/fonc.2022.1003512"
"10.1016/j.neo.2023.100934","Bischoff, Philip","middle","gse14764","10.1038/s41389-020-00246-2"
"10.1016/j.neo.2023.100934","Bischoff, Philip","middle","gse14764","10.3390/ijms21082824"
"10.1016/j.neo.2023.100934","Bischoff, Philip","middle","gse14764","10.1038/s41598-021-86923-7"
"10.1016/j.neo.2023.100934","Bischoff, Philip","middle","gse14764","10.1186/s12943-020-1130-z"
"10.1016/j.neo.2023.100934","Bischoff, Philip","middle","gse14764","10.3892/ol.2019.10934"
"10.1016/j.neo.2023.100934","Bischoff, Philip","middle","gse14764","10.3389/fonc.2022.923508"
"10.1016/j.neo.2023.100934","Bischoff, Philip","middle","gse14764","10.1002/advs.202105469"
"10.1016/j.neo.2023.100934","Bischoff, Philip","middle","gse14764","10.18632/aging.103811"
"10.1016/j.neo.2023.100934","Bischoff, Philip","middle","gse14764","10.2147/ott.s228678"
"10.1016/j.neo.2023.100934","Bischoff, Philip","middle","gse14764","10.1186/s12885-022-10485-8"
"10.1016/j.neo.2023.100934","Bischoff, Philip","middle","gse14764","10.3389/fgene.2022.958092"
"10.1016/j.neo.2023.100934","Bischoff, Philip","middle","gse14764","10.3390/ijms232415994"
"10.1016/j.neo.2023.100934","Bischoff, Philip","middle","gse14764","10.1371/journal.pone.0030269"
"10.1016/j.neo.2023.100934","Bischoff, Philip","middle","gse14764","10.1038/s41416-020-01252-2"
"10.1016/j.neo.2023.100934","Bischoff, Philip","middle","gse14764","10.1186/1476-4598-13-241"
"10.1016/j.neo.2023.100934","Bischoff, Philip","middle","gse14764","10.1186/s13073-016-0281-4"
"10.1016/j.neo.2023.100934","Bischoff, Philip","middle","gse14764","10.3390/medicina57090933"
"10.1016/j.neo.2023.100934","Bischoff, Philip","middle","gse14764","10.1038/bjc.2013.687"
"10.1016/j.neo.2023.100934","Bischoff, Philip","middle","gse14764","10.1186/s13048-015-0176-9"
"10.1016/j.neo.2023.100934","Bischoff, Philip","middle","gse14764","10.1371/journal.pone.0149183"
"10.1016/j.neo.2023.100934","Bischoff, Philip","middle","gse14764","10.1002/2211-5463.12881"
"10.1016/j.neo.2023.100934","Bischoff, Philip","middle","gse14764","10.1186/s13048-023-01099-0"
"10.1016/j.neo.2023.100934","Bischoff, Philip","middle","gse14764","10.1111/jcmm.16327"
"10.1016/j.neo.2023.100934","Bischoff, Philip","middle","gse14764","10.1038/s41467-021-20893-2"
"10.1016/j.neo.2023.100934","Bischoff, Philip","middle","gse14764","10.1186/s12967-021-03123-7"
"10.1016/j.neo.2023.100934","Bischoff, Philip","middle","gse14764","10.1038/s41419-019-2050-y"
"10.1016/j.neo.2023.100934","Bischoff, Philip","middle","gse14764","10.1038/s41698-022-00298-0"
"10.1016/j.neo.2023.100934","Bischoff, Philip","middle","gse14764","10.1186/s12935-021-02155-9"
"10.1016/j.neo.2023.100934","Bischoff, Philip","middle","gse14764","10.3389/fcell.2021.794801"
"10.1016/j.neo.2023.100934","Bischoff, Philip","middle","gse14764","10.1002/ctm2.1217"
"10.1016/j.neo.2023.100934","Bischoff, Philip","middle","gse14764","10.1038/srep11432"
"10.1016/j.neo.2023.100934","Bischoff, Philip","middle","gse14764","10.1186/s12967-022-03776-y"
"10.1016/j.neo.2023.100934","Bischoff, Philip","middle","gse14764","10.18632/oncotarget.16523"
"10.1016/j.neo.2023.100934","Bischoff, Philip","middle","gse14764","10.3389/fonc.2019.00557"
"10.1016/j.neo.2023.100934","Bischoff, Philip","middle","gse14764","10.1186/1757-2215-7-53"
"10.1016/j.neo.2023.100934","Bischoff, Philip","middle","gse14764","10.1111/jcmm.15601"
"10.1016/j.neo.2023.100934","Bischoff, Philip","middle","gse14764","10.3389/fonc.2016.00213"
"10.1016/j.neo.2023.100934","Bischoff, Philip","middle","gse14764","10.1186/s12859-019-2829-y"
"10.1016/j.neo.2023.100934","Bischoff, Philip","middle","gse14764","10.1155/2022/7745675"
"10.1016/j.neo.2023.100934","Bischoff, Philip","middle","gse14764","10.1186/s13048-019-0575-4"
"10.1016/j.neo.2023.100934","Bischoff, Philip","middle","gse14764","10.1186/s13046-018-0854-8"
"10.1016/j.neo.2023.100934","Bischoff, Philip","middle","gse14764","10.1186/s13059-016-0956-6"
"10.1016/j.neo.2023.100934","Bischoff, Philip","middle","gse14764","10.3390/cancers11030337"
"10.1016/j.neo.2023.100934","Bischoff, Philip","middle","gse14764","10.1038/onc.2014.277"
"10.1016/j.neo.2023.100934","Bischoff, Philip","middle","gse14764","10.3389/fonc.2020.626555"
"10.1016/j.neo.2023.100934","Bischoff, Philip","middle","gse14764","10.1016/j.ebiom.2019.102602"
"10.1016/j.neo.2023.100934","Bischoff, Philip","middle","gse14764","10.1155/2019/3614207"
"10.1016/j.neo.2023.100934","Bischoff, Philip","middle","gse14764","10.1002/mco2.245"
"10.1016/j.neo.2023.100934","Bischoff, Philip","middle","gse14764","10.3389/fcell.2021.653357"
"10.1016/j.neo.2023.100934","Bischoff, Philip","middle","gse14764","10.2147/cmar.s337873"
"10.1016/j.neo.2023.100934","Bischoff, Philip","middle","gse14764","10.1016/j.ebiom.2018.12.054"
"10.1016/j.neo.2023.100934","Bischoff, Philip","middle","gse14764","10.1371/journal.pone.0167585"
"10.1016/j.neo.2023.100934","Bischoff, Philip","middle","gse14764","10.3389/fgene.2020.00705"
"10.1016/j.neo.2023.100934","Bischoff, Philip","middle","gse14764","10.3389/fgene.2022.823082"
"10.1016/j.neo.2023.100934","Bischoff, Philip","middle","gse14764","10.3389/fbioe.2021.792911"
"10.1016/j.neo.2023.100934","Bischoff, Philip","middle","gse14764","10.3389/fimmu.2022.951582"
"10.1016/j.neo.2023.100934","Bischoff, Philip","middle","gse14764","10.1002/ctm2.633"
"10.1016/j.neo.2023.100934","Bischoff, Philip","middle","gse14764","10.3892/ol.2020.11266"
"10.1016/j.neo.2023.100934","Bischoff, Philip","middle","gse14764","10.3389/fphar.2020.00577"
"10.1016/j.neo.2023.100934","Bischoff, Philip","middle","gse14764","10.1155/2022/6575534"
"10.1016/j.neo.2023.100934","Bischoff, Philip","middle","gse14764","10.1080/21655979.2021.1973220"
"10.1016/j.neo.2023.100934","Bischoff, Philip","middle","gse14764","10.3390/ijms21072327"
"10.1016/j.neo.2023.100934","Bischoff, Philip","middle","gse14764","10.3389/fgene.2021.678747"
"10.1016/j.neo.2023.100934","Bischoff, Philip","middle","gse14764","10.7150/thno.48101"
"10.1016/j.neo.2023.100934","Bischoff, Philip","middle","gse14764","10.15252/embr.202051981"
"10.1016/j.neo.2023.100934","Bischoff, Philip","middle","gse14764","10.1186/s13073-016-0319-7"
"10.1016/j.neo.2023.100934","Bischoff, Philip","middle","gse14764","10.1038/cddis.2015.250"
"10.1016/j.neo.2023.100934","Bischoff, Philip","middle","gse14764","10.3390/ijms221910817"
"10.1016/j.neo.2023.100934","Bischoff, Philip","middle","gse14764","10.3389/fonc.2022.1003512"
"10.1016/j.neo.2023.100934","Bischoff, Philip","middle","gse14764","10.1038/s41389-020-00246-2"
"10.1016/j.neo.2023.100934","Bischoff, Philip","middle","gse14764","10.3390/ijms21082824"
"10.1016/j.neo.2023.100934","Bischoff, Philip","middle","gse14764","10.1038/s41598-021-86923-7"
"10.1016/j.neo.2023.100934","Bischoff, Philip","middle","gse14764","10.1186/s12943-020-1130-z"
"10.1016/j.neo.2023.100934","Bischoff, Philip","middle","gse14764","10.3892/ol.2019.10934"
"10.1016/j.neo.2023.100934","Bischoff, Philip","middle","gse14764","10.3389/fonc.2022.923508"
"10.1016/j.neo.2023.100934","Bischoff, Philip","middle","gse14764","10.1002/advs.202105469"
"10.1016/j.neo.2023.100934","Bischoff, Philip","middle","gse14764","10.18632/aging.103811"
"10.1016/j.neo.2023.100934","Bischoff, Philip","middle","gse14764","10.2147/ott.s228678"
"10.1016/j.neo.2023.100934","Bischoff, Philip","middle","gse14764","10.1186/s12885-022-10485-8"
"10.1016/j.neo.2023.100934","Bischoff, Philip","middle","gse14764","10.3389/fgene.2022.958092"
"10.1016/j.neo.2023.100934","Bischoff, Philip","middle","gse14764","10.3390/ijms232415994"
"10.1016/j.neo.2023.100934","Bischoff, Philip","middle","gse14764","10.1371/journal.pone.0030269"
"10.1016/j.neo.2023.100934","Bischoff, Philip","middle","gse14764","10.1038/s41416-020-01252-2"
"10.1016/j.neo.2023.100934","Bischoff, Philip","middle","gse14764","10.1186/1476-4598-13-241"
"10.1016/j.neo.2023.100934","Bischoff, Philip","middle","gse14764","10.1186/s13073-016-0281-4"
"10.1016/j.neo.2023.100934","Bischoff, Philip","middle","gse14764","10.3390/medicina57090933"
"10.1016/j.neo.2023.100934","Bischoff, Philip","middle","gse14764","10.1038/bjc.2013.687"
"10.1016/j.neo.2023.100934","Bischoff, Philip","middle","gse14764","10.1186/s13048-015-0176-9"
"10.1016/j.neo.2023.100934","Bischoff, Philip","middle","gse14764","10.1371/journal.pone.0149183"
"10.1016/j.neo.2023.100934","Bischoff, Philip","middle","gse14764","10.1002/2211-5463.12881"
"10.1016/j.neo.2023.100934","Bischoff, Philip","middle","gse14764","10.1186/s13048-023-01099-0"
"10.1016/j.neo.2023.100934","Bischoff, Philip","middle","gse14764","10.1111/jcmm.16327"
"10.1016/j.neo.2023.100934","Bischoff, Philip","middle","gse14764","10.1038/s41467-021-20893-2"
"10.1016/j.neo.2023.100934","Bischoff, Philip","middle","gse14764","10.1186/s12967-021-03123-7"
"10.1016/j.neo.2023.100934","Bischoff, Philip","middle","gse14764","10.1038/s41419-019-2050-y"
"10.1016/j.neo.2023.100934","Bischoff, Philip","middle","gse14764","10.1038/s41698-022-00298-0"
"10.1016/j.neo.2023.100934","Bischoff, Philip","middle","gse14764","10.1186/s12935-021-02155-9"
"10.1016/j.neo.2023.100934","Bischoff, Philip","middle","gse14764","10.3389/fcell.2021.794801"
"10.1016/j.neo.2023.100934","Bischoff, Philip","middle","gse14764","10.1002/ctm2.1217"
"10.1016/j.neo.2023.100934","Bischoff, Philip","middle","gse14764","10.1038/srep11432"
"10.1016/j.neo.2023.100934","Bischoff, Philip","middle","gse14764","10.1186/s12967-022-03776-y"
"10.1016/j.neo.2023.100934","Bischoff, Philip","middle","gse14764","10.18632/oncotarget.16523"
"10.1016/j.neo.2023.100934","Bischoff, Philip","middle","gse14764","10.3389/fonc.2019.00557"
"10.1016/j.neo.2023.100934","Bischoff, Philip","middle","gse14764","10.1186/1757-2215-7-53"
"10.1016/j.neo.2023.100934","Bischoff, Philip","middle","gse14764","10.1111/jcmm.15601"
"10.1016/j.neo.2023.100934","Bischoff, Philip","middle","gse14764","10.3389/fonc.2016.00213"
"10.1016/j.neo.2023.100934","Bischoff, Philip","middle","gse14764","10.1186/s12859-019-2829-y"
"10.1016/j.neo.2023.100934","Bischoff, Philip","middle","gse14764","10.1155/2022/7745675"
"10.1016/j.neo.2023.100934","Bischoff, Philip","middle","gse14764","10.1186/s13048-019-0575-4"
"10.1016/j.neo.2023.100934","Bischoff, Philip","middle","gse14764","10.1186/s13046-018-0854-8"
"10.1016/j.neo.2023.100934","Bischoff, Philip","middle","gse14764","10.1186/s13059-016-0956-6"
"10.1016/j.neo.2023.100934","Bischoff, Philip","middle","gse14764","10.3390/cancers11030337"
"10.1016/j.neo.2023.100934","Bischoff, Philip","middle","gse14764","10.1038/onc.2014.277"
"10.1016/j.neo.2023.100934","Bischoff, Philip","middle","gse14764","10.3389/fonc.2020.626555"
"10.1016/j.neo.2023.100934","Bischoff, Philip","middle","gse14764","10.1016/j.ebiom.2019.102602"
"10.1016/j.neo.2023.100934","Bischoff, Philip","middle","gse14764","10.1155/2019/3614207"
"10.1016/j.neo.2023.100934","Bischoff, Philip","middle","gse14764","10.1002/mco2.245"
"10.1016/j.neo.2023.100934","Bischoff, Philip","middle","gse14764","10.3389/fcell.2021.653357"
"10.1016/j.neo.2023.100934","Bischoff, Philip","middle","gse14764","10.2147/cmar.s337873"
"10.1016/j.neo.2023.100934","Bischoff, Philip","middle","gse14764","10.1016/j.ebiom.2018.12.054"
"10.1016/j.neo.2023.100934","Bischoff, Philip","middle","gse14764","10.1371/journal.pone.0167585"
"10.1016/j.neo.2023.100934","Bischoff, Philip","middle","gse14764","10.3389/fgene.2020.00705"
"10.1016/j.neo.2023.100934","Bischoff, Philip","middle","gse14764","10.3389/fgene.2022.823082"
"10.1016/j.neo.2023.100934","Bischoff, Philip","middle","gse14764","10.3389/fbioe.2021.792911"
"10.1016/j.neo.2023.100934","Bischoff, Philip","middle","gse14764","10.3389/fimmu.2022.951582"
"10.1016/j.neo.2023.100934","Bischoff, Philip","middle","gse14764","10.1002/ctm2.633"
"10.1016/j.neo.2023.100934","Bischoff, Philip","middle","gse14764","10.3892/ol.2020.11266"
"10.1016/j.neo.2023.100934","Bischoff, Philip","middle","gse14764","10.3389/fphar.2020.00577"
"10.1016/j.neo.2023.100934","Bischoff, Philip","middle","gse14764","10.1155/2022/6575534"
"10.1016/j.neo.2023.100934","Bischoff, Philip","middle","gse14764","10.1080/21655979.2021.1973220"
"10.1016/j.neo.2023.100934","Bischoff, Philip","middle","gse14764","10.3390/ijms21072327"
"10.1016/j.neo.2023.100934","Bischoff, Philip","middle","gse14764","10.3389/fgene.2021.678747"
"10.1016/j.neo.2023.100934","Bischoff, Philip","middle","gse14764","10.7150/thno.48101"
"10.1016/j.neo.2023.100934","Bischoff, Philip","middle","gse14764","10.15252/embr.202051981"
"10.1016/j.neo.2023.100934","Taube, Eliane T.","last","gse14764","10.1186/s13073-016-0319-7"
"10.1016/j.neo.2023.100934","Taube, Eliane T.","last","gse14764","10.1038/cddis.2015.250"
"10.1016/j.neo.2023.100934","Taube, Eliane T.","last","gse14764","10.3390/ijms221910817"
"10.1016/j.neo.2023.100934","Taube, Eliane T.","last","gse14764","10.3389/fonc.2022.1003512"
"10.1016/j.neo.2023.100934","Taube, Eliane T.","last","gse14764","10.1038/s41389-020-00246-2"
"10.1016/j.neo.2023.100934","Taube, Eliane T.","last","gse14764","10.3390/ijms21082824"
"10.1016/j.neo.2023.100934","Taube, Eliane T.","last","gse14764","10.1038/s41598-021-86923-7"
"10.1016/j.neo.2023.100934","Taube, Eliane T.","last","gse14764","10.1186/s12943-020-1130-z"
"10.1016/j.neo.2023.100934","Taube, Eliane T.","last","gse14764","10.3892/ol.2019.10934"
"10.1016/j.neo.2023.100934","Taube, Eliane T.","last","gse14764","10.3389/fonc.2022.923508"
"10.1016/j.neo.2023.100934","Taube, Eliane T.","last","gse14764","10.1002/advs.202105469"
"10.1016/j.neo.2023.100934","Taube, Eliane T.","last","gse14764","10.18632/aging.103811"
"10.1016/j.neo.2023.100934","Taube, Eliane T.","last","gse14764","10.2147/ott.s228678"
"10.1016/j.neo.2023.100934","Taube, Eliane T.","last","gse14764","10.1186/s12885-022-10485-8"
"10.1016/j.neo.2023.100934","Taube, Eliane T.","last","gse14764","10.3389/fgene.2022.958092"
"10.1016/j.neo.2023.100934","Taube, Eliane T.","last","gse14764","10.3390/ijms232415994"
"10.1016/j.neo.2023.100934","Taube, Eliane T.","last","gse14764","10.1371/journal.pone.0030269"
"10.1016/j.neo.2023.100934","Taube, Eliane T.","last","gse14764","10.1038/s41416-020-01252-2"
"10.1016/j.neo.2023.100934","Taube, Eliane T.","last","gse14764","10.1186/1476-4598-13-241"
"10.1016/j.neo.2023.100934","Taube, Eliane T.","last","gse14764","10.1186/s13073-016-0281-4"
"10.1016/j.neo.2023.100934","Taube, Eliane T.","last","gse14764","10.3390/medicina57090933"
"10.1016/j.neo.2023.100934","Taube, Eliane T.","last","gse14764","10.1038/bjc.2013.687"
"10.1016/j.neo.2023.100934","Taube, Eliane T.","last","gse14764","10.1186/s13048-015-0176-9"
"10.1016/j.neo.2023.100934","Taube, Eliane T.","last","gse14764","10.1371/journal.pone.0149183"
"10.1016/j.neo.2023.100934","Taube, Eliane T.","last","gse14764","10.1002/2211-5463.12881"
"10.1016/j.neo.2023.100934","Taube, Eliane T.","last","gse14764","10.1186/s13048-023-01099-0"
"10.1016/j.neo.2023.100934","Taube, Eliane T.","last","gse14764","10.1111/jcmm.16327"
"10.1016/j.neo.2023.100934","Taube, Eliane T.","last","gse14764","10.1038/s41467-021-20893-2"
"10.1016/j.neo.2023.100934","Taube, Eliane T.","last","gse14764","10.1186/s12967-021-03123-7"
"10.1016/j.neo.2023.100934","Taube, Eliane T.","last","gse14764","10.1038/s41419-019-2050-y"
"10.1016/j.neo.2023.100934","Taube, Eliane T.","last","gse14764","10.1038/s41698-022-00298-0"
"10.1016/j.neo.2023.100934","Taube, Eliane T.","last","gse14764","10.1186/s12935-021-02155-9"
"10.1016/j.neo.2023.100934","Taube, Eliane T.","last","gse14764","10.3389/fcell.2021.794801"
"10.1016/j.neo.2023.100934","Taube, Eliane T.","last","gse14764","10.1002/ctm2.1217"
"10.1016/j.neo.2023.100934","Taube, Eliane T.","last","gse14764","10.1038/srep11432"
"10.1016/j.neo.2023.100934","Taube, Eliane T.","last","gse14764","10.1186/s12967-022-03776-y"
"10.1016/j.neo.2023.100934","Taube, Eliane T.","last","gse14764","10.18632/oncotarget.16523"
"10.1016/j.neo.2023.100934","Taube, Eliane T.","last","gse14764","10.3389/fonc.2019.00557"
"10.1016/j.neo.2023.100934","Taube, Eliane T.","last","gse14764","10.1186/1757-2215-7-53"
"10.1016/j.neo.2023.100934","Taube, Eliane T.","last","gse14764","10.1111/jcmm.15601"
"10.1016/j.neo.2023.100934","Taube, Eliane T.","last","gse14764","10.3389/fonc.2016.00213"
"10.1016/j.neo.2023.100934","Taube, Eliane T.","last","gse14764","10.1186/s12859-019-2829-y"
"10.1016/j.neo.2023.100934","Taube, Eliane T.","last","gse14764","10.1155/2022/7745675"
"10.1016/j.neo.2023.100934","Taube, Eliane T.","last","gse14764","10.1186/s13048-019-0575-4"
"10.1016/j.neo.2023.100934","Taube, Eliane T.","last","gse14764","10.1186/s13046-018-0854-8"
"10.1016/j.neo.2023.100934","Taube, Eliane T.","last","gse14764","10.1186/s13059-016-0956-6"
"10.1016/j.neo.2023.100934","Taube, Eliane T.","last","gse14764","10.3390/cancers11030337"
"10.1016/j.neo.2023.100934","Taube, Eliane T.","last","gse14764","10.1038/onc.2014.277"
"10.1016/j.neo.2023.100934","Taube, Eliane T.","last","gse14764","10.3389/fonc.2020.626555"
"10.1016/j.neo.2023.100934","Taube, Eliane T.","last","gse14764","10.1016/j.ebiom.2019.102602"
"10.1016/j.neo.2023.100934","Taube, Eliane T.","last","gse14764","10.1155/2019/3614207"
"10.1016/j.neo.2023.100934","Taube, Eliane T.","last","gse14764","10.1002/mco2.245"
"10.1016/j.neo.2023.100934","Taube, Eliane T.","last","gse14764","10.3389/fcell.2021.653357"
"10.1016/j.neo.2023.100934","Taube, Eliane T.","last","gse14764","10.2147/cmar.s337873"
"10.1016/j.neo.2023.100934","Taube, Eliane T.","last","gse14764","10.1016/j.ebiom.2018.12.054"
"10.1016/j.neo.2023.100934","Taube, Eliane T.","last","gse14764","10.1371/journal.pone.0167585"
"10.1016/j.neo.2023.100934","Taube, Eliane T.","last","gse14764","10.3389/fgene.2020.00705"
"10.1016/j.neo.2023.100934","Taube, Eliane T.","last","gse14764","10.3389/fgene.2022.823082"
"10.1016/j.neo.2023.100934","Taube, Eliane T.","last","gse14764","10.3389/fbioe.2021.792911"
"10.1016/j.neo.2023.100934","Taube, Eliane T.","last","gse14764","10.3389/fimmu.2022.951582"
"10.1016/j.neo.2023.100934","Taube, Eliane T.","last","gse14764","10.1002/ctm2.633"
"10.1016/j.neo.2023.100934","Taube, Eliane T.","last","gse14764","10.3892/ol.2020.11266"
"10.1016/j.neo.2023.100934","Taube, Eliane T.","last","gse14764","10.3389/fphar.2020.00577"
"10.1016/j.neo.2023.100934","Taube, Eliane T.","last","gse14764","10.1155/2022/6575534"
"10.1016/j.neo.2023.100934","Taube, Eliane T.","last","gse14764","10.1080/21655979.2021.1973220"
"10.1016/j.neo.2023.100934","Taube, Eliane T.","last","gse14764","10.3390/ijms21072327"
"10.1016/j.neo.2023.100934","Taube, Eliane T.","last","gse14764","10.3389/fgene.2021.678747"
"10.1016/j.neo.2023.100934","Taube, Eliane T.","last","gse14764","10.7150/thno.48101"
"10.1016/j.neo.2023.100934","Taube, Eliane T.","last","gse14764","10.15252/embr.202051981"
"10.1172/jci158348","Dragomir, Mihnea P.","first","e-tabm-713","10.1155/2014/594350"
"10.1172/jci158348","Koch, Ines","middle","e-tabm-713","10.1155/2014/594350"
"10.1172/jci158348","Horst, David","middle","e-tabm-713","10.1155/2014/594350"
"10.1016/j.immuni.2023.05.017","Kohlhepp, Marlene","middle","gse63898","10.1186/s12876-023-02672-z"
"10.1016/j.immuni.2023.05.017","Kohlhepp, Marlene","middle","gse63898","10.1002/ctm2.635"
"10.1016/j.immuni.2023.05.017","Kohlhepp, Marlene","middle","gse63898","10.3389/fgene.2021.760744"
"10.1016/j.immuni.2023.05.017","Kohlhepp, Marlene","middle","gse63898","10.3389/fphar.2022.989655"
"10.1016/j.immuni.2023.05.017","Kohlhepp, Marlene","middle","gse63898","10.1155/2020/1936385"
"10.1016/j.immuni.2023.05.017","Kohlhepp, Marlene","middle","gse63898","10.7150/ijbs.69969"
"10.1016/j.immuni.2023.05.017","Kohlhepp, Marlene","middle","gse63898","10.7150/thno.31155"
"10.1016/j.immuni.2023.05.017","Kohlhepp, Marlene","middle","gse63898","10.1111/jcmm.17036"
"10.1016/j.immuni.2023.05.017","Kohlhepp, Marlene","middle","gse63898","10.3389/fimmu.2022.989156"
"10.1016/j.immuni.2023.05.017","Kohlhepp, Marlene","middle","gse63898","10.3389/fimmu.2022.951529"
"10.1016/j.immuni.2023.05.017","Kohlhepp, Marlene","middle","gse63898","10.3389/fonc.2020.00900"
"10.1016/j.immuni.2023.05.017","Kohlhepp, Marlene","middle","gse63898","10.1186/s13148-023-01460-6"
"10.1016/j.immuni.2023.05.017","Kohlhepp, Marlene","middle","gse63898","10.2147/cmar.s191565"
"10.1016/j.immuni.2023.05.017","Kohlhepp, Marlene","middle","gse63898","10.2147/jhc.s312604"
"10.1016/j.immuni.2023.05.017","Kohlhepp, Marlene","middle","gse63898","10.3389/fphar.2022.909668"
"10.1016/j.immuni.2023.05.017","Kohlhepp, Marlene","middle","gse63898","10.3389/fbioe.2020.00254"
"10.1016/j.immuni.2023.05.017","Kohlhepp, Marlene","middle","gse63898","10.1155/2020/7310768"
"10.1016/j.immuni.2023.05.017","Kohlhepp, Marlene","middle","gse63898","10.1038/s41467-021-21804-1"
"10.1016/j.immuni.2023.05.017","Kohlhepp, Marlene","middle","gse63898","10.7717/peerj.12572"
"10.1016/j.immuni.2023.05.017","Kohlhepp, Marlene","middle","gse63898","10.3389/fonc.2021.740484"
"10.1016/j.immuni.2023.05.017","Kohlhepp, Marlene","middle","gse63898","10.3724/abbs.2022097"
"10.1016/j.immuni.2023.05.017","Kohlhepp, Marlene","middle","gse63898","10.3389/fgene.2022.984033"
"10.1016/j.immuni.2023.05.017","Kohlhepp, Marlene","middle","gse63898","10.18632/oncotarget.27890"
"10.1016/j.immuni.2023.05.017","Kohlhepp, Marlene","middle","gse63898","10.18632/aging.203809"
"10.1016/j.immuni.2023.05.017","Kohlhepp, Marlene","middle","gse63898","10.3389/pore.2022.1610396"
"10.1016/j.immuni.2023.05.017","Kohlhepp, Marlene","middle","gse63898","10.1186/s12935-022-02533-x"
"10.1016/j.immuni.2023.05.017","Kohlhepp, Marlene","middle","gse63898","10.1186/s12943-020-01204-7"
"10.1016/j.immuni.2023.05.017","Kohlhepp, Marlene","middle","gse63898","10.3389/fimmu.2022.1028054"
"10.1016/j.immuni.2023.05.017","Kohlhepp, Marlene","middle","gse63898","10.1155/2023/4364654"
"10.1016/j.immuni.2023.05.017","Kohlhepp, Marlene","middle","gse63898","10.3892/mmr.2016.6021"
"10.1016/j.immuni.2023.05.017","Kohlhepp, Marlene","middle","gse63898","10.3892/ol.2019.10932"
"10.1016/j.immuni.2023.05.017","Kohlhepp, Marlene","middle","gse63898","10.1155/2022/6267851"
"10.1016/j.immuni.2023.05.017","Kohlhepp, Marlene","middle","gse63898","10.3389/fcell.2022.806989"
"10.1016/j.immuni.2023.05.017","Kohlhepp, Marlene","middle","gse63898","10.18632/aging.102913"
"10.1016/j.immuni.2023.05.017","Kohlhepp, Marlene","middle","gse63898","10.3390/cancers12061646"
"10.1016/j.immuni.2023.05.017","Kohlhepp, Marlene","middle","gse63898","10.3389/fmolb.2021.602227"
"10.1016/j.immuni.2023.05.017","Kohlhepp, Marlene","middle","gse63898","10.1016/j.csbj.2021.12.005"
"10.1016/j.immuni.2023.05.017","Kohlhepp, Marlene","middle","gse63898","10.3390/biom12111700"
"10.1016/j.immuni.2023.05.017","Kohlhepp, Marlene","middle","gse63898","10.3389/fgene.2021.771853"
"10.1016/j.immuni.2023.05.017","Kohlhepp, Marlene","middle","gse63898","10.1038/s41392-020-00453-8"
"10.1016/j.immuni.2023.05.017","Kohlhepp, Marlene","middle","gse63898","10.1186/s12967-020-02229-8"
"10.1016/j.immuni.2023.05.017","Kohlhepp, Marlene","middle","gse63898","10.1111/liv.13864"
"10.1016/j.immuni.2023.05.017","Kohlhepp, Marlene","middle","gse63898","10.12688/wellcomeopenres.12199.1"
"10.1016/j.immuni.2023.05.017","Kohlhepp, Marlene","middle","gse63898","10.3390/biomedicines9121819"
"10.1016/j.immuni.2023.05.017","Tacke, Frank","middle","gse63898","10.1186/s12876-023-02672-z"
"10.1016/j.immuni.2023.05.017","Tacke, Frank","middle","gse63898","10.1002/ctm2.635"
"10.1016/j.immuni.2023.05.017","Tacke, Frank","middle","gse63898","10.3389/fgene.2021.760744"
"10.1016/j.immuni.2023.05.017","Tacke, Frank","middle","gse63898","10.3389/fphar.2022.989655"
"10.1016/j.immuni.2023.05.017","Tacke, Frank","middle","gse63898","10.1155/2020/1936385"
"10.1016/j.immuni.2023.05.017","Tacke, Frank","middle","gse63898","10.7150/ijbs.69969"
"10.1016/j.immuni.2023.05.017","Tacke, Frank","middle","gse63898","10.7150/thno.31155"
"10.1016/j.immuni.2023.05.017","Tacke, Frank","middle","gse63898","10.1111/jcmm.17036"
"10.1016/j.immuni.2023.05.017","Tacke, Frank","middle","gse63898","10.3389/fimmu.2022.989156"
"10.1016/j.immuni.2023.05.017","Tacke, Frank","middle","gse63898","10.3389/fimmu.2022.951529"
"10.1016/j.immuni.2023.05.017","Tacke, Frank","middle","gse63898","10.3389/fonc.2020.00900"
"10.1016/j.immuni.2023.05.017","Tacke, Frank","middle","gse63898","10.1186/s13148-023-01460-6"
"10.1016/j.immuni.2023.05.017","Tacke, Frank","middle","gse63898","10.2147/cmar.s191565"
"10.1016/j.immuni.2023.05.017","Tacke, Frank","middle","gse63898","10.2147/jhc.s312604"
"10.1016/j.immuni.2023.05.017","Tacke, Frank","middle","gse63898","10.3389/fphar.2022.909668"
"10.1016/j.immuni.2023.05.017","Tacke, Frank","middle","gse63898","10.3389/fbioe.2020.00254"
"10.1016/j.immuni.2023.05.017","Tacke, Frank","middle","gse63898","10.1155/2020/7310768"
"10.1016/j.immuni.2023.05.017","Tacke, Frank","middle","gse63898","10.1038/s41467-021-21804-1"
"10.1016/j.immuni.2023.05.017","Tacke, Frank","middle","gse63898","10.7717/peerj.12572"
"10.1016/j.immuni.2023.05.017","Tacke, Frank","middle","gse63898","10.3389/fonc.2021.740484"
"10.1016/j.immuni.2023.05.017","Tacke, Frank","middle","gse63898","10.3724/abbs.2022097"
"10.1016/j.immuni.2023.05.017","Tacke, Frank","middle","gse63898","10.3389/fgene.2022.984033"
"10.1016/j.immuni.2023.05.017","Tacke, Frank","middle","gse63898","10.18632/oncotarget.27890"
"10.1016/j.immuni.2023.05.017","Tacke, Frank","middle","gse63898","10.18632/aging.203809"
"10.1016/j.immuni.2023.05.017","Tacke, Frank","middle","gse63898","10.3389/pore.2022.1610396"
"10.1016/j.immuni.2023.05.017","Tacke, Frank","middle","gse63898","10.1186/s12935-022-02533-x"
"10.1016/j.immuni.2023.05.017","Tacke, Frank","middle","gse63898","10.1186/s12943-020-01204-7"
"10.1016/j.immuni.2023.05.017","Tacke, Frank","middle","gse63898","10.3389/fimmu.2022.1028054"
"10.1016/j.immuni.2023.05.017","Tacke, Frank","middle","gse63898","10.1155/2023/4364654"
"10.1016/j.immuni.2023.05.017","Tacke, Frank","middle","gse63898","10.3892/mmr.2016.6021"
"10.1016/j.immuni.2023.05.017","Tacke, Frank","middle","gse63898","10.3892/ol.2019.10932"
"10.1016/j.immuni.2023.05.017","Tacke, Frank","middle","gse63898","10.1155/2022/6267851"
"10.1016/j.immuni.2023.05.017","Tacke, Frank","middle","gse63898","10.3389/fcell.2022.806989"
"10.1016/j.immuni.2023.05.017","Tacke, Frank","middle","gse63898","10.18632/aging.102913"
"10.1016/j.immuni.2023.05.017","Tacke, Frank","middle","gse63898","10.3390/cancers12061646"
"10.1016/j.immuni.2023.05.017","Tacke, Frank","middle","gse63898","10.3389/fmolb.2021.602227"
"10.1016/j.immuni.2023.05.017","Tacke, Frank","middle","gse63898","10.1016/j.csbj.2021.12.005"
"10.1016/j.immuni.2023.05.017","Tacke, Frank","middle","gse63898","10.3390/biom12111700"
"10.1016/j.immuni.2023.05.017","Tacke, Frank","middle","gse63898","10.3389/fgene.2021.771853"
"10.1016/j.immuni.2023.05.017","Tacke, Frank","middle","gse63898","10.1038/s41392-020-00453-8"
"10.1016/j.immuni.2023.05.017","Tacke, Frank","middle","gse63898","10.1186/s12967-020-02229-8"
"10.1016/j.immuni.2023.05.017","Tacke, Frank","middle","gse63898","10.1111/liv.13864"
"10.1016/j.immuni.2023.05.017","Tacke, Frank","middle","gse63898","10.12688/wellcomeopenres.12199.1"
"10.1016/j.immuni.2023.05.017","Tacke, Frank","middle","gse63898","10.3390/biomedicines9121819"
"10.3390/nu15102325","Müller-Riemenschneider, Falk","middle","nm_002957","10.1371/journal.pone.0078995"
"10.3390/nu15102325","Müller-Riemenschneider, Falk","middle","nm_002957","10.3390/cells9051214"
"10.3390/nu15102325","Müller-Riemenschneider, Falk","middle","nm_002957","10.3389/fcell.2021.631942"
"10.3390/nu15102325","Müller-Riemenschneider, Falk","middle","nm_002957","10.1038/s42003-018-0015-9"
"10.3390/nu15102325","Müller-Riemenschneider, Falk","middle","nm_002957","10.1002/cam4.512"
"10.3390/nu15102325","Müller-Riemenschneider, Falk","middle","nm_002957","10.3390/nu6031145"
"10.3390/nu15102325","Müller-Riemenschneider, Falk","middle","nm_002957","10.1111/dom.13843"
"10.1038/s41431-023-01382-0","Sczakiel, Henrike L.","first","nm_198514","10.1002/mgg3.1899"
"10.1038/s41431-023-01382-0","Sczakiel, Henrike L.","first","nm_198514","10.1097/md.0000000000029239"
"10.1038/s41431-023-01382-0","Sczakiel, Henrike L.","first","nm_198514","10.1002/mgg3.1899"
"10.1038/s41431-023-01382-0","Sczakiel, Henrike L.","first","nm_198514","10.1097/md.0000000000029239"
"10.1038/s41431-023-01382-0","Zhao, Max","middle","nm_198514","10.1002/mgg3.1899"
"10.1038/s41431-023-01382-0","Zhao, Max","middle","nm_198514","10.1097/md.0000000000029239"
"10.1038/s41431-023-01382-0","Zhao, Max","middle","nm_198514","10.1002/mgg3.1899"
"10.1038/s41431-023-01382-0","Zhao, Max","middle","nm_198514","10.1097/md.0000000000029239"
"10.1038/s41431-023-01382-0","Wollert-Wulf, Brigitte","middle","nm_198514","10.1002/mgg3.1899"
"10.1038/s41431-023-01382-0","Wollert-Wulf, Brigitte","middle","nm_198514","10.1097/md.0000000000029239"
"10.1038/s41431-023-01382-0","Wollert-Wulf, Brigitte","middle","nm_198514","10.1002/mgg3.1899"
"10.1038/s41431-023-01382-0","Wollert-Wulf, Brigitte","middle","nm_198514","10.1097/md.0000000000029239"
"10.1038/s41431-023-01382-0","Danyel, Magdalena","middle","nm_198514","10.1002/mgg3.1899"
"10.1038/s41431-023-01382-0","Danyel, Magdalena","middle","nm_198514","10.1097/md.0000000000029239"
"10.1038/s41431-023-01382-0","Danyel, Magdalena","middle","nm_198514","10.1002/mgg3.1899"
"10.1038/s41431-023-01382-0","Danyel, Magdalena","middle","nm_198514","10.1097/md.0000000000029239"
"10.1038/s41431-023-01382-0","Ehmke, Nadja","middle","nm_198514","10.1002/mgg3.1899"
"10.1038/s41431-023-01382-0","Ehmke, Nadja","middle","nm_198514","10.1097/md.0000000000029239"
"10.1038/s41431-023-01382-0","Ehmke, Nadja","middle","nm_198514","10.1002/mgg3.1899"
"10.1038/s41431-023-01382-0","Ehmke, Nadja","middle","nm_198514","10.1097/md.0000000000029239"
"10.1038/s41431-023-01382-0","Stoltenburg, Corinna","middle","nm_198514","10.1002/mgg3.1899"
"10.1038/s41431-023-01382-0","Stoltenburg, Corinna","middle","nm_198514","10.1097/md.0000000000029239"
"10.1038/s41431-023-01382-0","Seelow, Dominik","middle","nm_198514","10.1002/mgg3.1899"
"10.1038/s41431-023-01382-0","Seelow, Dominik","middle","nm_198514","10.1097/md.0000000000029239"
"10.1038/s41431-023-01382-0","Seelow, Dominik","middle","nm_198514","10.1002/mgg3.1899"
"10.1038/s41431-023-01382-0","Seelow, Dominik","middle","nm_198514","10.1097/md.0000000000029239"
"10.1038/s41431-023-01382-0","Janz, Martin","middle","nm_198514","10.1002/mgg3.1899"
"10.1038/s41431-023-01382-0","Janz, Martin","middle","nm_198514","10.1097/md.0000000000029239"
"10.1038/s41431-023-01382-0","Janz, Martin","middle","nm_198514","10.1002/mgg3.1899"
"10.1038/s41431-023-01382-0","Janz, Martin","middle","nm_198514","10.1097/md.0000000000029239"
"10.1038/s41431-023-01382-0","Horn, Denise","middle","nm_198514","10.1002/mgg3.1899"
"10.1038/s41431-023-01382-0","Horn, Denise","middle","nm_198514","10.1097/md.0000000000029239"
"10.1038/s41431-023-01382-0","Boschann, Felix","last","nm_198514","10.1002/mgg3.1899"
"10.1038/s41431-023-01382-0","Boschann, Felix","last","nm_198514","10.1097/md.0000000000029239"
"10.1038/s41431-023-01382-0","Boschann, Felix","last","nm_198514","10.1002/mgg3.1899"
"10.1038/s41431-023-01382-0","Boschann, Felix","last","nm_198514","10.1097/md.0000000000029239"
"10.1038/s41431-023-01382-0","Boschann, Felix","last","nm_198514","10.1002/mgg3.1899"
"10.1038/s41431-023-01382-0","Boschann, Felix","last","nm_198514","10.1097/md.0000000000029239"
"10.1038/s41467-023-38044-0","Acuna-Hidalgo, Rocio","middle","gse64415","10.3390/ijms232012330"
"10.1038/s41467-023-38044-0","Acuna-Hidalgo, Rocio","middle","gse64415","10.3390/ijms22041877"
"10.1038/s41467-023-38044-0","Acuna-Hidalgo, Rocio","middle","gse64415","10.1093/neuonc/noaa222.160"
"10.1038/s41467-023-38044-0","Acuna-Hidalgo, Rocio","middle","gse64415","10.3390/cancers12071922"
"10.1038/s41467-023-38044-0","Acuna-Hidalgo, Rocio","middle","gse64415","10.18632/oncotarget.26211"
"10.1038/s41467-023-38044-0","Acuna-Hidalgo, Rocio","middle","gse64415","10.1186/s40478-021-01135-4"
"10.1038/s41467-023-38044-0","Acuna-Hidalgo, Rocio","middle","gse64415","10.1038/s41467-022-34514-z"
"10.1038/s41467-023-38044-0","Acuna-Hidalgo, Rocio","middle","gse64415","10.3390/cancers13020330"
"10.1038/s41467-023-38044-0","Acuna-Hidalgo, Rocio","middle","gse21687","10.1007/s00401-011-0904-1"
"10.1038/s41467-023-38044-0","Acuna-Hidalgo, Rocio","middle","gse21687","10.3389/fbioe.2020.00177"
"10.1038/s41467-023-38044-0","Acuna-Hidalgo, Rocio","middle","gse21687","10.1007/s11060-010-0509-x"
"10.1038/s41467-023-38044-0","Acuna-Hidalgo, Rocio","middle","gse21687","10.1371/journal.pcbi.1003148"
"10.1038/s41467-023-38044-0","Acuna-Hidalgo, Rocio","middle","gse21687","10.18632/oncotarget.26211"
"10.1038/s41467-023-38044-0","Acuna-Hidalgo, Rocio","middle","gse21687","10.18632/oncotarget.3083"
"10.1038/s41467-023-38044-0","Acuna-Hidalgo, Rocio","middle","gse21687","10.18632/oncotarget.23311"
"10.1038/s41564-023-01352-8","Nouailles, Geraldine","first","gse200596","10.3389/fgene.2023.1157305"
"10.1038/s41564-023-01352-8","Adler, Julia M.","middle","gse200596","10.3389/fgene.2023.1157305"
"10.1038/s41564-023-01352-8","Pennitz, Peter","middle","gse200596","10.3389/fgene.2023.1157305"
"10.1038/s41564-023-01352-8","Peidli, Stefan","middle","gse200596","10.3389/fgene.2023.1157305"
"10.1038/s41564-023-01352-8","Baumgardt, Morris","middle","gse200596","10.3389/fgene.2023.1157305"
"10.1038/s41564-023-01352-8","Pott, Fabian","middle","gse200596","10.3389/fgene.2023.1157305"
"10.1038/s41564-023-01352-8","Pott, Fabian","middle","gse200596","10.3389/fgene.2023.1157305"
"10.1038/s41564-023-01352-8","Kazmierski, Julia","middle","gse200596","10.3389/fgene.2023.1157305"
"10.1038/s41564-023-01352-8","Kazmierski, Julia","middle","gse200596","10.3389/fgene.2023.1157305"
"10.1038/s41564-023-01352-8","Goekeri, Cengiz","middle","gse200596","10.3389/fgene.2023.1157305"
"10.1038/s41564-023-01352-8","Simmons, Szandor","middle","gse200596","10.3389/fgene.2023.1157305"
"10.1038/s41564-023-01352-8","Herwig, Susanne","middle","gse200596","10.3389/fgene.2023.1157305"
"10.1038/s41564-023-01352-8","Cichon, Günter","middle","gse200596","10.3389/fgene.2023.1157305"
"10.1038/s41564-023-01352-8","Niemeyer, Daniela","middle","gse200596","10.3389/fgene.2023.1157305"
"10.1038/s41564-023-01352-8","Niemeyer, Daniela","middle","gse200596","10.3389/fgene.2023.1157305"
"10.1038/s41564-023-01352-8","Drosten, Christian","middle","gse200596","10.3389/fgene.2023.1157305"
"10.1038/s41564-023-01352-8","Drosten, Christian","middle","gse200596","10.3389/fgene.2023.1157305"
"10.1038/s41564-023-01352-8","Goffinet, Christine","middle","gse200596","10.3389/fgene.2023.1157305"
"10.1038/s41564-023-01352-8","Goffinet, Christine","middle","gse200596","10.3389/fgene.2023.1157305"
"10.1038/s41564-023-01352-8","Blüthgen, Nils","middle","gse200596","10.3389/fgene.2023.1157305"
"10.1038/s41564-023-01352-8","Witzenrath, Martin","middle","gse200596","10.3389/fgene.2023.1157305"
"10.1038/s41564-023-01352-8","Praktiknjo, Samantha D.","middle","gse200596","10.3389/fgene.2023.1157305"
"10.1182/bloodadvances.2022007714","Haas, Simon","middle","gse122467","10.1182/bloodadvances.2022007254"
"10.1182/bloodadvances.2022007714","Haas, Simon","middle","gse122467","10.1038/s41467-022-33092-4"
"10.1126/sciadv.ade9238","Henssen, Anton G","middle","gse143437","10.1016/j.isci.2022.104589"
"10.1126/sciadv.ade9238","Henssen, Anton G","middle","gse143437","10.1038/s41467-022-35390-3"
"10.1126/sciadv.ade9238","Henssen, Anton G","middle","gse143437","10.1016/j.celrep.2022.110785"
"10.1126/sciadv.ade9238","Henssen, Anton G","middle","gse143437","10.1016/j.stemcr.2021.03.004"
"10.1126/sciadv.ade9238","Henssen, Anton G","middle","gse143437","10.15252/msb.202110323"
"10.1038/s41598-023-27792-0","Liebig, Sven","first","gse78132","10.15252/emmm.202114557"
"10.1038/s41598-023-27792-0","Silva, Patricia","middle","gse78132","10.15252/emmm.202114557"
"10.1038/s41598-023-27792-0","Ortiz-Tanchez, Jutta","middle","gse78132","10.15252/emmm.202114557"
"10.1038/s41598-023-27792-0","Schulze, Veronika","middle","gse78132","10.15252/emmm.202114557"
"10.1038/s41598-023-27792-0","Isaakidis, Konstandina","middle","gse78132","10.15252/emmm.202114557"
"10.1038/s41598-023-27792-0","Schlee, Cornelia","middle","gse78132","10.15252/emmm.202114557"
"10.1038/s41598-023-27792-0","Schroeder, Michael P.","middle","gse78132","10.15252/emmm.202114557"
"10.1038/s41598-023-27792-0","Burmeister, Thomas","middle","gse78132","10.15252/emmm.202114557"
"10.1038/s41598-023-27792-0","Schwartz, Stefan","middle","gse78132","10.15252/emmm.202114557"
"10.1073/pnas.2206324120","Petkova, Mina V.","middle","e-mtab-862","10.1038/modpathol.2012.216"
"10.1073/pnas.2206324120","Petkova, Mina V.","middle","e-mtab-862","10.1038/modpathol.2012.216"
"10.1073/pnas.2206324120","Petkova, Mina V.","middle","e-mtab-862","10.1038/modpathol.2012.216"
"10.1073/pnas.2206324120","Schuelke, Markus","middle","e-mtab-862","10.1038/modpathol.2012.216"
"10.1073/pnas.2206324120","Schuelke, Markus","middle","e-mtab-862","10.1038/modpathol.2012.216"
"10.1073/pnas.2206324120","Schuelke, Markus","middle","e-mtab-862","10.1038/modpathol.2012.216"
"10.1038/s41586-022-05594-0","Vallier, Ludovic","middle","e-mtab-8495","10.1016/j.stem.2022.02.006"
"10.1038/s41586-022-05594-0","Vallier, Ludovic","middle","e-mtab-8495","10.3389/fbioe.2023.1058970"
"10.1038/s41587-022-01551-4","Sanders, Ashley D.","middle","prjeb39750","10.26508/lsa.202201677"
"10.1038/s41587-022-01551-4","Sanders, Ashley D.","middle","erp123231","10.26508/lsa.202201677"
"10.1038/s41587-022-01551-4","Sanders, Ashley D.","middle","prjeb39750","10.26508/lsa.202201677"
"10.1038/s41587-022-01551-4","Sanders, Ashley D.","middle","erp123231","10.26508/lsa.202201677"
"10.1002/hep.32776","Knorr, Jana","first","gse132662","10.1186/s12967-022-03263-4"
"10.1002/hep.32776","Knorr, Jana","first","gse132662","10.1172/jci.insight.163929"
"10.1002/hep.32776","Knorr, Jana","first","gse132662","10.1172/jci.insight.146243"
"10.1002/hep.32776","Holtmann, Theresa Maria","middle","gse132662","10.1186/s12967-022-03263-4"
"10.1002/hep.32776","Holtmann, Theresa Maria","middle","gse132662","10.1172/jci.insight.163929"
"10.1002/hep.32776","Holtmann, Theresa Maria","middle","gse132662","10.1172/jci.insight.146243"
"10.1002/hep.32776","Geisler, Lukas","middle","gse132662","10.1186/s12967-022-03263-4"
"10.1002/hep.32776","Geisler, Lukas","middle","gse132662","10.1172/jci.insight.163929"
"10.1002/hep.32776","Geisler, Lukas","middle","gse132662","10.1172/jci.insight.146243"
"10.1002/hep.32776","Hundertmark, Jana","middle","gse132662","10.1186/s12967-022-03263-4"
"10.1002/hep.32776","Hundertmark, Jana","middle","gse132662","10.1172/jci.insight.163929"
"10.1002/hep.32776","Hundertmark, Jana","middle","gse132662","10.1172/jci.insight.146243"
"10.1002/hep.32776","Kohlhepp, Marlene Sophia","middle","gse132662","10.1186/s12967-022-03263-4"
"10.1002/hep.32776","Kohlhepp, Marlene Sophia","middle","gse132662","10.1172/jci.insight.163929"
"10.1002/hep.32776","Kohlhepp, Marlene Sophia","middle","gse132662","10.1172/jci.insight.146243"
"10.1002/hep.32776","Demir, Münevver","middle","gse132662","10.1186/s12967-022-03263-4"
"10.1002/hep.32776","Demir, Münevver","middle","gse132662","10.1172/jci.insight.163929"
"10.1002/hep.32776","Demir, Münevver","middle","gse132662","10.1172/jci.insight.146243"
"10.1002/hep.32776","Tacke, Frank","middle","gse132662","10.1186/s12967-022-03263-4"
"10.1002/hep.32776","Tacke, Frank","middle","gse132662","10.1172/jci.insight.163929"
"10.1002/hep.32776","Tacke, Frank","middle","gse132662","10.1172/jci.insight.146243"
"10.1002/hep.32776","Wree, Alexander","last","gse132662","10.1186/s12967-022-03263-4"
"10.1002/hep.32776","Wree, Alexander","last","gse132662","10.1172/jci.insight.163929"
"10.1002/hep.32776","Wree, Alexander","last","gse132662","10.1172/jci.insight.146243"
"10.1186/s13578-022-00896-2","Altmüller, Janine","middle","gse49711","10.1186/s12864-020-6721-y"
"10.1186/s13578-022-00896-2","Altmüller, Janine","middle","gse49711","10.1158/2767-9764.crc-21-0134"
"10.1186/s13578-022-00896-2","Altmüller, Janine","middle","gse49711","10.1186/s13059-018-1466-5"
"10.1186/s13578-022-00896-2","Altmüller, Janine","middle","gse49711","10.3389/fgene.2021.685646"
"10.1186/s13578-022-00896-2","Altmüller, Janine","middle","gse49711","10.1177/1533033820957622"
"10.1186/s13578-022-00896-2","Altmüller, Janine","middle","gse49711","10.1186/s13062-019-0239-8"
"10.1186/s13578-022-00896-2","Altmüller, Janine","middle","gse49711","10.3390/jpm11020122"
"10.1186/s13578-022-00896-2","Altmüller, Janine","middle","gse49711","10.1155/2018/7946021"
"10.1186/s13578-022-00896-2","Altmüller, Janine","middle","gse49711","10.3389/fonc.2021.653863"
"10.1186/s13578-022-00896-2","Altmüller, Janine","middle","gse49711","10.1172/jci.insight.153836"
"10.1186/s13578-022-00896-2","Altmüller, Janine","middle","gse49711","10.1038/s41598-018-35868-5"
"10.1186/s13578-022-00896-2","Altmüller, Janine","middle","gse49711","10.3390/cancers13194783"
"10.1186/s13578-022-00896-2","Altmüller, Janine","middle","gse49711","10.3389/fped.2023.1094926"
"10.1186/s13578-022-00896-2","Altmüller, Janine","middle","gse49711","10.18632/oncotarget.27808"
"10.1186/s13578-022-00896-2","Altmüller, Janine","middle","gse49711","10.1093/bioinformatics/btaa105"
"10.1186/s13578-022-00896-2","Altmüller, Janine","middle","gse49711","10.1038/s41388-017-0039-5"
"10.1186/s13578-022-00896-2","Altmüller, Janine","middle","gse49711","10.1038/s41588-021-00818-x"
"10.1186/s13578-022-00896-2","Altmüller, Janine","middle","gse49711","10.1038/s41467-022-31645-1"
"10.1186/s13578-022-00896-2","Altmüller, Janine","middle","gse49711","10.1186/s13062-018-0222-9"
"10.1186/s13578-022-00896-2","Altmüller, Janine","middle","gse49711","10.1038/s41467-018-07580-5"
"10.1186/s13578-022-00896-2","Altmüller, Janine","middle","gse49711","10.1016/j.bbrep.2021.101081"
"10.1186/s13578-022-00896-2","Altmüller, Janine","middle","gse49711","10.7717/peerj.8017"
"10.1186/s13578-022-00896-2","Altmüller, Janine","middle","gse49711","10.3389/fninf.2022.1034793"
"10.1186/s13578-022-00896-2","Altmüller, Janine","middle","gse49711","10.3389/fimmu.2022.1055412"
"10.1186/s13578-022-00896-2","Altmüller, Janine","middle","gse49711","10.1016/j.xcrm.2022.100657"
"10.1016/j.jcv.2022.105222","Corman, Victor M","middle","mt270112","10.1371/journal.pbio.3001030"
"10.1016/j.jcv.2022.105222","Corman, Victor M","middle","mt270112","10.1371/journal.pbio.3001030"
"10.1016/j.jcv.2022.105222","Niemeyer, Daniela","middle","mt270112","10.1371/journal.pbio.3001030"
"10.1016/j.jcv.2022.105222","Drosten, Christian","middle","mt270112","10.1371/journal.pbio.3001030"
"10.1038/s42003-022-03421-w","Sander, Anna-Lena","first","gu190215","10.1111/lam.13285"
"10.1038/s42003-022-03421-w","Sander, Anna-Lena","first","gu190215","10.1007/s11262-018-1614-8"
"10.1038/s42003-022-03421-w","Sander, Anna-Lena","first","gu190215","10.1016/s0140-6736(20)30251-8"
"10.1038/s42003-022-03421-w","Sander, Anna-Lena","first","gu190215","10.3390/microorganisms11040959"
"10.1038/s42003-022-03421-w","Sander, Anna-Lena","first","gu190215","10.1016/j.meegid.2019.02.001"
"10.1038/s42003-022-03421-w","Sander, Anna-Lena","first","gu190215","10.1080/22221751.2020.1780953"
"10.1038/s42003-022-03421-w","Sander, Anna-Lena","first","gu190215","10.1016/j.cell.2021.06.008"
"10.1038/s42003-022-03421-w","Sander, Anna-Lena","first","gu190215","10.1002/jmv.25909"
"10.1038/s42003-022-03421-w","Sander, Anna-Lena","first","kr559017","10.3390/microorganisms11040959"
"10.1038/s42003-022-03421-w","Moreira-Soto, Andres","middle","gu190215","10.1111/lam.13285"
"10.1038/s42003-022-03421-w","Moreira-Soto, Andres","middle","gu190215","10.1007/s11262-018-1614-8"
"10.1038/s42003-022-03421-w","Moreira-Soto, Andres","middle","gu190215","10.1016/s0140-6736(20)30251-8"
"10.1038/s42003-022-03421-w","Moreira-Soto, Andres","middle","gu190215","10.3390/microorganisms11040959"
"10.1038/s42003-022-03421-w","Moreira-Soto, Andres","middle","gu190215","10.1016/j.meegid.2019.02.001"
"10.1038/s42003-022-03421-w","Moreira-Soto, Andres","middle","gu190215","10.1080/22221751.2020.1780953"
"10.1038/s42003-022-03421-w","Moreira-Soto, Andres","middle","gu190215","10.1016/j.cell.2021.06.008"
"10.1038/s42003-022-03421-w","Moreira-Soto, Andres","middle","gu190215","10.1002/jmv.25909"
"10.1038/s42003-022-03421-w","Moreira-Soto, Andres","middle","kr559017","10.3390/microorganisms11040959"
"10.1038/s42003-022-03421-w","Corman, Victor","middle","gu190215","10.1111/lam.13285"
"10.1038/s42003-022-03421-w","Corman, Victor","middle","gu190215","10.1007/s11262-018-1614-8"
"10.1038/s42003-022-03421-w","Corman, Victor","middle","gu190215","10.1016/s0140-6736(20)30251-8"
"10.1038/s42003-022-03421-w","Corman, Victor","middle","gu190215","10.3390/microorganisms11040959"
"10.1038/s42003-022-03421-w","Corman, Victor","middle","gu190215","10.1016/j.meegid.2019.02.001"
"10.1038/s42003-022-03421-w","Corman, Victor","middle","gu190215","10.1080/22221751.2020.1780953"
"10.1038/s42003-022-03421-w","Corman, Victor","middle","gu190215","10.1016/j.cell.2021.06.008"
"10.1038/s42003-022-03421-w","Corman, Victor","middle","gu190215","10.1002/jmv.25909"
"10.1038/s42003-022-03421-w","Corman, Victor","middle","kr559017","10.3390/microorganisms11040959"
"10.1038/s42003-022-03421-w","Corman, Victor","middle","gu190215","10.1111/lam.13285"
"10.1038/s42003-022-03421-w","Corman, Victor","middle","gu190215","10.1007/s11262-018-1614-8"
"10.1038/s42003-022-03421-w","Corman, Victor","middle","gu190215","10.1016/s0140-6736(20)30251-8"
"10.1038/s42003-022-03421-w","Corman, Victor","middle","gu190215","10.3390/microorganisms11040959"
"10.1038/s42003-022-03421-w","Corman, Victor","middle","gu190215","10.1016/j.meegid.2019.02.001"
"10.1038/s42003-022-03421-w","Corman, Victor","middle","gu190215","10.1080/22221751.2020.1780953"
"10.1038/s42003-022-03421-w","Corman, Victor","middle","gu190215","10.1016/j.cell.2021.06.008"
"10.1038/s42003-022-03421-w","Corman, Victor","middle","gu190215","10.1002/jmv.25909"
"10.1038/s42003-022-03421-w","Corman, Victor","middle","kr559017","10.3390/microorganisms11040959"
"10.1038/s42003-022-03421-w","Drosten, Christian","middle","gu190215","10.1111/lam.13285"
"10.1038/s42003-022-03421-w","Drosten, Christian","middle","gu190215","10.1007/s11262-018-1614-8"
"10.1038/s42003-022-03421-w","Drosten, Christian","middle","gu190215","10.1016/s0140-6736(20)30251-8"
"10.1038/s42003-022-03421-w","Drosten, Christian","middle","gu190215","10.3390/microorganisms11040959"
"10.1038/s42003-022-03421-w","Drosten, Christian","middle","gu190215","10.1016/j.meegid.2019.02.001"
"10.1038/s42003-022-03421-w","Drosten, Christian","middle","gu190215","10.1080/22221751.2020.1780953"
"10.1038/s42003-022-03421-w","Drosten, Christian","middle","gu190215","10.1016/j.cell.2021.06.008"
"10.1038/s42003-022-03421-w","Drosten, Christian","middle","gu190215","10.1002/jmv.25909"
"10.1038/s42003-022-03421-w","Drosten, Christian","middle","kr559017","10.3390/microorganisms11040959"
"10.1038/s42003-022-03421-w","Drosten, Christian","middle","gu190215","10.1111/lam.13285"
"10.1038/s42003-022-03421-w","Drosten, Christian","middle","gu190215","10.1007/s11262-018-1614-8"
"10.1038/s42003-022-03421-w","Drosten, Christian","middle","gu190215","10.1016/s0140-6736(20)30251-8"
"10.1038/s42003-022-03421-w","Drosten, Christian","middle","gu190215","10.3390/microorganisms11040959"
"10.1038/s42003-022-03421-w","Drosten, Christian","middle","gu190215","10.1016/j.meegid.2019.02.001"
"10.1038/s42003-022-03421-w","Drosten, Christian","middle","gu190215","10.1080/22221751.2020.1780953"
"10.1038/s42003-022-03421-w","Drosten, Christian","middle","gu190215","10.1016/j.cell.2021.06.008"
"10.1038/s42003-022-03421-w","Drosten, Christian","middle","gu190215","10.1002/jmv.25909"
"10.1038/s42003-022-03421-w","Drosten, Christian","middle","kr559017","10.3390/microorganisms11040959"
"10.1038/s42003-022-03421-w","Drexler, Jan Felix","last","gu190215","10.1111/lam.13285"
"10.1038/s42003-022-03421-w","Drexler, Jan Felix","last","gu190215","10.1007/s11262-018-1614-8"
"10.1038/s42003-022-03421-w","Drexler, Jan Felix","last","gu190215","10.1016/s0140-6736(20)30251-8"
"10.1038/s42003-022-03421-w","Drexler, Jan Felix","last","gu190215","10.3390/microorganisms11040959"
"10.1038/s42003-022-03421-w","Drexler, Jan Felix","last","gu190215","10.1016/j.meegid.2019.02.001"
"10.1038/s42003-022-03421-w","Drexler, Jan Felix","last","gu190215","10.1080/22221751.2020.1780953"
"10.1038/s42003-022-03421-w","Drexler, Jan Felix","last","gu190215","10.1016/j.cell.2021.06.008"
"10.1038/s42003-022-03421-w","Drexler, Jan Felix","last","gu190215","10.1002/jmv.25909"
"10.1038/s42003-022-03421-w","Drexler, Jan Felix","last","kr559017","10.3390/microorganisms11040959"
"10.1038/s42003-022-03421-w","Drexler, Jan Felix","last","gu190215","10.1111/lam.13285"
"10.1038/s42003-022-03421-w","Drexler, Jan Felix","last","gu190215","10.1007/s11262-018-1614-8"
"10.1038/s42003-022-03421-w","Drexler, Jan Felix","last","gu190215","10.1016/s0140-6736(20)30251-8"
"10.1038/s42003-022-03421-w","Drexler, Jan Felix","last","gu190215","10.3390/microorganisms11040959"
"10.1038/s42003-022-03421-w","Drexler, Jan Felix","last","gu190215","10.1016/j.meegid.2019.02.001"
"10.1038/s42003-022-03421-w","Drexler, Jan Felix","last","gu190215","10.1080/22221751.2020.1780953"
"10.1038/s42003-022-03421-w","Drexler, Jan Felix","last","gu190215","10.1016/j.cell.2021.06.008"
"10.1038/s42003-022-03421-w","Drexler, Jan Felix","last","gu190215","10.1002/jmv.25909"
"10.1038/s42003-022-03421-w","Drexler, Jan Felix","last","kr559017","10.3390/microorganisms11040959"
"10.1038/s41593-022-01043-3","Marini, Claudia","middle","phs000744","10.1101/mcs.a001008"
"10.1038/s41593-022-01043-3","Marini, Claudia","middle","phs000744","10.1186/s13023-020-01461-1"
"10.1038/s41593-022-01043-3","Marini, Claudia","middle","phs000744","10.1038/s41525-020-00144-x"
"10.1038/s41593-022-01043-3","Marini, Claudia","middle","phs000744","10.1038/s41588-018-0166-0"
"10.1038/s41593-022-01043-3","Marini, Claudia","middle","phs000744","10.1186/s12920-020-0714-1"
"10.1038/s41593-022-01043-3","Wulczyn, F. Gregory","middle","phs000744","10.1101/mcs.a001008"
"10.1038/s41593-022-01043-3","Wulczyn, F. Gregory","middle","phs000744","10.1186/s13023-020-01461-1"
"10.1038/s41593-022-01043-3","Wulczyn, F. Gregory","middle","phs000744","10.1038/s41525-020-00144-x"
"10.1038/s41593-022-01043-3","Wulczyn, F. Gregory","middle","phs000744","10.1038/s41588-018-0166-0"
"10.1038/s41593-022-01043-3","Wulczyn, F. Gregory","middle","phs000744","10.1186/s12920-020-0714-1"
"10.1038/s41591-022-01688-4","Forslund, Sofia K.","middle","prjeb37249","10.1186/s12864-022-09087-2"
"10.1038/s41591-022-01688-4","Forslund, Sofia K.","middle","prjeb37249","10.1038/s41598-022-14055-7"
"10.1038/s41591-022-01688-4","Forslund, Sofia K.","middle","prjeb37249","10.1186/s12864-022-09087-2"
"10.1038/s41591-022-01688-4","Forslund, Sofia K.","middle","prjeb37249","10.1038/s41598-022-14055-7"
"10.1038/s41467-021-27704-8","Schick, Markus","first","gse44672","10.1186/s13059-022-02800-0"
"10.1038/s41467-021-27704-8","Schick, Markus","first","gse44672","10.1038/s41467-020-16447-7"
"10.1038/s41467-021-27704-8","Schick, Markus","first","gse44672","10.1016/j.molcel.2018.11.006"
"10.1038/s41467-021-27704-8","Zhang, Le","middle","gse44672","10.1186/s13059-022-02800-0"
"10.1038/s41467-021-27704-8","Zhang, Le","middle","gse44672","10.1038/s41467-020-16447-7"
"10.1038/s41467-021-27704-8","Zhang, Le","middle","gse44672","10.1016/j.molcel.2018.11.006"
"10.1038/s41467-021-27704-8","Isaakaidis, Konstandina","middle","gse44672","10.1186/s13059-022-02800-0"
"10.1038/s41467-021-27704-8","Isaakaidis, Konstandina","middle","gse44672","10.1038/s41467-020-16447-7"
"10.1038/s41467-021-27704-8","Isaakaidis, Konstandina","middle","gse44672","10.1016/j.molcel.2018.11.006"
"10.1038/s41467-021-27704-8","Rohleder, Elena","middle","gse44672","10.1186/s13059-022-02800-0"
"10.1038/s41467-021-27704-8","Rohleder, Elena","middle","gse44672","10.1038/s41467-020-16447-7"
"10.1038/s41467-021-27704-8","Rohleder, Elena","middle","gse44672","10.1016/j.molcel.2018.11.006"
"10.1038/s41467-021-27704-8","Habringer, Stefan","middle","gse44672","10.1186/s13059-022-02800-0"
"10.1038/s41467-021-27704-8","Habringer, Stefan","middle","gse44672","10.1038/s41467-020-16447-7"
"10.1038/s41467-021-27704-8","Habringer, Stefan","middle","gse44672","10.1016/j.molcel.2018.11.006"
"10.1038/s41467-021-27704-8","Chapuy, Björn","middle","gse44672","10.1186/s13059-022-02800-0"
"10.1038/s41467-021-27704-8","Chapuy, Björn","middle","gse44672","10.1038/s41467-020-16447-7"
"10.1038/s41467-021-27704-8","Chapuy, Björn","middle","gse44672","10.1016/j.molcel.2018.11.006"
"10.1038/s41467-021-27704-8","Wirth, Matthias","middle","gse44672","10.1186/s13059-022-02800-0"
"10.1038/s41467-021-27704-8","Wirth, Matthias","middle","gse44672","10.1038/s41467-020-16447-7"
"10.1038/s41467-021-27704-8","Wirth, Matthias","middle","gse44672","10.1016/j.molcel.2018.11.006"
"10.1038/s41467-021-27704-8","Keller, Ulrich","last","gse44672","10.1186/s13059-022-02800-0"
"10.1038/s41467-021-27704-8","Keller, Ulrich","last","gse44672","10.1038/s41467-020-16447-7"
"10.1038/s41467-021-27704-8","Keller, Ulrich","last","gse44672","10.1016/j.molcel.2018.11.006"
"10.1038/s41467-021-27088-9","Striefler, Jana K.","middle","gse93326","10.1172/jci.insight.154475"
"10.1038/s41467-021-27088-9","Striefler, Jana K.","middle","gse93326","10.1038/s42255-020-0226-5"
"10.1038/s41467-021-27088-9","Striefler, Jana K.","middle","gse93326","10.1007/s13402-020-00549-x"
"10.1038/s41467-021-27088-9","Striefler, Jana K.","middle","gse93326","10.3390/biom11081079"
"10.1038/s41467-021-27088-9","Striefler, Jana K.","middle","gse93326","10.1038/s41586-022-05272-1"
"10.1038/s41467-021-27088-9","Striefler, Jana K.","middle","gse93326","10.3390/cancers14051298"
"10.1038/s41467-021-27088-9","Striefler, Jana K.","middle","gse93326","10.7554/elife.86971"
"10.1038/s41467-021-27088-9","Striefler, Jana K.","middle","gse93326","10.1016/j.jcmgh.2021.01.008"
"10.1038/s41467-021-27088-9","Striefler, Jana K.","middle","gse93326","10.3390/cells10040847"
"10.1038/s41467-021-27088-9","Striefler, Jana K.","middle","gse93326","10.3390/ijms24021537"
"10.1038/s41467-021-27088-9","Striefler, Jana K.","middle","gse93326","10.1038/s42003-023-04461-6"
"10.1038/s41467-021-27088-9","Sinn, Marianne","middle","gse93326","10.1172/jci.insight.154475"
"10.1038/s41467-021-27088-9","Sinn, Marianne","middle","gse93326","10.1038/s42255-020-0226-5"
"10.1038/s41467-021-27088-9","Sinn, Marianne","middle","gse93326","10.1007/s13402-020-00549-x"
"10.1038/s41467-021-27088-9","Sinn, Marianne","middle","gse93326","10.3390/biom11081079"
"10.1038/s41467-021-27088-9","Sinn, Marianne","middle","gse93326","10.1038/s41586-022-05272-1"
"10.1038/s41467-021-27088-9","Sinn, Marianne","middle","gse93326","10.3390/cancers14051298"
"10.1038/s41467-021-27088-9","Sinn, Marianne","middle","gse93326","10.7554/elife.86971"
"10.1038/s41467-021-27088-9","Sinn, Marianne","middle","gse93326","10.1016/j.jcmgh.2021.01.008"
"10.1038/s41467-021-27088-9","Sinn, Marianne","middle","gse93326","10.3390/cells10040847"
"10.1038/s41467-021-27088-9","Sinn, Marianne","middle","gse93326","10.3390/ijms24021537"
"10.1038/s41467-021-27088-9","Sinn, Marianne","middle","gse93326","10.1038/s42003-023-04461-6"
"10.1038/s41467-021-27088-9","Pelzer, Uwe","middle","gse93326","10.1172/jci.insight.154475"
"10.1038/s41467-021-27088-9","Pelzer, Uwe","middle","gse93326","10.1038/s42255-020-0226-5"
"10.1038/s41467-021-27088-9","Pelzer, Uwe","middle","gse93326","10.1007/s13402-020-00549-x"
"10.1038/s41467-021-27088-9","Pelzer, Uwe","middle","gse93326","10.3390/biom11081079"
"10.1038/s41467-021-27088-9","Pelzer, Uwe","middle","gse93326","10.1038/s41586-022-05272-1"
"10.1038/s41467-021-27088-9","Pelzer, Uwe","middle","gse93326","10.3390/cancers14051298"
"10.1038/s41467-021-27088-9","Pelzer, Uwe","middle","gse93326","10.7554/elife.86971"
"10.1038/s41467-021-27088-9","Pelzer, Uwe","middle","gse93326","10.1016/j.jcmgh.2021.01.008"
"10.1038/s41467-021-27088-9","Pelzer, Uwe","middle","gse93326","10.3390/cells10040847"
"10.1038/s41467-021-27088-9","Pelzer, Uwe","middle","gse93326","10.3390/ijms24021537"
"10.1038/s41467-021-27088-9","Pelzer, Uwe","middle","gse93326","10.1038/s42003-023-04461-6"
"10.1158/0008-5472.can-21-1621","Versteeg, Rogier","last","gse90805","10.1038/s41467-021-26870-z"
"10.1158/0008-5472.can-21-1621","Versteeg, Rogier","last","gse90805","10.1016/j.ebiom.2019.10.041"
"10.1158/0008-5472.can-21-1621","Versteeg, Rogier","last","gse90805","10.1186/s13578-022-00769-8"
"10.1158/0008-5472.can-21-1621","Versteeg, Rogier","last","gse28019","10.1371/journal.pone.0115635"
"10.1158/0008-5472.can-21-1621","Versteeg, Rogier","last","gse28019","10.1038/s41398-021-01493-6"
"10.1158/0008-5472.can-21-1621","Versteeg, Rogier","last","gse28019","10.1002/mc.22591"
"10.1158/0008-5472.can-21-1621","Versteeg, Rogier","last","gse28019","10.1186/s13046-022-02563-3"
"10.1158/0008-5472.can-21-1621","Versteeg, Rogier","last","gse28019","10.1186/s12964-020-00553-6"
"10.1158/0008-5472.can-21-1621","Versteeg, Rogier","last","gse28019","10.3390/cancers14143346"
"10.1158/0008-5472.can-21-1621","Versteeg, Rogier","last","gse28019","10.3390/cancers13174261"
"10.1158/0008-5472.can-21-1621","Versteeg, Rogier","last","gse28019","10.1038/s41598-019-55382-6"
"10.1158/0008-5472.can-21-1621","Versteeg, Rogier","last","gse28019","10.1073/pnas.2102358119"
"10.1158/0008-5472.can-21-1621","Versteeg, Rogier","last","gse99933","10.3390/cancers13081909"
"10.1158/0008-5472.can-21-1621","Versteeg, Rogier","last","gse99933","10.1038/s41467-019-13515-5"
"10.1158/0008-5472.can-21-1621","Versteeg, Rogier","last","gse99933","10.1038/s41419-022-05314-6"
"10.1158/0008-5472.can-21-1621","Versteeg, Rogier","last","gse99933","10.1186/s12864-022-08715-1"
"10.1038/s41467-021-25728-8","Schmitt, Clemens A.","middle","egad00001001306","10.1038/nature24040"
"10.1038/s41467-021-25403-y","Bullinger, Lars","middle","gse58211","10.1186/s12967-021-02708-6"
"10.1038/s41467-021-25403-y","Bullinger, Lars","middle","gse58211","10.3390/cancers13092112"
"10.1186/s13073-021-00926-7","Stintzing, Sebastian","middle","gse140973","10.1186/s12935-022-02460-x"
"10.1186/s13073-021-00926-7","Stintzing, Sebastian","middle","gse140973","10.3389/fcell.2021.766503"
"10.1038/s41467-021-24007-w","Papies, Jan","middle","gse148729","10.1016/j.chom.2020.12.009"
"10.1038/s41467-021-24007-w","Papies, Jan","middle","gse148729","10.1101/2021.05.14.444026"
"10.1038/s41467-021-24007-w","Papies, Jan","middle","gse148729","10.1186/s12967-020-02695-0"
"10.1038/s41467-021-24007-w","Papies, Jan","middle","gse148729","10.1016/j.isci.2021.103331"
"10.1038/s41467-021-24007-w","Papies, Jan","middle","gse148729","10.1038/s41598-022-15898-w"
"10.1038/s41467-021-24007-w","Papies, Jan","middle","gse148729","10.2147/ijgm.s335162"
"10.1038/s41467-021-24007-w","Papies, Jan","middle","gse148729","10.3390/ijms231810451"
"10.1038/s41467-021-24007-w","Papies, Jan","middle","gse148729","10.3390/ijms22168663"
"10.1038/s41467-021-24007-w","Papies, Jan","middle","gse148729","10.1016/j.gene.2020.145325"
"10.1038/s41467-021-24007-w","Papies, Jan","middle","gse148729","10.1038/s41598-022-23950-y"
"10.1038/s41467-021-24007-w","Papies, Jan","middle","gse148729","10.7717/peerj.12370"
"10.1038/s41467-021-24007-w","Papies, Jan","middle","gse148729","10.1016/j.genrep.2022.101641"
"10.1038/s41467-021-24007-w","Papies, Jan","middle","gse148729","10.3389/fimmu.2021.695242"
"10.1038/s41467-021-24007-w","Papies, Jan","middle","gse148729","10.1038/s41467-021-25412-x"
"10.1038/s41467-021-24007-w","Papies, Jan","middle","gse148729","10.1101/2020.06.01.127589"
"10.1038/s41467-021-24007-w","Papies, Jan","middle","gse148729","10.1021/acsomega.2c05245"
"10.1038/s41467-021-24007-w","Papies, Jan","middle","gse148729","10.3389/fimmu.2021.656433"
"10.1038/s41467-021-24007-w","Papies, Jan","middle","gse148729","10.1093/nar/gkac234"
"10.1038/s41467-021-24007-w","Papies, Jan","middle","gse148729","10.1016/j.mlwa.2021.100150"
"10.1038/s41467-021-24007-w","Papies, Jan","middle","gse148729","10.1186/s12864-022-08558-w"
"10.1038/s41467-021-24007-w","Papies, Jan","middle","gse148729","10.3390/v14020374"
"10.1038/s41467-021-24007-w","Papies, Jan","middle","gse148729","10.1038/s41598-021-03613-0"
"10.1038/s41467-021-24007-w","Papies, Jan","middle","gse148729","10.1038/s41598-021-82221-4"
"10.1038/s41467-021-24007-w","Papies, Jan","middle","gse148729","10.1515/jib-2020-0047"
"10.1038/s41467-021-24007-w","Papies, Jan","middle","gse148729","10.1016/j.isci.2020.101526"
"10.1038/s41467-021-24007-w","Papies, Jan","middle","gse148729","10.1016/j.stem.2020.10.004"
"10.1038/s41467-021-24007-w","Papies, Jan","middle","gse148729","10.1128/msphere.00754-20"
"10.1038/s41467-021-24007-w","Papies, Jan","middle","gse148729","10.3390/pathogens11121479"
"10.1038/s41467-021-24007-w","Papies, Jan","middle","gse148729","10.3390/genes11111354"
"10.1038/s41467-021-24007-w","Papies, Jan","middle","gse148729","10.1038/s41431-022-01070-5"
"10.1038/s41467-021-24007-w","Papies, Jan","middle","gse148729","10.1038/s41392-022-00969-1"
"10.1038/s41467-021-24007-w","Papies, Jan","middle","gse148729","10.3389/fmicb.2023.1066493"
"10.1038/s41467-021-24007-w","Papies, Jan","middle","gse148729","10.3390/v13030402"
"10.1038/s41467-021-24007-w","Papies, Jan","middle","gse148729","10.1038/s42003-022-03663-8"
"10.1038/s41467-021-24007-w","Papies, Jan","middle","gse148729","10.3389/fimmu.2020.590870"
"10.1038/s41467-021-24007-w","Papies, Jan","middle","gse148729","10.1371/journal.pcbi.1010021"
"10.1038/s41467-021-24007-w","Papies, Jan","middle","gse148729","10.1093/bib/bbaa334"
"10.1038/s41467-021-24007-w","Papies, Jan","middle","gse148729","10.1007/s00018-021-04119-8"
"10.1038/s41467-021-24007-w","Papies, Jan","middle","gse148729","10.21203/rs.3.rs-1287631/v1"
"10.1038/s41467-021-24007-w","Papies, Jan","middle","gse148729","10.1371/journal.pone.0257965"
"10.1038/s41467-021-24007-w","Papies, Jan","middle","gse148729","10.1016/j.chom.2020.12.009"
"10.1038/s41467-021-24007-w","Papies, Jan","middle","gse148729","10.1101/2021.05.14.444026"
"10.1038/s41467-021-24007-w","Papies, Jan","middle","gse148729","10.1186/s12967-020-02695-0"
"10.1038/s41467-021-24007-w","Papies, Jan","middle","gse148729","10.1016/j.isci.2021.103331"
"10.1038/s41467-021-24007-w","Papies, Jan","middle","gse148729","10.1038/s41598-022-15898-w"
"10.1038/s41467-021-24007-w","Papies, Jan","middle","gse148729","10.2147/ijgm.s335162"
"10.1038/s41467-021-24007-w","Papies, Jan","middle","gse148729","10.3390/ijms231810451"
"10.1038/s41467-021-24007-w","Papies, Jan","middle","gse148729","10.3390/ijms22168663"
"10.1038/s41467-021-24007-w","Papies, Jan","middle","gse148729","10.1016/j.gene.2020.145325"
"10.1038/s41467-021-24007-w","Papies, Jan","middle","gse148729","10.1038/s41598-022-23950-y"
"10.1038/s41467-021-24007-w","Papies, Jan","middle","gse148729","10.7717/peerj.12370"
"10.1038/s41467-021-24007-w","Papies, Jan","middle","gse148729","10.1016/j.genrep.2022.101641"
"10.1038/s41467-021-24007-w","Papies, Jan","middle","gse148729","10.3389/fimmu.2021.695242"
"10.1038/s41467-021-24007-w","Papies, Jan","middle","gse148729","10.1038/s41467-021-25412-x"
"10.1038/s41467-021-24007-w","Papies, Jan","middle","gse148729","10.1101/2020.06.01.127589"
"10.1038/s41467-021-24007-w","Papies, Jan","middle","gse148729","10.1021/acsomega.2c05245"
"10.1038/s41467-021-24007-w","Papies, Jan","middle","gse148729","10.3389/fimmu.2021.656433"
"10.1038/s41467-021-24007-w","Papies, Jan","middle","gse148729","10.1093/nar/gkac234"
"10.1038/s41467-021-24007-w","Papies, Jan","middle","gse148729","10.1016/j.mlwa.2021.100150"
"10.1038/s41467-021-24007-w","Papies, Jan","middle","gse148729","10.1186/s12864-022-08558-w"
"10.1038/s41467-021-24007-w","Papies, Jan","middle","gse148729","10.3390/v14020374"
"10.1038/s41467-021-24007-w","Papies, Jan","middle","gse148729","10.1038/s41598-021-03613-0"
"10.1038/s41467-021-24007-w","Papies, Jan","middle","gse148729","10.1038/s41598-021-82221-4"
"10.1038/s41467-021-24007-w","Papies, Jan","middle","gse148729","10.1515/jib-2020-0047"
"10.1038/s41467-021-24007-w","Papies, Jan","middle","gse148729","10.1016/j.isci.2020.101526"
"10.1038/s41467-021-24007-w","Papies, Jan","middle","gse148729","10.1016/j.stem.2020.10.004"
"10.1038/s41467-021-24007-w","Papies, Jan","middle","gse148729","10.1128/msphere.00754-20"
"10.1038/s41467-021-24007-w","Papies, Jan","middle","gse148729","10.3390/pathogens11121479"
"10.1038/s41467-021-24007-w","Papies, Jan","middle","gse148729","10.3390/genes11111354"
"10.1038/s41467-021-24007-w","Papies, Jan","middle","gse148729","10.1038/s41431-022-01070-5"
"10.1038/s41467-021-24007-w","Papies, Jan","middle","gse148729","10.1038/s41392-022-00969-1"
"10.1038/s41467-021-24007-w","Papies, Jan","middle","gse148729","10.3389/fmicb.2023.1066493"
"10.1038/s41467-021-24007-w","Papies, Jan","middle","gse148729","10.3390/v13030402"
"10.1038/s41467-021-24007-w","Papies, Jan","middle","gse148729","10.1038/s42003-022-03663-8"
"10.1038/s41467-021-24007-w","Papies, Jan","middle","gse148729","10.3389/fimmu.2020.590870"
"10.1038/s41467-021-24007-w","Papies, Jan","middle","gse148729","10.1371/journal.pcbi.1010021"
"10.1038/s41467-021-24007-w","Papies, Jan","middle","gse148729","10.1093/bib/bbaa334"
"10.1038/s41467-021-24007-w","Papies, Jan","middle","gse148729","10.1007/s00018-021-04119-8"
"10.1038/s41467-021-24007-w","Papies, Jan","middle","gse148729","10.21203/rs.3.rs-1287631/v1"
"10.1038/s41467-021-24007-w","Papies, Jan","middle","gse148729","10.1371/journal.pone.0257965"
"10.1038/s41467-021-24007-w","Emanuel, Jackson","middle","gse148729","10.1016/j.chom.2020.12.009"
"10.1038/s41467-021-24007-w","Emanuel, Jackson","middle","gse148729","10.1101/2021.05.14.444026"
"10.1038/s41467-021-24007-w","Emanuel, Jackson","middle","gse148729","10.1186/s12967-020-02695-0"
"10.1038/s41467-021-24007-w","Emanuel, Jackson","middle","gse148729","10.1016/j.isci.2021.103331"
"10.1038/s41467-021-24007-w","Emanuel, Jackson","middle","gse148729","10.1038/s41598-022-15898-w"
"10.1038/s41467-021-24007-w","Emanuel, Jackson","middle","gse148729","10.2147/ijgm.s335162"
"10.1038/s41467-021-24007-w","Emanuel, Jackson","middle","gse148729","10.3390/ijms231810451"
"10.1038/s41467-021-24007-w","Emanuel, Jackson","middle","gse148729","10.3390/ijms22168663"
"10.1038/s41467-021-24007-w","Emanuel, Jackson","middle","gse148729","10.1016/j.gene.2020.145325"
"10.1038/s41467-021-24007-w","Emanuel, Jackson","middle","gse148729","10.1038/s41598-022-23950-y"
"10.1038/s41467-021-24007-w","Emanuel, Jackson","middle","gse148729","10.7717/peerj.12370"
"10.1038/s41467-021-24007-w","Emanuel, Jackson","middle","gse148729","10.1016/j.genrep.2022.101641"
"10.1038/s41467-021-24007-w","Emanuel, Jackson","middle","gse148729","10.3389/fimmu.2021.695242"
"10.1038/s41467-021-24007-w","Emanuel, Jackson","middle","gse148729","10.1038/s41467-021-25412-x"
"10.1038/s41467-021-24007-w","Emanuel, Jackson","middle","gse148729","10.1101/2020.06.01.127589"
"10.1038/s41467-021-24007-w","Emanuel, Jackson","middle","gse148729","10.1021/acsomega.2c05245"
"10.1038/s41467-021-24007-w","Emanuel, Jackson","middle","gse148729","10.3389/fimmu.2021.656433"
"10.1038/s41467-021-24007-w","Emanuel, Jackson","middle","gse148729","10.1093/nar/gkac234"
"10.1038/s41467-021-24007-w","Emanuel, Jackson","middle","gse148729","10.1016/j.mlwa.2021.100150"
"10.1038/s41467-021-24007-w","Emanuel, Jackson","middle","gse148729","10.1186/s12864-022-08558-w"
"10.1038/s41467-021-24007-w","Emanuel, Jackson","middle","gse148729","10.3390/v14020374"
"10.1038/s41467-021-24007-w","Emanuel, Jackson","middle","gse148729","10.1038/s41598-021-03613-0"
"10.1038/s41467-021-24007-w","Emanuel, Jackson","middle","gse148729","10.1038/s41598-021-82221-4"
"10.1038/s41467-021-24007-w","Emanuel, Jackson","middle","gse148729","10.1515/jib-2020-0047"
"10.1038/s41467-021-24007-w","Emanuel, Jackson","middle","gse148729","10.1016/j.isci.2020.101526"
"10.1038/s41467-021-24007-w","Emanuel, Jackson","middle","gse148729","10.1016/j.stem.2020.10.004"
"10.1038/s41467-021-24007-w","Emanuel, Jackson","middle","gse148729","10.1128/msphere.00754-20"
"10.1038/s41467-021-24007-w","Emanuel, Jackson","middle","gse148729","10.3390/pathogens11121479"
"10.1038/s41467-021-24007-w","Emanuel, Jackson","middle","gse148729","10.3390/genes11111354"
"10.1038/s41467-021-24007-w","Emanuel, Jackson","middle","gse148729","10.1038/s41431-022-01070-5"
"10.1038/s41467-021-24007-w","Emanuel, Jackson","middle","gse148729","10.1038/s41392-022-00969-1"
"10.1038/s41467-021-24007-w","Emanuel, Jackson","middle","gse148729","10.3389/fmicb.2023.1066493"
"10.1038/s41467-021-24007-w","Emanuel, Jackson","middle","gse148729","10.3390/v13030402"
"10.1038/s41467-021-24007-w","Emanuel, Jackson","middle","gse148729","10.1038/s42003-022-03663-8"
"10.1038/s41467-021-24007-w","Emanuel, Jackson","middle","gse148729","10.3389/fimmu.2020.590870"
"10.1038/s41467-021-24007-w","Emanuel, Jackson","middle","gse148729","10.1371/journal.pcbi.1010021"
"10.1038/s41467-021-24007-w","Emanuel, Jackson","middle","gse148729","10.1093/bib/bbaa334"
"10.1038/s41467-021-24007-w","Emanuel, Jackson","middle","gse148729","10.1007/s00018-021-04119-8"
"10.1038/s41467-021-24007-w","Emanuel, Jackson","middle","gse148729","10.21203/rs.3.rs-1287631/v1"
"10.1038/s41467-021-24007-w","Emanuel, Jackson","middle","gse148729","10.1371/journal.pone.0257965"
"10.1038/s41467-021-24007-w","Emanuel, Jackson","middle","gse148729","10.1016/j.chom.2020.12.009"
"10.1038/s41467-021-24007-w","Emanuel, Jackson","middle","gse148729","10.1101/2021.05.14.444026"
"10.1038/s41467-021-24007-w","Emanuel, Jackson","middle","gse148729","10.1186/s12967-020-02695-0"
"10.1038/s41467-021-24007-w","Emanuel, Jackson","middle","gse148729","10.1016/j.isci.2021.103331"
"10.1038/s41467-021-24007-w","Emanuel, Jackson","middle","gse148729","10.1038/s41598-022-15898-w"
"10.1038/s41467-021-24007-w","Emanuel, Jackson","middle","gse148729","10.2147/ijgm.s335162"
"10.1038/s41467-021-24007-w","Emanuel, Jackson","middle","gse148729","10.3390/ijms231810451"
"10.1038/s41467-021-24007-w","Emanuel, Jackson","middle","gse148729","10.3390/ijms22168663"
"10.1038/s41467-021-24007-w","Emanuel, Jackson","middle","gse148729","10.1016/j.gene.2020.145325"
"10.1038/s41467-021-24007-w","Emanuel, Jackson","middle","gse148729","10.1038/s41598-022-23950-y"
"10.1038/s41467-021-24007-w","Emanuel, Jackson","middle","gse148729","10.7717/peerj.12370"
"10.1038/s41467-021-24007-w","Emanuel, Jackson","middle","gse148729","10.1016/j.genrep.2022.101641"
"10.1038/s41467-021-24007-w","Emanuel, Jackson","middle","gse148729","10.3389/fimmu.2021.695242"
"10.1038/s41467-021-24007-w","Emanuel, Jackson","middle","gse148729","10.1038/s41467-021-25412-x"
"10.1038/s41467-021-24007-w","Emanuel, Jackson","middle","gse148729","10.1101/2020.06.01.127589"
"10.1038/s41467-021-24007-w","Emanuel, Jackson","middle","gse148729","10.1021/acsomega.2c05245"
"10.1038/s41467-021-24007-w","Emanuel, Jackson","middle","gse148729","10.3389/fimmu.2021.656433"
"10.1038/s41467-021-24007-w","Emanuel, Jackson","middle","gse148729","10.1093/nar/gkac234"
"10.1038/s41467-021-24007-w","Emanuel, Jackson","middle","gse148729","10.1016/j.mlwa.2021.100150"
"10.1038/s41467-021-24007-w","Emanuel, Jackson","middle","gse148729","10.1186/s12864-022-08558-w"
"10.1038/s41467-021-24007-w","Emanuel, Jackson","middle","gse148729","10.3390/v14020374"
"10.1038/s41467-021-24007-w","Emanuel, Jackson","middle","gse148729","10.1038/s41598-021-03613-0"
"10.1038/s41467-021-24007-w","Emanuel, Jackson","middle","gse148729","10.1038/s41598-021-82221-4"
"10.1038/s41467-021-24007-w","Emanuel, Jackson","middle","gse148729","10.1515/jib-2020-0047"
"10.1038/s41467-021-24007-w","Emanuel, Jackson","middle","gse148729","10.1016/j.isci.2020.101526"
"10.1038/s41467-021-24007-w","Emanuel, Jackson","middle","gse148729","10.1016/j.stem.2020.10.004"
"10.1038/s41467-021-24007-w","Emanuel, Jackson","middle","gse148729","10.1128/msphere.00754-20"
"10.1038/s41467-021-24007-w","Emanuel, Jackson","middle","gse148729","10.3390/pathogens11121479"
"10.1038/s41467-021-24007-w","Emanuel, Jackson","middle","gse148729","10.3390/genes11111354"
"10.1038/s41467-021-24007-w","Emanuel, Jackson","middle","gse148729","10.1038/s41431-022-01070-5"
"10.1038/s41467-021-24007-w","Emanuel, Jackson","middle","gse148729","10.1038/s41392-022-00969-1"
"10.1038/s41467-021-24007-w","Emanuel, Jackson","middle","gse148729","10.3389/fmicb.2023.1066493"
"10.1038/s41467-021-24007-w","Emanuel, Jackson","middle","gse148729","10.3390/v13030402"
"10.1038/s41467-021-24007-w","Emanuel, Jackson","middle","gse148729","10.1038/s42003-022-03663-8"
"10.1038/s41467-021-24007-w","Emanuel, Jackson","middle","gse148729","10.3389/fimmu.2020.590870"
"10.1038/s41467-021-24007-w","Emanuel, Jackson","middle","gse148729","10.1371/journal.pcbi.1010021"
"10.1038/s41467-021-24007-w","Emanuel, Jackson","middle","gse148729","10.1093/bib/bbaa334"
"10.1038/s41467-021-24007-w","Emanuel, Jackson","middle","gse148729","10.1007/s00018-021-04119-8"
"10.1038/s41467-021-24007-w","Emanuel, Jackson","middle","gse148729","10.21203/rs.3.rs-1287631/v1"
"10.1038/s41467-021-24007-w","Emanuel, Jackson","middle","gse148729","10.1371/journal.pone.0257965"
"10.1038/s41467-021-24007-w","Chua, Robert Lorenz","middle","gse148729","10.1016/j.chom.2020.12.009"
"10.1038/s41467-021-24007-w","Chua, Robert Lorenz","middle","gse148729","10.1101/2021.05.14.444026"
"10.1038/s41467-021-24007-w","Chua, Robert Lorenz","middle","gse148729","10.1186/s12967-020-02695-0"
"10.1038/s41467-021-24007-w","Chua, Robert Lorenz","middle","gse148729","10.1016/j.isci.2021.103331"
"10.1038/s41467-021-24007-w","Chua, Robert Lorenz","middle","gse148729","10.1038/s41598-022-15898-w"
"10.1038/s41467-021-24007-w","Chua, Robert Lorenz","middle","gse148729","10.2147/ijgm.s335162"
"10.1038/s41467-021-24007-w","Chua, Robert Lorenz","middle","gse148729","10.3390/ijms231810451"
"10.1038/s41467-021-24007-w","Chua, Robert Lorenz","middle","gse148729","10.3390/ijms22168663"
"10.1038/s41467-021-24007-w","Chua, Robert Lorenz","middle","gse148729","10.1016/j.gene.2020.145325"
"10.1038/s41467-021-24007-w","Chua, Robert Lorenz","middle","gse148729","10.1038/s41598-022-23950-y"
"10.1038/s41467-021-24007-w","Chua, Robert Lorenz","middle","gse148729","10.7717/peerj.12370"
"10.1038/s41467-021-24007-w","Chua, Robert Lorenz","middle","gse148729","10.1016/j.genrep.2022.101641"
"10.1038/s41467-021-24007-w","Chua, Robert Lorenz","middle","gse148729","10.3389/fimmu.2021.695242"
"10.1038/s41467-021-24007-w","Chua, Robert Lorenz","middle","gse148729","10.1038/s41467-021-25412-x"
"10.1038/s41467-021-24007-w","Chua, Robert Lorenz","middle","gse148729","10.1101/2020.06.01.127589"
"10.1038/s41467-021-24007-w","Chua, Robert Lorenz","middle","gse148729","10.1021/acsomega.2c05245"
"10.1038/s41467-021-24007-w","Chua, Robert Lorenz","middle","gse148729","10.3389/fimmu.2021.656433"
"10.1038/s41467-021-24007-w","Chua, Robert Lorenz","middle","gse148729","10.1093/nar/gkac234"
"10.1038/s41467-021-24007-w","Chua, Robert Lorenz","middle","gse148729","10.1016/j.mlwa.2021.100150"
"10.1038/s41467-021-24007-w","Chua, Robert Lorenz","middle","gse148729","10.1186/s12864-022-08558-w"
"10.1038/s41467-021-24007-w","Chua, Robert Lorenz","middle","gse148729","10.3390/v14020374"
"10.1038/s41467-021-24007-w","Chua, Robert Lorenz","middle","gse148729","10.1038/s41598-021-03613-0"
"10.1038/s41467-021-24007-w","Chua, Robert Lorenz","middle","gse148729","10.1038/s41598-021-82221-4"
"10.1038/s41467-021-24007-w","Chua, Robert Lorenz","middle","gse148729","10.1515/jib-2020-0047"
"10.1038/s41467-021-24007-w","Chua, Robert Lorenz","middle","gse148729","10.1016/j.isci.2020.101526"
"10.1038/s41467-021-24007-w","Chua, Robert Lorenz","middle","gse148729","10.1016/j.stem.2020.10.004"
"10.1038/s41467-021-24007-w","Chua, Robert Lorenz","middle","gse148729","10.1128/msphere.00754-20"
"10.1038/s41467-021-24007-w","Chua, Robert Lorenz","middle","gse148729","10.3390/pathogens11121479"
"10.1038/s41467-021-24007-w","Chua, Robert Lorenz","middle","gse148729","10.3390/genes11111354"
"10.1038/s41467-021-24007-w","Chua, Robert Lorenz","middle","gse148729","10.1038/s41431-022-01070-5"
"10.1038/s41467-021-24007-w","Chua, Robert Lorenz","middle","gse148729","10.1038/s41392-022-00969-1"
"10.1038/s41467-021-24007-w","Chua, Robert Lorenz","middle","gse148729","10.3389/fmicb.2023.1066493"
"10.1038/s41467-021-24007-w","Chua, Robert Lorenz","middle","gse148729","10.3390/v13030402"
"10.1038/s41467-021-24007-w","Chua, Robert Lorenz","middle","gse148729","10.1038/s42003-022-03663-8"
"10.1038/s41467-021-24007-w","Chua, Robert Lorenz","middle","gse148729","10.3389/fimmu.2020.590870"
"10.1038/s41467-021-24007-w","Chua, Robert Lorenz","middle","gse148729","10.1371/journal.pcbi.1010021"
"10.1038/s41467-021-24007-w","Chua, Robert Lorenz","middle","gse148729","10.1093/bib/bbaa334"
"10.1038/s41467-021-24007-w","Chua, Robert Lorenz","middle","gse148729","10.1007/s00018-021-04119-8"
"10.1038/s41467-021-24007-w","Chua, Robert Lorenz","middle","gse148729","10.21203/rs.3.rs-1287631/v1"
"10.1038/s41467-021-24007-w","Chua, Robert Lorenz","middle","gse148729","10.1371/journal.pone.0257965"
"10.1038/s41467-021-24007-w","Heinemann, Nicolas","middle","gse148729","10.1016/j.chom.2020.12.009"
"10.1038/s41467-021-24007-w","Heinemann, Nicolas","middle","gse148729","10.1101/2021.05.14.444026"
"10.1038/s41467-021-24007-w","Heinemann, Nicolas","middle","gse148729","10.1186/s12967-020-02695-0"
"10.1038/s41467-021-24007-w","Heinemann, Nicolas","middle","gse148729","10.1016/j.isci.2021.103331"
"10.1038/s41467-021-24007-w","Heinemann, Nicolas","middle","gse148729","10.1038/s41598-022-15898-w"
"10.1038/s41467-021-24007-w","Heinemann, Nicolas","middle","gse148729","10.2147/ijgm.s335162"
"10.1038/s41467-021-24007-w","Heinemann, Nicolas","middle","gse148729","10.3390/ijms231810451"
"10.1038/s41467-021-24007-w","Heinemann, Nicolas","middle","gse148729","10.3390/ijms22168663"
"10.1038/s41467-021-24007-w","Heinemann, Nicolas","middle","gse148729","10.1016/j.gene.2020.145325"
"10.1038/s41467-021-24007-w","Heinemann, Nicolas","middle","gse148729","10.1038/s41598-022-23950-y"
"10.1038/s41467-021-24007-w","Heinemann, Nicolas","middle","gse148729","10.7717/peerj.12370"
"10.1038/s41467-021-24007-w","Heinemann, Nicolas","middle","gse148729","10.1016/j.genrep.2022.101641"
"10.1038/s41467-021-24007-w","Heinemann, Nicolas","middle","gse148729","10.3389/fimmu.2021.695242"
"10.1038/s41467-021-24007-w","Heinemann, Nicolas","middle","gse148729","10.1038/s41467-021-25412-x"
"10.1038/s41467-021-24007-w","Heinemann, Nicolas","middle","gse148729","10.1101/2020.06.01.127589"
"10.1038/s41467-021-24007-w","Heinemann, Nicolas","middle","gse148729","10.1021/acsomega.2c05245"
"10.1038/s41467-021-24007-w","Heinemann, Nicolas","middle","gse148729","10.3389/fimmu.2021.656433"
"10.1038/s41467-021-24007-w","Heinemann, Nicolas","middle","gse148729","10.1093/nar/gkac234"
"10.1038/s41467-021-24007-w","Heinemann, Nicolas","middle","gse148729","10.1016/j.mlwa.2021.100150"
"10.1038/s41467-021-24007-w","Heinemann, Nicolas","middle","gse148729","10.1186/s12864-022-08558-w"
"10.1038/s41467-021-24007-w","Heinemann, Nicolas","middle","gse148729","10.3390/v14020374"
"10.1038/s41467-021-24007-w","Heinemann, Nicolas","middle","gse148729","10.1038/s41598-021-03613-0"
"10.1038/s41467-021-24007-w","Heinemann, Nicolas","middle","gse148729","10.1038/s41598-021-82221-4"
"10.1038/s41467-021-24007-w","Heinemann, Nicolas","middle","gse148729","10.1515/jib-2020-0047"
"10.1038/s41467-021-24007-w","Heinemann, Nicolas","middle","gse148729","10.1016/j.isci.2020.101526"
"10.1038/s41467-021-24007-w","Heinemann, Nicolas","middle","gse148729","10.1016/j.stem.2020.10.004"
"10.1038/s41467-021-24007-w","Heinemann, Nicolas","middle","gse148729","10.1128/msphere.00754-20"
"10.1038/s41467-021-24007-w","Heinemann, Nicolas","middle","gse148729","10.3390/pathogens11121479"
"10.1038/s41467-021-24007-w","Heinemann, Nicolas","middle","gse148729","10.3390/genes11111354"
"10.1038/s41467-021-24007-w","Heinemann, Nicolas","middle","gse148729","10.1038/s41431-022-01070-5"
"10.1038/s41467-021-24007-w","Heinemann, Nicolas","middle","gse148729","10.1038/s41392-022-00969-1"
"10.1038/s41467-021-24007-w","Heinemann, Nicolas","middle","gse148729","10.3389/fmicb.2023.1066493"
"10.1038/s41467-021-24007-w","Heinemann, Nicolas","middle","gse148729","10.3390/v13030402"
"10.1038/s41467-021-24007-w","Heinemann, Nicolas","middle","gse148729","10.1038/s42003-022-03663-8"
"10.1038/s41467-021-24007-w","Heinemann, Nicolas","middle","gse148729","10.3389/fimmu.2020.590870"
"10.1038/s41467-021-24007-w","Heinemann, Nicolas","middle","gse148729","10.1371/journal.pcbi.1010021"
"10.1038/s41467-021-24007-w","Heinemann, Nicolas","middle","gse148729","10.1093/bib/bbaa334"
"10.1038/s41467-021-24007-w","Heinemann, Nicolas","middle","gse148729","10.1007/s00018-021-04119-8"
"10.1038/s41467-021-24007-w","Heinemann, Nicolas","middle","gse148729","10.21203/rs.3.rs-1287631/v1"
"10.1038/s41467-021-24007-w","Heinemann, Nicolas","middle","gse148729","10.1371/journal.pone.0257965"
"10.1038/s41467-021-24007-w","Heinemann, Nicolas","middle","gse148729","10.1016/j.chom.2020.12.009"
"10.1038/s41467-021-24007-w","Heinemann, Nicolas","middle","gse148729","10.1101/2021.05.14.444026"
"10.1038/s41467-021-24007-w","Heinemann, Nicolas","middle","gse148729","10.1186/s12967-020-02695-0"
"10.1038/s41467-021-24007-w","Heinemann, Nicolas","middle","gse148729","10.1016/j.isci.2021.103331"
"10.1038/s41467-021-24007-w","Heinemann, Nicolas","middle","gse148729","10.1038/s41598-022-15898-w"
"10.1038/s41467-021-24007-w","Heinemann, Nicolas","middle","gse148729","10.2147/ijgm.s335162"
"10.1038/s41467-021-24007-w","Heinemann, Nicolas","middle","gse148729","10.3390/ijms231810451"
"10.1038/s41467-021-24007-w","Heinemann, Nicolas","middle","gse148729","10.3390/ijms22168663"
"10.1038/s41467-021-24007-w","Heinemann, Nicolas","middle","gse148729","10.1016/j.gene.2020.145325"
"10.1038/s41467-021-24007-w","Heinemann, Nicolas","middle","gse148729","10.1038/s41598-022-23950-y"
"10.1038/s41467-021-24007-w","Heinemann, Nicolas","middle","gse148729","10.7717/peerj.12370"
"10.1038/s41467-021-24007-w","Heinemann, Nicolas","middle","gse148729","10.1016/j.genrep.2022.101641"
"10.1038/s41467-021-24007-w","Heinemann, Nicolas","middle","gse148729","10.3389/fimmu.2021.695242"
"10.1038/s41467-021-24007-w","Heinemann, Nicolas","middle","gse148729","10.1038/s41467-021-25412-x"
"10.1038/s41467-021-24007-w","Heinemann, Nicolas","middle","gse148729","10.1101/2020.06.01.127589"
"10.1038/s41467-021-24007-w","Heinemann, Nicolas","middle","gse148729","10.1021/acsomega.2c05245"
"10.1038/s41467-021-24007-w","Heinemann, Nicolas","middle","gse148729","10.3389/fimmu.2021.656433"
"10.1038/s41467-021-24007-w","Heinemann, Nicolas","middle","gse148729","10.1093/nar/gkac234"
"10.1038/s41467-021-24007-w","Heinemann, Nicolas","middle","gse148729","10.1016/j.mlwa.2021.100150"
"10.1038/s41467-021-24007-w","Heinemann, Nicolas","middle","gse148729","10.1186/s12864-022-08558-w"
"10.1038/s41467-021-24007-w","Heinemann, Nicolas","middle","gse148729","10.3390/v14020374"
"10.1038/s41467-021-24007-w","Heinemann, Nicolas","middle","gse148729","10.1038/s41598-021-03613-0"
"10.1038/s41467-021-24007-w","Heinemann, Nicolas","middle","gse148729","10.1038/s41598-021-82221-4"
"10.1038/s41467-021-24007-w","Heinemann, Nicolas","middle","gse148729","10.1515/jib-2020-0047"
"10.1038/s41467-021-24007-w","Heinemann, Nicolas","middle","gse148729","10.1016/j.isci.2020.101526"
"10.1038/s41467-021-24007-w","Heinemann, Nicolas","middle","gse148729","10.1016/j.stem.2020.10.004"
"10.1038/s41467-021-24007-w","Heinemann, Nicolas","middle","gse148729","10.1128/msphere.00754-20"
"10.1038/s41467-021-24007-w","Heinemann, Nicolas","middle","gse148729","10.3390/pathogens11121479"
"10.1038/s41467-021-24007-w","Heinemann, Nicolas","middle","gse148729","10.3390/genes11111354"
"10.1038/s41467-021-24007-w","Heinemann, Nicolas","middle","gse148729","10.1038/s41431-022-01070-5"
"10.1038/s41467-021-24007-w","Heinemann, Nicolas","middle","gse148729","10.1038/s41392-022-00969-1"
"10.1038/s41467-021-24007-w","Heinemann, Nicolas","middle","gse148729","10.3389/fmicb.2023.1066493"
"10.1038/s41467-021-24007-w","Heinemann, Nicolas","middle","gse148729","10.3390/v13030402"
"10.1038/s41467-021-24007-w","Heinemann, Nicolas","middle","gse148729","10.1038/s42003-022-03663-8"
"10.1038/s41467-021-24007-w","Heinemann, Nicolas","middle","gse148729","10.3389/fimmu.2020.590870"
"10.1038/s41467-021-24007-w","Heinemann, Nicolas","middle","gse148729","10.1371/journal.pcbi.1010021"
"10.1038/s41467-021-24007-w","Heinemann, Nicolas","middle","gse148729","10.1093/bib/bbaa334"
"10.1038/s41467-021-24007-w","Heinemann, Nicolas","middle","gse148729","10.1007/s00018-021-04119-8"
"10.1038/s41467-021-24007-w","Heinemann, Nicolas","middle","gse148729","10.21203/rs.3.rs-1287631/v1"
"10.1038/s41467-021-24007-w","Heinemann, Nicolas","middle","gse148729","10.1371/journal.pone.0257965"
"10.1038/s41467-021-24007-w","Weege, Friderike","middle","gse148729","10.1016/j.chom.2020.12.009"
"10.1038/s41467-021-24007-w","Weege, Friderike","middle","gse148729","10.1101/2021.05.14.444026"
"10.1038/s41467-021-24007-w","Weege, Friderike","middle","gse148729","10.1186/s12967-020-02695-0"
"10.1038/s41467-021-24007-w","Weege, Friderike","middle","gse148729","10.1016/j.isci.2021.103331"
"10.1038/s41467-021-24007-w","Weege, Friderike","middle","gse148729","10.1038/s41598-022-15898-w"
"10.1038/s41467-021-24007-w","Weege, Friderike","middle","gse148729","10.2147/ijgm.s335162"
"10.1038/s41467-021-24007-w","Weege, Friderike","middle","gse148729","10.3390/ijms231810451"
"10.1038/s41467-021-24007-w","Weege, Friderike","middle","gse148729","10.3390/ijms22168663"
"10.1038/s41467-021-24007-w","Weege, Friderike","middle","gse148729","10.1016/j.gene.2020.145325"
"10.1038/s41467-021-24007-w","Weege, Friderike","middle","gse148729","10.1038/s41598-022-23950-y"
"10.1038/s41467-021-24007-w","Weege, Friderike","middle","gse148729","10.7717/peerj.12370"
"10.1038/s41467-021-24007-w","Weege, Friderike","middle","gse148729","10.1016/j.genrep.2022.101641"
"10.1038/s41467-021-24007-w","Weege, Friderike","middle","gse148729","10.3389/fimmu.2021.695242"
"10.1038/s41467-021-24007-w","Weege, Friderike","middle","gse148729","10.1038/s41467-021-25412-x"
"10.1038/s41467-021-24007-w","Weege, Friderike","middle","gse148729","10.1101/2020.06.01.127589"
"10.1038/s41467-021-24007-w","Weege, Friderike","middle","gse148729","10.1021/acsomega.2c05245"
"10.1038/s41467-021-24007-w","Weege, Friderike","middle","gse148729","10.3389/fimmu.2021.656433"
"10.1038/s41467-021-24007-w","Weege, Friderike","middle","gse148729","10.1093/nar/gkac234"
"10.1038/s41467-021-24007-w","Weege, Friderike","middle","gse148729","10.1016/j.mlwa.2021.100150"
"10.1038/s41467-021-24007-w","Weege, Friderike","middle","gse148729","10.1186/s12864-022-08558-w"
"10.1038/s41467-021-24007-w","Weege, Friderike","middle","gse148729","10.3390/v14020374"
"10.1038/s41467-021-24007-w","Weege, Friderike","middle","gse148729","10.1038/s41598-021-03613-0"
"10.1038/s41467-021-24007-w","Weege, Friderike","middle","gse148729","10.1038/s41598-021-82221-4"
"10.1038/s41467-021-24007-w","Weege, Friderike","middle","gse148729","10.1515/jib-2020-0047"
"10.1038/s41467-021-24007-w","Weege, Friderike","middle","gse148729","10.1016/j.isci.2020.101526"
"10.1038/s41467-021-24007-w","Weege, Friderike","middle","gse148729","10.1016/j.stem.2020.10.004"
"10.1038/s41467-021-24007-w","Weege, Friderike","middle","gse148729","10.1128/msphere.00754-20"
"10.1038/s41467-021-24007-w","Weege, Friderike","middle","gse148729","10.3390/pathogens11121479"
"10.1038/s41467-021-24007-w","Weege, Friderike","middle","gse148729","10.3390/genes11111354"
"10.1038/s41467-021-24007-w","Weege, Friderike","middle","gse148729","10.1038/s41431-022-01070-5"
"10.1038/s41467-021-24007-w","Weege, Friderike","middle","gse148729","10.1038/s41392-022-00969-1"
"10.1038/s41467-021-24007-w","Weege, Friderike","middle","gse148729","10.3389/fmicb.2023.1066493"
"10.1038/s41467-021-24007-w","Weege, Friderike","middle","gse148729","10.3390/v13030402"
"10.1038/s41467-021-24007-w","Weege, Friderike","middle","gse148729","10.1038/s42003-022-03663-8"
"10.1038/s41467-021-24007-w","Weege, Friderike","middle","gse148729","10.3389/fimmu.2020.590870"
"10.1038/s41467-021-24007-w","Weege, Friderike","middle","gse148729","10.1371/journal.pcbi.1010021"
"10.1038/s41467-021-24007-w","Weege, Friderike","middle","gse148729","10.1093/bib/bbaa334"
"10.1038/s41467-021-24007-w","Weege, Friderike","middle","gse148729","10.1007/s00018-021-04119-8"
"10.1038/s41467-021-24007-w","Weege, Friderike","middle","gse148729","10.21203/rs.3.rs-1287631/v1"
"10.1038/s41467-021-24007-w","Weege, Friderike","middle","gse148729","10.1371/journal.pone.0257965"
"10.1038/s41467-021-24007-w","Weege, Friderike","middle","gse148729","10.1016/j.chom.2020.12.009"
"10.1038/s41467-021-24007-w","Weege, Friderike","middle","gse148729","10.1101/2021.05.14.444026"
"10.1038/s41467-021-24007-w","Weege, Friderike","middle","gse148729","10.1186/s12967-020-02695-0"
"10.1038/s41467-021-24007-w","Weege, Friderike","middle","gse148729","10.1016/j.isci.2021.103331"
"10.1038/s41467-021-24007-w","Weege, Friderike","middle","gse148729","10.1038/s41598-022-15898-w"
"10.1038/s41467-021-24007-w","Weege, Friderike","middle","gse148729","10.2147/ijgm.s335162"
"10.1038/s41467-021-24007-w","Weege, Friderike","middle","gse148729","10.3390/ijms231810451"
"10.1038/s41467-021-24007-w","Weege, Friderike","middle","gse148729","10.3390/ijms22168663"
"10.1038/s41467-021-24007-w","Weege, Friderike","middle","gse148729","10.1016/j.gene.2020.145325"
"10.1038/s41467-021-24007-w","Weege, Friderike","middle","gse148729","10.1038/s41598-022-23950-y"
"10.1038/s41467-021-24007-w","Weege, Friderike","middle","gse148729","10.7717/peerj.12370"
"10.1038/s41467-021-24007-w","Weege, Friderike","middle","gse148729","10.1016/j.genrep.2022.101641"
"10.1038/s41467-021-24007-w","Weege, Friderike","middle","gse148729","10.3389/fimmu.2021.695242"
"10.1038/s41467-021-24007-w","Weege, Friderike","middle","gse148729","10.1038/s41467-021-25412-x"
"10.1038/s41467-021-24007-w","Weege, Friderike","middle","gse148729","10.1101/2020.06.01.127589"
"10.1038/s41467-021-24007-w","Weege, Friderike","middle","gse148729","10.1021/acsomega.2c05245"
"10.1038/s41467-021-24007-w","Weege, Friderike","middle","gse148729","10.3389/fimmu.2021.656433"
"10.1038/s41467-021-24007-w","Weege, Friderike","middle","gse148729","10.1093/nar/gkac234"
"10.1038/s41467-021-24007-w","Weege, Friderike","middle","gse148729","10.1016/j.mlwa.2021.100150"
"10.1038/s41467-021-24007-w","Weege, Friderike","middle","gse148729","10.1186/s12864-022-08558-w"
"10.1038/s41467-021-24007-w","Weege, Friderike","middle","gse148729","10.3390/v14020374"
"10.1038/s41467-021-24007-w","Weege, Friderike","middle","gse148729","10.1038/s41598-021-03613-0"
"10.1038/s41467-021-24007-w","Weege, Friderike","middle","gse148729","10.1038/s41598-021-82221-4"
"10.1038/s41467-021-24007-w","Weege, Friderike","middle","gse148729","10.1515/jib-2020-0047"
"10.1038/s41467-021-24007-w","Weege, Friderike","middle","gse148729","10.1016/j.isci.2020.101526"
"10.1038/s41467-021-24007-w","Weege, Friderike","middle","gse148729","10.1016/j.stem.2020.10.004"
"10.1038/s41467-021-24007-w","Weege, Friderike","middle","gse148729","10.1128/msphere.00754-20"
"10.1038/s41467-021-24007-w","Weege, Friderike","middle","gse148729","10.3390/pathogens11121479"
"10.1038/s41467-021-24007-w","Weege, Friderike","middle","gse148729","10.3390/genes11111354"
"10.1038/s41467-021-24007-w","Weege, Friderike","middle","gse148729","10.1038/s41431-022-01070-5"
"10.1038/s41467-021-24007-w","Weege, Friderike","middle","gse148729","10.1038/s41392-022-00969-1"
"10.1038/s41467-021-24007-w","Weege, Friderike","middle","gse148729","10.3389/fmicb.2023.1066493"
"10.1038/s41467-021-24007-w","Weege, Friderike","middle","gse148729","10.3390/v13030402"
"10.1038/s41467-021-24007-w","Weege, Friderike","middle","gse148729","10.1038/s42003-022-03663-8"
"10.1038/s41467-021-24007-w","Weege, Friderike","middle","gse148729","10.3389/fimmu.2020.590870"
"10.1038/s41467-021-24007-w","Weege, Friderike","middle","gse148729","10.1371/journal.pcbi.1010021"
"10.1038/s41467-021-24007-w","Weege, Friderike","middle","gse148729","10.1093/bib/bbaa334"
"10.1038/s41467-021-24007-w","Weege, Friderike","middle","gse148729","10.1007/s00018-021-04119-8"
"10.1038/s41467-021-24007-w","Weege, Friderike","middle","gse148729","10.21203/rs.3.rs-1287631/v1"
"10.1038/s41467-021-24007-w","Weege, Friderike","middle","gse148729","10.1371/journal.pone.0257965"
"10.1038/s41467-021-24007-w","Hönzke, Katja","middle","gse148729","10.1016/j.chom.2020.12.009"
"10.1038/s41467-021-24007-w","Hönzke, Katja","middle","gse148729","10.1101/2021.05.14.444026"
"10.1038/s41467-021-24007-w","Hönzke, Katja","middle","gse148729","10.1186/s12967-020-02695-0"
"10.1038/s41467-021-24007-w","Hönzke, Katja","middle","gse148729","10.1016/j.isci.2021.103331"
"10.1038/s41467-021-24007-w","Hönzke, Katja","middle","gse148729","10.1038/s41598-022-15898-w"
"10.1038/s41467-021-24007-w","Hönzke, Katja","middle","gse148729","10.2147/ijgm.s335162"
"10.1038/s41467-021-24007-w","Hönzke, Katja","middle","gse148729","10.3390/ijms231810451"
"10.1038/s41467-021-24007-w","Hönzke, Katja","middle","gse148729","10.3390/ijms22168663"
"10.1038/s41467-021-24007-w","Hönzke, Katja","middle","gse148729","10.1016/j.gene.2020.145325"
"10.1038/s41467-021-24007-w","Hönzke, Katja","middle","gse148729","10.1038/s41598-022-23950-y"
"10.1038/s41467-021-24007-w","Hönzke, Katja","middle","gse148729","10.7717/peerj.12370"
"10.1038/s41467-021-24007-w","Hönzke, Katja","middle","gse148729","10.1016/j.genrep.2022.101641"
"10.1038/s41467-021-24007-w","Hönzke, Katja","middle","gse148729","10.3389/fimmu.2021.695242"
"10.1038/s41467-021-24007-w","Hönzke, Katja","middle","gse148729","10.1038/s41467-021-25412-x"
"10.1038/s41467-021-24007-w","Hönzke, Katja","middle","gse148729","10.1101/2020.06.01.127589"
"10.1038/s41467-021-24007-w","Hönzke, Katja","middle","gse148729","10.1021/acsomega.2c05245"
"10.1038/s41467-021-24007-w","Hönzke, Katja","middle","gse148729","10.3389/fimmu.2021.656433"
"10.1038/s41467-021-24007-w","Hönzke, Katja","middle","gse148729","10.1093/nar/gkac234"
"10.1038/s41467-021-24007-w","Hönzke, Katja","middle","gse148729","10.1016/j.mlwa.2021.100150"
"10.1038/s41467-021-24007-w","Hönzke, Katja","middle","gse148729","10.1186/s12864-022-08558-w"
"10.1038/s41467-021-24007-w","Hönzke, Katja","middle","gse148729","10.3390/v14020374"
"10.1038/s41467-021-24007-w","Hönzke, Katja","middle","gse148729","10.1038/s41598-021-03613-0"
"10.1038/s41467-021-24007-w","Hönzke, Katja","middle","gse148729","10.1038/s41598-021-82221-4"
"10.1038/s41467-021-24007-w","Hönzke, Katja","middle","gse148729","10.1515/jib-2020-0047"
"10.1038/s41467-021-24007-w","Hönzke, Katja","middle","gse148729","10.1016/j.isci.2020.101526"
"10.1038/s41467-021-24007-w","Hönzke, Katja","middle","gse148729","10.1016/j.stem.2020.10.004"
"10.1038/s41467-021-24007-w","Hönzke, Katja","middle","gse148729","10.1128/msphere.00754-20"
"10.1038/s41467-021-24007-w","Hönzke, Katja","middle","gse148729","10.3390/pathogens11121479"
"10.1038/s41467-021-24007-w","Hönzke, Katja","middle","gse148729","10.3390/genes11111354"
"10.1038/s41467-021-24007-w","Hönzke, Katja","middle","gse148729","10.1038/s41431-022-01070-5"
"10.1038/s41467-021-24007-w","Hönzke, Katja","middle","gse148729","10.1038/s41392-022-00969-1"
"10.1038/s41467-021-24007-w","Hönzke, Katja","middle","gse148729","10.3389/fmicb.2023.1066493"
"10.1038/s41467-021-24007-w","Hönzke, Katja","middle","gse148729","10.3390/v13030402"
"10.1038/s41467-021-24007-w","Hönzke, Katja","middle","gse148729","10.1038/s42003-022-03663-8"
"10.1038/s41467-021-24007-w","Hönzke, Katja","middle","gse148729","10.3389/fimmu.2020.590870"
"10.1038/s41467-021-24007-w","Hönzke, Katja","middle","gse148729","10.1371/journal.pcbi.1010021"
"10.1038/s41467-021-24007-w","Hönzke, Katja","middle","gse148729","10.1093/bib/bbaa334"
"10.1038/s41467-021-24007-w","Hönzke, Katja","middle","gse148729","10.1007/s00018-021-04119-8"
"10.1038/s41467-021-24007-w","Hönzke, Katja","middle","gse148729","10.21203/rs.3.rs-1287631/v1"
"10.1038/s41467-021-24007-w","Hönzke, Katja","middle","gse148729","10.1371/journal.pone.0257965"
"10.1038/s41467-021-24007-w","Aschman, Tom","middle","gse148729","10.1016/j.chom.2020.12.009"
"10.1038/s41467-021-24007-w","Aschman, Tom","middle","gse148729","10.1101/2021.05.14.444026"
"10.1038/s41467-021-24007-w","Aschman, Tom","middle","gse148729","10.1186/s12967-020-02695-0"
"10.1038/s41467-021-24007-w","Aschman, Tom","middle","gse148729","10.1016/j.isci.2021.103331"
"10.1038/s41467-021-24007-w","Aschman, Tom","middle","gse148729","10.1038/s41598-022-15898-w"
"10.1038/s41467-021-24007-w","Aschman, Tom","middle","gse148729","10.2147/ijgm.s335162"
"10.1038/s41467-021-24007-w","Aschman, Tom","middle","gse148729","10.3390/ijms231810451"
"10.1038/s41467-021-24007-w","Aschman, Tom","middle","gse148729","10.3390/ijms22168663"
"10.1038/s41467-021-24007-w","Aschman, Tom","middle","gse148729","10.1016/j.gene.2020.145325"
"10.1038/s41467-021-24007-w","Aschman, Tom","middle","gse148729","10.1038/s41598-022-23950-y"
"10.1038/s41467-021-24007-w","Aschman, Tom","middle","gse148729","10.7717/peerj.12370"
"10.1038/s41467-021-24007-w","Aschman, Tom","middle","gse148729","10.1016/j.genrep.2022.101641"
"10.1038/s41467-021-24007-w","Aschman, Tom","middle","gse148729","10.3389/fimmu.2021.695242"
"10.1038/s41467-021-24007-w","Aschman, Tom","middle","gse148729","10.1038/s41467-021-25412-x"
"10.1038/s41467-021-24007-w","Aschman, Tom","middle","gse148729","10.1101/2020.06.01.127589"
"10.1038/s41467-021-24007-w","Aschman, Tom","middle","gse148729","10.1021/acsomega.2c05245"
"10.1038/s41467-021-24007-w","Aschman, Tom","middle","gse148729","10.3389/fimmu.2021.656433"
"10.1038/s41467-021-24007-w","Aschman, Tom","middle","gse148729","10.1093/nar/gkac234"
"10.1038/s41467-021-24007-w","Aschman, Tom","middle","gse148729","10.1016/j.mlwa.2021.100150"
"10.1038/s41467-021-24007-w","Aschman, Tom","middle","gse148729","10.1186/s12864-022-08558-w"
"10.1038/s41467-021-24007-w","Aschman, Tom","middle","gse148729","10.3390/v14020374"
"10.1038/s41467-021-24007-w","Aschman, Tom","middle","gse148729","10.1038/s41598-021-03613-0"
"10.1038/s41467-021-24007-w","Aschman, Tom","middle","gse148729","10.1038/s41598-021-82221-4"
"10.1038/s41467-021-24007-w","Aschman, Tom","middle","gse148729","10.1515/jib-2020-0047"
"10.1038/s41467-021-24007-w","Aschman, Tom","middle","gse148729","10.1016/j.isci.2020.101526"
"10.1038/s41467-021-24007-w","Aschman, Tom","middle","gse148729","10.1016/j.stem.2020.10.004"
"10.1038/s41467-021-24007-w","Aschman, Tom","middle","gse148729","10.1128/msphere.00754-20"
"10.1038/s41467-021-24007-w","Aschman, Tom","middle","gse148729","10.3390/pathogens11121479"
"10.1038/s41467-021-24007-w","Aschman, Tom","middle","gse148729","10.3390/genes11111354"
"10.1038/s41467-021-24007-w","Aschman, Tom","middle","gse148729","10.1038/s41431-022-01070-5"
"10.1038/s41467-021-24007-w","Aschman, Tom","middle","gse148729","10.1038/s41392-022-00969-1"
"10.1038/s41467-021-24007-w","Aschman, Tom","middle","gse148729","10.3389/fmicb.2023.1066493"
"10.1038/s41467-021-24007-w","Aschman, Tom","middle","gse148729","10.3390/v13030402"
"10.1038/s41467-021-24007-w","Aschman, Tom","middle","gse148729","10.1038/s42003-022-03663-8"
"10.1038/s41467-021-24007-w","Aschman, Tom","middle","gse148729","10.3389/fimmu.2020.590870"
"10.1038/s41467-021-24007-w","Aschman, Tom","middle","gse148729","10.1371/journal.pcbi.1010021"
"10.1038/s41467-021-24007-w","Aschman, Tom","middle","gse148729","10.1093/bib/bbaa334"
"10.1038/s41467-021-24007-w","Aschman, Tom","middle","gse148729","10.1007/s00018-021-04119-8"
"10.1038/s41467-021-24007-w","Aschman, Tom","middle","gse148729","10.21203/rs.3.rs-1287631/v1"
"10.1038/s41467-021-24007-w","Aschman, Tom","middle","gse148729","10.1371/journal.pone.0257965"
"10.1038/s41467-021-24007-w","Schroeder, Simon","middle","gse148729","10.1016/j.chom.2020.12.009"
"10.1038/s41467-021-24007-w","Schroeder, Simon","middle","gse148729","10.1101/2021.05.14.444026"
"10.1038/s41467-021-24007-w","Schroeder, Simon","middle","gse148729","10.1186/s12967-020-02695-0"
"10.1038/s41467-021-24007-w","Schroeder, Simon","middle","gse148729","10.1016/j.isci.2021.103331"
"10.1038/s41467-021-24007-w","Schroeder, Simon","middle","gse148729","10.1038/s41598-022-15898-w"
"10.1038/s41467-021-24007-w","Schroeder, Simon","middle","gse148729","10.2147/ijgm.s335162"
"10.1038/s41467-021-24007-w","Schroeder, Simon","middle","gse148729","10.3390/ijms231810451"
"10.1038/s41467-021-24007-w","Schroeder, Simon","middle","gse148729","10.3390/ijms22168663"
"10.1038/s41467-021-24007-w","Schroeder, Simon","middle","gse148729","10.1016/j.gene.2020.145325"
"10.1038/s41467-021-24007-w","Schroeder, Simon","middle","gse148729","10.1038/s41598-022-23950-y"
"10.1038/s41467-021-24007-w","Schroeder, Simon","middle","gse148729","10.7717/peerj.12370"
"10.1038/s41467-021-24007-w","Schroeder, Simon","middle","gse148729","10.1016/j.genrep.2022.101641"
"10.1038/s41467-021-24007-w","Schroeder, Simon","middle","gse148729","10.3389/fimmu.2021.695242"
"10.1038/s41467-021-24007-w","Schroeder, Simon","middle","gse148729","10.1038/s41467-021-25412-x"
"10.1038/s41467-021-24007-w","Schroeder, Simon","middle","gse148729","10.1101/2020.06.01.127589"
"10.1038/s41467-021-24007-w","Schroeder, Simon","middle","gse148729","10.1021/acsomega.2c05245"
"10.1038/s41467-021-24007-w","Schroeder, Simon","middle","gse148729","10.3389/fimmu.2021.656433"
"10.1038/s41467-021-24007-w","Schroeder, Simon","middle","gse148729","10.1093/nar/gkac234"
"10.1038/s41467-021-24007-w","Schroeder, Simon","middle","gse148729","10.1016/j.mlwa.2021.100150"
"10.1038/s41467-021-24007-w","Schroeder, Simon","middle","gse148729","10.1186/s12864-022-08558-w"
"10.1038/s41467-021-24007-w","Schroeder, Simon","middle","gse148729","10.3390/v14020374"
"10.1038/s41467-021-24007-w","Schroeder, Simon","middle","gse148729","10.1038/s41598-021-03613-0"
"10.1038/s41467-021-24007-w","Schroeder, Simon","middle","gse148729","10.1038/s41598-021-82221-4"
"10.1038/s41467-021-24007-w","Schroeder, Simon","middle","gse148729","10.1515/jib-2020-0047"
"10.1038/s41467-021-24007-w","Schroeder, Simon","middle","gse148729","10.1016/j.isci.2020.101526"
"10.1038/s41467-021-24007-w","Schroeder, Simon","middle","gse148729","10.1016/j.stem.2020.10.004"
"10.1038/s41467-021-24007-w","Schroeder, Simon","middle","gse148729","10.1128/msphere.00754-20"
"10.1038/s41467-021-24007-w","Schroeder, Simon","middle","gse148729","10.3390/pathogens11121479"
"10.1038/s41467-021-24007-w","Schroeder, Simon","middle","gse148729","10.3390/genes11111354"
"10.1038/s41467-021-24007-w","Schroeder, Simon","middle","gse148729","10.1038/s41431-022-01070-5"
"10.1038/s41467-021-24007-w","Schroeder, Simon","middle","gse148729","10.1038/s41392-022-00969-1"
"10.1038/s41467-021-24007-w","Schroeder, Simon","middle","gse148729","10.3389/fmicb.2023.1066493"
"10.1038/s41467-021-24007-w","Schroeder, Simon","middle","gse148729","10.3390/v13030402"
"10.1038/s41467-021-24007-w","Schroeder, Simon","middle","gse148729","10.1038/s42003-022-03663-8"
"10.1038/s41467-021-24007-w","Schroeder, Simon","middle","gse148729","10.3389/fimmu.2020.590870"
"10.1038/s41467-021-24007-w","Schroeder, Simon","middle","gse148729","10.1371/journal.pcbi.1010021"
"10.1038/s41467-021-24007-w","Schroeder, Simon","middle","gse148729","10.1093/bib/bbaa334"
"10.1038/s41467-021-24007-w","Schroeder, Simon","middle","gse148729","10.1007/s00018-021-04119-8"
"10.1038/s41467-021-24007-w","Schroeder, Simon","middle","gse148729","10.21203/rs.3.rs-1287631/v1"
"10.1038/s41467-021-24007-w","Schroeder, Simon","middle","gse148729","10.1371/journal.pone.0257965"
"10.1038/s41467-021-24007-w","Schroeder, Simon","middle","gse148729","10.1016/j.chom.2020.12.009"
"10.1038/s41467-021-24007-w","Schroeder, Simon","middle","gse148729","10.1101/2021.05.14.444026"
"10.1038/s41467-021-24007-w","Schroeder, Simon","middle","gse148729","10.1186/s12967-020-02695-0"
"10.1038/s41467-021-24007-w","Schroeder, Simon","middle","gse148729","10.1016/j.isci.2021.103331"
"10.1038/s41467-021-24007-w","Schroeder, Simon","middle","gse148729","10.1038/s41598-022-15898-w"
"10.1038/s41467-021-24007-w","Schroeder, Simon","middle","gse148729","10.2147/ijgm.s335162"
"10.1038/s41467-021-24007-w","Schroeder, Simon","middle","gse148729","10.3390/ijms231810451"
"10.1038/s41467-021-24007-w","Schroeder, Simon","middle","gse148729","10.3390/ijms22168663"
"10.1038/s41467-021-24007-w","Schroeder, Simon","middle","gse148729","10.1016/j.gene.2020.145325"
"10.1038/s41467-021-24007-w","Schroeder, Simon","middle","gse148729","10.1038/s41598-022-23950-y"
"10.1038/s41467-021-24007-w","Schroeder, Simon","middle","gse148729","10.7717/peerj.12370"
"10.1038/s41467-021-24007-w","Schroeder, Simon","middle","gse148729","10.1016/j.genrep.2022.101641"
"10.1038/s41467-021-24007-w","Schroeder, Simon","middle","gse148729","10.3389/fimmu.2021.695242"
"10.1038/s41467-021-24007-w","Schroeder, Simon","middle","gse148729","10.1038/s41467-021-25412-x"
"10.1038/s41467-021-24007-w","Schroeder, Simon","middle","gse148729","10.1101/2020.06.01.127589"
"10.1038/s41467-021-24007-w","Schroeder, Simon","middle","gse148729","10.1021/acsomega.2c05245"
"10.1038/s41467-021-24007-w","Schroeder, Simon","middle","gse148729","10.3389/fimmu.2021.656433"
"10.1038/s41467-021-24007-w","Schroeder, Simon","middle","gse148729","10.1093/nar/gkac234"
"10.1038/s41467-021-24007-w","Schroeder, Simon","middle","gse148729","10.1016/j.mlwa.2021.100150"
"10.1038/s41467-021-24007-w","Schroeder, Simon","middle","gse148729","10.1186/s12864-022-08558-w"
"10.1038/s41467-021-24007-w","Schroeder, Simon","middle","gse148729","10.3390/v14020374"
"10.1038/s41467-021-24007-w","Schroeder, Simon","middle","gse148729","10.1038/s41598-021-03613-0"
"10.1038/s41467-021-24007-w","Schroeder, Simon","middle","gse148729","10.1038/s41598-021-82221-4"
"10.1038/s41467-021-24007-w","Schroeder, Simon","middle","gse148729","10.1515/jib-2020-0047"
"10.1038/s41467-021-24007-w","Schroeder, Simon","middle","gse148729","10.1016/j.isci.2020.101526"
"10.1038/s41467-021-24007-w","Schroeder, Simon","middle","gse148729","10.1016/j.stem.2020.10.004"
"10.1038/s41467-021-24007-w","Schroeder, Simon","middle","gse148729","10.1128/msphere.00754-20"
"10.1038/s41467-021-24007-w","Schroeder, Simon","middle","gse148729","10.3390/pathogens11121479"
"10.1038/s41467-021-24007-w","Schroeder, Simon","middle","gse148729","10.3390/genes11111354"
"10.1038/s41467-021-24007-w","Schroeder, Simon","middle","gse148729","10.1038/s41431-022-01070-5"
"10.1038/s41467-021-24007-w","Schroeder, Simon","middle","gse148729","10.1038/s41392-022-00969-1"
"10.1038/s41467-021-24007-w","Schroeder, Simon","middle","gse148729","10.3389/fmicb.2023.1066493"
"10.1038/s41467-021-24007-w","Schroeder, Simon","middle","gse148729","10.3390/v13030402"
"10.1038/s41467-021-24007-w","Schroeder, Simon","middle","gse148729","10.1038/s42003-022-03663-8"
"10.1038/s41467-021-24007-w","Schroeder, Simon","middle","gse148729","10.3389/fimmu.2020.590870"
"10.1038/s41467-021-24007-w","Schroeder, Simon","middle","gse148729","10.1371/journal.pcbi.1010021"
"10.1038/s41467-021-24007-w","Schroeder, Simon","middle","gse148729","10.1093/bib/bbaa334"
"10.1038/s41467-021-24007-w","Schroeder, Simon","middle","gse148729","10.1007/s00018-021-04119-8"
"10.1038/s41467-021-24007-w","Schroeder, Simon","middle","gse148729","10.21203/rs.3.rs-1287631/v1"
"10.1038/s41467-021-24007-w","Schroeder, Simon","middle","gse148729","10.1371/journal.pone.0257965"
"10.1038/s41467-021-24007-w","Richter, Anja","middle","gse148729","10.1016/j.chom.2020.12.009"
"10.1038/s41467-021-24007-w","Richter, Anja","middle","gse148729","10.1101/2021.05.14.444026"
"10.1038/s41467-021-24007-w","Richter, Anja","middle","gse148729","10.1186/s12967-020-02695-0"
"10.1038/s41467-021-24007-w","Richter, Anja","middle","gse148729","10.1016/j.isci.2021.103331"
"10.1038/s41467-021-24007-w","Richter, Anja","middle","gse148729","10.1038/s41598-022-15898-w"
"10.1038/s41467-021-24007-w","Richter, Anja","middle","gse148729","10.2147/ijgm.s335162"
"10.1038/s41467-021-24007-w","Richter, Anja","middle","gse148729","10.3390/ijms231810451"
"10.1038/s41467-021-24007-w","Richter, Anja","middle","gse148729","10.3390/ijms22168663"
"10.1038/s41467-021-24007-w","Richter, Anja","middle","gse148729","10.1016/j.gene.2020.145325"
"10.1038/s41467-021-24007-w","Richter, Anja","middle","gse148729","10.1038/s41598-022-23950-y"
"10.1038/s41467-021-24007-w","Richter, Anja","middle","gse148729","10.7717/peerj.12370"
"10.1038/s41467-021-24007-w","Richter, Anja","middle","gse148729","10.1016/j.genrep.2022.101641"
"10.1038/s41467-021-24007-w","Richter, Anja","middle","gse148729","10.3389/fimmu.2021.695242"
"10.1038/s41467-021-24007-w","Richter, Anja","middle","gse148729","10.1038/s41467-021-25412-x"
"10.1038/s41467-021-24007-w","Richter, Anja","middle","gse148729","10.1101/2020.06.01.127589"
"10.1038/s41467-021-24007-w","Richter, Anja","middle","gse148729","10.1021/acsomega.2c05245"
"10.1038/s41467-021-24007-w","Richter, Anja","middle","gse148729","10.3389/fimmu.2021.656433"
"10.1038/s41467-021-24007-w","Richter, Anja","middle","gse148729","10.1093/nar/gkac234"
"10.1038/s41467-021-24007-w","Richter, Anja","middle","gse148729","10.1016/j.mlwa.2021.100150"
"10.1038/s41467-021-24007-w","Richter, Anja","middle","gse148729","10.1186/s12864-022-08558-w"
"10.1038/s41467-021-24007-w","Richter, Anja","middle","gse148729","10.3390/v14020374"
"10.1038/s41467-021-24007-w","Richter, Anja","middle","gse148729","10.1038/s41598-021-03613-0"
"10.1038/s41467-021-24007-w","Richter, Anja","middle","gse148729","10.1038/s41598-021-82221-4"
"10.1038/s41467-021-24007-w","Richter, Anja","middle","gse148729","10.1515/jib-2020-0047"
"10.1038/s41467-021-24007-w","Richter, Anja","middle","gse148729","10.1016/j.isci.2020.101526"
"10.1038/s41467-021-24007-w","Richter, Anja","middle","gse148729","10.1016/j.stem.2020.10.004"
"10.1038/s41467-021-24007-w","Richter, Anja","middle","gse148729","10.1128/msphere.00754-20"
"10.1038/s41467-021-24007-w","Richter, Anja","middle","gse148729","10.3390/pathogens11121479"
"10.1038/s41467-021-24007-w","Richter, Anja","middle","gse148729","10.3390/genes11111354"
"10.1038/s41467-021-24007-w","Richter, Anja","middle","gse148729","10.1038/s41431-022-01070-5"
"10.1038/s41467-021-24007-w","Richter, Anja","middle","gse148729","10.1038/s41392-022-00969-1"
"10.1038/s41467-021-24007-w","Richter, Anja","middle","gse148729","10.3389/fmicb.2023.1066493"
"10.1038/s41467-021-24007-w","Richter, Anja","middle","gse148729","10.3390/v13030402"
"10.1038/s41467-021-24007-w","Richter, Anja","middle","gse148729","10.1038/s42003-022-03663-8"
"10.1038/s41467-021-24007-w","Richter, Anja","middle","gse148729","10.3389/fimmu.2020.590870"
"10.1038/s41467-021-24007-w","Richter, Anja","middle","gse148729","10.1371/journal.pcbi.1010021"
"10.1038/s41467-021-24007-w","Richter, Anja","middle","gse148729","10.1093/bib/bbaa334"
"10.1038/s41467-021-24007-w","Richter, Anja","middle","gse148729","10.1007/s00018-021-04119-8"
"10.1038/s41467-021-24007-w","Richter, Anja","middle","gse148729","10.21203/rs.3.rs-1287631/v1"
"10.1038/s41467-021-24007-w","Richter, Anja","middle","gse148729","10.1371/journal.pone.0257965"
"10.1038/s41467-021-24007-w","Richter, Anja","middle","gse148729","10.1016/j.chom.2020.12.009"
"10.1038/s41467-021-24007-w","Richter, Anja","middle","gse148729","10.1101/2021.05.14.444026"
"10.1038/s41467-021-24007-w","Richter, Anja","middle","gse148729","10.1186/s12967-020-02695-0"
"10.1038/s41467-021-24007-w","Richter, Anja","middle","gse148729","10.1016/j.isci.2021.103331"
"10.1038/s41467-021-24007-w","Richter, Anja","middle","gse148729","10.1038/s41598-022-15898-w"
"10.1038/s41467-021-24007-w","Richter, Anja","middle","gse148729","10.2147/ijgm.s335162"
"10.1038/s41467-021-24007-w","Richter, Anja","middle","gse148729","10.3390/ijms231810451"
"10.1038/s41467-021-24007-w","Richter, Anja","middle","gse148729","10.3390/ijms22168663"
"10.1038/s41467-021-24007-w","Richter, Anja","middle","gse148729","10.1016/j.gene.2020.145325"
"10.1038/s41467-021-24007-w","Richter, Anja","middle","gse148729","10.1038/s41598-022-23950-y"
"10.1038/s41467-021-24007-w","Richter, Anja","middle","gse148729","10.7717/peerj.12370"
"10.1038/s41467-021-24007-w","Richter, Anja","middle","gse148729","10.1016/j.genrep.2022.101641"
"10.1038/s41467-021-24007-w","Richter, Anja","middle","gse148729","10.3389/fimmu.2021.695242"
"10.1038/s41467-021-24007-w","Richter, Anja","middle","gse148729","10.1038/s41467-021-25412-x"
"10.1038/s41467-021-24007-w","Richter, Anja","middle","gse148729","10.1101/2020.06.01.127589"
"10.1038/s41467-021-24007-w","Richter, Anja","middle","gse148729","10.1021/acsomega.2c05245"
"10.1038/s41467-021-24007-w","Richter, Anja","middle","gse148729","10.3389/fimmu.2021.656433"
"10.1038/s41467-021-24007-w","Richter, Anja","middle","gse148729","10.1093/nar/gkac234"
"10.1038/s41467-021-24007-w","Richter, Anja","middle","gse148729","10.1016/j.mlwa.2021.100150"
"10.1038/s41467-021-24007-w","Richter, Anja","middle","gse148729","10.1186/s12864-022-08558-w"
"10.1038/s41467-021-24007-w","Richter, Anja","middle","gse148729","10.3390/v14020374"
"10.1038/s41467-021-24007-w","Richter, Anja","middle","gse148729","10.1038/s41598-021-03613-0"
"10.1038/s41467-021-24007-w","Richter, Anja","middle","gse148729","10.1038/s41598-021-82221-4"
"10.1038/s41467-021-24007-w","Richter, Anja","middle","gse148729","10.1515/jib-2020-0047"
"10.1038/s41467-021-24007-w","Richter, Anja","middle","gse148729","10.1016/j.isci.2020.101526"
"10.1038/s41467-021-24007-w","Richter, Anja","middle","gse148729","10.1016/j.stem.2020.10.004"
"10.1038/s41467-021-24007-w","Richter, Anja","middle","gse148729","10.1128/msphere.00754-20"
"10.1038/s41467-021-24007-w","Richter, Anja","middle","gse148729","10.3390/pathogens11121479"
"10.1038/s41467-021-24007-w","Richter, Anja","middle","gse148729","10.3390/genes11111354"
"10.1038/s41467-021-24007-w","Richter, Anja","middle","gse148729","10.1038/s41431-022-01070-5"
"10.1038/s41467-021-24007-w","Richter, Anja","middle","gse148729","10.1038/s41392-022-00969-1"
"10.1038/s41467-021-24007-w","Richter, Anja","middle","gse148729","10.3389/fmicb.2023.1066493"
"10.1038/s41467-021-24007-w","Richter, Anja","middle","gse148729","10.3390/v13030402"
"10.1038/s41467-021-24007-w","Richter, Anja","middle","gse148729","10.1038/s42003-022-03663-8"
"10.1038/s41467-021-24007-w","Richter, Anja","middle","gse148729","10.3389/fimmu.2020.590870"
"10.1038/s41467-021-24007-w","Richter, Anja","middle","gse148729","10.1371/journal.pcbi.1010021"
"10.1038/s41467-021-24007-w","Richter, Anja","middle","gse148729","10.1093/bib/bbaa334"
"10.1038/s41467-021-24007-w","Richter, Anja","middle","gse148729","10.1007/s00018-021-04119-8"
"10.1038/s41467-021-24007-w","Richter, Anja","middle","gse148729","10.21203/rs.3.rs-1287631/v1"
"10.1038/s41467-021-24007-w","Richter, Anja","middle","gse148729","10.1371/journal.pone.0257965"
"10.1038/s41467-021-24007-w","Niemeyer, Daniela","middle","gse148729","10.1016/j.chom.2020.12.009"
"10.1038/s41467-021-24007-w","Niemeyer, Daniela","middle","gse148729","10.1101/2021.05.14.444026"
"10.1038/s41467-021-24007-w","Niemeyer, Daniela","middle","gse148729","10.1186/s12967-020-02695-0"
"10.1038/s41467-021-24007-w","Niemeyer, Daniela","middle","gse148729","10.1016/j.isci.2021.103331"
"10.1038/s41467-021-24007-w","Niemeyer, Daniela","middle","gse148729","10.1038/s41598-022-15898-w"
"10.1038/s41467-021-24007-w","Niemeyer, Daniela","middle","gse148729","10.2147/ijgm.s335162"
"10.1038/s41467-021-24007-w","Niemeyer, Daniela","middle","gse148729","10.3390/ijms231810451"
"10.1038/s41467-021-24007-w","Niemeyer, Daniela","middle","gse148729","10.3390/ijms22168663"
"10.1038/s41467-021-24007-w","Niemeyer, Daniela","middle","gse148729","10.1016/j.gene.2020.145325"
"10.1038/s41467-021-24007-w","Niemeyer, Daniela","middle","gse148729","10.1038/s41598-022-23950-y"
"10.1038/s41467-021-24007-w","Niemeyer, Daniela","middle","gse148729","10.7717/peerj.12370"
"10.1038/s41467-021-24007-w","Niemeyer, Daniela","middle","gse148729","10.1016/j.genrep.2022.101641"
"10.1038/s41467-021-24007-w","Niemeyer, Daniela","middle","gse148729","10.3389/fimmu.2021.695242"
"10.1038/s41467-021-24007-w","Niemeyer, Daniela","middle","gse148729","10.1038/s41467-021-25412-x"
"10.1038/s41467-021-24007-w","Niemeyer, Daniela","middle","gse148729","10.1101/2020.06.01.127589"
"10.1038/s41467-021-24007-w","Niemeyer, Daniela","middle","gse148729","10.1021/acsomega.2c05245"
"10.1038/s41467-021-24007-w","Niemeyer, Daniela","middle","gse148729","10.3389/fimmu.2021.656433"
"10.1038/s41467-021-24007-w","Niemeyer, Daniela","middle","gse148729","10.1093/nar/gkac234"
"10.1038/s41467-021-24007-w","Niemeyer, Daniela","middle","gse148729","10.1016/j.mlwa.2021.100150"
"10.1038/s41467-021-24007-w","Niemeyer, Daniela","middle","gse148729","10.1186/s12864-022-08558-w"
"10.1038/s41467-021-24007-w","Niemeyer, Daniela","middle","gse148729","10.3390/v14020374"
"10.1038/s41467-021-24007-w","Niemeyer, Daniela","middle","gse148729","10.1038/s41598-021-03613-0"
"10.1038/s41467-021-24007-w","Niemeyer, Daniela","middle","gse148729","10.1038/s41598-021-82221-4"
"10.1038/s41467-021-24007-w","Niemeyer, Daniela","middle","gse148729","10.1515/jib-2020-0047"
"10.1038/s41467-021-24007-w","Niemeyer, Daniela","middle","gse148729","10.1016/j.isci.2020.101526"
"10.1038/s41467-021-24007-w","Niemeyer, Daniela","middle","gse148729","10.1016/j.stem.2020.10.004"
"10.1038/s41467-021-24007-w","Niemeyer, Daniela","middle","gse148729","10.1128/msphere.00754-20"
"10.1038/s41467-021-24007-w","Niemeyer, Daniela","middle","gse148729","10.3390/pathogens11121479"
"10.1038/s41467-021-24007-w","Niemeyer, Daniela","middle","gse148729","10.3390/genes11111354"
"10.1038/s41467-021-24007-w","Niemeyer, Daniela","middle","gse148729","10.1038/s41431-022-01070-5"
"10.1038/s41467-021-24007-w","Niemeyer, Daniela","middle","gse148729","10.1038/s41392-022-00969-1"
"10.1038/s41467-021-24007-w","Niemeyer, Daniela","middle","gse148729","10.3389/fmicb.2023.1066493"
"10.1038/s41467-021-24007-w","Niemeyer, Daniela","middle","gse148729","10.3390/v13030402"
"10.1038/s41467-021-24007-w","Niemeyer, Daniela","middle","gse148729","10.1038/s42003-022-03663-8"
"10.1038/s41467-021-24007-w","Niemeyer, Daniela","middle","gse148729","10.3389/fimmu.2020.590870"
"10.1038/s41467-021-24007-w","Niemeyer, Daniela","middle","gse148729","10.1371/journal.pcbi.1010021"
"10.1038/s41467-021-24007-w","Niemeyer, Daniela","middle","gse148729","10.1093/bib/bbaa334"
"10.1038/s41467-021-24007-w","Niemeyer, Daniela","middle","gse148729","10.1007/s00018-021-04119-8"
"10.1038/s41467-021-24007-w","Niemeyer, Daniela","middle","gse148729","10.21203/rs.3.rs-1287631/v1"
"10.1038/s41467-021-24007-w","Niemeyer, Daniela","middle","gse148729","10.1371/journal.pone.0257965"
"10.1038/s41467-021-24007-w","Niemeyer, Daniela","middle","gse148729","10.1016/j.chom.2020.12.009"
"10.1038/s41467-021-24007-w","Niemeyer, Daniela","middle","gse148729","10.1101/2021.05.14.444026"
"10.1038/s41467-021-24007-w","Niemeyer, Daniela","middle","gse148729","10.1186/s12967-020-02695-0"
"10.1038/s41467-021-24007-w","Niemeyer, Daniela","middle","gse148729","10.1016/j.isci.2021.103331"
"10.1038/s41467-021-24007-w","Niemeyer, Daniela","middle","gse148729","10.1038/s41598-022-15898-w"
"10.1038/s41467-021-24007-w","Niemeyer, Daniela","middle","gse148729","10.2147/ijgm.s335162"
"10.1038/s41467-021-24007-w","Niemeyer, Daniela","middle","gse148729","10.3390/ijms231810451"
"10.1038/s41467-021-24007-w","Niemeyer, Daniela","middle","gse148729","10.3390/ijms22168663"
"10.1038/s41467-021-24007-w","Niemeyer, Daniela","middle","gse148729","10.1016/j.gene.2020.145325"
"10.1038/s41467-021-24007-w","Niemeyer, Daniela","middle","gse148729","10.1038/s41598-022-23950-y"
"10.1038/s41467-021-24007-w","Niemeyer, Daniela","middle","gse148729","10.7717/peerj.12370"
"10.1038/s41467-021-24007-w","Niemeyer, Daniela","middle","gse148729","10.1016/j.genrep.2022.101641"
"10.1038/s41467-021-24007-w","Niemeyer, Daniela","middle","gse148729","10.3389/fimmu.2021.695242"
"10.1038/s41467-021-24007-w","Niemeyer, Daniela","middle","gse148729","10.1038/s41467-021-25412-x"
"10.1038/s41467-021-24007-w","Niemeyer, Daniela","middle","gse148729","10.1101/2020.06.01.127589"
"10.1038/s41467-021-24007-w","Niemeyer, Daniela","middle","gse148729","10.1021/acsomega.2c05245"
"10.1038/s41467-021-24007-w","Niemeyer, Daniela","middle","gse148729","10.3389/fimmu.2021.656433"
"10.1038/s41467-021-24007-w","Niemeyer, Daniela","middle","gse148729","10.1093/nar/gkac234"
"10.1038/s41467-021-24007-w","Niemeyer, Daniela","middle","gse148729","10.1016/j.mlwa.2021.100150"
"10.1038/s41467-021-24007-w","Niemeyer, Daniela","middle","gse148729","10.1186/s12864-022-08558-w"
"10.1038/s41467-021-24007-w","Niemeyer, Daniela","middle","gse148729","10.3390/v14020374"
"10.1038/s41467-021-24007-w","Niemeyer, Daniela","middle","gse148729","10.1038/s41598-021-03613-0"
"10.1038/s41467-021-24007-w","Niemeyer, Daniela","middle","gse148729","10.1038/s41598-021-82221-4"
"10.1038/s41467-021-24007-w","Niemeyer, Daniela","middle","gse148729","10.1515/jib-2020-0047"
"10.1038/s41467-021-24007-w","Niemeyer, Daniela","middle","gse148729","10.1016/j.isci.2020.101526"
"10.1038/s41467-021-24007-w","Niemeyer, Daniela","middle","gse148729","10.1016/j.stem.2020.10.004"
"10.1038/s41467-021-24007-w","Niemeyer, Daniela","middle","gse148729","10.1128/msphere.00754-20"
"10.1038/s41467-021-24007-w","Niemeyer, Daniela","middle","gse148729","10.3390/pathogens11121479"
"10.1038/s41467-021-24007-w","Niemeyer, Daniela","middle","gse148729","10.3390/genes11111354"
"10.1038/s41467-021-24007-w","Niemeyer, Daniela","middle","gse148729","10.1038/s41431-022-01070-5"
"10.1038/s41467-021-24007-w","Niemeyer, Daniela","middle","gse148729","10.1038/s41392-022-00969-1"
"10.1038/s41467-021-24007-w","Niemeyer, Daniela","middle","gse148729","10.3389/fmicb.2023.1066493"
"10.1038/s41467-021-24007-w","Niemeyer, Daniela","middle","gse148729","10.3390/v13030402"
"10.1038/s41467-021-24007-w","Niemeyer, Daniela","middle","gse148729","10.1038/s42003-022-03663-8"
"10.1038/s41467-021-24007-w","Niemeyer, Daniela","middle","gse148729","10.3389/fimmu.2020.590870"
"10.1038/s41467-021-24007-w","Niemeyer, Daniela","middle","gse148729","10.1371/journal.pcbi.1010021"
"10.1038/s41467-021-24007-w","Niemeyer, Daniela","middle","gse148729","10.1093/bib/bbaa334"
"10.1038/s41467-021-24007-w","Niemeyer, Daniela","middle","gse148729","10.1007/s00018-021-04119-8"
"10.1038/s41467-021-24007-w","Niemeyer, Daniela","middle","gse148729","10.21203/rs.3.rs-1287631/v1"
"10.1038/s41467-021-24007-w","Niemeyer, Daniela","middle","gse148729","10.1371/journal.pone.0257965"
"10.1038/s41467-021-24007-w","Hoffmann, Karen","middle","gse148729","10.1016/j.chom.2020.12.009"
"10.1038/s41467-021-24007-w","Hoffmann, Karen","middle","gse148729","10.1101/2021.05.14.444026"
"10.1038/s41467-021-24007-w","Hoffmann, Karen","middle","gse148729","10.1186/s12967-020-02695-0"
"10.1038/s41467-021-24007-w","Hoffmann, Karen","middle","gse148729","10.1016/j.isci.2021.103331"
"10.1038/s41467-021-24007-w","Hoffmann, Karen","middle","gse148729","10.1038/s41598-022-15898-w"
"10.1038/s41467-021-24007-w","Hoffmann, Karen","middle","gse148729","10.2147/ijgm.s335162"
"10.1038/s41467-021-24007-w","Hoffmann, Karen","middle","gse148729","10.3390/ijms231810451"
"10.1038/s41467-021-24007-w","Hoffmann, Karen","middle","gse148729","10.3390/ijms22168663"
"10.1038/s41467-021-24007-w","Hoffmann, Karen","middle","gse148729","10.1016/j.gene.2020.145325"
"10.1038/s41467-021-24007-w","Hoffmann, Karen","middle","gse148729","10.1038/s41598-022-23950-y"
"10.1038/s41467-021-24007-w","Hoffmann, Karen","middle","gse148729","10.7717/peerj.12370"
"10.1038/s41467-021-24007-w","Hoffmann, Karen","middle","gse148729","10.1016/j.genrep.2022.101641"
"10.1038/s41467-021-24007-w","Hoffmann, Karen","middle","gse148729","10.3389/fimmu.2021.695242"
"10.1038/s41467-021-24007-w","Hoffmann, Karen","middle","gse148729","10.1038/s41467-021-25412-x"
"10.1038/s41467-021-24007-w","Hoffmann, Karen","middle","gse148729","10.1101/2020.06.01.127589"
"10.1038/s41467-021-24007-w","Hoffmann, Karen","middle","gse148729","10.1021/acsomega.2c05245"
"10.1038/s41467-021-24007-w","Hoffmann, Karen","middle","gse148729","10.3389/fimmu.2021.656433"
"10.1038/s41467-021-24007-w","Hoffmann, Karen","middle","gse148729","10.1093/nar/gkac234"
"10.1038/s41467-021-24007-w","Hoffmann, Karen","middle","gse148729","10.1016/j.mlwa.2021.100150"
"10.1038/s41467-021-24007-w","Hoffmann, Karen","middle","gse148729","10.1186/s12864-022-08558-w"
"10.1038/s41467-021-24007-w","Hoffmann, Karen","middle","gse148729","10.3390/v14020374"
"10.1038/s41467-021-24007-w","Hoffmann, Karen","middle","gse148729","10.1038/s41598-021-03613-0"
"10.1038/s41467-021-24007-w","Hoffmann, Karen","middle","gse148729","10.1038/s41598-021-82221-4"
"10.1038/s41467-021-24007-w","Hoffmann, Karen","middle","gse148729","10.1515/jib-2020-0047"
"10.1038/s41467-021-24007-w","Hoffmann, Karen","middle","gse148729","10.1016/j.isci.2020.101526"
"10.1038/s41467-021-24007-w","Hoffmann, Karen","middle","gse148729","10.1016/j.stem.2020.10.004"
"10.1038/s41467-021-24007-w","Hoffmann, Karen","middle","gse148729","10.1128/msphere.00754-20"
"10.1038/s41467-021-24007-w","Hoffmann, Karen","middle","gse148729","10.3390/pathogens11121479"
"10.1038/s41467-021-24007-w","Hoffmann, Karen","middle","gse148729","10.3390/genes11111354"
"10.1038/s41467-021-24007-w","Hoffmann, Karen","middle","gse148729","10.1038/s41431-022-01070-5"
"10.1038/s41467-021-24007-w","Hoffmann, Karen","middle","gse148729","10.1038/s41392-022-00969-1"
"10.1038/s41467-021-24007-w","Hoffmann, Karen","middle","gse148729","10.3389/fmicb.2023.1066493"
"10.1038/s41467-021-24007-w","Hoffmann, Karen","middle","gse148729","10.3390/v13030402"
"10.1038/s41467-021-24007-w","Hoffmann, Karen","middle","gse148729","10.1038/s42003-022-03663-8"
"10.1038/s41467-021-24007-w","Hoffmann, Karen","middle","gse148729","10.3389/fimmu.2020.590870"
"10.1038/s41467-021-24007-w","Hoffmann, Karen","middle","gse148729","10.1371/journal.pcbi.1010021"
"10.1038/s41467-021-24007-w","Hoffmann, Karen","middle","gse148729","10.1093/bib/bbaa334"
"10.1038/s41467-021-24007-w","Hoffmann, Karen","middle","gse148729","10.1007/s00018-021-04119-8"
"10.1038/s41467-021-24007-w","Hoffmann, Karen","middle","gse148729","10.21203/rs.3.rs-1287631/v1"
"10.1038/s41467-021-24007-w","Hoffmann, Karen","middle","gse148729","10.1371/journal.pone.0257965"
"10.1038/s41467-021-24007-w","Heppner, Frank L.","middle","gse148729","10.1016/j.chom.2020.12.009"
"10.1038/s41467-021-24007-w","Heppner, Frank L.","middle","gse148729","10.1101/2021.05.14.444026"
"10.1038/s41467-021-24007-w","Heppner, Frank L.","middle","gse148729","10.1186/s12967-020-02695-0"
"10.1038/s41467-021-24007-w","Heppner, Frank L.","middle","gse148729","10.1016/j.isci.2021.103331"
"10.1038/s41467-021-24007-w","Heppner, Frank L.","middle","gse148729","10.1038/s41598-022-15898-w"
"10.1038/s41467-021-24007-w","Heppner, Frank L.","middle","gse148729","10.2147/ijgm.s335162"
"10.1038/s41467-021-24007-w","Heppner, Frank L.","middle","gse148729","10.3390/ijms231810451"
"10.1038/s41467-021-24007-w","Heppner, Frank L.","middle","gse148729","10.3390/ijms22168663"
"10.1038/s41467-021-24007-w","Heppner, Frank L.","middle","gse148729","10.1016/j.gene.2020.145325"
"10.1038/s41467-021-24007-w","Heppner, Frank L.","middle","gse148729","10.1038/s41598-022-23950-y"
"10.1038/s41467-021-24007-w","Heppner, Frank L.","middle","gse148729","10.7717/peerj.12370"
"10.1038/s41467-021-24007-w","Heppner, Frank L.","middle","gse148729","10.1016/j.genrep.2022.101641"
"10.1038/s41467-021-24007-w","Heppner, Frank L.","middle","gse148729","10.3389/fimmu.2021.695242"
"10.1038/s41467-021-24007-w","Heppner, Frank L.","middle","gse148729","10.1038/s41467-021-25412-x"
"10.1038/s41467-021-24007-w","Heppner, Frank L.","middle","gse148729","10.1101/2020.06.01.127589"
"10.1038/s41467-021-24007-w","Heppner, Frank L.","middle","gse148729","10.1021/acsomega.2c05245"
"10.1038/s41467-021-24007-w","Heppner, Frank L.","middle","gse148729","10.3389/fimmu.2021.656433"
"10.1038/s41467-021-24007-w","Heppner, Frank L.","middle","gse148729","10.1093/nar/gkac234"
"10.1038/s41467-021-24007-w","Heppner, Frank L.","middle","gse148729","10.1016/j.mlwa.2021.100150"
"10.1038/s41467-021-24007-w","Heppner, Frank L.","middle","gse148729","10.1186/s12864-022-08558-w"
"10.1038/s41467-021-24007-w","Heppner, Frank L.","middle","gse148729","10.3390/v14020374"
"10.1038/s41467-021-24007-w","Heppner, Frank L.","middle","gse148729","10.1038/s41598-021-03613-0"
"10.1038/s41467-021-24007-w","Heppner, Frank L.","middle","gse148729","10.1038/s41598-021-82221-4"
"10.1038/s41467-021-24007-w","Heppner, Frank L.","middle","gse148729","10.1515/jib-2020-0047"
"10.1038/s41467-021-24007-w","Heppner, Frank L.","middle","gse148729","10.1016/j.isci.2020.101526"
"10.1038/s41467-021-24007-w","Heppner, Frank L.","middle","gse148729","10.1016/j.stem.2020.10.004"
"10.1038/s41467-021-24007-w","Heppner, Frank L.","middle","gse148729","10.1128/msphere.00754-20"
"10.1038/s41467-021-24007-w","Heppner, Frank L.","middle","gse148729","10.3390/pathogens11121479"
"10.1038/s41467-021-24007-w","Heppner, Frank L.","middle","gse148729","10.3390/genes11111354"
"10.1038/s41467-021-24007-w","Heppner, Frank L.","middle","gse148729","10.1038/s41431-022-01070-5"
"10.1038/s41467-021-24007-w","Heppner, Frank L.","middle","gse148729","10.1038/s41392-022-00969-1"
"10.1038/s41467-021-24007-w","Heppner, Frank L.","middle","gse148729","10.3389/fmicb.2023.1066493"
"10.1038/s41467-021-24007-w","Heppner, Frank L.","middle","gse148729","10.3390/v13030402"
"10.1038/s41467-021-24007-w","Heppner, Frank L.","middle","gse148729","10.1038/s42003-022-03663-8"
"10.1038/s41467-021-24007-w","Heppner, Frank L.","middle","gse148729","10.3389/fimmu.2020.590870"
"10.1038/s41467-021-24007-w","Heppner, Frank L.","middle","gse148729","10.1371/journal.pcbi.1010021"
"10.1038/s41467-021-24007-w","Heppner, Frank L.","middle","gse148729","10.1093/bib/bbaa334"
"10.1038/s41467-021-24007-w","Heppner, Frank L.","middle","gse148729","10.1007/s00018-021-04119-8"
"10.1038/s41467-021-24007-w","Heppner, Frank L.","middle","gse148729","10.21203/rs.3.rs-1287631/v1"
"10.1038/s41467-021-24007-w","Heppner, Frank L.","middle","gse148729","10.1371/journal.pone.0257965"
"10.1038/s41467-021-24007-w","Corman, Victor M.","middle","gse148729","10.1016/j.chom.2020.12.009"
"10.1038/s41467-021-24007-w","Corman, Victor M.","middle","gse148729","10.1101/2021.05.14.444026"
"10.1038/s41467-021-24007-w","Corman, Victor M.","middle","gse148729","10.1186/s12967-020-02695-0"
"10.1038/s41467-021-24007-w","Corman, Victor M.","middle","gse148729","10.1016/j.isci.2021.103331"
"10.1038/s41467-021-24007-w","Corman, Victor M.","middle","gse148729","10.1038/s41598-022-15898-w"
"10.1038/s41467-021-24007-w","Corman, Victor M.","middle","gse148729","10.2147/ijgm.s335162"
"10.1038/s41467-021-24007-w","Corman, Victor M.","middle","gse148729","10.3390/ijms231810451"
"10.1038/s41467-021-24007-w","Corman, Victor M.","middle","gse148729","10.3390/ijms22168663"
"10.1038/s41467-021-24007-w","Corman, Victor M.","middle","gse148729","10.1016/j.gene.2020.145325"
"10.1038/s41467-021-24007-w","Corman, Victor M.","middle","gse148729","10.1038/s41598-022-23950-y"
"10.1038/s41467-021-24007-w","Corman, Victor M.","middle","gse148729","10.7717/peerj.12370"
"10.1038/s41467-021-24007-w","Corman, Victor M.","middle","gse148729","10.1016/j.genrep.2022.101641"
"10.1038/s41467-021-24007-w","Corman, Victor M.","middle","gse148729","10.3389/fimmu.2021.695242"
"10.1038/s41467-021-24007-w","Corman, Victor M.","middle","gse148729","10.1038/s41467-021-25412-x"
"10.1038/s41467-021-24007-w","Corman, Victor M.","middle","gse148729","10.1101/2020.06.01.127589"
"10.1038/s41467-021-24007-w","Corman, Victor M.","middle","gse148729","10.1021/acsomega.2c05245"
"10.1038/s41467-021-24007-w","Corman, Victor M.","middle","gse148729","10.3389/fimmu.2021.656433"
"10.1038/s41467-021-24007-w","Corman, Victor M.","middle","gse148729","10.1093/nar/gkac234"
"10.1038/s41467-021-24007-w","Corman, Victor M.","middle","gse148729","10.1016/j.mlwa.2021.100150"
"10.1038/s41467-021-24007-w","Corman, Victor M.","middle","gse148729","10.1186/s12864-022-08558-w"
"10.1038/s41467-021-24007-w","Corman, Victor M.","middle","gse148729","10.3390/v14020374"
"10.1038/s41467-021-24007-w","Corman, Victor M.","middle","gse148729","10.1038/s41598-021-03613-0"
"10.1038/s41467-021-24007-w","Corman, Victor M.","middle","gse148729","10.1038/s41598-021-82221-4"
"10.1038/s41467-021-24007-w","Corman, Victor M.","middle","gse148729","10.1515/jib-2020-0047"
"10.1038/s41467-021-24007-w","Corman, Victor M.","middle","gse148729","10.1016/j.isci.2020.101526"
"10.1038/s41467-021-24007-w","Corman, Victor M.","middle","gse148729","10.1016/j.stem.2020.10.004"
"10.1038/s41467-021-24007-w","Corman, Victor M.","middle","gse148729","10.1128/msphere.00754-20"
"10.1038/s41467-021-24007-w","Corman, Victor M.","middle","gse148729","10.3390/pathogens11121479"
"10.1038/s41467-021-24007-w","Corman, Victor M.","middle","gse148729","10.3390/genes11111354"
"10.1038/s41467-021-24007-w","Corman, Victor M.","middle","gse148729","10.1038/s41431-022-01070-5"
"10.1038/s41467-021-24007-w","Corman, Victor M.","middle","gse148729","10.1038/s41392-022-00969-1"
"10.1038/s41467-021-24007-w","Corman, Victor M.","middle","gse148729","10.3389/fmicb.2023.1066493"
"10.1038/s41467-021-24007-w","Corman, Victor M.","middle","gse148729","10.3390/v13030402"
"10.1038/s41467-021-24007-w","Corman, Victor M.","middle","gse148729","10.1038/s42003-022-03663-8"
"10.1038/s41467-021-24007-w","Corman, Victor M.","middle","gse148729","10.3389/fimmu.2020.590870"
"10.1038/s41467-021-24007-w","Corman, Victor M.","middle","gse148729","10.1371/journal.pcbi.1010021"
"10.1038/s41467-021-24007-w","Corman, Victor M.","middle","gse148729","10.1093/bib/bbaa334"
"10.1038/s41467-021-24007-w","Corman, Victor M.","middle","gse148729","10.1007/s00018-021-04119-8"
"10.1038/s41467-021-24007-w","Corman, Victor M.","middle","gse148729","10.21203/rs.3.rs-1287631/v1"
"10.1038/s41467-021-24007-w","Corman, Victor M.","middle","gse148729","10.1371/journal.pone.0257965"
"10.1038/s41467-021-24007-w","Corman, Victor M.","middle","gse148729","10.1016/j.chom.2020.12.009"
"10.1038/s41467-021-24007-w","Corman, Victor M.","middle","gse148729","10.1101/2021.05.14.444026"
"10.1038/s41467-021-24007-w","Corman, Victor M.","middle","gse148729","10.1186/s12967-020-02695-0"
"10.1038/s41467-021-24007-w","Corman, Victor M.","middle","gse148729","10.1016/j.isci.2021.103331"
"10.1038/s41467-021-24007-w","Corman, Victor M.","middle","gse148729","10.1038/s41598-022-15898-w"
"10.1038/s41467-021-24007-w","Corman, Victor M.","middle","gse148729","10.2147/ijgm.s335162"
"10.1038/s41467-021-24007-w","Corman, Victor M.","middle","gse148729","10.3390/ijms231810451"
"10.1038/s41467-021-24007-w","Corman, Victor M.","middle","gse148729","10.3390/ijms22168663"
"10.1038/s41467-021-24007-w","Corman, Victor M.","middle","gse148729","10.1016/j.gene.2020.145325"
"10.1038/s41467-021-24007-w","Corman, Victor M.","middle","gse148729","10.1038/s41598-022-23950-y"
"10.1038/s41467-021-24007-w","Corman, Victor M.","middle","gse148729","10.7717/peerj.12370"
"10.1038/s41467-021-24007-w","Corman, Victor M.","middle","gse148729","10.1016/j.genrep.2022.101641"
"10.1038/s41467-021-24007-w","Corman, Victor M.","middle","gse148729","10.3389/fimmu.2021.695242"
"10.1038/s41467-021-24007-w","Corman, Victor M.","middle","gse148729","10.1038/s41467-021-25412-x"
"10.1038/s41467-021-24007-w","Corman, Victor M.","middle","gse148729","10.1101/2020.06.01.127589"
"10.1038/s41467-021-24007-w","Corman, Victor M.","middle","gse148729","10.1021/acsomega.2c05245"
"10.1038/s41467-021-24007-w","Corman, Victor M.","middle","gse148729","10.3389/fimmu.2021.656433"
"10.1038/s41467-021-24007-w","Corman, Victor M.","middle","gse148729","10.1093/nar/gkac234"
"10.1038/s41467-021-24007-w","Corman, Victor M.","middle","gse148729","10.1016/j.mlwa.2021.100150"
"10.1038/s41467-021-24007-w","Corman, Victor M.","middle","gse148729","10.1186/s12864-022-08558-w"
"10.1038/s41467-021-24007-w","Corman, Victor M.","middle","gse148729","10.3390/v14020374"
"10.1038/s41467-021-24007-w","Corman, Victor M.","middle","gse148729","10.1038/s41598-021-03613-0"
"10.1038/s41467-021-24007-w","Corman, Victor M.","middle","gse148729","10.1038/s41598-021-82221-4"
"10.1038/s41467-021-24007-w","Corman, Victor M.","middle","gse148729","10.1515/jib-2020-0047"
"10.1038/s41467-021-24007-w","Corman, Victor M.","middle","gse148729","10.1016/j.isci.2020.101526"
"10.1038/s41467-021-24007-w","Corman, Victor M.","middle","gse148729","10.1016/j.stem.2020.10.004"
"10.1038/s41467-021-24007-w","Corman, Victor M.","middle","gse148729","10.1128/msphere.00754-20"
"10.1038/s41467-021-24007-w","Corman, Victor M.","middle","gse148729","10.3390/pathogens11121479"
"10.1038/s41467-021-24007-w","Corman, Victor M.","middle","gse148729","10.3390/genes11111354"
"10.1038/s41467-021-24007-w","Corman, Victor M.","middle","gse148729","10.1038/s41431-022-01070-5"
"10.1038/s41467-021-24007-w","Corman, Victor M.","middle","gse148729","10.1038/s41392-022-00969-1"
"10.1038/s41467-021-24007-w","Corman, Victor M.","middle","gse148729","10.3389/fmicb.2023.1066493"
"10.1038/s41467-021-24007-w","Corman, Victor M.","middle","gse148729","10.3390/v13030402"
"10.1038/s41467-021-24007-w","Corman, Victor M.","middle","gse148729","10.1038/s42003-022-03663-8"
"10.1038/s41467-021-24007-w","Corman, Victor M.","middle","gse148729","10.3389/fimmu.2020.590870"
"10.1038/s41467-021-24007-w","Corman, Victor M.","middle","gse148729","10.1371/journal.pcbi.1010021"
"10.1038/s41467-021-24007-w","Corman, Victor M.","middle","gse148729","10.1093/bib/bbaa334"
"10.1038/s41467-021-24007-w","Corman, Victor M.","middle","gse148729","10.1007/s00018-021-04119-8"
"10.1038/s41467-021-24007-w","Corman, Victor M.","middle","gse148729","10.21203/rs.3.rs-1287631/v1"
"10.1038/s41467-021-24007-w","Corman, Victor M.","middle","gse148729","10.1371/journal.pone.0257965"
"10.1038/s41467-021-24007-w","Hocke, Andreas C.","middle","gse148729","10.1016/j.chom.2020.12.009"
"10.1038/s41467-021-24007-w","Hocke, Andreas C.","middle","gse148729","10.1101/2021.05.14.444026"
"10.1038/s41467-021-24007-w","Hocke, Andreas C.","middle","gse148729","10.1186/s12967-020-02695-0"
"10.1038/s41467-021-24007-w","Hocke, Andreas C.","middle","gse148729","10.1016/j.isci.2021.103331"
"10.1038/s41467-021-24007-w","Hocke, Andreas C.","middle","gse148729","10.1038/s41598-022-15898-w"
"10.1038/s41467-021-24007-w","Hocke, Andreas C.","middle","gse148729","10.2147/ijgm.s335162"
"10.1038/s41467-021-24007-w","Hocke, Andreas C.","middle","gse148729","10.3390/ijms231810451"
"10.1038/s41467-021-24007-w","Hocke, Andreas C.","middle","gse148729","10.3390/ijms22168663"
"10.1038/s41467-021-24007-w","Hocke, Andreas C.","middle","gse148729","10.1016/j.gene.2020.145325"
"10.1038/s41467-021-24007-w","Hocke, Andreas C.","middle","gse148729","10.1038/s41598-022-23950-y"
"10.1038/s41467-021-24007-w","Hocke, Andreas C.","middle","gse148729","10.7717/peerj.12370"
"10.1038/s41467-021-24007-w","Hocke, Andreas C.","middle","gse148729","10.1016/j.genrep.2022.101641"
"10.1038/s41467-021-24007-w","Hocke, Andreas C.","middle","gse148729","10.3389/fimmu.2021.695242"
"10.1038/s41467-021-24007-w","Hocke, Andreas C.","middle","gse148729","10.1038/s41467-021-25412-x"
"10.1038/s41467-021-24007-w","Hocke, Andreas C.","middle","gse148729","10.1101/2020.06.01.127589"
"10.1038/s41467-021-24007-w","Hocke, Andreas C.","middle","gse148729","10.1021/acsomega.2c05245"
"10.1038/s41467-021-24007-w","Hocke, Andreas C.","middle","gse148729","10.3389/fimmu.2021.656433"
"10.1038/s41467-021-24007-w","Hocke, Andreas C.","middle","gse148729","10.1093/nar/gkac234"
"10.1038/s41467-021-24007-w","Hocke, Andreas C.","middle","gse148729","10.1016/j.mlwa.2021.100150"
"10.1038/s41467-021-24007-w","Hocke, Andreas C.","middle","gse148729","10.1186/s12864-022-08558-w"
"10.1038/s41467-021-24007-w","Hocke, Andreas C.","middle","gse148729","10.3390/v14020374"
"10.1038/s41467-021-24007-w","Hocke, Andreas C.","middle","gse148729","10.1038/s41598-021-03613-0"
"10.1038/s41467-021-24007-w","Hocke, Andreas C.","middle","gse148729","10.1038/s41598-021-82221-4"
"10.1038/s41467-021-24007-w","Hocke, Andreas C.","middle","gse148729","10.1515/jib-2020-0047"
"10.1038/s41467-021-24007-w","Hocke, Andreas C.","middle","gse148729","10.1016/j.isci.2020.101526"
"10.1038/s41467-021-24007-w","Hocke, Andreas C.","middle","gse148729","10.1016/j.stem.2020.10.004"
"10.1038/s41467-021-24007-w","Hocke, Andreas C.","middle","gse148729","10.1128/msphere.00754-20"
"10.1038/s41467-021-24007-w","Hocke, Andreas C.","middle","gse148729","10.3390/pathogens11121479"
"10.1038/s41467-021-24007-w","Hocke, Andreas C.","middle","gse148729","10.3390/genes11111354"
"10.1038/s41467-021-24007-w","Hocke, Andreas C.","middle","gse148729","10.1038/s41431-022-01070-5"
"10.1038/s41467-021-24007-w","Hocke, Andreas C.","middle","gse148729","10.1038/s41392-022-00969-1"
"10.1038/s41467-021-24007-w","Hocke, Andreas C.","middle","gse148729","10.3389/fmicb.2023.1066493"
"10.1038/s41467-021-24007-w","Hocke, Andreas C.","middle","gse148729","10.3390/v13030402"
"10.1038/s41467-021-24007-w","Hocke, Andreas C.","middle","gse148729","10.1038/s42003-022-03663-8"
"10.1038/s41467-021-24007-w","Hocke, Andreas C.","middle","gse148729","10.3389/fimmu.2020.590870"
"10.1038/s41467-021-24007-w","Hocke, Andreas C.","middle","gse148729","10.1371/journal.pcbi.1010021"
"10.1038/s41467-021-24007-w","Hocke, Andreas C.","middle","gse148729","10.1093/bib/bbaa334"
"10.1038/s41467-021-24007-w","Hocke, Andreas C.","middle","gse148729","10.1007/s00018-021-04119-8"
"10.1038/s41467-021-24007-w","Hocke, Andreas C.","middle","gse148729","10.21203/rs.3.rs-1287631/v1"
"10.1038/s41467-021-24007-w","Hocke, Andreas C.","middle","gse148729","10.1371/journal.pone.0257965"
"10.1038/s41467-021-24007-w","Morkel, Markus","middle","gse148729","10.1016/j.chom.2020.12.009"
"10.1038/s41467-021-24007-w","Morkel, Markus","middle","gse148729","10.1101/2021.05.14.444026"
"10.1038/s41467-021-24007-w","Morkel, Markus","middle","gse148729","10.1186/s12967-020-02695-0"
"10.1038/s41467-021-24007-w","Morkel, Markus","middle","gse148729","10.1016/j.isci.2021.103331"
"10.1038/s41467-021-24007-w","Morkel, Markus","middle","gse148729","10.1038/s41598-022-15898-w"
"10.1038/s41467-021-24007-w","Morkel, Markus","middle","gse148729","10.2147/ijgm.s335162"
"10.1038/s41467-021-24007-w","Morkel, Markus","middle","gse148729","10.3390/ijms231810451"
"10.1038/s41467-021-24007-w","Morkel, Markus","middle","gse148729","10.3390/ijms22168663"
"10.1038/s41467-021-24007-w","Morkel, Markus","middle","gse148729","10.1016/j.gene.2020.145325"
"10.1038/s41467-021-24007-w","Morkel, Markus","middle","gse148729","10.1038/s41598-022-23950-y"
"10.1038/s41467-021-24007-w","Morkel, Markus","middle","gse148729","10.7717/peerj.12370"
"10.1038/s41467-021-24007-w","Morkel, Markus","middle","gse148729","10.1016/j.genrep.2022.101641"
"10.1038/s41467-021-24007-w","Morkel, Markus","middle","gse148729","10.3389/fimmu.2021.695242"
"10.1038/s41467-021-24007-w","Morkel, Markus","middle","gse148729","10.1038/s41467-021-25412-x"
"10.1038/s41467-021-24007-w","Morkel, Markus","middle","gse148729","10.1101/2020.06.01.127589"
"10.1038/s41467-021-24007-w","Morkel, Markus","middle","gse148729","10.1021/acsomega.2c05245"
"10.1038/s41467-021-24007-w","Morkel, Markus","middle","gse148729","10.3389/fimmu.2021.656433"
"10.1038/s41467-021-24007-w","Morkel, Markus","middle","gse148729","10.1093/nar/gkac234"
"10.1038/s41467-021-24007-w","Morkel, Markus","middle","gse148729","10.1016/j.mlwa.2021.100150"
"10.1038/s41467-021-24007-w","Morkel, Markus","middle","gse148729","10.1186/s12864-022-08558-w"
"10.1038/s41467-021-24007-w","Morkel, Markus","middle","gse148729","10.3390/v14020374"
"10.1038/s41467-021-24007-w","Morkel, Markus","middle","gse148729","10.1038/s41598-021-03613-0"
"10.1038/s41467-021-24007-w","Morkel, Markus","middle","gse148729","10.1038/s41598-021-82221-4"
"10.1038/s41467-021-24007-w","Morkel, Markus","middle","gse148729","10.1515/jib-2020-0047"
"10.1038/s41467-021-24007-w","Morkel, Markus","middle","gse148729","10.1016/j.isci.2020.101526"
"10.1038/s41467-021-24007-w","Morkel, Markus","middle","gse148729","10.1016/j.stem.2020.10.004"
"10.1038/s41467-021-24007-w","Morkel, Markus","middle","gse148729","10.1128/msphere.00754-20"
"10.1038/s41467-021-24007-w","Morkel, Markus","middle","gse148729","10.3390/pathogens11121479"
"10.1038/s41467-021-24007-w","Morkel, Markus","middle","gse148729","10.3390/genes11111354"
"10.1038/s41467-021-24007-w","Morkel, Markus","middle","gse148729","10.1038/s41431-022-01070-5"
"10.1038/s41467-021-24007-w","Morkel, Markus","middle","gse148729","10.1038/s41392-022-00969-1"
"10.1038/s41467-021-24007-w","Morkel, Markus","middle","gse148729","10.3389/fmicb.2023.1066493"
"10.1038/s41467-021-24007-w","Morkel, Markus","middle","gse148729","10.3390/v13030402"
"10.1038/s41467-021-24007-w","Morkel, Markus","middle","gse148729","10.1038/s42003-022-03663-8"
"10.1038/s41467-021-24007-w","Morkel, Markus","middle","gse148729","10.3389/fimmu.2020.590870"
"10.1038/s41467-021-24007-w","Morkel, Markus","middle","gse148729","10.1371/journal.pcbi.1010021"
"10.1038/s41467-021-24007-w","Morkel, Markus","middle","gse148729","10.1093/bib/bbaa334"
"10.1038/s41467-021-24007-w","Morkel, Markus","middle","gse148729","10.1007/s00018-021-04119-8"
"10.1038/s41467-021-24007-w","Morkel, Markus","middle","gse148729","10.21203/rs.3.rs-1287631/v1"
"10.1038/s41467-021-24007-w","Morkel, Markus","middle","gse148729","10.1371/journal.pone.0257965"
"10.1038/s41467-021-24007-w","Conrad, Christian","middle","gse148729","10.1016/j.chom.2020.12.009"
"10.1038/s41467-021-24007-w","Conrad, Christian","middle","gse148729","10.1101/2021.05.14.444026"
"10.1038/s41467-021-24007-w","Conrad, Christian","middle","gse148729","10.1186/s12967-020-02695-0"
"10.1038/s41467-021-24007-w","Conrad, Christian","middle","gse148729","10.1016/j.isci.2021.103331"
"10.1038/s41467-021-24007-w","Conrad, Christian","middle","gse148729","10.1038/s41598-022-15898-w"
"10.1038/s41467-021-24007-w","Conrad, Christian","middle","gse148729","10.2147/ijgm.s335162"
"10.1038/s41467-021-24007-w","Conrad, Christian","middle","gse148729","10.3390/ijms231810451"
"10.1038/s41467-021-24007-w","Conrad, Christian","middle","gse148729","10.3390/ijms22168663"
"10.1038/s41467-021-24007-w","Conrad, Christian","middle","gse148729","10.1016/j.gene.2020.145325"
"10.1038/s41467-021-24007-w","Conrad, Christian","middle","gse148729","10.1038/s41598-022-23950-y"
"10.1038/s41467-021-24007-w","Conrad, Christian","middle","gse148729","10.7717/peerj.12370"
"10.1038/s41467-021-24007-w","Conrad, Christian","middle","gse148729","10.1016/j.genrep.2022.101641"
"10.1038/s41467-021-24007-w","Conrad, Christian","middle","gse148729","10.3389/fimmu.2021.695242"
"10.1038/s41467-021-24007-w","Conrad, Christian","middle","gse148729","10.1038/s41467-021-25412-x"
"10.1038/s41467-021-24007-w","Conrad, Christian","middle","gse148729","10.1101/2020.06.01.127589"
"10.1038/s41467-021-24007-w","Conrad, Christian","middle","gse148729","10.1021/acsomega.2c05245"
"10.1038/s41467-021-24007-w","Conrad, Christian","middle","gse148729","10.3389/fimmu.2021.656433"
"10.1038/s41467-021-24007-w","Conrad, Christian","middle","gse148729","10.1093/nar/gkac234"
"10.1038/s41467-021-24007-w","Conrad, Christian","middle","gse148729","10.1016/j.mlwa.2021.100150"
"10.1038/s41467-021-24007-w","Conrad, Christian","middle","gse148729","10.1186/s12864-022-08558-w"
"10.1038/s41467-021-24007-w","Conrad, Christian","middle","gse148729","10.3390/v14020374"
"10.1038/s41467-021-24007-w","Conrad, Christian","middle","gse148729","10.1038/s41598-021-03613-0"
"10.1038/s41467-021-24007-w","Conrad, Christian","middle","gse148729","10.1038/s41598-021-82221-4"
"10.1038/s41467-021-24007-w","Conrad, Christian","middle","gse148729","10.1515/jib-2020-0047"
"10.1038/s41467-021-24007-w","Conrad, Christian","middle","gse148729","10.1016/j.isci.2020.101526"
"10.1038/s41467-021-24007-w","Conrad, Christian","middle","gse148729","10.1016/j.stem.2020.10.004"
"10.1038/s41467-021-24007-w","Conrad, Christian","middle","gse148729","10.1128/msphere.00754-20"
"10.1038/s41467-021-24007-w","Conrad, Christian","middle","gse148729","10.3390/pathogens11121479"
"10.1038/s41467-021-24007-w","Conrad, Christian","middle","gse148729","10.3390/genes11111354"
"10.1038/s41467-021-24007-w","Conrad, Christian","middle","gse148729","10.1038/s41431-022-01070-5"
"10.1038/s41467-021-24007-w","Conrad, Christian","middle","gse148729","10.1038/s41392-022-00969-1"
"10.1038/s41467-021-24007-w","Conrad, Christian","middle","gse148729","10.3389/fmicb.2023.1066493"
"10.1038/s41467-021-24007-w","Conrad, Christian","middle","gse148729","10.3390/v13030402"
"10.1038/s41467-021-24007-w","Conrad, Christian","middle","gse148729","10.1038/s42003-022-03663-8"
"10.1038/s41467-021-24007-w","Conrad, Christian","middle","gse148729","10.3389/fimmu.2020.590870"
"10.1038/s41467-021-24007-w","Conrad, Christian","middle","gse148729","10.1371/journal.pcbi.1010021"
"10.1038/s41467-021-24007-w","Conrad, Christian","middle","gse148729","10.1093/bib/bbaa334"
"10.1038/s41467-021-24007-w","Conrad, Christian","middle","gse148729","10.1007/s00018-021-04119-8"
"10.1038/s41467-021-24007-w","Conrad, Christian","middle","gse148729","10.21203/rs.3.rs-1287631/v1"
"10.1038/s41467-021-24007-w","Conrad, Christian","middle","gse148729","10.1371/journal.pone.0257965"
"10.1038/s41467-021-24007-w","Eils, Roland","middle","gse148729","10.1016/j.chom.2020.12.009"
"10.1038/s41467-021-24007-w","Eils, Roland","middle","gse148729","10.1101/2021.05.14.444026"
"10.1038/s41467-021-24007-w","Eils, Roland","middle","gse148729","10.1186/s12967-020-02695-0"
"10.1038/s41467-021-24007-w","Eils, Roland","middle","gse148729","10.1016/j.isci.2021.103331"
"10.1038/s41467-021-24007-w","Eils, Roland","middle","gse148729","10.1038/s41598-022-15898-w"
"10.1038/s41467-021-24007-w","Eils, Roland","middle","gse148729","10.2147/ijgm.s335162"
"10.1038/s41467-021-24007-w","Eils, Roland","middle","gse148729","10.3390/ijms231810451"
"10.1038/s41467-021-24007-w","Eils, Roland","middle","gse148729","10.3390/ijms22168663"
"10.1038/s41467-021-24007-w","Eils, Roland","middle","gse148729","10.1016/j.gene.2020.145325"
"10.1038/s41467-021-24007-w","Eils, Roland","middle","gse148729","10.1038/s41598-022-23950-y"
"10.1038/s41467-021-24007-w","Eils, Roland","middle","gse148729","10.7717/peerj.12370"
"10.1038/s41467-021-24007-w","Eils, Roland","middle","gse148729","10.1016/j.genrep.2022.101641"
"10.1038/s41467-021-24007-w","Eils, Roland","middle","gse148729","10.3389/fimmu.2021.695242"
"10.1038/s41467-021-24007-w","Eils, Roland","middle","gse148729","10.1038/s41467-021-25412-x"
"10.1038/s41467-021-24007-w","Eils, Roland","middle","gse148729","10.1101/2020.06.01.127589"
"10.1038/s41467-021-24007-w","Eils, Roland","middle","gse148729","10.1021/acsomega.2c05245"
"10.1038/s41467-021-24007-w","Eils, Roland","middle","gse148729","10.3389/fimmu.2021.656433"
"10.1038/s41467-021-24007-w","Eils, Roland","middle","gse148729","10.1093/nar/gkac234"
"10.1038/s41467-021-24007-w","Eils, Roland","middle","gse148729","10.1016/j.mlwa.2021.100150"
"10.1038/s41467-021-24007-w","Eils, Roland","middle","gse148729","10.1186/s12864-022-08558-w"
"10.1038/s41467-021-24007-w","Eils, Roland","middle","gse148729","10.3390/v14020374"
"10.1038/s41467-021-24007-w","Eils, Roland","middle","gse148729","10.1038/s41598-021-03613-0"
"10.1038/s41467-021-24007-w","Eils, Roland","middle","gse148729","10.1038/s41598-021-82221-4"
"10.1038/s41467-021-24007-w","Eils, Roland","middle","gse148729","10.1515/jib-2020-0047"
"10.1038/s41467-021-24007-w","Eils, Roland","middle","gse148729","10.1016/j.isci.2020.101526"
"10.1038/s41467-021-24007-w","Eils, Roland","middle","gse148729","10.1016/j.stem.2020.10.004"
"10.1038/s41467-021-24007-w","Eils, Roland","middle","gse148729","10.1128/msphere.00754-20"
"10.1038/s41467-021-24007-w","Eils, Roland","middle","gse148729","10.3390/pathogens11121479"
"10.1038/s41467-021-24007-w","Eils, Roland","middle","gse148729","10.3390/genes11111354"
"10.1038/s41467-021-24007-w","Eils, Roland","middle","gse148729","10.1038/s41431-022-01070-5"
"10.1038/s41467-021-24007-w","Eils, Roland","middle","gse148729","10.1038/s41392-022-00969-1"
"10.1038/s41467-021-24007-w","Eils, Roland","middle","gse148729","10.3389/fmicb.2023.1066493"
"10.1038/s41467-021-24007-w","Eils, Roland","middle","gse148729","10.3390/v13030402"
"10.1038/s41467-021-24007-w","Eils, Roland","middle","gse148729","10.1038/s42003-022-03663-8"
"10.1038/s41467-021-24007-w","Eils, Roland","middle","gse148729","10.3389/fimmu.2020.590870"
"10.1038/s41467-021-24007-w","Eils, Roland","middle","gse148729","10.1371/journal.pcbi.1010021"
"10.1038/s41467-021-24007-w","Eils, Roland","middle","gse148729","10.1093/bib/bbaa334"
"10.1038/s41467-021-24007-w","Eils, Roland","middle","gse148729","10.1007/s00018-021-04119-8"
"10.1038/s41467-021-24007-w","Eils, Roland","middle","gse148729","10.21203/rs.3.rs-1287631/v1"
"10.1038/s41467-021-24007-w","Eils, Roland","middle","gse148729","10.1371/journal.pone.0257965"
"10.1038/s41467-021-24007-w","Radbruch, Helena","middle","gse148729","10.1016/j.chom.2020.12.009"
"10.1038/s41467-021-24007-w","Radbruch, Helena","middle","gse148729","10.1101/2021.05.14.444026"
"10.1038/s41467-021-24007-w","Radbruch, Helena","middle","gse148729","10.1186/s12967-020-02695-0"
"10.1038/s41467-021-24007-w","Radbruch, Helena","middle","gse148729","10.1016/j.isci.2021.103331"
"10.1038/s41467-021-24007-w","Radbruch, Helena","middle","gse148729","10.1038/s41598-022-15898-w"
"10.1038/s41467-021-24007-w","Radbruch, Helena","middle","gse148729","10.2147/ijgm.s335162"
"10.1038/s41467-021-24007-w","Radbruch, Helena","middle","gse148729","10.3390/ijms231810451"
"10.1038/s41467-021-24007-w","Radbruch, Helena","middle","gse148729","10.3390/ijms22168663"
"10.1038/s41467-021-24007-w","Radbruch, Helena","middle","gse148729","10.1016/j.gene.2020.145325"
"10.1038/s41467-021-24007-w","Radbruch, Helena","middle","gse148729","10.1038/s41598-022-23950-y"
"10.1038/s41467-021-24007-w","Radbruch, Helena","middle","gse148729","10.7717/peerj.12370"
"10.1038/s41467-021-24007-w","Radbruch, Helena","middle","gse148729","10.1016/j.genrep.2022.101641"
"10.1038/s41467-021-24007-w","Radbruch, Helena","middle","gse148729","10.3389/fimmu.2021.695242"
"10.1038/s41467-021-24007-w","Radbruch, Helena","middle","gse148729","10.1038/s41467-021-25412-x"
"10.1038/s41467-021-24007-w","Radbruch, Helena","middle","gse148729","10.1101/2020.06.01.127589"
"10.1038/s41467-021-24007-w","Radbruch, Helena","middle","gse148729","10.1021/acsomega.2c05245"
"10.1038/s41467-021-24007-w","Radbruch, Helena","middle","gse148729","10.3389/fimmu.2021.656433"
"10.1038/s41467-021-24007-w","Radbruch, Helena","middle","gse148729","10.1093/nar/gkac234"
"10.1038/s41467-021-24007-w","Radbruch, Helena","middle","gse148729","10.1016/j.mlwa.2021.100150"
"10.1038/s41467-021-24007-w","Radbruch, Helena","middle","gse148729","10.1186/s12864-022-08558-w"
"10.1038/s41467-021-24007-w","Radbruch, Helena","middle","gse148729","10.3390/v14020374"
"10.1038/s41467-021-24007-w","Radbruch, Helena","middle","gse148729","10.1038/s41598-021-03613-0"
"10.1038/s41467-021-24007-w","Radbruch, Helena","middle","gse148729","10.1038/s41598-021-82221-4"
"10.1038/s41467-021-24007-w","Radbruch, Helena","middle","gse148729","10.1515/jib-2020-0047"
"10.1038/s41467-021-24007-w","Radbruch, Helena","middle","gse148729","10.1016/j.isci.2020.101526"
"10.1038/s41467-021-24007-w","Radbruch, Helena","middle","gse148729","10.1016/j.stem.2020.10.004"
"10.1038/s41467-021-24007-w","Radbruch, Helena","middle","gse148729","10.1128/msphere.00754-20"
"10.1038/s41467-021-24007-w","Radbruch, Helena","middle","gse148729","10.3390/pathogens11121479"
"10.1038/s41467-021-24007-w","Radbruch, Helena","middle","gse148729","10.3390/genes11111354"
"10.1038/s41467-021-24007-w","Radbruch, Helena","middle","gse148729","10.1038/s41431-022-01070-5"
"10.1038/s41467-021-24007-w","Radbruch, Helena","middle","gse148729","10.1038/s41392-022-00969-1"
"10.1038/s41467-021-24007-w","Radbruch, Helena","middle","gse148729","10.3389/fmicb.2023.1066493"
"10.1038/s41467-021-24007-w","Radbruch, Helena","middle","gse148729","10.3390/v13030402"
"10.1038/s41467-021-24007-w","Radbruch, Helena","middle","gse148729","10.1038/s42003-022-03663-8"
"10.1038/s41467-021-24007-w","Radbruch, Helena","middle","gse148729","10.3389/fimmu.2020.590870"
"10.1038/s41467-021-24007-w","Radbruch, Helena","middle","gse148729","10.1371/journal.pcbi.1010021"
"10.1038/s41467-021-24007-w","Radbruch, Helena","middle","gse148729","10.1093/bib/bbaa334"
"10.1038/s41467-021-24007-w","Radbruch, Helena","middle","gse148729","10.1007/s00018-021-04119-8"
"10.1038/s41467-021-24007-w","Radbruch, Helena","middle","gse148729","10.21203/rs.3.rs-1287631/v1"
"10.1038/s41467-021-24007-w","Radbruch, Helena","middle","gse148729","10.1371/journal.pone.0257965"
"10.1038/s41467-021-24007-w","Drosten, Christian","middle","gse148729","10.1016/j.chom.2020.12.009"
"10.1038/s41467-021-24007-w","Drosten, Christian","middle","gse148729","10.1101/2021.05.14.444026"
"10.1038/s41467-021-24007-w","Drosten, Christian","middle","gse148729","10.1186/s12967-020-02695-0"
"10.1038/s41467-021-24007-w","Drosten, Christian","middle","gse148729","10.1016/j.isci.2021.103331"
"10.1038/s41467-021-24007-w","Drosten, Christian","middle","gse148729","10.1038/s41598-022-15898-w"
"10.1038/s41467-021-24007-w","Drosten, Christian","middle","gse148729","10.2147/ijgm.s335162"
"10.1038/s41467-021-24007-w","Drosten, Christian","middle","gse148729","10.3390/ijms231810451"
"10.1038/s41467-021-24007-w","Drosten, Christian","middle","gse148729","10.3390/ijms22168663"
"10.1038/s41467-021-24007-w","Drosten, Christian","middle","gse148729","10.1016/j.gene.2020.145325"
"10.1038/s41467-021-24007-w","Drosten, Christian","middle","gse148729","10.1038/s41598-022-23950-y"
"10.1038/s41467-021-24007-w","Drosten, Christian","middle","gse148729","10.7717/peerj.12370"
"10.1038/s41467-021-24007-w","Drosten, Christian","middle","gse148729","10.1016/j.genrep.2022.101641"
"10.1038/s41467-021-24007-w","Drosten, Christian","middle","gse148729","10.3389/fimmu.2021.695242"
"10.1038/s41467-021-24007-w","Drosten, Christian","middle","gse148729","10.1038/s41467-021-25412-x"
"10.1038/s41467-021-24007-w","Drosten, Christian","middle","gse148729","10.1101/2020.06.01.127589"
"10.1038/s41467-021-24007-w","Drosten, Christian","middle","gse148729","10.1021/acsomega.2c05245"
"10.1038/s41467-021-24007-w","Drosten, Christian","middle","gse148729","10.3389/fimmu.2021.656433"
"10.1038/s41467-021-24007-w","Drosten, Christian","middle","gse148729","10.1093/nar/gkac234"
"10.1038/s41467-021-24007-w","Drosten, Christian","middle","gse148729","10.1016/j.mlwa.2021.100150"
"10.1038/s41467-021-24007-w","Drosten, Christian","middle","gse148729","10.1186/s12864-022-08558-w"
"10.1038/s41467-021-24007-w","Drosten, Christian","middle","gse148729","10.3390/v14020374"
"10.1038/s41467-021-24007-w","Drosten, Christian","middle","gse148729","10.1038/s41598-021-03613-0"
"10.1038/s41467-021-24007-w","Drosten, Christian","middle","gse148729","10.1038/s41598-021-82221-4"
"10.1038/s41467-021-24007-w","Drosten, Christian","middle","gse148729","10.1515/jib-2020-0047"
"10.1038/s41467-021-24007-w","Drosten, Christian","middle","gse148729","10.1016/j.isci.2020.101526"
"10.1038/s41467-021-24007-w","Drosten, Christian","middle","gse148729","10.1016/j.stem.2020.10.004"
"10.1038/s41467-021-24007-w","Drosten, Christian","middle","gse148729","10.1128/msphere.00754-20"
"10.1038/s41467-021-24007-w","Drosten, Christian","middle","gse148729","10.3390/pathogens11121479"
"10.1038/s41467-021-24007-w","Drosten, Christian","middle","gse148729","10.3390/genes11111354"
"10.1038/s41467-021-24007-w","Drosten, Christian","middle","gse148729","10.1038/s41431-022-01070-5"
"10.1038/s41467-021-24007-w","Drosten, Christian","middle","gse148729","10.1038/s41392-022-00969-1"
"10.1038/s41467-021-24007-w","Drosten, Christian","middle","gse148729","10.3389/fmicb.2023.1066493"
"10.1038/s41467-021-24007-w","Drosten, Christian","middle","gse148729","10.3390/v13030402"
"10.1038/s41467-021-24007-w","Drosten, Christian","middle","gse148729","10.1038/s42003-022-03663-8"
"10.1038/s41467-021-24007-w","Drosten, Christian","middle","gse148729","10.3389/fimmu.2020.590870"
"10.1038/s41467-021-24007-w","Drosten, Christian","middle","gse148729","10.1371/journal.pcbi.1010021"
"10.1038/s41467-021-24007-w","Drosten, Christian","middle","gse148729","10.1093/bib/bbaa334"
"10.1038/s41467-021-24007-w","Drosten, Christian","middle","gse148729","10.1007/s00018-021-04119-8"
"10.1038/s41467-021-24007-w","Drosten, Christian","middle","gse148729","10.21203/rs.3.rs-1287631/v1"
"10.1038/s41467-021-24007-w","Drosten, Christian","middle","gse148729","10.1371/journal.pone.0257965"
"10.1038/s41467-021-24007-w","Drosten, Christian","middle","gse148729","10.1016/j.chom.2020.12.009"
"10.1038/s41467-021-24007-w","Drosten, Christian","middle","gse148729","10.1101/2021.05.14.444026"
"10.1038/s41467-021-24007-w","Drosten, Christian","middle","gse148729","10.1186/s12967-020-02695-0"
"10.1038/s41467-021-24007-w","Drosten, Christian","middle","gse148729","10.1016/j.isci.2021.103331"
"10.1038/s41467-021-24007-w","Drosten, Christian","middle","gse148729","10.1038/s41598-022-15898-w"
"10.1038/s41467-021-24007-w","Drosten, Christian","middle","gse148729","10.2147/ijgm.s335162"
"10.1038/s41467-021-24007-w","Drosten, Christian","middle","gse148729","10.3390/ijms231810451"
"10.1038/s41467-021-24007-w","Drosten, Christian","middle","gse148729","10.3390/ijms22168663"
"10.1038/s41467-021-24007-w","Drosten, Christian","middle","gse148729","10.1016/j.gene.2020.145325"
"10.1038/s41467-021-24007-w","Drosten, Christian","middle","gse148729","10.1038/s41598-022-23950-y"
"10.1038/s41467-021-24007-w","Drosten, Christian","middle","gse148729","10.7717/peerj.12370"
"10.1038/s41467-021-24007-w","Drosten, Christian","middle","gse148729","10.1016/j.genrep.2022.101641"
"10.1038/s41467-021-24007-w","Drosten, Christian","middle","gse148729","10.3389/fimmu.2021.695242"
"10.1038/s41467-021-24007-w","Drosten, Christian","middle","gse148729","10.1038/s41467-021-25412-x"
"10.1038/s41467-021-24007-w","Drosten, Christian","middle","gse148729","10.1101/2020.06.01.127589"
"10.1038/s41467-021-24007-w","Drosten, Christian","middle","gse148729","10.1021/acsomega.2c05245"
"10.1038/s41467-021-24007-w","Drosten, Christian","middle","gse148729","10.3389/fimmu.2021.656433"
"10.1038/s41467-021-24007-w","Drosten, Christian","middle","gse148729","10.1093/nar/gkac234"
"10.1038/s41467-021-24007-w","Drosten, Christian","middle","gse148729","10.1016/j.mlwa.2021.100150"
"10.1038/s41467-021-24007-w","Drosten, Christian","middle","gse148729","10.1186/s12864-022-08558-w"
"10.1038/s41467-021-24007-w","Drosten, Christian","middle","gse148729","10.3390/v14020374"
"10.1038/s41467-021-24007-w","Drosten, Christian","middle","gse148729","10.1038/s41598-021-03613-0"
"10.1038/s41467-021-24007-w","Drosten, Christian","middle","gse148729","10.1038/s41598-021-82221-4"
"10.1038/s41467-021-24007-w","Drosten, Christian","middle","gse148729","10.1515/jib-2020-0047"
"10.1038/s41467-021-24007-w","Drosten, Christian","middle","gse148729","10.1016/j.isci.2020.101526"
"10.1038/s41467-021-24007-w","Drosten, Christian","middle","gse148729","10.1016/j.stem.2020.10.004"
"10.1038/s41467-021-24007-w","Drosten, Christian","middle","gse148729","10.1128/msphere.00754-20"
"10.1038/s41467-021-24007-w","Drosten, Christian","middle","gse148729","10.3390/pathogens11121479"
"10.1038/s41467-021-24007-w","Drosten, Christian","middle","gse148729","10.3390/genes11111354"
"10.1038/s41467-021-24007-w","Drosten, Christian","middle","gse148729","10.1038/s41431-022-01070-5"
"10.1038/s41467-021-24007-w","Drosten, Christian","middle","gse148729","10.1038/s41392-022-00969-1"
"10.1038/s41467-021-24007-w","Drosten, Christian","middle","gse148729","10.3389/fmicb.2023.1066493"
"10.1038/s41467-021-24007-w","Drosten, Christian","middle","gse148729","10.3390/v13030402"
"10.1038/s41467-021-24007-w","Drosten, Christian","middle","gse148729","10.1038/s42003-022-03663-8"
"10.1038/s41467-021-24007-w","Drosten, Christian","middle","gse148729","10.3389/fimmu.2020.590870"
"10.1038/s41467-021-24007-w","Drosten, Christian","middle","gse148729","10.1371/journal.pcbi.1010021"
"10.1038/s41467-021-24007-w","Drosten, Christian","middle","gse148729","10.1093/bib/bbaa334"
"10.1038/s41467-021-24007-w","Drosten, Christian","middle","gse148729","10.1007/s00018-021-04119-8"
"10.1038/s41467-021-24007-w","Drosten, Christian","middle","gse148729","10.21203/rs.3.rs-1287631/v1"
"10.1038/s41467-021-24007-w","Drosten, Christian","middle","gse148729","10.1371/journal.pone.0257965"
"10.1038/s41467-021-24007-w","Müller, Marcel A.","last","gse148729","10.1016/j.chom.2020.12.009"
"10.1038/s41467-021-24007-w","Müller, Marcel A.","last","gse148729","10.1101/2021.05.14.444026"
"10.1038/s41467-021-24007-w","Müller, Marcel A.","last","gse148729","10.1186/s12967-020-02695-0"
"10.1038/s41467-021-24007-w","Müller, Marcel A.","last","gse148729","10.1016/j.isci.2021.103331"
"10.1038/s41467-021-24007-w","Müller, Marcel A.","last","gse148729","10.1038/s41598-022-15898-w"
"10.1038/s41467-021-24007-w","Müller, Marcel A.","last","gse148729","10.2147/ijgm.s335162"
"10.1038/s41467-021-24007-w","Müller, Marcel A.","last","gse148729","10.3390/ijms231810451"
"10.1038/s41467-021-24007-w","Müller, Marcel A.","last","gse148729","10.3390/ijms22168663"
"10.1038/s41467-021-24007-w","Müller, Marcel A.","last","gse148729","10.1016/j.gene.2020.145325"
"10.1038/s41467-021-24007-w","Müller, Marcel A.","last","gse148729","10.1038/s41598-022-23950-y"
"10.1038/s41467-021-24007-w","Müller, Marcel A.","last","gse148729","10.7717/peerj.12370"
"10.1038/s41467-021-24007-w","Müller, Marcel A.","last","gse148729","10.1016/j.genrep.2022.101641"
"10.1038/s41467-021-24007-w","Müller, Marcel A.","last","gse148729","10.3389/fimmu.2021.695242"
"10.1038/s41467-021-24007-w","Müller, Marcel A.","last","gse148729","10.1038/s41467-021-25412-x"
"10.1038/s41467-021-24007-w","Müller, Marcel A.","last","gse148729","10.1101/2020.06.01.127589"
"10.1038/s41467-021-24007-w","Müller, Marcel A.","last","gse148729","10.1021/acsomega.2c05245"
"10.1038/s41467-021-24007-w","Müller, Marcel A.","last","gse148729","10.3389/fimmu.2021.656433"
"10.1038/s41467-021-24007-w","Müller, Marcel A.","last","gse148729","10.1093/nar/gkac234"
"10.1038/s41467-021-24007-w","Müller, Marcel A.","last","gse148729","10.1016/j.mlwa.2021.100150"
"10.1038/s41467-021-24007-w","Müller, Marcel A.","last","gse148729","10.1186/s12864-022-08558-w"
"10.1038/s41467-021-24007-w","Müller, Marcel A.","last","gse148729","10.3390/v14020374"
"10.1038/s41467-021-24007-w","Müller, Marcel A.","last","gse148729","10.1038/s41598-021-03613-0"
"10.1038/s41467-021-24007-w","Müller, Marcel A.","last","gse148729","10.1038/s41598-021-82221-4"
"10.1038/s41467-021-24007-w","Müller, Marcel A.","last","gse148729","10.1515/jib-2020-0047"
"10.1038/s41467-021-24007-w","Müller, Marcel A.","last","gse148729","10.1016/j.isci.2020.101526"
"10.1038/s41467-021-24007-w","Müller, Marcel A.","last","gse148729","10.1016/j.stem.2020.10.004"
"10.1038/s41467-021-24007-w","Müller, Marcel A.","last","gse148729","10.1128/msphere.00754-20"
"10.1038/s41467-021-24007-w","Müller, Marcel A.","last","gse148729","10.3390/pathogens11121479"
"10.1038/s41467-021-24007-w","Müller, Marcel A.","last","gse148729","10.3390/genes11111354"
"10.1038/s41467-021-24007-w","Müller, Marcel A.","last","gse148729","10.1038/s41431-022-01070-5"
"10.1038/s41467-021-24007-w","Müller, Marcel A.","last","gse148729","10.1038/s41392-022-00969-1"
"10.1038/s41467-021-24007-w","Müller, Marcel A.","last","gse148729","10.3389/fmicb.2023.1066493"
"10.1038/s41467-021-24007-w","Müller, Marcel A.","last","gse148729","10.3390/v13030402"
"10.1038/s41467-021-24007-w","Müller, Marcel A.","last","gse148729","10.1038/s42003-022-03663-8"
"10.1038/s41467-021-24007-w","Müller, Marcel A.","last","gse148729","10.3389/fimmu.2020.590870"
"10.1038/s41467-021-24007-w","Müller, Marcel A.","last","gse148729","10.1371/journal.pcbi.1010021"
"10.1038/s41467-021-24007-w","Müller, Marcel A.","last","gse148729","10.1093/bib/bbaa334"
"10.1038/s41467-021-24007-w","Müller, Marcel A.","last","gse148729","10.1007/s00018-021-04119-8"
"10.1038/s41467-021-24007-w","Müller, Marcel A.","last","gse148729","10.21203/rs.3.rs-1287631/v1"
"10.1038/s41467-021-24007-w","Müller, Marcel A.","last","gse148729","10.1371/journal.pone.0257965"
"10.1038/s41467-021-24007-w","Müller, Marcel A.","last","gse148729","10.1016/j.chom.2020.12.009"
"10.1038/s41467-021-24007-w","Müller, Marcel A.","last","gse148729","10.1101/2021.05.14.444026"
"10.1038/s41467-021-24007-w","Müller, Marcel A.","last","gse148729","10.1186/s12967-020-02695-0"
"10.1038/s41467-021-24007-w","Müller, Marcel A.","last","gse148729","10.1016/j.isci.2021.103331"
"10.1038/s41467-021-24007-w","Müller, Marcel A.","last","gse148729","10.1038/s41598-022-15898-w"
"10.1038/s41467-021-24007-w","Müller, Marcel A.","last","gse148729","10.2147/ijgm.s335162"
"10.1038/s41467-021-24007-w","Müller, Marcel A.","last","gse148729","10.3390/ijms231810451"
"10.1038/s41467-021-24007-w","Müller, Marcel A.","last","gse148729","10.3390/ijms22168663"
"10.1038/s41467-021-24007-w","Müller, Marcel A.","last","gse148729","10.1016/j.gene.2020.145325"
"10.1038/s41467-021-24007-w","Müller, Marcel A.","last","gse148729","10.1038/s41598-022-23950-y"
"10.1038/s41467-021-24007-w","Müller, Marcel A.","last","gse148729","10.7717/peerj.12370"
"10.1038/s41467-021-24007-w","Müller, Marcel A.","last","gse148729","10.1016/j.genrep.2022.101641"
"10.1038/s41467-021-24007-w","Müller, Marcel A.","last","gse148729","10.3389/fimmu.2021.695242"
"10.1038/s41467-021-24007-w","Müller, Marcel A.","last","gse148729","10.1038/s41467-021-25412-x"
"10.1038/s41467-021-24007-w","Müller, Marcel A.","last","gse148729","10.1101/2020.06.01.127589"
"10.1038/s41467-021-24007-w","Müller, Marcel A.","last","gse148729","10.1021/acsomega.2c05245"
"10.1038/s41467-021-24007-w","Müller, Marcel A.","last","gse148729","10.3389/fimmu.2021.656433"
"10.1038/s41467-021-24007-w","Müller, Marcel A.","last","gse148729","10.1093/nar/gkac234"
"10.1038/s41467-021-24007-w","Müller, Marcel A.","last","gse148729","10.1016/j.mlwa.2021.100150"
"10.1038/s41467-021-24007-w","Müller, Marcel A.","last","gse148729","10.1186/s12864-022-08558-w"
"10.1038/s41467-021-24007-w","Müller, Marcel A.","last","gse148729","10.3390/v14020374"
"10.1038/s41467-021-24007-w","Müller, Marcel A.","last","gse148729","10.1038/s41598-021-03613-0"
"10.1038/s41467-021-24007-w","Müller, Marcel A.","last","gse148729","10.1038/s41598-021-82221-4"
"10.1038/s41467-021-24007-w","Müller, Marcel A.","last","gse148729","10.1515/jib-2020-0047"
"10.1038/s41467-021-24007-w","Müller, Marcel A.","last","gse148729","10.1016/j.isci.2020.101526"
"10.1038/s41467-021-24007-w","Müller, Marcel A.","last","gse148729","10.1016/j.stem.2020.10.004"
"10.1038/s41467-021-24007-w","Müller, Marcel A.","last","gse148729","10.1128/msphere.00754-20"
"10.1038/s41467-021-24007-w","Müller, Marcel A.","last","gse148729","10.3390/pathogens11121479"
"10.1038/s41467-021-24007-w","Müller, Marcel A.","last","gse148729","10.3390/genes11111354"
"10.1038/s41467-021-24007-w","Müller, Marcel A.","last","gse148729","10.1038/s41431-022-01070-5"
"10.1038/s41467-021-24007-w","Müller, Marcel A.","last","gse148729","10.1038/s41392-022-00969-1"
"10.1038/s41467-021-24007-w","Müller, Marcel A.","last","gse148729","10.3389/fmicb.2023.1066493"
"10.1038/s41467-021-24007-w","Müller, Marcel A.","last","gse148729","10.3390/v13030402"
"10.1038/s41467-021-24007-w","Müller, Marcel A.","last","gse148729","10.1038/s42003-022-03663-8"
"10.1038/s41467-021-24007-w","Müller, Marcel A.","last","gse148729","10.3389/fimmu.2020.590870"
"10.1038/s41467-021-24007-w","Müller, Marcel A.","last","gse148729","10.1371/journal.pcbi.1010021"
"10.1038/s41467-021-24007-w","Müller, Marcel A.","last","gse148729","10.1093/bib/bbaa334"
"10.1038/s41467-021-24007-w","Müller, Marcel A.","last","gse148729","10.1007/s00018-021-04119-8"
"10.1038/s41467-021-24007-w","Müller, Marcel A.","last","gse148729","10.21203/rs.3.rs-1287631/v1"
"10.1038/s41467-021-24007-w","Müller, Marcel A.","last","gse148729","10.1371/journal.pone.0257965"
"10.1038/s41587-021-00927-2","Ludwig, Leif S.","middle","gse156478","10.1073/pnas.2214414119"
"10.1038/s41587-021-00927-2","Ludwig, Leif S.","middle","gse156478","10.1073/pnas.2214414119"
"10.1038/s41467-021-21994-8","Pascual-Reguant, Anna","first","gse63197","10.3389/fimmu.2019.00217"
"10.1038/s41467-021-21994-8","Pascual-Reguant, Anna","first","gse63197","10.3389/fimmu.2019.00217"
"10.1038/s41467-021-21994-8","Köhler, Ralf","middle","gse63197","10.3389/fimmu.2019.00217"
"10.1038/s41467-021-21994-8","Mothes, Ronja","middle","gse63197","10.3389/fimmu.2019.00217"
"10.1038/s41467-021-21994-8","Mothes, Ronja","middle","gse63197","10.3389/fimmu.2019.00217"
"10.1038/s41467-021-21994-8","Bauherr, Sandy","middle","gse63197","10.3389/fimmu.2019.00217"
"10.1038/s41467-021-21994-8","Uecker, Ralf","middle","gse63197","10.3389/fimmu.2019.00217"
"10.1038/s41467-021-21994-8","Uecker, Ralf","middle","gse63197","10.3389/fimmu.2019.00217"
"10.1038/s41467-021-21994-8","Holzwarth, Karolin","middle","gse63197","10.3389/fimmu.2019.00217"
"10.1038/s41467-021-21994-8","Kotsch, Katja","middle","gse63197","10.3389/fimmu.2019.00217"
"10.1038/s41467-021-21994-8","Romagnani, Chiara","middle","gse63197","10.3389/fimmu.2019.00217"
"10.1038/s41467-021-21994-8","Hauser, Anja E.","last","gse63197","10.3389/fimmu.2019.00217"
"10.1038/s41467-021-21994-8","Hauser, Anja E.","last","gse63197","10.3389/fimmu.2019.00217"
"10.1038/s41586-021-03208-9","Allou, Lila","first","gse84795","10.7554/elife.38555"
"10.1038/s41586-021-03208-9","Allou, Lila","first","gse84795","10.1101/gr.276196.121"
"10.1038/s41586-021-03208-9","Magg, Andreas","middle","gse84795","10.7554/elife.38555"
"10.1038/s41586-021-03208-9","Magg, Andreas","middle","gse84795","10.1101/gr.276196.121"
"10.1038/s41586-021-03208-9","Magg, Andreas","middle","gse84795","10.7554/elife.38555"
"10.1038/s41586-021-03208-9","Magg, Andreas","middle","gse84795","10.1101/gr.276196.121"
"10.1038/s41586-021-03208-9","Schöpflin, Robert","middle","gse84795","10.7554/elife.38555"
"10.1038/s41586-021-03208-9","Schöpflin, Robert","middle","gse84795","10.1101/gr.276196.121"
"10.1038/s41586-021-03208-9","Chan, Wing-Lee","middle","gse84795","10.7554/elife.38555"
"10.1038/s41586-021-03208-9","Chan, Wing-Lee","middle","gse84795","10.1101/gr.276196.121"
"10.1038/s41586-021-03208-9","Chan, Wing-Lee","middle","gse84795","10.7554/elife.38555"
"10.1038/s41586-021-03208-9","Chan, Wing-Lee","middle","gse84795","10.1101/gr.276196.121"
"10.1038/s41586-021-03208-9","Spielmann, Malte","middle","gse84795","10.7554/elife.38555"
"10.1038/s41586-021-03208-9","Spielmann, Malte","middle","gse84795","10.1101/gr.276196.121"
"10.1038/s41586-021-03208-9","Cova, Giulia","middle","gse84795","10.7554/elife.38555"
"10.1038/s41586-021-03208-9","Cova, Giulia","middle","gse84795","10.1101/gr.276196.121"
"10.1038/s41586-021-03208-9","Mundlos, Stefan","middle","gse84795","10.7554/elife.38555"
"10.1038/s41586-021-03208-9","Mundlos, Stefan","middle","gse84795","10.1101/gr.276196.121"
"10.1038/s41586-021-03208-9","Mundlos, Stefan","middle","gse84795","10.7554/elife.38555"
"10.1038/s41586-021-03208-9","Mundlos, Stefan","middle","gse84795","10.1101/gr.276196.121"
"10.1002/jimd.12341","Vogt, Guido","first","nm_001690","10.1093/brain/awy092"
"10.1002/jimd.12341","Vogt, Guido","first","nm_001690","10.7150/thno.28391"
"10.1002/jimd.12341","Choubassi, Naji El","middle","nm_001690","10.1093/brain/awy092"
"10.1002/jimd.12341","Choubassi, Naji El","middle","nm_001690","10.7150/thno.28391"
"10.1002/jimd.12341","Lekaj, Anja","middle","nm_001690","10.1093/brain/awy092"
"10.1002/jimd.12341","Lekaj, Anja","middle","nm_001690","10.7150/thno.28391"
"10.1002/jimd.12341","Holtgrewe, Manuel","middle","nm_001690","10.1093/brain/awy092"
"10.1002/jimd.12341","Holtgrewe, Manuel","middle","nm_001690","10.7150/thno.28391"
"10.1002/jimd.12341","Schuelke, Markus","middle","nm_001690","10.1093/brain/awy092"
"10.1002/jimd.12341","Schuelke, Markus","middle","nm_001690","10.7150/thno.28391"
"10.1002/jimd.12341","Hübner, Christoph","middle","nm_001690","10.1093/brain/awy092"
"10.1002/jimd.12341","Hübner, Christoph","middle","nm_001690","10.7150/thno.28391"
"10.1002/jimd.12341","Mundlos, Stefan","middle","nm_001690","10.1093/brain/awy092"
"10.1002/jimd.12341","Mundlos, Stefan","middle","nm_001690","10.7150/thno.28391"
"10.1002/jimd.12341","Kornak, Uwe","middle","nm_001690","10.1093/brain/awy092"
"10.1002/jimd.12341","Kornak, Uwe","middle","nm_001690","10.7150/thno.28391"
"10.1002/jimd.12341","Fischer‐Zirnsak, Björn","last","nm_001690","10.1093/brain/awy092"
"10.1002/jimd.12341","Fischer‐Zirnsak, Björn","last","nm_001690","10.7150/thno.28391"
"10.1128/mbio.02755-20","Corman, Victor Max","middle","mn433617","10.1371/journal.pone.0252534"
"10.1128/mbio.02755-20","Corman, Victor Max","middle","mn433617","10.1371/journal.pone.0252534"
"10.1128/mbio.02755-20","Rasche, Andrea","middle","mn433617","10.1371/journal.pone.0252534"
"10.1128/mbio.02755-20","Rasche, Andrea","middle","mn433617","10.1371/journal.pone.0252534"
"10.1128/mbio.02755-20","Drosten, Christian","middle","mn433617","10.1371/journal.pone.0252534"
"10.1128/mbio.02755-20","Drosten, Christian","middle","mn433617","10.1371/journal.pone.0252534"
"10.1128/mbio.02755-20","Drexler, Jan Felix","middle","mn433617","10.1371/journal.pone.0252534"
"10.1128/mbio.02755-20","Drexler, Jan Felix","middle","mn433617","10.1371/journal.pone.0252534"
"10.1038/s41594-020-00539-5","Nicodemi, Mario","middle","gse94452","10.1038/s41467-022-29696-5"
"10.1016/j.stem.2020.11.015","Strzelecka, Paulina M.","middle","e-mtab-9067","10.1038/s41467-023-37383-2"
"10.1016/j.stem.2020.11.015","Strzelecka, Paulina M.","middle","e-mtab-9067","10.1038/s41467-023-37383-2"
"10.1038/s41467-020-20222-z","Heuberger, Julian","middle","gse44076","10.18632/oncotarget.7293"
"10.1038/s41467-020-20222-z","Heuberger, Julian","middle","gse44076","10.3390/ijms21093096"
"10.1038/s41467-020-20222-z","Heuberger, Julian","middle","gse44076","10.1371/journal.pone.0247190"
"10.1038/s41467-020-20222-z","Heuberger, Julian","middle","gse44076","10.1371/journal.pmed.1003292"
"10.1038/s41467-020-20222-z","Heuberger, Julian","middle","gse44076","10.3390/ijms24065797"
"10.1038/s41467-020-20222-z","Heuberger, Julian","middle","gse44076","10.1186/s12935-017-0444-4"
"10.1038/s41467-020-20222-z","Heuberger, Julian","middle","gse44076","10.1371/journal.pone.0106748"
"10.1038/s41467-020-20222-z","Heuberger, Julian","middle","gse44076","10.3389/fphar.2022.1043252"
"10.1038/s41467-020-20222-z","Heuberger, Julian","middle","gse44076","10.3390/cancers14246166"
"10.1038/s41467-020-20222-z","Heuberger, Julian","middle","gse44076","10.3892/ol.2021.12573"
"10.1038/s41467-020-20222-z","Heuberger, Julian","middle","gse44076","10.1186/s12957-020-02116-y"
"10.1038/s41467-020-20222-z","Heuberger, Julian","middle","gse44076","10.1002/mgg3.713"
"10.1038/s41467-020-20222-z","Heuberger, Julian","middle","gse44076","10.3389/fonc.2022.843064"
"10.1038/s41467-020-20222-z","Heuberger, Julian","middle","gse44076","10.1155/2022/3640589"
"10.1038/s41467-020-20222-z","Heuberger, Julian","middle","gse44076","10.1186/s12014-017-9168-7"
"10.1038/s41467-020-20222-z","Heuberger, Julian","middle","gse44076","10.3389/fonc.2020.573295"
"10.1038/s41467-020-20222-z","Heuberger, Julian","middle","gse44076","10.1177/03000605221140683"
"10.1038/s41467-020-20222-z","Heuberger, Julian","middle","gse44076","10.1186/s13046-019-1263-3"
"10.1038/s41467-020-20222-z","Heuberger, Julian","middle","gse44076","10.1186/s41065-021-00216-7"
"10.1038/s41467-020-20222-z","Heuberger, Julian","middle","gse44076","10.3390/cancers13061350"
"10.1038/s41467-020-20222-z","Heuberger, Julian","middle","gse44076","10.1371/journal.pcbi.1007684"
"10.1038/s41467-020-20222-z","Heuberger, Julian","middle","gse44076","10.1186/s12885-016-2843-7"
"10.1038/s41467-020-20222-z","Heuberger, Julian","middle","gse44076","10.3390/cancers14153735"
"10.1038/s41467-020-20222-z","Heuberger, Julian","middle","gse44076","10.3390/jpm11060476"
"10.1038/s41467-020-20222-z","Heuberger, Julian","middle","gse44076","10.1155/2022/3399311"
"10.1038/s41467-020-20222-z","Heuberger, Julian","middle","gse44076","10.3389/fmolb.2021.733271"
"10.1038/s41467-020-20222-z","Heuberger, Julian","middle","gse44076","10.1186/s12943-018-0873-2"
"10.1038/s41467-020-20222-z","Heuberger, Julian","middle","gse44076","10.3390/cancers11070908"
"10.1038/s41467-020-20222-z","Heuberger, Julian","middle","gse44076","10.3389/fonc.2022.1033044"
"10.1038/s41467-020-20222-z","Heuberger, Julian","middle","gse44076","10.1038/hgv.2015.9"
"10.1038/s41467-020-20222-z","Heuberger, Julian","middle","gse44076","10.3892/ol.2017.7097"
"10.1038/s41467-020-20222-z","Heuberger, Julian","middle","gse44076","10.1155/2022/1285083"
"10.1038/s41467-020-20222-z","Heuberger, Julian","middle","gse44076","10.12659/msm.918906"
"10.1038/s41467-020-20222-z","Heuberger, Julian","middle","gse44076","10.3389/fgene.2022.821826"
"10.1038/s41467-020-20222-z","Heuberger, Julian","middle","gse44076","10.1371/journal.pone.0256020"
"10.1038/s41467-020-20222-z","Heuberger, Julian","middle","gse44076","10.7150/jca.46156"
"10.1038/s41467-020-20222-z","Heuberger, Julian","middle","gse44076","10.2147/cmar.s173240"
"10.1038/s41467-020-20222-z","Heuberger, Julian","middle","gse44076","10.1155/2022/3850674"
"10.1038/s41467-020-20222-z","Heuberger, Julian","middle","gse44076","10.1038/s41419-021-04459-0"
"10.1038/s41467-020-20222-z","Heuberger, Julian","middle","gse44076","10.1186/s13148-021-01148-9"
"10.1038/s41467-020-20222-z","Heuberger, Julian","middle","gse44076","10.3892/mmr.2019.10667"
"10.1038/s41467-020-20222-z","Heuberger, Julian","middle","gse44076","10.1038/s41598-020-59690-0"
"10.1038/s41467-020-20222-z","Heuberger, Julian","middle","gse44076","10.1002/cam4.4224"
"10.1038/s41467-020-20222-z","Heuberger, Julian","middle","gse44076","10.7150/jca.29269"
"10.1038/s41467-020-20222-z","Heuberger, Julian","middle","gse44076","10.3389/fonc.2021.674394"
"10.1038/s41467-020-20222-z","Heuberger, Julian","middle","gse44076","10.3892/mmr.2018.8862"
"10.1038/s41467-020-20222-z","Heuberger, Julian","middle","gse44076","10.1186/s12943-020-01220-7"
"10.1038/s41467-020-20222-z","Heuberger, Julian","middle","gse44076","10.7555/jbr.34.20200021"
"10.1038/s41467-020-20222-z","Heuberger, Julian","middle","gse44076","10.3390/biom11050706"
"10.1038/s41467-020-20222-z","Heuberger, Julian","middle","gse44076","10.1155/2020/6107865"
"10.1038/s41467-020-20222-z","Heuberger, Julian","middle","gse44076","10.1155/2021/3905367"
"10.1038/s41467-020-20222-z","Heuberger, Julian","middle","gse44076","10.3390/ijerph192214995"
"10.1038/s41467-020-20222-z","Heuberger, Julian","middle","gse44076","10.3390/biomedicines10020299"
"10.1038/s41467-020-20222-z","Heuberger, Julian","middle","gse44076","10.3892/or.2017.5930"
"10.1038/s41467-020-20222-z","Heuberger, Julian","middle","gse44076","10.1038/s41419-022-04564-8"
"10.1038/s41467-020-20222-z","Heuberger, Julian","middle","gse44076","10.3389/pore.2023.1611016"
"10.1038/s41467-020-20222-z","Heuberger, Julian","middle","gse44076","10.1002/cam4.4848"
"10.1038/s41467-020-20222-z","Heuberger, Julian","middle","gse44076","10.1002/cam4.5018"
"10.1038/s41467-020-20222-z","Heuberger, Julian","middle","gse44076","10.1155/2020/6909672"
"10.1038/s41467-020-20222-z","Heuberger, Julian","middle","gse44076","10.1038/s41467-019-11662-3"
"10.1038/s41467-020-20222-z","Heuberger, Julian","middle","gse44076","10.12659/msm.910106"
"10.1038/s41467-020-20222-z","Heuberger, Julian","middle","gse44076","10.7717/peerj.11551"
"10.1038/s41467-020-20222-z","Heuberger, Julian","middle","gse44076","10.1038/s41416-018-0018-9"
"10.1038/s41467-020-20222-z","Heuberger, Julian","middle","gse44076","10.21037/tcr-20-845"
"10.1038/s41467-020-20222-z","Heuberger, Julian","middle","gse44076","10.3389/fgene.2021.635863"
"10.1038/s41467-020-20222-z","Heuberger, Julian","middle","gse44076","10.1002/advs.202105160"
"10.1038/s41467-020-20222-z","Heuberger, Julian","middle","gse44076","10.1038/s41419-022-04862-1"
"10.1038/s41467-020-20222-z","Heuberger, Julian","middle","gse44076","10.1038/s41598-021-00943-x"
"10.1038/s41467-020-20222-z","Heuberger, Julian","middle","gse44076","10.1111/cpr.13253"
"10.1038/s41467-020-20222-z","Heuberger, Julian","middle","gse44076","10.2147/cmar.s176833"
"10.1038/s41467-020-20222-z","Heuberger, Julian","middle","gse44076","10.1155/2022/3149887"
"10.1038/s41467-020-20222-z","Heuberger, Julian","middle","gse44076","10.3390/ijms20122919"
"10.1038/s41467-020-20222-z","Heuberger, Julian","middle","gse44076","10.1155/2022/2192001"
"10.1038/s41467-020-20222-z","Heuberger, Julian","middle","gse44076","10.1186/s12885-021-09165-w"
"10.1038/s41467-020-20222-z","Heuberger, Julian","middle","gse44076","10.3390/ijms18040722"
"10.1038/s41467-020-20222-z","Heuberger, Julian","middle","gse44076","10.2147/pgpm.s360147"
"10.1038/s41467-020-20222-z","Heuberger, Julian","middle","gse44076","10.1155/2019/6469420"
"10.1038/s41467-020-20222-z","Heuberger, Julian","middle","gse44076","10.21037/tcr-20-3322"
"10.1007/s00401-020-02250-7","Bockmayr, Michael","middle","gse70678","10.1038/s41598-021-91167-6"
"10.1007/s00401-020-02250-7","Bockmayr, Michael","middle","gse70678","10.3389/fonc.2019.01173"
"10.1007/s00401-020-02250-7","Bockmayr, Michael","middle","gse70678","10.3390/cancers13040854"
"10.1007/s00401-020-02250-7","Bockmayr, Michael","middle","gse70678","10.1038/s41467-017-00346-5"
"10.1007/s00401-020-02250-7","Bockmayr, Michael","middle","gse70678","10.7554/elife.44161"
"10.1007/s00401-020-02250-7","Bockmayr, Michael","middle","gse90496","10.1093/bib/bbac048"
"10.1007/s00401-020-02250-7","Bockmayr, Michael","middle","gse90496","10.1186/s13148-021-01091-9"
"10.1007/s00401-020-02250-7","Bockmayr, Michael","middle","gse90496","10.3389/fbinf.2021.744345"
"10.1007/s00401-020-02250-7","Bockmayr, Michael","middle","gse90496","10.1038/s43018-022-00510-x"
"10.1007/s00401-020-02250-7","Bockmayr, Michael","middle","gse90496","10.3389/fbioe.2019.00339"
"10.1007/s00401-020-02250-7","Bockmayr, Michael","middle","gse90496","10.1093/noajnl/vdaa168"
"10.1007/s00401-020-02250-7","Bockmayr, Michael","middle","gse90496","10.1038/s41467-018-06715-y"
"10.1007/s00401-020-02250-7","Bockmayr, Michael","middle","gse90496","10.1038/s41698-023-00372-1"
"10.1007/s00401-020-02250-7","Bockmayr, Michael","middle","gse90496","10.1186/s12859-022-04764-1"
"10.1007/s00401-020-02250-7","Bockmayr, Michael","middle","gse90496","10.3389/fonc.2020.607047"
"10.1007/s00401-020-02250-7","Bockmayr, Michael","middle","gse90496","10.1093/neuonc/noab090.154"
"10.1007/s00401-020-02250-7","Bockmayr, Michael","middle","gse90496","10.1093/neuonc/noaa222.657"
"10.1007/s00401-020-02250-7","Bockmayr, Michael","middle","gse90496","10.1186/s13148-023-01456-2"
"10.1007/s00401-020-02250-7","Bockmayr, Michael","middle","gse90496","10.18632/aging.202145"
"10.1007/s00401-020-02250-7","Bockmayr, Michael","middle","gse90496","10.1038/s41379-022-01127-2"
"10.1007/s00401-020-02250-7","Bockmayr, Michael","middle","gse90496","10.3389/fgene.2019.00159"
"10.1007/s00401-020-02250-7","Bockmayr, Michael","middle","gse90496","10.1177/11795476221131189"
"10.1007/s00401-020-02250-7","Bockmayr, Michael","middle","gse90496","10.1093/noajnl/vdaa117"
"10.1007/s00401-020-02250-7","Bockmayr, Michael","middle","gse90496","10.12688/f1000research.16338.1"
"10.1038/s41467-020-19589-w","Forslund, Sofia","middle","prjeb37249","10.1186/s12864-022-09087-2"
"10.1038/s41467-020-19589-w","Forslund, Sofia","middle","prjeb37249","10.1038/s41598-022-14055-7"
"10.1038/s41592-020-0965-y","Kircher, Martin","middle","gse142696","10.1101/gr.268599.120"
"10.1038/s41592-020-0965-y","Kircher, Martin","middle","gse142696","10.1101/gr.268599.120"
"10.1038/s41586-020-2797-4","Hubner, Norbert","middle","erp123138","10.3390/life12020228"
"10.1038/s41586-020-2797-4","Hubner, Norbert","middle","erp123138","10.3390/life12020228"
"10.1136/gutjnl-2020-321016","Wiedenmann, Bertram","middle","gse73338","10.1038/s41467-018-06498-2"
"10.1136/gutjnl-2020-321016","Wiedenmann, Bertram","middle","gse73338","10.1097/md.0000000000010826"
"10.1136/gutjnl-2020-321016","Wiedenmann, Bertram","middle","gse73338","10.1038/s41419-020-02839-6"
"10.1136/gutjnl-2020-321016","Wiedenmann, Bertram","middle","gse73338","10.3892/ol.2020.11273"
"10.1136/gutjnl-2020-321016","Wiedenmann, Bertram","middle","gse73338","10.3389/fnins.2019.00937"
"10.1136/gutjnl-2020-321016","Wiedenmann, Bertram","middle","gse73338","10.1186/s13073-020-00730-9"
"10.1136/gutjnl-2020-321016","Wiedenmann, Bertram","middle","gse73338","10.3389/fimmu.2021.654660"
"10.1136/gutjnl-2020-321016","Wiedenmann, Bertram","middle","gse73338","10.1038/s41419-021-03938-8"
"10.1136/gutjnl-2020-321016","Wiedenmann, Bertram","middle","gse73339","10.1097/md.0000000000010826"
"10.1136/gutjnl-2020-321016","Wiedenmann, Bertram","middle","gse73339","10.18632/oncotarget.12604"
"10.15252/embj.2019103209","Lukassen, Sören","middle","e-mtab-3482","10.1038/s41598-019-54282-z"
"10.1038/s41586-020-2269-x","Forslund, Sofia K.","middle","prjeb37249","10.1186/s12864-022-09087-2"
"10.1038/s41586-020-2269-x","Forslund, Sofia K.","middle","prjeb37249","10.1038/s41598-022-14055-7"
"10.1038/s41586-020-2294-9","Schröder, Simon","middle","mt108784","10.1016/j.antiviral.2021.105197"
"10.1038/s41586-020-2294-9","Schröder, Simon","middle","mt107528","10.3390/pathogens11070758"
"10.1038/s41586-020-2294-9","Schröder, Simon","middle","mt107528","10.1128/spectrum.02083-21"
"10.1038/s41586-020-2294-9","Muth, Doreen","middle","mt108784","10.1016/j.antiviral.2021.105197"
"10.1038/s41586-020-2294-9","Muth, Doreen","middle","mt107528","10.3390/pathogens11070758"
"10.1038/s41586-020-2294-9","Muth, Doreen","middle","mt107528","10.1128/spectrum.02083-21"
"10.1038/s41586-020-2294-9","Muth, Doreen","middle","mt108784","10.1016/j.antiviral.2021.105197"
"10.1038/s41586-020-2294-9","Muth, Doreen","middle","mt107528","10.3390/pathogens11070758"
"10.1038/s41586-020-2294-9","Muth, Doreen","middle","mt107528","10.1128/spectrum.02083-21"
"10.1038/s41586-020-2294-9","Niemeyer, Daniela","middle","mt108784","10.1016/j.antiviral.2021.105197"
"10.1038/s41586-020-2294-9","Niemeyer, Daniela","middle","mt107528","10.3390/pathogens11070758"
"10.1038/s41586-020-2294-9","Niemeyer, Daniela","middle","mt107528","10.1128/spectrum.02083-21"
"10.1038/s41586-020-2294-9","Niemeyer, Daniela","middle","mt108784","10.1016/j.antiviral.2021.105197"
"10.1038/s41586-020-2294-9","Niemeyer, Daniela","middle","mt107528","10.3390/pathogens11070758"
"10.1038/s41586-020-2294-9","Niemeyer, Daniela","middle","mt107528","10.1128/spectrum.02083-21"
"10.1038/s41586-020-2294-9","Corman, Victor M.","middle","mt108784","10.1016/j.antiviral.2021.105197"
"10.1038/s41586-020-2294-9","Corman, Victor M.","middle","mt107528","10.3390/pathogens11070758"
"10.1038/s41586-020-2294-9","Corman, Victor M.","middle","mt107528","10.1128/spectrum.02083-21"
"10.1038/s41586-020-2294-9","Corman, Victor M.","middle","mt108784","10.1016/j.antiviral.2021.105197"
"10.1038/s41586-020-2294-9","Corman, Victor M.","middle","mt107528","10.3390/pathogens11070758"
"10.1038/s41586-020-2294-9","Corman, Victor M.","middle","mt107528","10.1128/spectrum.02083-21"
"10.1038/s41586-020-2294-9","Müller, Marcel A.","middle","mt108784","10.1016/j.antiviral.2021.105197"
"10.1038/s41586-020-2294-9","Müller, Marcel A.","middle","mt107528","10.3390/pathogens11070758"
"10.1038/s41586-020-2294-9","Müller, Marcel A.","middle","mt107528","10.1128/spectrum.02083-21"
"10.1038/s41586-020-2294-9","Müller, Marcel A.","middle","mt108784","10.1016/j.antiviral.2021.105197"
"10.1038/s41586-020-2294-9","Müller, Marcel A.","middle","mt107528","10.3390/pathogens11070758"
"10.1038/s41586-020-2294-9","Müller, Marcel A.","middle","mt107528","10.1128/spectrum.02083-21"
"10.1038/s41586-020-2294-9","Drosten, Christian","middle","mt108784","10.1016/j.antiviral.2021.105197"
"10.1038/s41586-020-2294-9","Drosten, Christian","middle","mt107528","10.3390/pathogens11070758"
"10.1038/s41586-020-2294-9","Drosten, Christian","middle","mt107528","10.1128/spectrum.02083-21"
"10.1038/s41586-020-2294-9","Drosten, Christian","middle","mt108784","10.1016/j.antiviral.2021.105197"
"10.1038/s41586-020-2294-9","Drosten, Christian","middle","mt107528","10.3390/pathogens11070758"
"10.1038/s41586-020-2294-9","Drosten, Christian","middle","mt107528","10.1128/spectrum.02083-21"
"10.1038/s41375-020-0839-4","Bamopoulos, Stefanos A.","first","gse146173","10.1371/journal.pone.0247093"
"10.1038/s41375-020-0839-4","Bamopoulos, Stefanos A.","first","gse146173","10.1155/2023/9988405"
"10.1038/s41375-020-0839-4","Bamopoulos, Stefanos A.","first","gse146173","10.1155/2022/7727424"
"10.1038/s41375-020-0839-4","Bamopoulos, Stefanos A.","first","gse146173","10.3389/fonc.2022.888570"
"10.1038/s41375-020-0839-4","Bamopoulos, Stefanos A.","first","gse146173","10.1371/journal.pone.0247093"
"10.1038/s41375-020-0839-4","Bamopoulos, Stefanos A.","first","gse146173","10.1155/2023/9988405"
"10.1038/s41375-020-0839-4","Bamopoulos, Stefanos A.","first","gse146173","10.1155/2022/7727424"
"10.1038/s41375-020-0839-4","Bamopoulos, Stefanos A.","first","gse146173","10.3389/fonc.2022.888570"
"10.7554/elife.51243","Stark, Olivia","middle","prjeb2600","10.1099/mgen.0.000640"
"10.7554/elife.51243","Stark, Olivia","middle","prjeb2600","10.3390/genes13061070"
"10.7554/elife.51243","Moser, Bettina","middle","prjeb2600","10.1099/mgen.0.000640"
"10.7554/elife.51243","Moser, Bettina","middle","prjeb2600","10.3390/genes13061070"
"10.7554/elife.51243","Schönian, Gabriele","middle","prjeb2600","10.1099/mgen.0.000640"
"10.7554/elife.51243","Schönian, Gabriele","middle","prjeb2600","10.3390/genes13061070"
"10.1038/s41467-020-14700-7","Fendler, Annika","first","gse66270","10.3389/fonc.2022.982426"
"10.1038/s41467-020-14700-7","Fendler, Annika","first","gse66270","10.21037/tau-21-332"
"10.1038/s41467-020-14700-7","Fendler, Annika","first","gse66270","10.18632/aging.202636"
"10.1038/s41467-020-14700-7","Fendler, Annika","first","gse66270","10.1038/s41417-019-0138-2"
"10.1038/s41467-020-14700-7","Fendler, Annika","first","gse66270","10.18632/aging.102746"
"10.1038/s41467-020-14700-7","Fendler, Annika","first","gse66270","10.18632/aging.102540"
"10.1038/s41467-020-14700-7","Fendler, Annika","first","gse66270","10.7717/peerj.14201"
"10.1038/s41467-020-14700-7","Fendler, Annika","first","gse66270","10.1186/s12885-021-08525-w"
"10.1038/s41467-020-14700-7","Fendler, Annika","first","gse66270","10.3389/fgene.2022.873884"
"10.1038/s41467-020-14700-7","Fendler, Annika","first","gse66270","10.3389/fonc.2022.832027"
"10.1038/s41467-020-14700-7","Fendler, Annika","first","gse66270","10.7150/ijms.36128"
"10.1038/s41467-020-14700-7","Fendler, Annika","first","gse66270","10.3389/fgene.2020.01017"
"10.1038/s41467-020-14700-7","Fendler, Annika","first","gse66270","10.3389/fgene.2022.902064"
"10.1038/s41467-020-14700-7","Fendler, Annika","first","gse66270","10.3892/ol.2020.11703"
"10.1038/s41467-020-14700-7","Fendler, Annika","first","gse66270","10.2147/cmar.s394100"
"10.1038/s41467-020-14700-7","Fendler, Annika","first","gse66270","10.1038/s41598-022-13148-7"
"10.1038/s41467-020-14700-7","Fendler, Annika","first","gse66270","10.1186/s12967-022-03805-w"
"10.1038/s41467-020-14700-7","Fendler, Annika","first","gse66270","10.1038/s41419-022-04576-4"
"10.1038/s41467-020-14700-7","Fendler, Annika","first","gse66270","10.7150/ijbs.58295"
"10.1038/s41467-020-14700-7","Fendler, Annika","first","gse66270","10.21037/tcr-22-1488"
"10.1038/s41467-020-14700-7","Fendler, Annika","first","gse66271","10.1002/cam4.4395"
"10.1038/s41467-020-14700-7","Fendler, Annika","first","gse66271","10.3389/fgene.2022.902064"
"10.1038/s41467-020-14700-7","Fendler, Annika","first","gse66271","10.7150/ijms.36128"
"10.1038/s41467-020-14700-7","Fendler, Annika","first","gse66271","10.1186/s12885-020-07726-z"
"10.1038/s41467-020-14700-7","Fendler, Annika","first","gse66271","10.1097/md.0000000000030270"
"10.1038/s41467-020-14700-7","Fendler, Annika","first","gse66271","10.7717/peerj.14201"
"10.1038/s41467-020-14700-7","Fendler, Annika","first","gse66271","10.1155/2022/8943643"
"10.1038/s41467-020-14700-7","Fendler, Annika","first","gse66271","10.1002/jcp.28597"
"10.1038/s41467-020-14700-7","Fendler, Annika","first","gse66270","10.3389/fonc.2022.982426"
"10.1038/s41467-020-14700-7","Fendler, Annika","first","gse66270","10.21037/tau-21-332"
"10.1038/s41467-020-14700-7","Fendler, Annika","first","gse66270","10.18632/aging.202636"
"10.1038/s41467-020-14700-7","Fendler, Annika","first","gse66270","10.1038/s41417-019-0138-2"
"10.1038/s41467-020-14700-7","Fendler, Annika","first","gse66270","10.18632/aging.102746"
"10.1038/s41467-020-14700-7","Fendler, Annika","first","gse66270","10.18632/aging.102540"
"10.1038/s41467-020-14700-7","Fendler, Annika","first","gse66270","10.7717/peerj.14201"
"10.1038/s41467-020-14700-7","Fendler, Annika","first","gse66270","10.1186/s12885-021-08525-w"
"10.1038/s41467-020-14700-7","Fendler, Annika","first","gse66270","10.3389/fgene.2022.873884"
"10.1038/s41467-020-14700-7","Fendler, Annika","first","gse66270","10.3389/fonc.2022.832027"
"10.1038/s41467-020-14700-7","Fendler, Annika","first","gse66270","10.7150/ijms.36128"
"10.1038/s41467-020-14700-7","Fendler, Annika","first","gse66270","10.3389/fgene.2020.01017"
"10.1038/s41467-020-14700-7","Fendler, Annika","first","gse66270","10.3389/fgene.2022.902064"
"10.1038/s41467-020-14700-7","Fendler, Annika","first","gse66270","10.3892/ol.2020.11703"
"10.1038/s41467-020-14700-7","Fendler, Annika","first","gse66270","10.2147/cmar.s394100"
"10.1038/s41467-020-14700-7","Fendler, Annika","first","gse66270","10.1038/s41598-022-13148-7"
"10.1038/s41467-020-14700-7","Fendler, Annika","first","gse66270","10.1186/s12967-022-03805-w"
"10.1038/s41467-020-14700-7","Fendler, Annika","first","gse66270","10.1038/s41419-022-04576-4"
"10.1038/s41467-020-14700-7","Fendler, Annika","first","gse66270","10.7150/ijbs.58295"
"10.1038/s41467-020-14700-7","Fendler, Annika","first","gse66270","10.21037/tcr-22-1488"
"10.1038/s41467-020-14700-7","Fendler, Annika","first","gse66271","10.1002/cam4.4395"
"10.1038/s41467-020-14700-7","Fendler, Annika","first","gse66271","10.3389/fgene.2022.902064"
"10.1038/s41467-020-14700-7","Fendler, Annika","first","gse66271","10.7150/ijms.36128"
"10.1038/s41467-020-14700-7","Fendler, Annika","first","gse66271","10.1186/s12885-020-07726-z"
"10.1038/s41467-020-14700-7","Fendler, Annika","first","gse66271","10.1097/md.0000000000030270"
"10.1038/s41467-020-14700-7","Fendler, Annika","first","gse66271","10.7717/peerj.14201"
"10.1038/s41467-020-14700-7","Fendler, Annika","first","gse66271","10.1155/2022/8943643"
"10.1038/s41467-020-14700-7","Fendler, Annika","first","gse66271","10.1002/jcp.28597"
"10.1038/s41467-020-14700-7","Busch, Jonas","middle","gse66270","10.3389/fonc.2022.982426"
"10.1038/s41467-020-14700-7","Busch, Jonas","middle","gse66270","10.21037/tau-21-332"
"10.1038/s41467-020-14700-7","Busch, Jonas","middle","gse66270","10.18632/aging.202636"
"10.1038/s41467-020-14700-7","Busch, Jonas","middle","gse66270","10.1038/s41417-019-0138-2"
"10.1038/s41467-020-14700-7","Busch, Jonas","middle","gse66270","10.18632/aging.102746"
"10.1038/s41467-020-14700-7","Busch, Jonas","middle","gse66270","10.18632/aging.102540"
"10.1038/s41467-020-14700-7","Busch, Jonas","middle","gse66270","10.7717/peerj.14201"
"10.1038/s41467-020-14700-7","Busch, Jonas","middle","gse66270","10.1186/s12885-021-08525-w"
"10.1038/s41467-020-14700-7","Busch, Jonas","middle","gse66270","10.3389/fgene.2022.873884"
"10.1038/s41467-020-14700-7","Busch, Jonas","middle","gse66270","10.3389/fonc.2022.832027"
"10.1038/s41467-020-14700-7","Busch, Jonas","middle","gse66270","10.7150/ijms.36128"
"10.1038/s41467-020-14700-7","Busch, Jonas","middle","gse66270","10.3389/fgene.2020.01017"
"10.1038/s41467-020-14700-7","Busch, Jonas","middle","gse66270","10.3389/fgene.2022.902064"
"10.1038/s41467-020-14700-7","Busch, Jonas","middle","gse66270","10.3892/ol.2020.11703"
"10.1038/s41467-020-14700-7","Busch, Jonas","middle","gse66270","10.2147/cmar.s394100"
"10.1038/s41467-020-14700-7","Busch, Jonas","middle","gse66270","10.1038/s41598-022-13148-7"
"10.1038/s41467-020-14700-7","Busch, Jonas","middle","gse66270","10.1186/s12967-022-03805-w"
"10.1038/s41467-020-14700-7","Busch, Jonas","middle","gse66270","10.1038/s41419-022-04576-4"
"10.1038/s41467-020-14700-7","Busch, Jonas","middle","gse66270","10.7150/ijbs.58295"
"10.1038/s41467-020-14700-7","Busch, Jonas","middle","gse66270","10.21037/tcr-22-1488"
"10.1038/s41467-020-14700-7","Busch, Jonas","middle","gse66271","10.1002/cam4.4395"
"10.1038/s41467-020-14700-7","Busch, Jonas","middle","gse66271","10.3389/fgene.2022.902064"
"10.1038/s41467-020-14700-7","Busch, Jonas","middle","gse66271","10.7150/ijms.36128"
"10.1038/s41467-020-14700-7","Busch, Jonas","middle","gse66271","10.1186/s12885-020-07726-z"
"10.1038/s41467-020-14700-7","Busch, Jonas","middle","gse66271","10.1097/md.0000000000030270"
"10.1038/s41467-020-14700-7","Busch, Jonas","middle","gse66271","10.7717/peerj.14201"
"10.1038/s41467-020-14700-7","Busch, Jonas","middle","gse66271","10.1155/2022/8943643"
"10.1038/s41467-020-14700-7","Busch, Jonas","middle","gse66271","10.1002/jcp.28597"
"10.1038/s41467-020-14700-7","Busch, Jonas","middle","gse66270","10.3389/fonc.2022.982426"
"10.1038/s41467-020-14700-7","Busch, Jonas","middle","gse66270","10.21037/tau-21-332"
"10.1038/s41467-020-14700-7","Busch, Jonas","middle","gse66270","10.18632/aging.202636"
"10.1038/s41467-020-14700-7","Busch, Jonas","middle","gse66270","10.1038/s41417-019-0138-2"
"10.1038/s41467-020-14700-7","Busch, Jonas","middle","gse66270","10.18632/aging.102746"
"10.1038/s41467-020-14700-7","Busch, Jonas","middle","gse66270","10.18632/aging.102540"
"10.1038/s41467-020-14700-7","Busch, Jonas","middle","gse66270","10.7717/peerj.14201"
"10.1038/s41467-020-14700-7","Busch, Jonas","middle","gse66270","10.1186/s12885-021-08525-w"
"10.1038/s41467-020-14700-7","Busch, Jonas","middle","gse66270","10.3389/fgene.2022.873884"
"10.1038/s41467-020-14700-7","Busch, Jonas","middle","gse66270","10.3389/fonc.2022.832027"
"10.1038/s41467-020-14700-7","Busch, Jonas","middle","gse66270","10.7150/ijms.36128"
"10.1038/s41467-020-14700-7","Busch, Jonas","middle","gse66270","10.3389/fgene.2020.01017"
"10.1038/s41467-020-14700-7","Busch, Jonas","middle","gse66270","10.3389/fgene.2022.902064"
"10.1038/s41467-020-14700-7","Busch, Jonas","middle","gse66270","10.3892/ol.2020.11703"
"10.1038/s41467-020-14700-7","Busch, Jonas","middle","gse66270","10.2147/cmar.s394100"
"10.1038/s41467-020-14700-7","Busch, Jonas","middle","gse66270","10.1038/s41598-022-13148-7"
"10.1038/s41467-020-14700-7","Busch, Jonas","middle","gse66270","10.1186/s12967-022-03805-w"
"10.1038/s41467-020-14700-7","Busch, Jonas","middle","gse66270","10.1038/s41419-022-04576-4"
"10.1038/s41467-020-14700-7","Busch, Jonas","middle","gse66270","10.7150/ijbs.58295"
"10.1038/s41467-020-14700-7","Busch, Jonas","middle","gse66270","10.21037/tcr-22-1488"
"10.1038/s41467-020-14700-7","Busch, Jonas","middle","gse66271","10.1002/cam4.4395"
"10.1038/s41467-020-14700-7","Busch, Jonas","middle","gse66271","10.3389/fgene.2022.902064"
"10.1038/s41467-020-14700-7","Busch, Jonas","middle","gse66271","10.7150/ijms.36128"
"10.1038/s41467-020-14700-7","Busch, Jonas","middle","gse66271","10.1186/s12885-020-07726-z"
"10.1038/s41467-020-14700-7","Busch, Jonas","middle","gse66271","10.1097/md.0000000000030270"
"10.1038/s41467-020-14700-7","Busch, Jonas","middle","gse66271","10.7717/peerj.14201"
"10.1038/s41467-020-14700-7","Busch, Jonas","middle","gse66271","10.1155/2022/8943643"
"10.1038/s41467-020-14700-7","Busch, Jonas","middle","gse66271","10.1002/jcp.28597"
"10.1038/s41467-020-14700-7","Jung, Klaus","middle","gse66270","10.3389/fonc.2022.982426"
"10.1038/s41467-020-14700-7","Jung, Klaus","middle","gse66270","10.21037/tau-21-332"
"10.1038/s41467-020-14700-7","Jung, Klaus","middle","gse66270","10.18632/aging.202636"
"10.1038/s41467-020-14700-7","Jung, Klaus","middle","gse66270","10.1038/s41417-019-0138-2"
"10.1038/s41467-020-14700-7","Jung, Klaus","middle","gse66270","10.18632/aging.102746"
"10.1038/s41467-020-14700-7","Jung, Klaus","middle","gse66270","10.18632/aging.102540"
"10.1038/s41467-020-14700-7","Jung, Klaus","middle","gse66270","10.7717/peerj.14201"
"10.1038/s41467-020-14700-7","Jung, Klaus","middle","gse66270","10.1186/s12885-021-08525-w"
"10.1038/s41467-020-14700-7","Jung, Klaus","middle","gse66270","10.3389/fgene.2022.873884"
"10.1038/s41467-020-14700-7","Jung, Klaus","middle","gse66270","10.3389/fonc.2022.832027"
"10.1038/s41467-020-14700-7","Jung, Klaus","middle","gse66270","10.7150/ijms.36128"
"10.1038/s41467-020-14700-7","Jung, Klaus","middle","gse66270","10.3389/fgene.2020.01017"
"10.1038/s41467-020-14700-7","Jung, Klaus","middle","gse66270","10.3389/fgene.2022.902064"
"10.1038/s41467-020-14700-7","Jung, Klaus","middle","gse66270","10.3892/ol.2020.11703"
"10.1038/s41467-020-14700-7","Jung, Klaus","middle","gse66270","10.2147/cmar.s394100"
"10.1038/s41467-020-14700-7","Jung, Klaus","middle","gse66270","10.1038/s41598-022-13148-7"
"10.1038/s41467-020-14700-7","Jung, Klaus","middle","gse66270","10.1186/s12967-022-03805-w"
"10.1038/s41467-020-14700-7","Jung, Klaus","middle","gse66270","10.1038/s41419-022-04576-4"
"10.1038/s41467-020-14700-7","Jung, Klaus","middle","gse66270","10.7150/ijbs.58295"
"10.1038/s41467-020-14700-7","Jung, Klaus","middle","gse66270","10.21037/tcr-22-1488"
"10.1038/s41467-020-14700-7","Jung, Klaus","middle","gse66271","10.1002/cam4.4395"
"10.1038/s41467-020-14700-7","Jung, Klaus","middle","gse66271","10.3389/fgene.2022.902064"
"10.1038/s41467-020-14700-7","Jung, Klaus","middle","gse66271","10.7150/ijms.36128"
"10.1038/s41467-020-14700-7","Jung, Klaus","middle","gse66271","10.1186/s12885-020-07726-z"
"10.1038/s41467-020-14700-7","Jung, Klaus","middle","gse66271","10.1097/md.0000000000030270"
"10.1038/s41467-020-14700-7","Jung, Klaus","middle","gse66271","10.7717/peerj.14201"
"10.1038/s41467-020-14700-7","Jung, Klaus","middle","gse66271","10.1155/2022/8943643"
"10.1038/s41467-020-14700-7","Jung, Klaus","middle","gse66271","10.1002/jcp.28597"
"10.1038/s41467-020-14700-7","Elezkurtaj, Sefer","middle","gse66270","10.3389/fonc.2022.982426"
"10.1038/s41467-020-14700-7","Elezkurtaj, Sefer","middle","gse66270","10.21037/tau-21-332"
"10.1038/s41467-020-14700-7","Elezkurtaj, Sefer","middle","gse66270","10.18632/aging.202636"
"10.1038/s41467-020-14700-7","Elezkurtaj, Sefer","middle","gse66270","10.1038/s41417-019-0138-2"
"10.1038/s41467-020-14700-7","Elezkurtaj, Sefer","middle","gse66270","10.18632/aging.102746"
"10.1038/s41467-020-14700-7","Elezkurtaj, Sefer","middle","gse66270","10.18632/aging.102540"
"10.1038/s41467-020-14700-7","Elezkurtaj, Sefer","middle","gse66270","10.7717/peerj.14201"
"10.1038/s41467-020-14700-7","Elezkurtaj, Sefer","middle","gse66270","10.1186/s12885-021-08525-w"
"10.1038/s41467-020-14700-7","Elezkurtaj, Sefer","middle","gse66270","10.3389/fgene.2022.873884"
"10.1038/s41467-020-14700-7","Elezkurtaj, Sefer","middle","gse66270","10.3389/fonc.2022.832027"
"10.1038/s41467-020-14700-7","Elezkurtaj, Sefer","middle","gse66270","10.7150/ijms.36128"
"10.1038/s41467-020-14700-7","Elezkurtaj, Sefer","middle","gse66270","10.3389/fgene.2020.01017"
"10.1038/s41467-020-14700-7","Elezkurtaj, Sefer","middle","gse66270","10.3389/fgene.2022.902064"
"10.1038/s41467-020-14700-7","Elezkurtaj, Sefer","middle","gse66270","10.3892/ol.2020.11703"
"10.1038/s41467-020-14700-7","Elezkurtaj, Sefer","middle","gse66270","10.2147/cmar.s394100"
"10.1038/s41467-020-14700-7","Elezkurtaj, Sefer","middle","gse66270","10.1038/s41598-022-13148-7"
"10.1038/s41467-020-14700-7","Elezkurtaj, Sefer","middle","gse66270","10.1186/s12967-022-03805-w"
"10.1038/s41467-020-14700-7","Elezkurtaj, Sefer","middle","gse66270","10.1038/s41419-022-04576-4"
"10.1038/s41467-020-14700-7","Elezkurtaj, Sefer","middle","gse66270","10.7150/ijbs.58295"
"10.1038/s41467-020-14700-7","Elezkurtaj, Sefer","middle","gse66270","10.21037/tcr-22-1488"
"10.1038/s41467-020-14700-7","Elezkurtaj, Sefer","middle","gse66271","10.1002/cam4.4395"
"10.1038/s41467-020-14700-7","Elezkurtaj, Sefer","middle","gse66271","10.3389/fgene.2022.902064"
"10.1038/s41467-020-14700-7","Elezkurtaj, Sefer","middle","gse66271","10.7150/ijms.36128"
"10.1038/s41467-020-14700-7","Elezkurtaj, Sefer","middle","gse66271","10.1186/s12885-020-07726-z"
"10.1038/s41467-020-14700-7","Elezkurtaj, Sefer","middle","gse66271","10.1097/md.0000000000030270"
"10.1038/s41467-020-14700-7","Elezkurtaj, Sefer","middle","gse66271","10.7717/peerj.14201"
"10.1038/s41467-020-14700-7","Elezkurtaj, Sefer","middle","gse66271","10.1155/2022/8943643"
"10.1038/s41467-020-14700-7","Elezkurtaj, Sefer","middle","gse66271","10.1002/jcp.28597"
"10.1038/s41467-020-14700-7","Erguen, Bettina","middle","gse66270","10.3389/fonc.2022.982426"
"10.1038/s41467-020-14700-7","Erguen, Bettina","middle","gse66270","10.21037/tau-21-332"
"10.1038/s41467-020-14700-7","Erguen, Bettina","middle","gse66270","10.18632/aging.202636"
"10.1038/s41467-020-14700-7","Erguen, Bettina","middle","gse66270","10.1038/s41417-019-0138-2"
"10.1038/s41467-020-14700-7","Erguen, Bettina","middle","gse66270","10.18632/aging.102746"
"10.1038/s41467-020-14700-7","Erguen, Bettina","middle","gse66270","10.18632/aging.102540"
"10.1038/s41467-020-14700-7","Erguen, Bettina","middle","gse66270","10.7717/peerj.14201"
"10.1038/s41467-020-14700-7","Erguen, Bettina","middle","gse66270","10.1186/s12885-021-08525-w"
"10.1038/s41467-020-14700-7","Erguen, Bettina","middle","gse66270","10.3389/fgene.2022.873884"
"10.1038/s41467-020-14700-7","Erguen, Bettina","middle","gse66270","10.3389/fonc.2022.832027"
"10.1038/s41467-020-14700-7","Erguen, Bettina","middle","gse66270","10.7150/ijms.36128"
"10.1038/s41467-020-14700-7","Erguen, Bettina","middle","gse66270","10.3389/fgene.2020.01017"
"10.1038/s41467-020-14700-7","Erguen, Bettina","middle","gse66270","10.3389/fgene.2022.902064"
"10.1038/s41467-020-14700-7","Erguen, Bettina","middle","gse66270","10.3892/ol.2020.11703"
"10.1038/s41467-020-14700-7","Erguen, Bettina","middle","gse66270","10.2147/cmar.s394100"
"10.1038/s41467-020-14700-7","Erguen, Bettina","middle","gse66270","10.1038/s41598-022-13148-7"
"10.1038/s41467-020-14700-7","Erguen, Bettina","middle","gse66270","10.1186/s12967-022-03805-w"
"10.1038/s41467-020-14700-7","Erguen, Bettina","middle","gse66270","10.1038/s41419-022-04576-4"
"10.1038/s41467-020-14700-7","Erguen, Bettina","middle","gse66270","10.7150/ijbs.58295"
"10.1038/s41467-020-14700-7","Erguen, Bettina","middle","gse66270","10.21037/tcr-22-1488"
"10.1038/s41467-020-14700-7","Erguen, Bettina","middle","gse66271","10.1002/cam4.4395"
"10.1038/s41467-020-14700-7","Erguen, Bettina","middle","gse66271","10.3389/fgene.2022.902064"
"10.1038/s41467-020-14700-7","Erguen, Bettina","middle","gse66271","10.7150/ijms.36128"
"10.1038/s41467-020-14700-7","Erguen, Bettina","middle","gse66271","10.1186/s12885-020-07726-z"
"10.1038/s41467-020-14700-7","Erguen, Bettina","middle","gse66271","10.1097/md.0000000000030270"
"10.1038/s41467-020-14700-7","Erguen, Bettina","middle","gse66271","10.7717/peerj.14201"
"10.1038/s41467-020-14700-7","Erguen, Bettina","middle","gse66271","10.1155/2022/8943643"
"10.1038/s41467-020-14700-7","Erguen, Bettina","middle","gse66271","10.1002/jcp.28597"
"10.1038/s41467-020-14700-7","Chen, Wei","middle","gse66270","10.3389/fonc.2022.982426"
"10.1038/s41467-020-14700-7","Chen, Wei","middle","gse66270","10.21037/tau-21-332"
"10.1038/s41467-020-14700-7","Chen, Wei","middle","gse66270","10.18632/aging.202636"
"10.1038/s41467-020-14700-7","Chen, Wei","middle","gse66270","10.1038/s41417-019-0138-2"
"10.1038/s41467-020-14700-7","Chen, Wei","middle","gse66270","10.18632/aging.102746"
"10.1038/s41467-020-14700-7","Chen, Wei","middle","gse66270","10.18632/aging.102540"
"10.1038/s41467-020-14700-7","Chen, Wei","middle","gse66270","10.7717/peerj.14201"
"10.1038/s41467-020-14700-7","Chen, Wei","middle","gse66270","10.1186/s12885-021-08525-w"
"10.1038/s41467-020-14700-7","Chen, Wei","middle","gse66270","10.3389/fgene.2022.873884"
"10.1038/s41467-020-14700-7","Chen, Wei","middle","gse66270","10.3389/fonc.2022.832027"
"10.1038/s41467-020-14700-7","Chen, Wei","middle","gse66270","10.7150/ijms.36128"
"10.1038/s41467-020-14700-7","Chen, Wei","middle","gse66270","10.3389/fgene.2020.01017"
"10.1038/s41467-020-14700-7","Chen, Wei","middle","gse66270","10.3389/fgene.2022.902064"
"10.1038/s41467-020-14700-7","Chen, Wei","middle","gse66270","10.3892/ol.2020.11703"
"10.1038/s41467-020-14700-7","Chen, Wei","middle","gse66270","10.2147/cmar.s394100"
"10.1038/s41467-020-14700-7","Chen, Wei","middle","gse66270","10.1038/s41598-022-13148-7"
"10.1038/s41467-020-14700-7","Chen, Wei","middle","gse66270","10.1186/s12967-022-03805-w"
"10.1038/s41467-020-14700-7","Chen, Wei","middle","gse66270","10.1038/s41419-022-04576-4"
"10.1038/s41467-020-14700-7","Chen, Wei","middle","gse66270","10.7150/ijbs.58295"
"10.1038/s41467-020-14700-7","Chen, Wei","middle","gse66270","10.21037/tcr-22-1488"
"10.1038/s41467-020-14700-7","Chen, Wei","middle","gse66271","10.1002/cam4.4395"
"10.1038/s41467-020-14700-7","Chen, Wei","middle","gse66271","10.3389/fgene.2022.902064"
"10.1038/s41467-020-14700-7","Chen, Wei","middle","gse66271","10.7150/ijms.36128"
"10.1038/s41467-020-14700-7","Chen, Wei","middle","gse66271","10.1186/s12885-020-07726-z"
"10.1038/s41467-020-14700-7","Chen, Wei","middle","gse66271","10.1097/md.0000000000030270"
"10.1038/s41467-020-14700-7","Chen, Wei","middle","gse66271","10.7717/peerj.14201"
"10.1038/s41467-020-14700-7","Chen, Wei","middle","gse66271","10.1155/2022/8943643"
"10.1038/s41467-020-14700-7","Chen, Wei","middle","gse66271","10.1002/jcp.28597"
"10.1038/s41467-020-14700-7","Birchmeier, Walter","last","gse66270","10.3389/fonc.2022.982426"
"10.1038/s41467-020-14700-7","Birchmeier, Walter","last","gse66270","10.21037/tau-21-332"
"10.1038/s41467-020-14700-7","Birchmeier, Walter","last","gse66270","10.18632/aging.202636"
"10.1038/s41467-020-14700-7","Birchmeier, Walter","last","gse66270","10.1038/s41417-019-0138-2"
"10.1038/s41467-020-14700-7","Birchmeier, Walter","last","gse66270","10.18632/aging.102746"
"10.1038/s41467-020-14700-7","Birchmeier, Walter","last","gse66270","10.18632/aging.102540"
"10.1038/s41467-020-14700-7","Birchmeier, Walter","last","gse66270","10.7717/peerj.14201"
"10.1038/s41467-020-14700-7","Birchmeier, Walter","last","gse66270","10.1186/s12885-021-08525-w"
"10.1038/s41467-020-14700-7","Birchmeier, Walter","last","gse66270","10.3389/fgene.2022.873884"
"10.1038/s41467-020-14700-7","Birchmeier, Walter","last","gse66270","10.3389/fonc.2022.832027"
"10.1038/s41467-020-14700-7","Birchmeier, Walter","last","gse66270","10.7150/ijms.36128"
"10.1038/s41467-020-14700-7","Birchmeier, Walter","last","gse66270","10.3389/fgene.2020.01017"
"10.1038/s41467-020-14700-7","Birchmeier, Walter","last","gse66270","10.3389/fgene.2022.902064"
"10.1038/s41467-020-14700-7","Birchmeier, Walter","last","gse66270","10.3892/ol.2020.11703"
"10.1038/s41467-020-14700-7","Birchmeier, Walter","last","gse66270","10.2147/cmar.s394100"
"10.1038/s41467-020-14700-7","Birchmeier, Walter","last","gse66270","10.1038/s41598-022-13148-7"
"10.1038/s41467-020-14700-7","Birchmeier, Walter","last","gse66270","10.1186/s12967-022-03805-w"
"10.1038/s41467-020-14700-7","Birchmeier, Walter","last","gse66270","10.1038/s41419-022-04576-4"
"10.1038/s41467-020-14700-7","Birchmeier, Walter","last","gse66270","10.7150/ijbs.58295"
"10.1038/s41467-020-14700-7","Birchmeier, Walter","last","gse66270","10.21037/tcr-22-1488"
"10.1038/s41467-020-14700-7","Birchmeier, Walter","last","gse66271","10.1002/cam4.4395"
"10.1038/s41467-020-14700-7","Birchmeier, Walter","last","gse66271","10.3389/fgene.2022.902064"
"10.1038/s41467-020-14700-7","Birchmeier, Walter","last","gse66271","10.7150/ijms.36128"
"10.1038/s41467-020-14700-7","Birchmeier, Walter","last","gse66271","10.1186/s12885-020-07726-z"
"10.1038/s41467-020-14700-7","Birchmeier, Walter","last","gse66271","10.1097/md.0000000000030270"
"10.1038/s41467-020-14700-7","Birchmeier, Walter","last","gse66271","10.7717/peerj.14201"
"10.1038/s41467-020-14700-7","Birchmeier, Walter","last","gse66271","10.1155/2022/8943643"
"10.1038/s41467-020-14700-7","Birchmeier, Walter","last","gse66271","10.1002/jcp.28597"
"10.3389/fimmu.2020.00179","Rückert, Christine","middle","3czf","10.4049/jimmunol.1800683"
"10.3389/fimmu.2020.00179","Rückert, Christine","middle","1k5n","10.1186/1472-6807-5-21"
"10.3389/fimmu.2020.00179","Rückert, Christine","middle","1k5n","10.1186/1471-2105-15-s15-s6"
"10.3389/fimmu.2020.00179","Rückert, Christine","middle","1k5n","10.4049/jimmunol.1800683"
"10.3389/fimmu.2020.00179","Rückert, Christine","middle","1k5n","10.1371/journal.pcbi.1000845"
"10.3389/fimmu.2020.00179","Rückert, Christine","middle","1uxs","10.3389/fimmu.2017.00292"
"10.3389/fimmu.2020.00179","Rückert, Christine","middle","1uxs","10.1016/j.molimm.2019.06.005"
"10.3389/fimmu.2020.00179","Rückert, Christine","middle","1uxs","10.1371/journal.pcbi.1000845"
"10.3389/fimmu.2020.00179","Rückert, Christine","middle","1uxs","10.1371/journal.pone.0010926"
"10.3389/fimmu.2020.00179","Rückert, Christine","middle","1uxw","10.1371/journal.pcbi.1000845"
"10.3389/fimmu.2020.00179","Rückert, Christine","middle","1uxw","10.1016/j.molimm.2019.06.005"
"10.3389/fimmu.2020.00179","Rückert, Christine","middle","1uxw","10.1186/1471-2105-15-s15-s6"
"10.3389/fimmu.2020.00179","Rückert, Christine","middle","2a83","10.1371/journal.pone.0010926"
"10.3389/fimmu.2020.00179","Rückert, Christine","middle","2a83","10.1016/j.molimm.2019.06.005"
"10.3389/fimmu.2020.00179","Rückert, Christine","middle","2a83","10.4049/jimmunol.1800683"
"10.3389/fimmu.2020.00179","Rückert, Christine","middle","3czf","10.4049/jimmunol.1800683"
"10.3389/fimmu.2020.00179","Rückert, Christine","middle","1k5n","10.1186/1472-6807-5-21"
"10.3389/fimmu.2020.00179","Rückert, Christine","middle","1k5n","10.1186/1471-2105-15-s15-s6"
"10.3389/fimmu.2020.00179","Rückert, Christine","middle","1k5n","10.4049/jimmunol.1800683"
"10.3389/fimmu.2020.00179","Rückert, Christine","middle","1k5n","10.1371/journal.pcbi.1000845"
"10.3389/fimmu.2020.00179","Rückert, Christine","middle","1uxs","10.3389/fimmu.2017.00292"
"10.3389/fimmu.2020.00179","Rückert, Christine","middle","1uxs","10.1016/j.molimm.2019.06.005"
"10.3389/fimmu.2020.00179","Rückert, Christine","middle","1uxs","10.1371/journal.pcbi.1000845"
"10.3389/fimmu.2020.00179","Rückert, Christine","middle","1uxs","10.1371/journal.pone.0010926"
"10.3389/fimmu.2020.00179","Rückert, Christine","middle","1uxw","10.1371/journal.pcbi.1000845"
"10.3389/fimmu.2020.00179","Rückert, Christine","middle","1uxw","10.1016/j.molimm.2019.06.005"
"10.3389/fimmu.2020.00179","Rückert, Christine","middle","1uxw","10.1186/1471-2105-15-s15-s6"
"10.3389/fimmu.2020.00179","Rückert, Christine","middle","2a83","10.1371/journal.pone.0010926"
"10.3389/fimmu.2020.00179","Rückert, Christine","middle","2a83","10.1016/j.molimm.2019.06.005"
"10.3389/fimmu.2020.00179","Rückert, Christine","middle","2a83","10.4049/jimmunol.1800683"
"10.3389/fimmu.2020.00179","Uchanska-Ziegler, Barbara","middle","3czf","10.4049/jimmunol.1800683"
"10.3389/fimmu.2020.00179","Uchanska-Ziegler, Barbara","middle","1k5n","10.1186/1472-6807-5-21"
"10.3389/fimmu.2020.00179","Uchanska-Ziegler, Barbara","middle","1k5n","10.1186/1471-2105-15-s15-s6"
"10.3389/fimmu.2020.00179","Uchanska-Ziegler, Barbara","middle","1k5n","10.4049/jimmunol.1800683"
"10.3389/fimmu.2020.00179","Uchanska-Ziegler, Barbara","middle","1k5n","10.1371/journal.pcbi.1000845"
"10.3389/fimmu.2020.00179","Uchanska-Ziegler, Barbara","middle","1uxs","10.3389/fimmu.2017.00292"
"10.3389/fimmu.2020.00179","Uchanska-Ziegler, Barbara","middle","1uxs","10.1016/j.molimm.2019.06.005"
"10.3389/fimmu.2020.00179","Uchanska-Ziegler, Barbara","middle","1uxs","10.1371/journal.pcbi.1000845"
"10.3389/fimmu.2020.00179","Uchanska-Ziegler, Barbara","middle","1uxs","10.1371/journal.pone.0010926"
"10.3389/fimmu.2020.00179","Uchanska-Ziegler, Barbara","middle","1uxw","10.1371/journal.pcbi.1000845"
"10.3389/fimmu.2020.00179","Uchanska-Ziegler, Barbara","middle","1uxw","10.1016/j.molimm.2019.06.005"
"10.3389/fimmu.2020.00179","Uchanska-Ziegler, Barbara","middle","1uxw","10.1186/1471-2105-15-s15-s6"
"10.3389/fimmu.2020.00179","Uchanska-Ziegler, Barbara","middle","2a83","10.1371/journal.pone.0010926"
"10.3389/fimmu.2020.00179","Uchanska-Ziegler, Barbara","middle","2a83","10.1016/j.molimm.2019.06.005"
"10.3389/fimmu.2020.00179","Uchanska-Ziegler, Barbara","middle","2a83","10.4049/jimmunol.1800683"
"10.3389/fimmu.2020.00179","Uchanska-Ziegler, Barbara","middle","3czf","10.4049/jimmunol.1800683"
"10.3389/fimmu.2020.00179","Uchanska-Ziegler, Barbara","middle","1k5n","10.1186/1472-6807-5-21"
"10.3389/fimmu.2020.00179","Uchanska-Ziegler, Barbara","middle","1k5n","10.1186/1471-2105-15-s15-s6"
"10.3389/fimmu.2020.00179","Uchanska-Ziegler, Barbara","middle","1k5n","10.4049/jimmunol.1800683"
"10.3389/fimmu.2020.00179","Uchanska-Ziegler, Barbara","middle","1k5n","10.1371/journal.pcbi.1000845"
"10.3389/fimmu.2020.00179","Uchanska-Ziegler, Barbara","middle","1uxs","10.3389/fimmu.2017.00292"
"10.3389/fimmu.2020.00179","Uchanska-Ziegler, Barbara","middle","1uxs","10.1016/j.molimm.2019.06.005"
"10.3389/fimmu.2020.00179","Uchanska-Ziegler, Barbara","middle","1uxs","10.1371/journal.pcbi.1000845"
"10.3389/fimmu.2020.00179","Uchanska-Ziegler, Barbara","middle","1uxs","10.1371/journal.pone.0010926"
"10.3389/fimmu.2020.00179","Uchanska-Ziegler, Barbara","middle","1uxw","10.1371/journal.pcbi.1000845"
"10.3389/fimmu.2020.00179","Uchanska-Ziegler, Barbara","middle","1uxw","10.1016/j.molimm.2019.06.005"
"10.3389/fimmu.2020.00179","Uchanska-Ziegler, Barbara","middle","1uxw","10.1186/1471-2105-15-s15-s6"
"10.3389/fimmu.2020.00179","Uchanska-Ziegler, Barbara","middle","2a83","10.1371/journal.pone.0010926"
"10.3389/fimmu.2020.00179","Uchanska-Ziegler, Barbara","middle","2a83","10.1016/j.molimm.2019.06.005"
"10.3389/fimmu.2020.00179","Uchanska-Ziegler, Barbara","middle","2a83","10.4049/jimmunol.1800683"
"10.1038/s41598-019-57076-5","Schulte, Johannes","middle","gse120572","10.3390/cancers12071739"
"10.1038/s41598-019-57076-5","Schulte, Johannes","middle","gse120572","10.3390/cancers12092343"
"10.1038/s41598-019-57076-5","Schulte, Johannes","middle","gse120572","10.1038/s41467-020-20474-9"
"10.1038/s41598-019-57076-5","Schulte, Johannes","middle","gse120572","10.1038/s41419-022-04635-w"
"10.1038/s41598-019-57076-5","Schulte, Johannes","middle","gse120572","10.1042/ns20200006"
"10.1038/s41598-019-57076-5","Schulte, Johannes","middle","gse120572","10.1016/j.ebiom.2022.104300"
"10.1038/s41598-019-57076-5","Schulte, Johannes","middle","gse120572","10.1016/j.omto.2022.03.010"
"10.1038/s41596-019-0251-6","Capper, David","middle","gse109381","10.1038/s41698-022-00295-3"
"10.1038/s41596-019-0251-6","Capper, David","middle","gse109381","10.1111/nan.12872"
"10.1038/s41596-019-0251-6","Capper, David","middle","gse109381","10.1038/s41540-021-00193-7"
"10.1038/s41596-019-0251-6","Capper, David","middle","gse109381","10.3390/cancers13123047"
"10.1038/s41596-019-0251-6","Capper, David","middle","gse109381","10.1186/s40478-021-01249-9"
"10.1038/s41596-019-0251-6","Capper, David","middle","gse109381","10.1111/nan.12862"
"10.1038/s41596-019-0251-6","Capper, David","middle","gse109381","10.7554/elife.52253"
"10.1038/s41596-019-0251-6","Capper, David","middle","gse109381","10.1186/s40478-021-01295-3"
"10.1038/s41596-019-0251-6","Capper, David","middle","gse109381","10.1007/s12022-022-09727-z"
"10.1038/s41596-019-0251-6","Capper, David","middle","gse109381","10.1186/s40478-019-0681-y"
"10.1038/s41596-019-0251-6","Capper, David","middle","gse109381","10.1038/s41467-020-18070-y"
"10.1038/s41596-019-0251-6","Capper, David","middle","gse109381","10.1093/noajnl/vdz015"
"10.1038/s41592-019-0638-x","Ralser, Markus","last","pxd010529","10.1016/j.patter.2020.100137"
"10.1038/s41597-019-0161-z","Kadobianskyi, Mykola","first","srma00000000","10.1038/s41598-021-97600-0"
"10.1038/s41597-019-0161-z","Schulze, Lisanne","middle","srma00000000","10.1038/s41598-021-97600-0"
"10.1038/s41597-019-0161-z","Schuelke, Markus","middle","srma00000000","10.1038/s41598-021-97600-0"
"10.1038/s41597-019-0161-z","Judkewitz, Benjamin","last","srma00000000","10.1038/s41598-021-97600-0"
"10.1038/s41467-020-18367-y","Erk, Susanne","middle","phs000930","10.3389/fcvm.2022.1003246"
"10.1038/s41467-020-18367-y","Erk, Susanne","middle","phs000930","10.1155/2022/8954606"
"10.1038/s41467-020-18367-y","Erk, Susanne","middle","phs000930","10.1038/s41467-022-35553-2"
"10.1038/s41467-020-18367-y","Erk, Susanne","middle","phs000930","10.3389/fgene.2022.954713"
"10.1038/s41467-020-18367-y","Erk, Susanne","middle","phs000930","10.1038/s41467-020-15932-3"
"10.1038/s41467-020-18367-y","Erk, Susanne","middle","phs000930","10.1002/ijc.32988"
"10.1038/s41467-020-18367-y","Erk, Susanne","middle","phs000930","10.1161/jaha.117.008160"
"10.1038/s41467-020-18367-y","Erk, Susanne","middle","phs000930","10.1016/j.ijcard.2020.03.053"
"10.1038/s41467-020-18367-y"," Lett, Tristram A.","middle","phs000930","10.3389/fcvm.2022.1003246"
"10.1038/s41467-020-18367-y"," Lett, Tristram A.","middle","phs000930","10.1155/2022/8954606"
"10.1038/s41467-020-18367-y"," Lett, Tristram A.","middle","phs000930","10.1038/s41467-022-35553-2"
"10.1038/s41467-020-18367-y"," Lett, Tristram A.","middle","phs000930","10.3389/fgene.2022.954713"
"10.1038/s41467-020-18367-y"," Lett, Tristram A.","middle","phs000930","10.1038/s41467-020-15932-3"
"10.1038/s41467-020-18367-y"," Lett, Tristram A.","middle","phs000930","10.1002/ijc.32988"
"10.1038/s41467-020-18367-y"," Lett, Tristram A.","middle","phs000930","10.1161/jaha.117.008160"
"10.1038/s41467-020-18367-y"," Lett, Tristram A.","middle","phs000930","10.1016/j.ijcard.2020.03.053"
"10.1038/s41467-020-18367-y","Heinz, Andreas","middle","phs000930","10.3389/fcvm.2022.1003246"
"10.1038/s41467-020-18367-y","Heinz, Andreas","middle","phs000930","10.1155/2022/8954606"
"10.1038/s41467-020-18367-y","Heinz, Andreas","middle","phs000930","10.1038/s41467-022-35553-2"
"10.1038/s41467-020-18367-y","Heinz, Andreas","middle","phs000930","10.3389/fgene.2022.954713"
"10.1038/s41467-020-18367-y","Heinz, Andreas","middle","phs000930","10.1038/s41467-020-15932-3"
"10.1038/s41467-020-18367-y","Heinz, Andreas","middle","phs000930","10.1002/ijc.32988"
"10.1038/s41467-020-18367-y","Heinz, Andreas","middle","phs000930","10.1161/jaha.117.008160"
"10.1038/s41467-020-18367-y","Heinz, Andreas","middle","phs000930","10.1016/j.ijcard.2020.03.053"
"10.1038/s41467-020-18367-y","Walter, Henrik","middle","phs000930","10.3389/fcvm.2022.1003246"
"10.1038/s41467-020-18367-y","Walter, Henrik","middle","phs000930","10.1155/2022/8954606"
"10.1038/s41467-020-18367-y","Walter, Henrik","middle","phs000930","10.1038/s41467-022-35553-2"
"10.1038/s41467-020-18367-y","Walter, Henrik","middle","phs000930","10.3389/fgene.2022.954713"
"10.1038/s41467-020-18367-y","Walter, Henrik","middle","phs000930","10.1038/s41467-020-15932-3"
"10.1038/s41467-020-18367-y","Walter, Henrik","middle","phs000930","10.1002/ijc.32988"
"10.1038/s41467-020-18367-y","Walter, Henrik","middle","phs000930","10.1161/jaha.117.008160"
"10.1038/s41467-020-18367-y","Walter, Henrik","middle","phs000930","10.1016/j.ijcard.2020.03.053"
"10.1038/s41586-021-03767-x","Heidecker, Bettina","middle","gcst011074","10.1016/j.jinf.2022.07.013"
"10.1038/s41586-021-03767-x","Kurth, Florian","middle","gcst011074","10.1016/j.jinf.2022.07.013"
"10.1038/s41586-021-03767-x","Sander, Leif E.","middle","gcst011074","10.1016/j.jinf.2022.07.013"
"10.1038/s41586-021-03767-x","Mayer, Alena","middle","gcst011074","10.1016/j.jinf.2022.07.013"
"10.1038/s41586-021-03767-x","Braun, Alice","middle","gcst011074","10.1016/j.jinf.2022.07.013"
"10.1038/s41586-021-03767-x","Skurk, Carsten","middle","gcst011074","10.1016/j.jinf.2022.07.013"
"10.1038/s41586-021-03767-x","Thibeault, Charlotte","middle","gcst011074","10.1016/j.jinf.2022.07.013"
"10.1038/s41586-021-03767-x","Helbig, Elisa T.","middle","gcst011074","10.1016/j.jinf.2022.07.013"
"10.1038/s41586-021-03767-x","Kraft, Julia","middle","gcst011074","10.1016/j.jinf.2022.07.013"
"10.1038/s41586-021-03767-x","Lippert, Lena J.","middle","gcst011074","10.1016/j.jinf.2022.07.013"
"10.1038/s41586-021-03767-x","Suwalski, Phillip","middle","gcst011074","10.1016/j.jinf.2022.07.013"
"10.1038/s41586-021-03767-x","Ripke, Stephan","middle","gcst011074","10.1016/j.jinf.2022.07.013"
"10.1038/s41586-021-03767-x","Poller, Wolfgang","middle","gcst011074","10.1016/j.jinf.2022.07.013"
"10.1038/s41586-021-03767-x","Wang, Xiaomin","middle","gcst011074","10.1016/j.jinf.2022.07.013"
"10.1038/s41586-021-03767-x","Karadeniz, Zehra","middle","gcst011074","10.1016/j.jinf.2022.07.013"
"10.1038/s41586-021-03767-x","Landmesser, Ulf","middle","gcst011074","10.1016/j.jinf.2022.07.013"
"10.1126/science.abo3627","von Bernuth, Horst","middle","gse167029","10.3390/v13112212"
"10.1126/science.abo3627","von Bernuth, Horst","middle","gse167029","10.3389/fimmu.2022.979188"
"10.1242/dev.201228","Malte, Spielmann","last","10.17863/cam.87955","10.1038/s42255-022-00657-y"
"10.1016/j.bpsgos.2021.07.008","Ripke, Stephan","middle","phs000670","10.1038/s41398-021-01488-3"
"10.1016/j.bpsgos.2021.07.008","Abdellaoui, Abdel","middle","phs000670","10.1038/s41398-021-01488-3"
"10.1016/j.bpsgos.2021.07.008","Dolan, Conor V.","middle","phs000670","10.1038/s41398-021-01488-3"
"10.1016/j.bpsgos.2021.07.008","Finucane, Hilary K.","middle","phs000670","10.1038/s41398-021-01488-3"
"10.1016/j.bpsgos.2021.07.008","Kraft, Julia","middle","phs000670","10.1038/s41398-021-01488-3"
"10.1016/j.bpsgos.2021.07.008","Mbarek, Hamdi","middle","phs000670","10.1038/s41398-021-01488-3"
"10.1016/j.bpsgos.2021.07.008","Middeldorp, Christel M.","middle","phs000670","10.1038/s41398-021-01488-3"
"10.1016/j.bpsgos.2021.07.008","Nivard, Michel G.","middle","phs000670","10.1038/s41398-021-01488-3"
"10.1016/j.bpsgos.2021.07.008","Hottenga, Jouke-Jan","middle","phs000670","10.1038/s41398-021-01488-3"
"10.1016/j.bpsgos.2021.07.008","Thompson, Wesley","middle","phs000670","10.1038/s41398-021-01488-3"
"10.1016/j.bpsgos.2021.07.008","Wang, Yunpeng","middle","phs000670","10.1038/s41398-021-01488-3"
"10.1016/j.bpsgos.2021.07.008","Weinsheimer, Shantel Marie","middle","phs000670","10.1038/s41398-021-01488-3"
"10.1016/j.bpsgos.2021.07.008","Willemsen, Gonneke","middle","phs000670","10.1038/s41398-021-01488-3"
"10.1016/j.bpsgos.2021.07.008","Boomsma, Dorret I.","middle","phs000670","10.1038/s41398-021-01488-3"
"10.1016/j.bpsgos.2021.07.008","de Geus, E.J.C.","middle","phs000670","10.1038/s41398-021-01488-3"
"10.1016/j.bpsgos.2021.07.008","Trubetskoy, Vassily","middle","phs000670","10.1038/s41398-021-01488-3"
"10.1038/s41467-020-20603-4","Capper, David","middle","gse140686","10.18632/oncotarget.28032"
"10.1038/s41467-020-20603-4","Capper, David","middle","gse140686","10.1155/2022/5297235"
"10.1038/s41467-020-20603-4","Trubetskoy, Vassily","first","gse140686","10.18632/oncotarget.28032"
"10.1038/s41467-020-20603-4","Trubetskoy, Vassily","first","gse140686","10.1155/2022/5297235"
"10.1038/s41467-020-20603-4","Panagiotaropoulou, Georgia","middle","gse140686","10.18632/oncotarget.28032"
"10.1038/s41467-020-20603-4","Panagiotaropoulou, Georgia","middle","gse140686","10.1155/2022/5297235"
"10.1038/s41467-020-20603-4","Awasthi, Swapnil","middle","gse140686","10.18632/oncotarget.28032"
"10.1038/s41467-020-20603-4","Awasthi, Swapnil","middle","gse140686","10.1155/2022/5297235"
"10.1038/s41467-020-20603-4","Braun, Alice","middle","gse140686","10.18632/oncotarget.28032"
"10.1038/s41467-020-20603-4","Braun, Alice","middle","gse140686","10.1155/2022/5297235"
"10.1038/s41467-020-20603-4","Kraft, Julia","middle","gse140686","10.18632/oncotarget.28032"
"10.1038/s41467-020-20603-4","Kraft, Julia","middle","gse140686","10.1155/2022/5297235"
"10.1038/s41467-020-20603-4","Skarabis, Nora","middle","gse140686","10.18632/oncotarget.28032"
"10.1038/s41467-020-20603-4","Skarabis, Nora","middle","gse140686","10.1155/2022/5297235"
"10.1038/s41467-020-20603-4","Walter, Henrik","middle","gse140686","10.18632/oncotarget.28032"
"10.1038/s41467-020-20603-4","Walter, Henrik","middle","gse140686","10.1155/2022/5297235"
"10.1038/s41467-020-20603-4","Ripke, Stephan","middle","gse140686","10.18632/oncotarget.28032"
"10.1038/s41467-020-20603-4","Ripke, Stephan","middle","gse140686","10.1155/2022/5297235"
"10.1038/s41467-020-20603-4","Hahn, Eric","middle","gse140686","10.18632/oncotarget.28032"
"10.1038/s41467-020-20603-4","Hahn, Eric","middle","gse140686","10.1155/2022/5297235"
"10.1038/s41586-022-04434-5","Ta, Thi Minh Tam","middle","phs000021","10.1371/journal.pone.0179020"
"10.1038/s41586-022-04434-5","Ta, Thi Minh Tam","middle","phs000021","10.1038/s41467-019-12131-7"
"10.1038/s41586-022-04434-5","Ta, Thi Minh Tam","middle","phs000021","10.1038/tp.2017.61"
"10.1038/s41586-022-04434-5","Ta, Thi Minh Tam","middle","phs000021","10.7717/peerj.7778"
"10.1038/s41586-022-04434-5","Ta, Thi Minh Tam","middle","phs000021","10.1371/journal.pgen.1010443"
"10.1038/s41586-022-04434-5","Ta, Thi Minh Tam","middle","phs000021","10.1038/s41467-022-30773-y"
"10.1038/s41586-022-04434-5","Ta, Thi Minh Tam","middle","phs000021","10.1371/journal.pcbi.1007565"
"10.1038/s41586-022-04434-5","Ta, Thi Minh Tam","middle","phs000021","10.1371/journal.pone.0053042"
"10.1038/s41586-022-04434-5","Ta, Thi Minh Tam","middle","phs000021","10.1371/journal.pone.0028477"
"10.1038/s41586-022-04434-5","Ta, Thi Minh Tam","middle","phs000021","10.3389/fgene.2019.00319"
"10.1038/s41586-022-04434-5","Ta, Thi Minh Tam","middle","phs000021","10.1038/s41598-023-27448-z"
"10.1038/s41586-022-04434-5","Ta, Thi Minh Tam","middle","phs000021","10.1186/1471-2393-12-61"
"10.1038/s41586-022-04434-5","Ta, Thi Minh Tam","middle","phs000021","10.1038/ncomms4856"
"10.1038/s41586-022-04434-5","Ta, Thi Minh Tam","middle","phs000021","10.1371/journal.pone.0051674"
"10.1038/s41586-022-05275-y","Langenberg, Claudia","middle","phs000788","10.1038/s41467-020-17668-6"
"10.1038/s41586-022-05275-y","Langenberg, Claudia","middle","phs000788","10.1534/g3.118.200925"
"10.1038/s41586-022-05275-y","Langenberg, Claudia","middle","phs000788","10.1371/journal.pgen.1007808"
"10.1038/s41586-022-05275-y","Langenberg, Claudia","middle","phs000788","10.3390/cells9102257"
"10.1038/s41586-022-05275-y","Langenberg, Claudia","middle","phs000788","10.1038/s41386-022-01265-w"
"10.1038/s41586-022-05275-y","Langenberg, Claudia","middle","phs000788","10.1038/s41467-017-02596-9"
"10.1038/s41586-022-05275-y","Langenberg, Claudia","middle","phs000284","10.1371/journal.pone.0173784"
"10.1038/s41586-022-05275-y","Langenberg, Claudia","middle","phs000284","10.1186/s13073-021-00971-2"
"10.1038/s41586-022-05275-y","Langenberg, Claudia","middle","phs000286","10.1371/journal.pone.0173784"
"10.1038/s41586-022-05275-y","Langenberg, Claudia","middle","phs000286","10.1101/gr.275323.121"
"10.1038/s41586-022-05275-y","Langenberg, Claudia","middle","phs000286","10.1534/g3.120.401658"
"10.1038/s41586-022-05275-y","Langenberg, Claudia","middle","phs000286","10.1038/s41597-022-01660-4"
"10.1038/s41586-022-05275-y","Langenberg, Claudia","middle","phs000286","10.1186/s12859-023-05200-8"
"10.1038/s41586-022-05275-y","Langenberg, Claudia","middle","phs000286","10.1186/s13073-021-00971-2"
"10.1038/s41586-022-05275-y","Langenberg, Claudia","middle","phs000286","10.1371/journal.pgen.1006811"
"10.1038/s41586-022-05275-y","Langenberg, Claudia","middle","phs000286","10.1186/s13059-020-02121-0"
"10.1038/s41586-022-05275-y","Langenberg, Claudia","middle","phs000386","10.1038/s41598-017-01098-4"
"10.1038/s41588-023-01422-x","Eckardt, Kai-Uwe","middle","phs000431","10.1002/art.40040"
"10.1038/s41588-023-01422-x","Eckardt, Kai-Uwe","middle","phs001584","10.1038/s41467-022-30678-w"
"10.3201/eid2707.204660","Moreira-Soto, Andres","middle","mt108784","10.1016/j.antiviral.2021.105197"
