"unique_id","doi","doi_no_ver_info","data_id","data_id_auto_cleaned","data_id_no_ex_chr","data_id_m_val","data_id_merged","data_id_secondary","data_access","in_dashboard","source","listed_in_numbat_output","validated","Category","covid_related","human_data","dataset_is_doi","repository","in_dcc","data_availability_statement","charite_id_year","license"
461,"10.1371/journal.pmed.1004175","10.1371/journal.pmed.1004175","https://doi.org/10.17605/osf.io/26dgx","//osf.io/26dgx","//osf.io/26dgx","10.17605/osf.io/26dgx","10.17605/osf.io/26dgx",NA,"yes",TRUE,"numbat",TRUE,TRUE,"gen_rep",NA,NA,"FALSE","osf","FALSE","yes",NA,"CC BY"
653,"10.1371/journal.pbio.3001783","10.1371/journal.pbio.3001783","https://doi.org/10.17605/osf.io/2c4wq","//osf.io/2c4wq","//osf.io/2c4wq","10.17605/osf.io/2c4wq","10.17605/osf.io/2c4wq",NA,"yes",TRUE,"numbat",TRUE,TRUE,"gen_rep",NA,NA,"FALSE","osf","FALSE","yes",NA,"CC BY"
777,"10.1016/j.jpain.2021.12.015","10.1016/j.jpain.2021.12.015","https://osf.io/2nyt6/","//osf.io/2nyt6","//osf.io/2nyt6","10.17605/osf.io/2nyt6","10.17605/osf.io/2nyt6",NA,"yes",TRUE,"numbat",TRUE,TRUE,"gen_rep",NA,NA,"FALSE","osf","FALSE","yes",NA,"CC BY"
487,"10.1371/journal.pone.0289203","10.1371/journal.pone.0289203","doi.org/10.17605/osf.io/2smz5","//osf.io/2smz5","//osf.io/2smz5","10.17605/osf.io/2smz5","10.17605/osf.io/2smz5",NA,"yes",TRUE,"numbat",TRUE,TRUE,"gen_rep",NA,NA,"FALSE","osf","FALSE","yes",NA,"no license"
890,"10.1016/j.neuroimage.2022.119348","10.1016/j.neuroimage.2022.119348","https://osf.io/2vw6j/","//osf.io/2vw6j","//osf.io/2vw6j","10.17605/osf.io/2vw6j","10.17605/osf.io/2vw6j",NA,"yes",TRUE,"numbat",TRUE,TRUE,"gen_rep",NA,NA,"FALSE","osf","FALSE","yes",NA,"no license"
845,"10.1016/j.neuroimage.2022.119754","10.1016/j.neuroimage.2022.119754","doi.org/10.17605/osf.io/3jk45","//osf.io/3jk45","//osf.io/3jk45","10.17605/osf.io/3jk45","10.17605/osf.io/3jk45",NA,"yes",TRUE,"numbat",TRUE,TRUE,"gen_rep",NA,NA,"FALSE","osf","FALSE","yes",NA,"CC BY"
1458,"10.1038/s41598-021-85027-6","10.1038/s41598-021-85027-6","https://osf.io/3jq76?view_only=917a4a545f144ddd948c4ae6a3bcb2e5","//osf.io/3jq76","//osf.io/3jq76","10.17605/osf.io/3jq76","10.17605/osf.io/3jq76",NA,"yes",TRUE,"numbat",TRUE,TRUE,"gen_rep",NA,NA,"FALSE","osf","FALSE",NA,NA,"CC BY"
1694,"10.3389/fpsyg.2021.734877","10.3389/fpsyg.2021.734877","https://osf.io/3u62p/","//osf.io/3u62p","//osf.io/3u62p","10.17605/osf.io/3u62p","10.17605/osf.io/3u62p",NA,"yes",TRUE,"numbat",TRUE,TRUE,"gen_rep",NA,NA,"FALSE","osf","FALSE",NA,NA,"no license"
1990,"10.1523/eneuro.0537-19.2020","10.1523/eneuro.0537-19.2020","https://osf.io/3x95n/","//osf.io/3x95n","//osf.io/3x95n","10.17605/osf.io/3x95n","10.17605/osf.io/3x95n",NA,"yes",TRUE,"numbat",TRUE,TRUE,"gen_rep",NA,NA,"FALSE","osf","FALSE",NA,NA,NA
1523,"10.1017/s2045796021000147","10.1017/s2045796021000147","https://osf.io/3xcdu/?view_only=957edc6293894497ba7aaf5bb8fc8205","//osf.io/3xcdu","//osf.io/3xcdu","10.17605/osf.io/3xcdu","10.17605/osf.io/3xcdu",NA,"yes",TRUE,"numbat",TRUE,TRUE,"gen_rep",NA,NA,"FALSE","osf","FALSE",NA,NA,"no license"
2068,"10.1525/collabra.267","10.1525/collabra.267","https://osf.io/48fhe","//osf.io/48fhe","//osf.io/48fhe","10.17605/osf.io/48fhe","10.17605/osf.io/48fhe",NA,"yes",TRUE,"numbat",TRUE,TRUE,"gen_rep",NA,NA,"FALSE","osf","FALSE",NA,NA,NA
458,"10.1162/jocn_a_02043","10.1162/jocn_a_02043","10.17605/osf.io/4fdky","//osf.io/4fdky","//osf.io/4fdky","10.17605/osf.io/4fdky","10.17605/osf.io/4fdky",NA,"yes",TRUE,"numbat",TRUE,TRUE,"gen_rep",NA,NA,"FALSE","osf","FALSE","yes",NA,"CC BY"
1069,"10.3758/s13428-021-01739-7","10.3758/s13428-021-01739-7","https://osf.io/4ng3e/","//osf.io/4ng3e","//osf.io/4ng3e","10.17605/osf.io/4ng3e","10.17605/osf.io/4ng3e",NA,"yes",TRUE,"numbat",TRUE,TRUE,"gen_rep",NA,NA,"FALSE","osf","FALSE","yes",NA,"CC BY"
392,"10.7717/peerj.15499","10.7717/peerj.15499","10.17605/osf.io/4p8hz","//osf.io/4p8hz","//osf.io/4p8hz","10.17605/osf.io/4p8hz","10.17605/osf.io/4p8hz",NA,"yes",TRUE,"numbat",TRUE,TRUE,"gen_rep",NA,NA,"FALSE","osf","FALSE","yes",NA,"no license"
1725,"10.3390/medicina57070646","10.3390/medicina57070646","https://osf.io/5d8vu/","//osf.io/5d8vu","//osf.io/5d8vu","10.17605/osf.io/5d8vu","10.17605/osf.io/5d8vu",NA,"yes",TRUE,"numbat",TRUE,TRUE,"gen_rep",NA,NA,"FALSE","osf","FALSE",NA,NA,"no license"
1271,"10.1038/s41597-022-01806-4","10.1038/s41597-022-01806-4","https://doi.org/10.17605/osf.io/5kfw3","//osf.io/5kfw3","//osf.io/5kfw3","10.17605/osf.io/5kfw3","10.17605/osf.io/5kfw3",NA,"yes",TRUE,"numbat",TRUE,TRUE,"gen_rep",NA,NA,"FALSE","osf","FALSE","no_statement_no_data",NA,"CC BY"
1667,"10.1177/1745691620979806","10.1177/1745691620979806","https://osf.io/5qmz7/","//osf.io/5qmz7","//osf.io/5qmz7","10.17605/osf.io/5qmz7","10.17605/osf.io/5qmz7",NA,"yes",TRUE,"numbat",TRUE,TRUE,"gen_rep",NA,NA,"FALSE","osf","FALSE",NA,NA,"CC0"
1525,"10.1038/s41398-020-01150-4","10.1038/s41398-020-01150-4","https://osf.io/5xq9p/","//osf.io/5xq9p","//osf.io/5xq9p","10.17605/osf.io/5xq9p","10.17605/osf.io/5xq9p",NA,"yes",TRUE,"numbat",TRUE,TRUE,"gen_rep",NA,NA,"FALSE","osf","FALSE",NA,NA,"no license"
1206,"10.1159/000526774","10.1159/000526774","https://osf.io/5yja4/","//osf.io/5yja4","//osf.io/5yja4","10.17605/osf.io/5yja4","10.17605/osf.io/5yja4",NA,"yes",TRUE,"numbat",TRUE,TRUE,"gen_rep",NA,NA,"FALSE","osf","FALSE","yes",NA,"no license"
1181,"10.3389/fpsyg.2022.973164","10.3389/fpsyg.2022.973164","https://osf.io/63mep/","//osf.io/63mep","//osf.io/63mep","10.17605/osf.io/63mep","10.17605/osf.io/63mep",NA,"yes",TRUE,"numbat",TRUE,TRUE,"gen_rep",NA,NA,"FALSE","osf","FALSE","yes",NA,"no license"
1959,"10.1371/journal.pone.0237093","10.1371/journal.pone.0237093","https://osf.io/6frp5/","//osf.io/6frp5","//osf.io/6frp5","10.17605/osf.io/6frp5","10.17605/osf.io/6frp5",NA,"yes",TRUE,"numbat",TRUE,TRUE,"gen_rep",NA,NA,"FALSE","osf","FALSE",NA,NA,NA
1589,"10.1080/13561820.2021.1903405","10.1080/13561820.2021.1903405","http://doi.org/10.17605/osf.io/6k7vn","//osf.io/6k7vn","//osf.io/6k7vn","10.17605/osf.io/6k7vn","10.17605/osf.io/6k7vn",NA,"yes",TRUE,"numbat",TRUE,TRUE,"gen_rep",NA,NA,"FALSE","osf","FALSE",NA,NA,"CC BY"
87,"10.1371/journal.pone.0293736","10.1371/journal.pone.0293736","https://doi.org/10.17605/osf.io/6mb2p","//osf.io/6mb2p","//osf.io/6mb2p","10.17605/osf.io/6mb2p","10.17605/osf.io/6mb2p",NA,"yes",TRUE,"numbat",TRUE,TRUE,"gen_rep",NA,NA,"FALSE","osf","FALSE","yes",NA,"no license"
1096,"10.1002/hbm.25825","10.1002/hbm.25825","doi.org/10.17605/osf.io/6qnps","//osf.io/6qnps","//osf.io/6qnps","10.17605/osf.io/6qnps","10.17605/osf.io/6qnps",NA,"yes",TRUE,"numbat",TRUE,TRUE,"gen_rep",NA,NA,"FALSE","osf","FALSE","yes",NA,"CC BY"
1281,"10.1098/rsos.201494","10.1098/rsos.201494","https://osf.io/738yf/","//osf.io/738yf","//osf.io/738yf","10.17605/osf.io/738yf","10.17605/osf.io/738yf",NA,"yes",TRUE,"numbat",TRUE,TRUE,"gen_rep",NA,NA,"FALSE","osf","FALSE",NA,NA,"CC0"
1334,"10.1371/journal.pbio.3001107","10.1371/journal.pbio.3001107","https://osf.io/7xc23/","//osf.io/7xc23","//osf.io/7xc23","10.17605/osf.io/7xc23","10.17605/osf.io/7xc23",NA,"yes",TRUE,"numbat",TRUE,TRUE,"gen_rep",NA,NA,"FALSE","osf","FALSE",NA,NA,"CC BY"
1156,"10.1016/j.nicl.2022.103113","10.1016/j.nicl.2022.103113","https://osf.io/7z8hj/","//osf.io/7z8hj","//osf.io/7z8hj","10.17605/osf.io/7z8hj","10.17605/osf.io/7z8hj",NA,"yes",TRUE,"numbat",TRUE,TRUE,"gen_rep",NA,NA,"FALSE","osf","FALSE","yes",NA,"CC BY"
1268,"10.1037/per0000546","10.1037/per0000546","https://osf.io/83b4x/","//osf.io/83b4x","//osf.io/83b4x","10.17605/osf.io/83b4x","10.17605/osf.io/83b4x",NA,"unsure",TRUE,"numbat",TRUE,TRUE,"gen_rep",NA,NA,"FALSE","osf","FALSE","yes",NA,"no license"
646,"10.3390/jcm11133659","10.3390/jcm11133659","doi 10.17605/osf.io/85dhz","//osf.io/85dhz","//osf.io/85dhz","10.17605/osf.io/85dhz","10.17605/osf.io/85dhz",NA,"yes",TRUE,"numbat",TRUE,TRUE,"gen_rep",NA,NA,"FALSE","osf","FALSE","yes",NA,"no license"
1077,"10.1098/rsos.220139","10.1098/rsos.220139","10.17605/osf.io/8b6jy","//osf.io/8b6jy","//osf.io/8b6jy","10.17605/osf.io/8b6jy","10.17605/osf.io/8b6jy",NA,"yes",TRUE,"numbat",TRUE,TRUE,"gen_rep",NA,NA,"FALSE","osf","FALSE","yes",NA,"no license"
529,"10.1136/bmjopen-2022-069553","10.1136/bmjopen-2022-069553","doi.org/10.17605/osf.io/8g5cf","//osf.io/8g5cf","//osf.io/8g5cf","10.17605/osf.io/8g5cf","10.17605/osf.io/8g5cf",NA,"yes",TRUE,"numbat",TRUE,TRUE,"gen_rep",NA,NA,"FALSE","osf","FALSE","yes",NA,"no license"
5,"10.1038/s41386-023-01588-2","10.1038/s41386-023-01588-2","https://doi.org/10.17605/osf.io/8mbru","//osf.io/8mbru","//osf.io/8mbru","10.17605/osf.io/8mbru","10.17605/osf.io/8mbru",NA,"yes",TRUE,"numbat",TRUE,TRUE,"gen_rep",NA,NA,"FALSE","osf","FALSE","no_statement_no_data",2017,"CC0"
1131,"10.1038/s41597-022-01822-4","10.1038/s41597-022-01822-4","https://10.17605/osf.io/8mbru","//osf.io/8mbru","//osf.io/8mbru","10.17605/osf.io/8mbru","10.17605/osf.io/8mbru",NA,"yes",TRUE,"numbat",TRUE,TRUE,"gen_rep",NA,NA,"FALSE","osf","FALSE","no_statement_no_data",2017,"CC0"
2117,"10.1038/s41597-022-01822-4","10.1038/s41597-022-01822-4","10.17605/osf.io/8mbru","//osf.io/8mbru","//osf.io/8mbru","10.17605/osf.io/8mbru","10.17605/osf.io/8mbru",NA,NA,TRUE,"data_articles",TRUE,TRUE,"gen_rep","FALSE","FALSE","FALSE","osf","FALSE",NA,2017,NA
1906,"10.1136/bmjopen-2019-034666","10.1136/bmjopen-2019-034666","https://osf.io/8xz29/","//osf.io/8xz29","//osf.io/8xz29","10.17605/osf.io/8xz29","10.17605/osf.io/8xz29",NA,"yes",TRUE,"numbat",TRUE,TRUE,"gen_rep",NA,NA,"FALSE","osf","FALSE",NA,NA,NA
1288,"10.1111/medu.14596","10.1111/medu.14596","https://osf.io/92swt/?view_only=faec41999e4848ef9535139dfe982c1c","//osf.io/92swt","//osf.io/92swt","10.17605/osf.io/92swt","10.17605/osf.io/92swt",NA,"yes",TRUE,"numbat",TRUE,TRUE,"gen_rep",NA,NA,"FALSE","osf","FALSE",NA,NA,"CC BY"
348,"10.7717/peerj.14607","10.7717/peerj.14607","10.17605/osf.io/95ayu","//osf.io/95ayu","//osf.io/95ayu","10.17605/osf.io/95ayu","10.17605/osf.io/95ayu",NA,"yes",TRUE,"numbat",TRUE,TRUE,"gen_rep",NA,NA,"FALSE","osf","FALSE","yes",NA,"no license"
1103,"10.1111/add.15518","10.1111/add.15518","https://osf.io/9kb5s/","//osf.io/9kb5s","//osf.io/9kb5s","10.17605/osf.io/9kb5s","10.17605/osf.io/9kb5s",NA,"yes",TRUE,"numbat",TRUE,TRUE,"gen_rep",NA,NA,"FALSE","osf","FALSE","no_statement_no_data",NA,"CC BY"
225,"10.3758/s13428-022-02019-8","10.3758/s13428-022-02019-8","doi.org/10.17605/osf.io/9ze2u","//osf.io/9ze2u","//osf.io/9ze2u","10.17605/osf.io/9ze2u","10.17605/osf.io/9ze2u",NA,"yes",TRUE,"numbat",TRUE,TRUE,"gen_rep",NA,NA,"FALSE","osf","FALSE","yes",NA,"no license"
1961,"10.1371/journal.pone.0239598","10.1371/journal.pone.0239598","https://osf.io/a43ut/","//osf.io/a43ut","//osf.io/a43ut","10.17605/osf.io/a43ut","10.17605/osf.io/a43ut",NA,"yes",TRUE,"numbat",TRUE,TRUE,"gen_rep",NA,NA,"FALSE","osf","FALSE",NA,NA,NA
168,"10.1111/psyp.14268","10.1111/psyp.14268","10.17605/osf.io/a759y","//osf.io/a759y","//osf.io/a759y","10.17605/osf.io/a759y","10.17605/osf.io/a759y",NA,"yes",TRUE,"numbat",TRUE,TRUE,"gen_rep",NA,NA,"FALSE","osf","FALSE","yes",NA,"no license"
594,"10.1186/s12909-023-04568-8","10.1186/s12909-023-04568-8","https://doi.org/10.17605/osf.io/aegcp","//osf.io/aegcp","//osf.io/aegcp","10.17605/osf.io/aegcp","10.17605/osf.io/aegcp",NA,"yes",TRUE,"numbat",TRUE,TRUE,"gen_rep",NA,NA,"FALSE","osf","FALSE","yes",NA,"CC BY-NC-ND"
952,"10.1136/bmjopen-2022-061873","10.1136/bmjopen-2022-061873","https://doi.org/10.17605/osf.io/ahzwn","//osf.io/ahzwn","//osf.io/ahzwn","10.17605/osf.io/ahzwn","10.17605/osf.io/ahzwn",NA,"yes",TRUE,"numbat",TRUE,TRUE,"gen_rep",NA,NA,"FALSE","osf","FALSE","yes",NA,"CC BY"
133,"10.7554/elife.88367","10.7554/elife.88367","10.17605/osf.io/ak5de","//osf.io/ak5de","//osf.io/ak5de","10.17605/osf.io/ak5de","10.17605/osf.io/ak5de",NA,"yes",TRUE,"numbat",TRUE,TRUE,"gen_rep",NA,NA,"FALSE","osf","FALSE","yes",NA,"GNU"
158,"10.7554/elife.88367.3","10.7554/elife.88367","10.17605/osf.io/ak5de","//osf.io/ak5de","//osf.io/ak5de","10.17605/osf.io/ak5de","10.17605/osf.io/ak5de",NA,"yes",TRUE,"numbat",TRUE,TRUE,"gen_rep",NA,NA,"FALSE","osf","FALSE","yes",NA,"no license"
1314,"10.1186/s12983-021-00437-6","10.1186/s12983-021-00437-6","https://doi.org/10.17605/osf.io/akrh9","//osf.io/akrh9","//osf.io/akrh9","10.17605/osf.io/akrh9","10.17605/osf.io/akrh9",NA,"yes",TRUE,"numbat",TRUE,TRUE,"gen_rep",NA,NA,"FALSE","osf","FALSE",NA,NA,"CC BY"
1336,"10.1371/journal.pbio.3001161","10.1371/journal.pbio.3001161","https://doi.org/10.17605/osf.io/b5296","//osf.io/b5296","//osf.io/b5296","10.17605/osf.io/b5296","10.17605/osf.io/b5296",NA,"yes",TRUE,"numbat",TRUE,TRUE,"gen_rep",NA,NA,"FALSE","osf","FALSE",NA,NA,"CC BY"
1752,"10.1016/j.drudis.2021.06.007","10.1016/j.drudis.2021.06.007","https://osf.io/bc58f/","//osf.io/bc58f","//osf.io/bc58f","10.17605/osf.io/bc58f","10.17605/osf.io/bc58f",NA,"yes",TRUE,"numbat",TRUE,TRUE,"gen_rep",NA,NA,"FALSE","osf","FALSE",NA,NA,"CC BY"
1111,"10.1038/s41467-022-34510-3","10.1038/s41467-022-34510-3","https://osf.io/bckuf/","//osf.io/bckuf","//osf.io/bckuf","10.17605/osf.io/bckuf","10.17605/osf.io/bckuf",NA,"yes",TRUE,"numbat",TRUE,TRUE,"gen_rep",NA,NA,"FALSE","osf","FALSE","yes",NA,"CC BY-NC-ND"
1369,"10.1371/journal.pone.0255800","10.1371/journal.pone.0255800","https://osf.io/bdsqv/","//osf.io/bdsqv","//osf.io/bdsqv","10.17605/osf.io/bdsqv","10.17605/osf.io/bdsqv",NA,"yes",TRUE,"numbat",TRUE,TRUE,"gen_rep",NA,NA,"FALSE","osf","FALSE",NA,NA,"CC BY"
823,"10.1038/s41393-022-00811-z","10.1038/s41393-022-00811-z","https://osf.io/bgw73/","//osf.io/bgw73","//osf.io/bgw73","10.17605/osf.io/bgw73","10.17605/osf.io/bgw73",NA,"yes",TRUE,"numbat",TRUE,TRUE,"gen_rep",NA,NA,"FALSE","osf","FALSE","yes",NA,"no license"
1695,"10.3389/fpsyg.2020.576580","10.3389/fpsyg.2020.576580","doi.org/10.17605/osf.io/btwnq","//osf.io/btwnq","//osf.io/btwnq","10.17605/osf.io/btwnq","10.17605/osf.io/btwnq",NA,"yes",TRUE,"numbat",TRUE,TRUE,"gen_rep",NA,NA,"FALSE","osf","FALSE",NA,NA,"NULL"
1298,"10.1158/2159-8290.cd-21-0276","10.1158/2159-8290.cd-21-0276","https://osf.io/bupge/","//osf.io/bupge","//osf.io/bupge","10.17605/osf.io/bupge","10.17605/osf.io/bupge",NA,"yes",TRUE,"numbat",TRUE,TRUE,"gen_rep",NA,NA,"FALSE","osf","FALSE",NA,NA,"no license"
1690,"10.1136/bmj.n450","10.1136/bmj.n450","https://doi.org/10.17605/osf.io/cdbhn","//osf.io/cdbhn","//osf.io/cdbhn","10.17605/osf.io/cdbhn","10.17605/osf.io/cdbhn",NA,"yes",TRUE,"numbat",TRUE,TRUE,"gen_rep",NA,NA,"FALSE","osf","FALSE",NA,NA,"no license"
1801,"10.1007/s11948-020-00234-0","10.1007/s11948-020-00234-0","https://osf.io/cq3s9/","//osf.io/cq3s9","//osf.io/cq3s9","10.17605/osf.io/cq3s9","10.17605/osf.io/cq3s9",NA,"yes",TRUE,"numbat",TRUE,TRUE,"gen_rep",NA,NA,"FALSE","osf","FALSE",NA,NA,NA
1555,"10.1016/j.jhep.2021.10.025","10.1016/j.jhep.2021.10.025","https://osf.io/cswdq/","//osf.io/cswdq","//osf.io/cswdq","10.17605/osf.io/cswdq","10.17605/osf.io/cswdq",NA,"restricted",TRUE,"numbat",TRUE,TRUE,"gen_rep",NA,NA,"FALSE","osf","FALSE",NA,NA,"NULL"
1116,"10.1016/j.dib.2022.108399","10.1016/j.dib.2022.108399","https://osf.io/d34y5/","//osf.io/d34y5","//osf.io/d34y5","10.17605/osf.io/d34y5","10.17605/osf.io/d34y5",NA,"yes",TRUE,"numbat",TRUE,TRUE,"gen_rep",NA,NA,"FALSE","osf","FALSE","yes",NA,"CC BY"
2103,"10.1016/j.dib.2022.108399","10.1016/j.dib.2022.108399","10.17605/osf.io/d34y5","//osf.io/d34y5","//osf.io/d34y5","10.17605/osf.io/d34y5","10.17605/osf.io/d34y5",NA,NA,TRUE,"data_articles",TRUE,TRUE,"gen_rep","FALSE","TRUE","FALSE","osf","FALSE",NA,NA,NA
1656,"10.1080/13506285.2021.1915902","10.1080/13506285.2021.1915902","https://osf.io/dkx6y/","//osf.io/dkx6y","//osf.io/dkx6y","10.17605/osf.io/dkx6y","10.17605/osf.io/dkx6y",NA,"yes",TRUE,"numbat",TRUE,TRUE,"gen_rep",NA,NA,"FALSE","osf","FALSE",NA,NA,"no license"
1790,"10.1016/j.neuroimage.2021.117951","10.1016/j.neuroimage.2021.117951","https://osf.io/duj47/","//osf.io/duj47","//osf.io/duj47","10.17605/osf.io/duj47","10.17605/osf.io/duj47",NA,"yes",TRUE,"numbat",TRUE,TRUE,"gen_rep",NA,NA,"FALSE","osf","FALSE",NA,NA,"CC BY"
2044,"10.1186/s13293-020-00313-8","10.1186/s13293-020-00313-8","https://osf.io/dv85n/","//osf.io/dv85n","//osf.io/dv85n","10.17605/osf.io/dv85n","10.17605/osf.io/dv85n",NA,"yes",TRUE,"numbat",TRUE,TRUE,"gen_rep",NA,NA,"FALSE","osf","FALSE",NA,NA,NA
531,"10.3389/fpsyg.2023.1123907","10.3389/fpsyg.2023.1123907","https://doi.org/10.17605/osf.io/e8h3q","//osf.io/e8h3q","//osf.io/e8h3q","10.17605/osf.io/e8h3q","10.17605/osf.io/e8h3q",NA,"yes",TRUE,"numbat",TRUE,TRUE,"gen_rep",NA,NA,"FALSE","osf","FALSE","yes",NA,"no license"
1419,"10.3389/fpsyg.2021.581681","10.3389/fpsyg.2021.581681","https://osf.io/e8tg5/","//osf.io/e8tg5","//osf.io/e8tg5","10.17605/osf.io/e8tg5","10.17605/osf.io/e8tg5",NA,"yes",TRUE,"numbat",TRUE,TRUE,"gen_rep",NA,NA,"FALSE","osf","FALSE",NA,NA,"CC BY"
171,"10.1002/bdm.2357","10.1002/bdm.2357","https://doi.org/10.17605/osf.io/ea5bp","//osf.io/ea5bp","//osf.io/ea5bp","10.17605/osf.io/ea5bp","10.17605/osf.io/ea5bp",NA,"yes",TRUE,"numbat",TRUE,TRUE,"gen_rep",NA,NA,"FALSE","osf","FALSE","yes",NA,"no license"
2014,"10.1152/jn.00164.2020","10.1152/jn.00164.2020","https://osf.io/ecma4/","//osf.io/ecma4","//osf.io/ecma4","10.17605/osf.io/ecma4","10.17605/osf.io/ecma4",NA,"yes",TRUE,"numbat",TRUE,TRUE,"gen_rep",NA,NA,"FALSE","osf","FALSE",NA,NA,NA
1309,"10.1186/s12879-021-06829-7","10.1186/s12879-021-06829-7","https://osf.io/er6b8/","//osf.io/er6b8","//osf.io/er6b8","10.17605/osf.io/er6b8","10.17605/osf.io/er6b8",NA,"yes",TRUE,"numbat",TRUE,TRUE,"gen_rep",NA,NA,"FALSE","osf","FALSE",NA,NA,"no license"
99,"10.1038/s41598-023-40803-4","10.1038/s41598-023-40803-4"," https://doi.org/10.17605/osf.io/eyr7t","//osf.io/eyr7t","//osf.io/eyr7t","10.17605/osf.io/eyr7t","10.17605/osf.io/eyr7t",NA,"yes",TRUE,"numbat",TRUE,TRUE,"gen_rep",NA,NA,"FALSE","osf","FALSE","yes",NA,"no license"
559,"10.1136/gutjnl-2023-330365","10.1136/gutjnl-2023-330365","10.17605/osf.io/fc2g4","//osf.io/fc2g4","//osf.io/fc2g4","10.17605/osf.io/fc2g4","10.17605/osf.io/fc2g4",NA,"yes",TRUE,"numbat",TRUE,TRUE,"gen_rep",NA,NA,"FALSE","osf","FALSE","yes",NA,"no license"
1188,"10.1371/journal.pone.0277880","10.1371/journal.pone.0277880","10.17605/osf.io/fcbjh","//osf.io/fcbjh","//osf.io/fcbjh","10.17605/osf.io/fcbjh","10.17605/osf.io/fcbjh",NA,"yes",TRUE,"numbat",TRUE,TRUE,"gen_rep",NA,NA,"FALSE","osf","FALSE","yes_statement_no_data",NA,"CC BY"
922,"10.1016/j.neuroimage.2022.119687","10.1016/j.neuroimage.2022.119687","https://osf.io/fn7jc/","//osf.io/fn7jc","//osf.io/fn7jc","10.17605/osf.io/fn7jc","10.17605/osf.io/fn7jc",NA,"yes",TRUE,"numbat",TRUE,TRUE,"gen_rep",NA,NA,"FALSE","osf","FALSE","yes",NA,"no license"
870,"10.1371/journal.pone.0262114","10.1371/journal.pone.0262114","https://osf.io/fp726/","//osf.io/fp726","//osf.io/fp726","10.17605/osf.io/fp726","10.17605/osf.io/fp726",NA,"yes",TRUE,"numbat",TRUE,TRUE,"gen_rep",NA,NA,"FALSE","osf","FALSE","yes",NA,"no license"
1282,"10.1098/rsos.210155","10.1098/rsos.210155","https://osf.io/ftb9c/","//osf.io/ftb9c","//osf.io/ftb9c","10.17605/osf.io/ftb9c","10.17605/osf.io/ftb9c",NA,"yes",TRUE,"numbat",TRUE,TRUE,"gen_rep",NA,NA,"FALSE","osf","FALSE",NA,NA,"no license"
717,"10.1111/nyas.14848","10.1111/nyas.14848","https://osf.io/gcjqr/","//osf.io/gcjqr","//osf.io/gcjqr","10.17605/osf.io/gcjqr","10.17605/osf.io/gcjqr",NA,"yes",TRUE,"numbat",TRUE,TRUE,"gen_rep",NA,NA,"FALSE","osf","FALSE","yes",NA,"no license"
1520,"10.1016/j.neuroimage.2021.118365","10.1016/j.neuroimage.2021.118365","doi.org/10.17605/osf.io/gs2t5","//osf.io/gs2t5","//osf.io/gs2t5","10.17605/osf.io/gs2t5","10.17605/osf.io/gs2t5",NA,"yes",TRUE,"numbat",TRUE,TRUE,"gen_rep",NA,NA,"FALSE","osf","FALSE",NA,NA,"no license"
1531,"10.1038/s42003-021-02635-8","10.1038/s42003-021-02635-8","http://doi.org/10.17605/osf.io/gupbf","//osf.io/gupbf","//osf.io/gupbf","10.17605/osf.io/gupbf","10.17605/osf.io/gupbf",NA,"yes",TRUE,"numbat",TRUE,TRUE,"gen_rep",NA,NA,"FALSE","osf","FALSE",NA,NA,"no license"
1943,"10.3389/fpsyg.2020.02021","10.3389/fpsyg.2020.02021","https://osf.io/h564u/","//osf.io/h564u","//osf.io/h564u","10.17605/osf.io/h564u","10.17605/osf.io/h564u",NA,"yes",TRUE,"numbat",TRUE,TRUE,"gen_rep",NA,NA,"FALSE","osf","FALSE",NA,NA,NA
954,"10.1159/000526805","10.1159/000526805","https://osf.io/hgva2/","//osf.io/hgva2","//osf.io/hgva2","10.17605/osf.io/hgva2","10.17605/osf.io/hgva2",NA,"yes",TRUE,"numbat",TRUE,TRUE,"gen_rep",NA,NA,"FALSE","osf","FALSE","yes",NA,"no license"
686,"10.1024/0939-5911/a000780","10.1024/0939-5911/a000780","https://doi.org/10.17605/osf.io/hjufn","//osf.io/hjufn","//osf.io/hjufn","10.17605/osf.io/hjufn","10.17605/osf.io/hjufn",NA,"yes",TRUE,"numbat",TRUE,TRUE,"gen_rep",NA,NA,"FALSE","osf","FALSE","no_statement_no_data",NA,"CC BY-NC-SA"
840,"10.1186/s12887-022-03349-4","10.1186/s12887-022-03349-4","https://osf.io/hnf8a/","//osf.io/hnf8a","//osf.io/hnf8a","10.17605/osf.io/hnf8a","10.17605/osf.io/hnf8a",NA,"yes",TRUE,"numbat",TRUE,TRUE,"gen_rep",NA,NA,"FALSE","osf","FALSE","yes",NA,"no license"
926,"10.1080/00031305.2022.2143897","10.1080/00031305.2022.2143897","10.17605/osf.io/jrx7d","//osf.io/jrx7d","//osf.io/jrx7d","10.17605/osf.io/jrx7d","10.17605/osf.io/jrx7d",NA,"yes",TRUE,"numbat",TRUE,TRUE,"gen_rep",NA,NA,"FALSE","osf","FALSE","yes",NA,"no license"
1,"10.1002/clt2.12228","10.1002/clt2.12228","https://doi.org/10.17605/osf.io/kcdw9","//osf.io/kcdw9","//osf.io/kcdw9","10.17605/osf.io/kcdw9","10.17605/osf.io/kcdw9",NA,"yes",TRUE,"numbat",TRUE,TRUE,"gen_rep",NA,NA,"FALSE","osf","FALSE","yes",NA,"no license"
1459,"10.1038/s41598-021-02162-w","10.1038/s41598-021-02162-w","https://osf.io/kyr8v/","//osf.io/kyr8v","//osf.io/kyr8v","10.17605/osf.io/kyr8v","10.17605/osf.io/kyr8v",NA,"yes",TRUE,"numbat",TRUE,TRUE,"gen_rep",NA,NA,"FALSE","osf","FALSE",NA,NA,"CC BY"
2011,"10.1093/gigascience/giaa052","10.1093/gigascience/giaa052","https://osf.io/m8e6z/","//osf.io/m8e6z","//osf.io/m8e6z","10.17605/osf.io/m8e6z","10.17605/osf.io/m8e6z",NA,"yes",TRUE,"numbat",TRUE,TRUE,"gen_rep",NA,NA,"FALSE","osf","FALSE",NA,NA,NA
347,"10.1038/s41538-022-00176-w","10.1038/s41538-022-00176-w","10.17605/osf.io/mqc5d","//osf.io/mqc5d","//osf.io/mqc5d","10.17605/osf.io/mqc5d","10.17605/osf.io/mqc5d",NA,"yes",TRUE,"numbat",TRUE,TRUE,"gen_rep",NA,NA,"FALSE","osf","FALSE","yes",NA,"CC BY"
85,"10.1136/bmjment-2022-300626","10.1136/bmjment-2022-300626","https://doi.org/10.17605/osf.io/mtx8a","//osf.io/mtx8a","//osf.io/mtx8a","10.17605/osf.io/mtx8a","10.17605/osf.io/mtx8a",NA,"yes",TRUE,"numbat",TRUE,TRUE,"gen_rep",NA,NA,"FALSE","osf","FALSE","yes_statement_no_data",NA,"no license"
2041,"10.3389/fnbeh.2020.00088","10.3389/fnbeh.2020.00088","https://osf.io/n85sh/","//osf.io/n85sh","//osf.io/n85sh","10.17605/osf.io/n85sh","10.17605/osf.io/n85sh",NA,"yes",TRUE,"numbat",TRUE,TRUE,"gen_rep",NA,NA,"FALSE","osf","FALSE",NA,NA,NA
113,"10.1038/s41598-023-48706-0","10.1038/s41598-023-48706-0","10.17605/osf.io/naxc8","//osf.io/naxc8","//osf.io/naxc8","10.17605/osf.io/naxc8","10.17605/osf.io/naxc8",NA,"yes",TRUE,"numbat",TRUE,TRUE,"gen_rep",NA,NA,"FALSE","osf","FALSE","yes",NA,"no license"
314,"10.1093/nar/gkac1212","10.1093/nar/gkac1212","10.17605/osf.io/nfdtk","//osf.io/nfdtk","//osf.io/nfdtk","10.17605/osf.io/nfdtk","10.17605/osf.io/nfdtk",NA,"yes",TRUE,"numbat",TRUE,TRUE,"gen_rep",NA,NA,"FALSE","osf","FALSE","yes",NA,"no license"
1450,"10.1002/mrm.28885","10.1002/mrm.28885","https://doi.org/10.17605/osf.io/nghfs","//osf.io/nghfs","//osf.io/nghfs","10.17605/osf.io/nghfs","10.17605/osf.io/nghfs",NA,"yes",TRUE,"numbat",TRUE,TRUE,"gen_rep",NA,NA,"FALSE","osf","FALSE",NA,NA,"no license"
859,"10.1186/s13063-022-06849-x","10.1186/s13063-022-06849-x","https://osf.io/nxerf/","//osf.io/nxerf","//osf.io/nxerf","10.17605/osf.io/nxerf","10.17605/osf.io/nxerf",NA,"yes",TRUE,"numbat",TRUE,TRUE,"gen_rep",NA,NA,"FALSE","osf","FALSE","yes",NA,"CC BY"
1788,"10.1177/21677026211049366","10.1177/21677026211049366","https://doi.org/10.17605/osf.io/p3x4r","//osf.io/p3x4r","//osf.io/p3x4r","10.17605/osf.io/p3x4r","10.17605/osf.io/p3x4r",NA,"yes",TRUE,"numbat",TRUE,TRUE,"gen_rep",NA,NA,"FALSE","osf","FALSE",NA,NA,"CC BY-NC-ND"
1601,"10.1016/j.jclinepi.2020.09.022","10.1016/j.jclinepi.2020.09.022","http://doi.org/10.17605/osf.io/ptjbn","//osf.io/ptjbn","//osf.io/ptjbn","10.17605/osf.io/ptjbn","10.17605/osf.io/ptjbn",NA,"yes",TRUE,"numbat",TRUE,TRUE,"gen_rep",NA,NA,"FALSE","osf","FALSE",NA,NA,"CC BY"
2012,"10.1016/j.jclinepi.2020.09.022","10.1016/j.jclinepi.2020.09.022","https://osf.io/ptjbn/","//osf.io/ptjbn","//osf.io/ptjbn","10.17605/osf.io/ptjbn","10.17605/osf.io/ptjbn",NA,"yes",TRUE,"numbat",TRUE,TRUE,"gen_rep",NA,NA,"FALSE","osf","FALSE",NA,NA,NA
1581,"10.1016/j.cortex.2021.03.026","10.1016/j.cortex.2021.03.026","https://osf.io/q23ce/","//osf.io/q23ce","//osf.io/q23ce","10.17605/osf.io/q23ce","10.17605/osf.io/q23ce",NA,"yes",TRUE,"numbat",TRUE,TRUE,"gen_rep",NA,NA,"FALSE","osf","FALSE",NA,NA,"no license"
1145,"10.1136/bmjopen-2021-059347","10.1136/bmjopen-2021-059347","https://10.17605/osf.io/q8b46","//osf.io/q8b46","//osf.io/q8b46","10.17605/osf.io/q8b46","10.17605/osf.io/q8b46",NA,"yes",TRUE,"numbat",TRUE,TRUE,"gen_rep",NA,NA,"FALSE","osf","FALSE","yes",NA,"CC BY"
1062,"10.1016/j.concog.2022.103318","10.1016/j.concog.2022.103318","https://osf.io/q9sxe/","//osf.io/q9sxe","//osf.io/q9sxe","10.17605/osf.io/q9sxe","10.17605/osf.io/q9sxe",NA,"yes",TRUE,"numbat",TRUE,TRUE,"gen_rep",NA,NA,"FALSE","osf","FALSE","no_statement_no_data",NA,"CC BY"
1456,"10.1038/s41598-021-95645-9","10.1038/s41598-021-95645-9","https://osf.io/qakbv/","//osf.io/qakbv","//osf.io/qakbv","10.17605/osf.io/qakbv","10.17605/osf.io/qakbv",NA,"yes",TRUE,"numbat",TRUE,TRUE,"gen_rep",NA,NA,"FALSE","osf","FALSE",NA,NA,"no license"
471,"10.1016/j.neuroimage.2023.120326","10.1016/j.neuroimage.2023.120326","doi.org/10.17605/osf.io/qdmyx","//osf.io/qdmyx","//osf.io/qdmyx","10.17605/osf.io/qdmyx","10.17605/osf.io/qdmyx",NA,"yes",TRUE,"numbat",TRUE,TRUE,"gen_rep",NA,NA,"FALSE","osf","FALSE","yes",NA,"CC BY"
1498,"10.1038/s41467-021-22446-z","10.1038/s41467-021-22446-z","https://osf.io/qesv4/","//osf.io/qesv4","//osf.io/qesv4","10.17605/osf.io/qesv4","10.17605/osf.io/qesv4",NA,"yes",TRUE,"numbat",TRUE,TRUE,"gen_rep",NA,NA,"FALSE","osf","FALSE",NA,NA,"CC0"
1420,"10.3389/fpsyg.2021.672301","10.3389/fpsyg.2021.672301","https://osf.io/qgntp/","//osf.io/qgntp","//osf.io/qgntp","10.17605/osf.io/qgntp","10.17605/osf.io/qgntp",NA,"yes",TRUE,"numbat",TRUE,TRUE,"gen_rep",NA,NA,"FALSE","osf","FALSE",NA,NA,"CC BY"
1218,"10.1002/14651858.cd015021","10.1002/14651858.cd015021","https://osf.io/qmcgv/","//osf.io/qmcgv","//osf.io/qmcgv","10.17605/osf.io/qmcgv","10.17605/osf.io/qmcgv",NA,"yes",TRUE,"numbat",TRUE,TRUE,"gen_rep",NA,NA,"FALSE","osf","FALSE","no_statement_no_data",NA,"CC BY"
1956,"10.1371/journal.pone.0232666","10.1371/journal.pone.0232666","https://osf.io/qp5cm/","//osf.io/qp5cm","//osf.io/qp5cm","10.17605/osf.io/qp5cm","10.17605/osf.io/qp5cm",NA,"yes",TRUE,"numbat",TRUE,TRUE,"gen_rep",NA,NA,"FALSE","osf","FALSE",NA,NA,NA
771,"10.1016/j.dcn.2022.101192","10.1016/j.dcn.2022.101192","https://osf.io/qx2wp/","//osf.io/qx2wp","//osf.io/qx2wp","10.17605/osf.io/qx2wp","10.17605/osf.io/qx2wp",NA,"yes",TRUE,"numbat",TRUE,TRUE,"gen_rep",NA,NA,"FALSE","osf","FALSE","yes",NA,"no license"
485,"10.1186/s12910-022-00873-x","10.1186/s12910-022-00873-x","doi.org/10.17605/osf.io/r6h4y","//osf.io/r6h4y","//osf.io/r6h4y","10.17605/osf.io/r6h4y","10.17605/osf.io/r6h4y",NA,"yes",TRUE,"numbat",TRUE,TRUE,"gen_rep",NA,NA,"FALSE","osf","FALSE","yes",NA,"no license"
714,"10.1093/scan/nsab109","10.1093/scan/nsab109","https://osf.io/r7g9q/","//osf.io/r7g9q","//osf.io/r7g9q","10.17605/osf.io/r7g9q","10.17605/osf.io/r7g9q",NA,"yes",TRUE,"numbat",TRUE,TRUE,"gen_rep",NA,NA,"FALSE","osf","FALSE","no_statement_no_data",NA,"CC BY"
600,"10.1038/s42003-023-05429-2","10.1038/s42003-023-05429-2","doi.org/10.17605/osf.io/raf5h","//osf.io/raf5h","//osf.io/raf5h","10.17605/osf.io/raf5h","10.17605/osf.io/raf5h",NA,"yes",TRUE,"numbat",TRUE,TRUE,"gen_rep",NA,NA,"FALSE","osf","FALSE","yes",NA,"no license"
821,"10.1042/cs20220287","10.1042/cs20220287","https://osf.io/rkxmq/","//osf.io/rkxmq","//osf.io/rkxmq","10.17605/osf.io/rkxmq","10.17605/osf.io/rkxmq",NA,"yes",TRUE,"numbat",TRUE,TRUE,"gen_rep",NA,NA,"FALSE","osf","FALSE","yes",NA,"CC BY"
1063,"10.1016/j.cub.2022.11.016","10.1016/j.cub.2022.11.016","10.17605/osf.io/ruxfg","//osf.io/ruxfg","//osf.io/ruxfg","10.17605/osf.io/ruxfg","10.17605/osf.io/ruxfg",NA,"yes",TRUE,"numbat",TRUE,TRUE,"gen_rep",NA,NA,"FALSE","osf","FALSE","yes",NA,"CC BY"
1097,"10.1177/13591053211027631","10.1177/13591053211027631","https://osf.io/spd9u/","//osf.io/spd9u","//osf.io/spd9u","10.17605/osf.io/spd9u","10.17605/osf.io/spd9u",NA,"yes",TRUE,"numbat",TRUE,TRUE,"gen_rep",NA,NA,"FALSE","osf","FALSE","yes",NA,"no license"
730,"10.1002/capr.12529","10.1002/capr.12529","doi.org/10.17605/osf.io/stgvx","//osf.io/stgvx","//osf.io/stgvx","10.17605/osf.io/stgvx","10.17605/osf.io/stgvx",NA,"yes",TRUE,"numbat",TRUE,TRUE,"gen_rep",NA,NA,"FALSE","osf","FALSE","yes",NA,"no license"
1359,"10.1371/journal.pone.0248107","10.1371/journal.pone.0248107","https://osf.io/t3mcj/","//osf.io/t3mcj","//osf.io/t3mcj","10.17605/osf.io/t3mcj","10.17605/osf.io/t3mcj",NA,"yes",TRUE,"numbat",TRUE,TRUE,"gen_rep",NA,NA,"FALSE","osf","FALSE",NA,NA,"no license"
961,"10.31083/j.jin2106171","10.31083/j.jin2106171","https://osf.io/t4brz/","//osf.io/t4brz","//osf.io/t4brz","10.17605/osf.io/t4brz","10.17605/osf.io/t4brz",NA,"yes",TRUE,"numbat",TRUE,TRUE,"gen_rep",NA,NA,"FALSE","osf","FALSE","no_statement_no_data",NA,"no license"
1957,"10.1371/journal.pone.0233608","10.1371/journal.pone.0233608","https://osf.io/turzf","//osf.io/turzf","//osf.io/turzf","10.17605/osf.io/turzf","10.17605/osf.io/turzf",NA,"yes",TRUE,"numbat",TRUE,TRUE,"gen_rep",NA,NA,"FALSE","osf","FALSE",NA,NA,NA
898,"10.1080/02699931.2022.2105819","10.1080/02699931.2022.2105819","10.17605/osf.io/twxsk","//osf.io/twxsk","//osf.io/twxsk","10.17605/osf.io/twxsk","10.17605/osf.io/twxsk",NA,"yes",TRUE,"numbat",TRUE,TRUE,"gen_rep",NA,NA,"FALSE","osf","FALSE","yes",NA,"CC BY"
239,"10.1038/s42003-023-05522-6","10.1038/s42003-023-05522-6","10.17605/osf.io/u47mj","//osf.io/u47mj","//osf.io/u47mj","10.17605/osf.io/u47mj","10.17605/osf.io/u47mj",NA,"yes",TRUE,"numbat",TRUE,TRUE,"gen_rep",NA,NA,"FALSE","osf","FALSE","yes",NA,"no license"
497,"10.1016/j.isci.2023.106412","10.1016/j.isci.2023.106412","https://doi.org/10.17605/osf.io/u52bx","//osf.io/u52bx","//osf.io/u52bx","10.17605/osf.io/u52bx","10.17605/osf.io/u52bx",NA,"yes",TRUE,"numbat",TRUE,TRUE,"gen_rep",NA,NA,"FALSE","osf","FALSE","yes",NA,"no license"
1980,"10.1098/rsos.190806","10.1098/rsos.190806","https://osf.io/u9fw8/","//osf.io/u9fw8","//osf.io/u9fw8","10.17605/osf.io/u9fw8","10.17605/osf.io/u9fw8",NA,"yes",TRUE,"numbat",TRUE,TRUE,"gen_rep",NA,NA,"FALSE","osf","FALSE",NA,NA,NA
2003,"10.1111/medu.14057","10.1111/medu.14057","https://osf.io/uhjad/","//osf.io/uhjad","//osf.io/uhjad","10.17605/osf.io/uhjad","10.17605/osf.io/uhjad",NA,"yes",TRUE,"numbat",TRUE,TRUE,"gen_rep",NA,NA,"FALSE","osf","FALSE",NA,NA,NA
1670,"10.1182/bloodadvances.2021004335","10.1182/bloodadvances.2021004335","https://osf.io/uhxvt","//osf.io/uhxvt","//osf.io/uhxvt","10.17605/osf.io/uhxvt","10.17605/osf.io/uhxvt",NA,"yes",TRUE,"numbat",TRUE,TRUE,"gen_rep",NA,NA,"FALSE","osf","FALSE",NA,NA,"no license"
1896,"10.1111/jne.12923","10.1111/jne.12923","http://doi.org/10.17605/osf.io/uxnc5","//osf.io/uxnc5","//osf.io/uxnc5","10.17605/osf.io/uxnc5","10.17605/osf.io/uxnc5",NA,"yes",TRUE,"numbat",TRUE,TRUE,"gen_rep",NA,NA,"FALSE","osf","FALSE",NA,NA,NA
1134,"10.1038/s41596-021-00649-4","10.1038/s41596-021-00649-4","https://osf.io/v362t","//osf.io/v362t","//osf.io/v362t","10.17605/osf.io/v362t","10.17605/osf.io/v362t",NA,"yes",TRUE,"numbat",TRUE,TRUE,"gen_rep",NA,NA,"FALSE","osf","FALSE","yes",NA,"no license"
414,"10.3389/fnhum.2023.1277539","10.3389/fnhum.2023.1277539","10.17605/osf.io/vcmdg","//osf.io/vcmdg","//osf.io/vcmdg","10.17605/osf.io/vcmdg","10.17605/osf.io/vcmdg",NA,"yes",TRUE,"numbat",TRUE,TRUE,"gen_rep",NA,NA,"FALSE","osf","FALSE","yes",NA,"CC BY"
172,"10.1177/21677026231160709","10.1177/21677026231160709","https://doi.org/10.17605/osf.io/vdrw7","//osf.io/vdrw7","//osf.io/vdrw7","10.17605/osf.io/vdrw7","10.17605/osf.io/vdrw7",NA,"yes",TRUE,"numbat",TRUE,TRUE,"gen_rep",NA,NA,"FALSE","osf","FALSE","yes",NA,"no license"
1521,"10.1016/j.neuroimage.2021.118462","10.1016/j.neuroimage.2021.118462","https://osf.io/vraun/","//osf.io/vraun","//osf.io/vraun","10.17605/osf.io/vraun","10.17605/osf.io/vraun",NA,"yes",TRUE,"numbat",TRUE,TRUE,"gen_rep",NA,NA,"FALSE","osf","FALSE",NA,NA,"CC BY"
561,"10.1186/s12916-023-02977-6","10.1186/s12916-023-02977-6","doi.org/10.17605/osf.io/w3b4y","//osf.io/w3b4y","//osf.io/w3b4y","10.17605/osf.io/w3b4y","10.17605/osf.io/w3b4y",NA,"yes",TRUE,"numbat",TRUE,TRUE,"gen_rep",NA,NA,"FALSE","osf","FALSE","yes",NA,"CC BY"
1337,"10.1371/journal.pbio.3001177","10.1371/journal.pbio.3001177","https://doi.org/10.17605/osf.io/w3juh","//osf.io/w3juh","//osf.io/w3juh","10.17605/osf.io/w3juh","10.17605/osf.io/w3juh",NA,"yes",TRUE,"numbat",TRUE,TRUE,"gen_rep",NA,NA,"FALSE","osf","FALSE",NA,NA,"no license"
1047,"10.3758/s13428-021-01768-2","10.3758/s13428-021-01768-2","https://osf.io/w6ptm/","//osf.io/w6ptm","//osf.io/w6ptm","10.17605/osf.io/w6ptm","10.17605/osf.io/w6ptm",NA,"yes",TRUE,"numbat",TRUE,TRUE,"gen_rep",NA,NA,"FALSE","osf","FALSE","yes",NA,"MIT"
330,"10.1371/journal.pone.0281387","10.1371/journal.pone.0281387","10.17605/osf.io/w6xuy","//osf.io/w6xuy","//osf.io/w6xuy","10.17605/osf.io/w6xuy","10.17605/osf.io/w6xuy",NA,"yes",TRUE,"numbat",TRUE,TRUE,"gen_rep",NA,NA,"FALSE","osf","FALSE","yes",NA,"no license"
1618,"10.1177/25152459211040837","10.1177/25152459211040837","https://osf.io/w8h2q/","//osf.io/w8h2q","//osf.io/w8h2q","10.17605/osf.io/w8h2q","10.17605/osf.io/w8h2q",NA,"yes",TRUE,"numbat",TRUE,TRUE,"gen_rep",NA,NA,"FALSE","osf","FALSE",NA,NA,"no license"
1048,"10.3390/jcm11154553","10.3390/jcm11154553","https://osf.io/wjspq/","//osf.io/wjspq","//osf.io/wjspq","10.17605/osf.io/wjspq","10.17605/osf.io/wjspq",NA,"yes",TRUE,"numbat",TRUE,TRUE,"gen_rep",NA,NA,"FALSE","osf","FALSE","yes",NA,"no license"
1082,"10.3390/ijerph191811734","10.3390/ijerph191811734","https://osf.io/wnxk6/","//osf.io/wnxk6","//osf.io/wnxk6","10.17605/osf.io/wnxk6","10.17605/osf.io/wnxk6",NA,"yes",TRUE,"numbat",TRUE,TRUE,"gen_rep",NA,NA,"FALSE","osf","FALSE","yes",NA,"no license"
1992,"10.1371/journal.pone.0226893","10.1371/journal.pone.0226893","https://osf.io/wyzgu/","//osf.io/wyzgu","//osf.io/wyzgu","10.17605/osf.io/wyzgu","10.17605/osf.io/wyzgu",NA,"yes",TRUE,"numbat",TRUE,TRUE,"gen_rep",NA,NA,"FALSE","osf","FALSE",NA,NA,NA
865,"10.1111/ejn.15169","10.1111/ejn.15169","https://osf.io/x5mzw/","//osf.io/x5mzw","//osf.io/x5mzw","10.17605/osf.io/x5mzw","10.17605/osf.io/x5mzw",NA,"yes",TRUE,"numbat",TRUE,TRUE,"gen_rep",NA,NA,"FALSE","osf","FALSE","yes",NA,"GNU GPLv3"
1262,"10.1002/jrsm.1529","10.1002/jrsm.1529","https://osf.io/x7cf6/","//osf.io/x7cf6","//osf.io/x7cf6","10.17605/osf.io/x7cf6","10.17605/osf.io/x7cf6",NA,"yes",TRUE,"numbat",TRUE,TRUE,"gen_rep",NA,NA,"FALSE","osf","FALSE","yes",NA,"no license"
331,"10.1371/journal.pone.0286304","10.1371/journal.pone.0286304","10.17605/osf.io/x7sek","//osf.io/x7sek","//osf.io/x7sek","10.17605/osf.io/x7sek","10.17605/osf.io/x7sek",NA,"yes",TRUE,"numbat",TRUE,TRUE,"gen_rep",NA,NA,"FALSE","osf","FALSE","yes",NA,"CC BY"
115,"10.1128/jvi.00205-23","10.1128/jvi.00205-23","doi.org/10.17605/osf.io/x9kad","//osf.io/x9kad","//osf.io/x9kad","10.17605/osf.io/x9kad","10.17605/osf.io/x9kad",NA,"yes",TRUE,"numbat",TRUE,TRUE,"gen_rep",NA,NA,"FALSE","osf","FALSE","no_statement_no_data",NA,"GNU GPLv3"
2049,"10.1371/journal.pone.0226843","10.1371/journal.pone.0226843","https://osf.io/xsbhw/","//osf.io/xsbhw","//osf.io/xsbhw","10.17605/osf.io/xsbhw","10.17605/osf.io/xsbhw",NA,"yes",TRUE,"numbat",TRUE,TRUE,"gen_rep",NA,NA,"FALSE","osf","FALSE",NA,NA,NA
1311,"10.1186/s12887-021-02735-8","10.1186/s12887-021-02735-8","https://osf.io/xwnr3/","//osf.io/xwnr3","//osf.io/xwnr3","10.17605/osf.io/xwnr3","10.17605/osf.io/xwnr3",NA,"yes",TRUE,"numbat",TRUE,TRUE,"gen_rep",NA,NA,"FALSE","osf","FALSE",NA,NA,"no license"
637,"10.1371/journal.pone.0277831","10.1371/journal.pone.0277831","10.17605/osf.io/xy9qv","//osf.io/xy9qv","//osf.io/xy9qv","10.17605/osf.io/xy9qv","10.17605/osf.io/xy9qv",NA,"yes",TRUE,"numbat",TRUE,TRUE,"gen_rep",NA,NA,"FALSE","osf","FALSE","yes",NA,"no license"
1422,"10.1093/braincomms/fcaa158","10.1093/braincomms/fcaa158","https://osf.io/xyekp/","//osf.io/xyekp","//osf.io/xyekp","10.17605/osf.io/xyekp","10.17605/osf.io/xyekp",NA,"restricted",TRUE,"numbat",TRUE,TRUE,"gen_rep",NA,NA,"FALSE","osf","FALSE",NA,NA,"NULL"
483,"10.1177/09567976221140828","10.1177/09567976221140828","doi.org/10.17605/osf.io/xzke7","//osf.io/xzke7","//osf.io/xzke7","10.17605/osf.io/xzke7","10.17605/osf.io/xzke7",NA,"yes",TRUE,"numbat",TRUE,TRUE,"gen_rep",NA,NA,"FALSE","osf","FALSE","yes",NA,"no license"
1517,"10.1016/j.isci.2021.102234","10.1016/j.isci.2021.102234","https://doi.org/10.17605/osf.io/y2cfm","//osf.io/y2cfm","//osf.io/y2cfm","10.17605/osf.io/y2cfm","10.17605/osf.io/y2cfm",NA,"yes",TRUE,"numbat",TRUE,TRUE,"gen_rep",NA,NA,"FALSE","osf","FALSE",NA,NA,"no license"
1738,"10.1016/j.jhepr.2021.100234","10.1016/j.jhepr.2021.100234","https://osf.io/y8dfw/","//osf.io/y8dfw","//osf.io/y8dfw","10.17605/osf.io/y8dfw","10.17605/osf.io/y8dfw",NA,"yes",TRUE,"numbat",TRUE,TRUE,"gen_rep",NA,NA,"FALSE","osf","FALSE",NA,NA,"no license"
753,"10.1002/pon.5798","10.1002/pon.5798","doi.org/10.17605/osf.io/yj5ca","//osf.io/yj5ca","//osf.io/yj5ca","10.17605/osf.io/yj5ca","10.17605/osf.io/yj5ca",NA,"yes",TRUE,"numbat",TRUE,TRUE,"gen_rep",NA,NA,"FALSE","osf","FALSE","yes",NA,"CC BY"
1706,"10.1002/pon.5798","10.1002/pon.5798","https://doi.org/10.17605/osf.io/yj5ca","//osf.io/yj5ca","//osf.io/yj5ca","10.17605/osf.io/yj5ca","10.17605/osf.io/yj5ca",NA,"yes",TRUE,"numbat",TRUE,TRUE,"gen_rep",NA,NA,"FALSE","osf","FALSE",NA,NA,"CC BY"
761,"10.1016/j.cortex.2022.08.004","10.1016/j.cortex.2022.08.004","https://osf.io/ykcd8/","//osf.io/ykcd8","//osf.io/ykcd8","10.17605/osf.io/ykcd8","10.17605/osf.io/ykcd8",NA,"yes",TRUE,"numbat",TRUE,TRUE,"gen_rep",NA,NA,"FALSE","osf","FALSE","unsure",NA,"no license"
1630,"10.1016/j.cub.2021.04.043","10.1016/j.cub.2021.04.043","http://doi.org/10.17605/osf.io/ykm6x","//osf.io/ykm6x","//osf.io/ykm6x","10.17605/osf.io/ykm6x","10.17605/osf.io/ykm6x",NA,"yes",TRUE,"numbat",TRUE,TRUE,"gen_rep",NA,NA,"FALSE","osf","FALSE",NA,NA,"no license"
1106,"10.1007/s00213-022-06224-3","10.1007/s00213-022-06224-3","https://osf.io/yu5rm/","//osf.io/yu5rm","//osf.io/yu5rm","10.17605/osf.io/yu5rm","10.17605/osf.io/yu5rm",NA,"yes",TRUE,"numbat",TRUE,TRUE,"gen_rep",NA,NA,"FALSE","osf","FALSE","unsure",NA,"CC BY"
1179,"10.3389/fnhum.2022.852737","10.3389/fnhum.2022.852737","https://osf.io/yw865/","//osf.io/yw865","//osf.io/yw865","10.17605/osf.io/yw865","10.17605/osf.io/yw865",NA,"yes",TRUE,"numbat",TRUE,TRUE,"gen_rep",NA,NA,"FALSE","osf","FALSE","yes",NA,"no license"
1171,"10.1038/s41598-022-11924-z","10.1038/s41598-022-11924-z","https://osf.io/z4qmu/","//osf.io/z4qmu","//osf.io/z4qmu","10.17605/osf.io/z4qmu","10.17605/osf.io/z4qmu",NA,"yes",TRUE,"numbat",TRUE,TRUE,"gen_rep",NA,NA,"FALSE","osf","FALSE","yes",NA,"CC BY"
443,"10.1371/journal.pone.0279697","10.1371/journal.pone.0279697","10.17605/osf.io/z5u48","//osf.io/z5u48","//osf.io/z5u48","10.17605/osf.io/z5u48","10.17605/osf.io/z5u48",NA,"yes",TRUE,"numbat",TRUE,TRUE,"gen_rep",NA,NA,"FALSE","osf","FALSE","yes",NA,"no license"
1107,"10.1007/s00213-022-06224-3","10.1007/s00213-022-06224-3","https://doi.org/10.17605/osf.io/zdqve","//osf.io/zdqve","//osf.io/zdqve","10.17605/osf.io/zdqve","10.17605/osf.io/zdqve",NA,"yes",TRUE,"numbat",TRUE,TRUE,"gen_rep",NA,NA,"FALSE","osf","FALSE","yes",NA,"CC BY"
1151,"10.1371/journal.pntd.0010901","10.1371/journal.pntd.0010901","https://datadryad.org/stash/dataset/doi:10.5061%2fdryad.dncjsxm2p","10.5061%2fdryad.dncjsxm2p","10.5061%2fdryad.dncjsxm2p","10.5061/dryad.dncjsxm2p","10.5061/dryad.dncjsxm2p",NA,"yes",TRUE,"numbat",TRUE,TRUE,"gen_rep",NA,NA,"TRUE",NA,"FALSE","yes",NA,"CC0"
40,"10.1098/rsos.221517","10.1098/rsos.221517","https://doi.org/10.5061/dryad.1rn8pk0z4","10.5061/dryad.1rn8pk0z4","10.5061/dryad.1rn8pk0z4","","10.5061/dryad.1rn8pk0z4",NA,"yes",TRUE,"numbat",TRUE,TRUE,"gen_rep",NA,NA,"TRUE",NA,"FALSE","yes",NA,"CC0"
956,"10.1242/dev.200195","10.1242/dev.200195","https://doi.org/10.5061/dryad.2fqz612q6","10.5061/dryad.2fqz612q6","10.5061/dryad.2fqz612q6","","10.5061/dryad.2fqz612q6",NA,"yes",TRUE,"numbat",TRUE,TRUE,"gen_rep",NA,NA,"TRUE",NA,"FALSE","yes",NA,"CC0"
194,"10.1126/science.abq5202","10.1126/science.abq5202","https://doi.org/10.5061/dryad.3ffbg79pp","10.5061/dryad.3ffbg79pp","10.5061/dryad.3ffbg79pp","","10.5061/dryad.3ffbg79pp",NA,"yes",TRUE,"numbat",TRUE,TRUE,"gen_rep",NA,NA,"TRUE",NA,"FALSE","yes",NA,"no license"
2019,"10.1136/bmjopen-2019-032864","10.1136/bmjopen-2019-032864","https://datadryad.org/stash/dataset/doi:10.5061/dryad.4tmpg4f5f","10.5061/dryad.4tmpg4f5f","10.5061/dryad.4tmpg4f5f","","10.5061/dryad.4tmpg4f5f",NA,"yes",TRUE,"numbat",TRUE,TRUE,"gen_rep",NA,NA,"TRUE",NA,"FALSE",NA,NA,NA
1136,"10.1038/s41598-022-20916-y","10.1038/s41598-022-20916-y","https://doi.org/10.5061/dryad.59zw3r2bk","10.5061/dryad.59zw3r2bk","10.5061/dryad.59zw3r2bk","","10.5061/dryad.59zw3r2bk",NA,"yes",TRUE,"numbat",TRUE,TRUE,"gen_rep",NA,NA,"TRUE",NA,"FALSE","yes",NA,"CC0"
1283,"10.1098/rspb.2021.0328","10.1098/rspb.2021.0328","https://doi.org/10.5061/dryad.66t1g1k27","10.5061/dryad.66t1g1k27","10.5061/dryad.66t1g1k27","","10.5061/dryad.66t1g1k27",NA,"yes",TRUE,"numbat",TRUE,TRUE,"gen_rep",NA,NA,"TRUE",NA,"FALSE",NA,NA,"CC0"
1644,"10.1038/s41559-021-01486-0","10.1038/s41559-021-01486-0","https://doi.org/10.5061/dryad.7h44j0zsr","10.5061/dryad.7h44j0zsr","10.5061/dryad.7h44j0zsr","","10.5061/dryad.7h44j0zsr",NA,"yes",TRUE,"numbat",TRUE,TRUE,"gen_rep",NA,NA,"TRUE",NA,"FALSE",NA,NA,"CC0"
726,"10.7554/elife.72819","10.7554/elife.72819","https://doi.org/10.5061/dryad.8gtht76q2","10.5061/dryad.8gtht76q2","10.5061/dryad.8gtht76q2","","10.5061/dryad.8gtht76q2",NA,"yes",TRUE,"numbat",TRUE,TRUE,"gen_rep",NA,NA,"TRUE",NA,"FALSE","yes",NA,"CC0"
323,"10.1126/science.adj0070","10.1126/science.adj0070","https://doi.org/10.5061/dryad.b8gtht7jf","10.5061/dryad.b8gtht7jf","10.5061/dryad.b8gtht7jf","","10.5061/dryad.b8gtht7jf",NA,"yes",TRUE,"numbat",TRUE,TRUE,"gen_rep",NA,NA,"TRUE",NA,"FALSE","yes",NA,"CC0"
2070,"10.7554/elife.51156","10.7554/elife.51156","https://datadryad.org/stash/dataset/doi:10.5061/dryad.gt160v2","10.5061/dryad.gt160v2","10.5061/dryad.gt160v2","","10.5061/dryad.gt160v2",NA,"yes",TRUE,"numbat",TRUE,TRUE,"gen_rep",NA,NA,"TRUE",NA,"FALSE",NA,NA,NA
67,"10.1002/glia.24380","10.1002/glia.24380","https://doi.org/10.5061/dryad.jwstqjqdb","10.5061/dryad.jwstqjqdb","10.5061/dryad.jwstqjqdb","","10.5061/dryad.jwstqjqdb",NA,"yes",TRUE,"numbat",TRUE,TRUE,"gen_rep",NA,NA,"TRUE",NA,"FALSE","yes",NA,"CC0"
162,"10.1038/s41467-023-36120-z","10.1038/s41467-023-36120-z","https://doi.org/10.5061/dryad.kd51c5b9b","10.5061/dryad.kd51c5b9b","10.5061/dryad.kd51c5b9b","","10.5061/dryad.kd51c5b9b",NA,"yes",TRUE,"numbat",TRUE,TRUE,"gen_rep",NA,NA,"TRUE",NA,"FALSE","yes",2022,"no license"
1044,"10.7554/elife.77492","10.7554/elife.77492","https://doi.org/10.5061/dryad.mcvdnck2s","10.5061/dryad.mcvdnck2s","10.5061/dryad.mcvdnck2s","","10.5061/dryad.mcvdnck2s",NA,"yes",TRUE,"numbat",TRUE,TRUE,"gen_rep",NA,NA,"TRUE",NA,"FALSE","yes",NA,"CC0"
1126,"10.1038/s41467-022-34510-3","10.1038/s41467-022-34510-3","https://doi.org/10.5061/dryad.nzs7h44q2","10.5061/dryad.nzs7h44q2","10.5061/dryad.nzs7h44q2","","10.5061/dryad.nzs7h44q2",NA,"yes",TRUE,"numbat",TRUE,TRUE,"gen_rep",NA,NA,"TRUE",NA,"FALSE","yes",NA,"CC0"
1784,"10.1038/s42003-021-02307-7","10.1038/s42003-021-02307-7","https://doi.org/10.5061/dryad.pnvx0k6kr","10.5061/dryad.pnvx0k6kr","10.5061/dryad.pnvx0k6kr","","10.5061/dryad.pnvx0k6kr",NA,"yes",TRUE,"numbat",TRUE,TRUE,"gen_rep",NA,NA,"TRUE",NA,"FALSE",NA,NA,"CC0"
469,"10.1016/j.lanepe.2023.100770","10.1016/j.lanepe.2023.100770","https://doi.org/10.5061/dryad.tht76hf5d","10.5061/dryad.tht76hf5d","10.5061/dryad.tht76hf5d","","10.5061/dryad.tht76hf5d",NA,"yes",TRUE,"numbat",TRUE,TRUE,"gen_rep",NA,NA,"TRUE",NA,"FALSE","yes",NA,"CC0"
627,"10.1038/s42003-023-05553-z","10.1038/s42003-023-05553-z","https://doi.org/10.5281/zenodo.10054902","10.5281/zenodo.10054902","10.5281/zenodo.10054902","","10.5281/zenodo.10054902",NA,"yes",TRUE,"numbat",TRUE,TRUE,"gen_rep",NA,NA,"TRUE",NA,"FALSE","yes_statement_no_data",NA,"CC BY"
587,"10.3389/fnrgo.2023.1233722","10.3389/fnrgo.2023.1233722","https://doi.org/10.5281/zenodo.10077137","10.5281/zenodo.10077137","10.5281/zenodo.10077137","","10.5281/zenodo.10077137",NA,"yes",TRUE,"numbat",TRUE,TRUE,"gen_rep",NA,NA,"TRUE",NA,"FALSE","yes_statement_no_data",NA,"CC BY"
2085,"10.1038/s41597-019-0129-z","10.1038/s41597-019-0129-z","https://doi.org/10.5281/zenodo.1471588","10.5281/zenodo.1471588","10.5281/zenodo.1471588","","10.5281/zenodo.1471588",NA,NA,TRUE,"data_articles",FALSE,TRUE,"gen_rep",NA,NA,"TRUE","zenodo","TRUE",NA,2018,"CC BY"
1496,"10.1038/s41467-021-23807-4","10.1038/s41467-021-23807-4","https://doi.org/10.5281/zenodo.3478502","10.5281/zenodo.3478502","10.5281/zenodo.3478502","","10.5281/zenodo.3478502",NA,"yes",TRUE,"numbat",TRUE,TRUE,"gen_rep",NA,NA,"TRUE",NA,"FALSE",NA,2019,"CC BY"
1599,"10.1016/j.cortex.2020.06.006","10.1016/j.cortex.2020.06.006","https://doi.org/10.5281/zenodo.3479558","10.5281/zenodo.3479558","10.5281/zenodo.3479558","","10.5281/zenodo.3479558",NA,"yes",TRUE,"numbat",TRUE,TRUE,"gen_rep",NA,NA,"TRUE",NA,"FALSE",NA,NA,"CC BY"
1542,"10.1038/s41586-021-03986-2","10.1038/s41586-021-03986-2","https://doi.org/10.5281/zenodo.3527540","10.5281/zenodo.3527540","10.5281/zenodo.3527540","","10.5281/zenodo.3527540",NA,"yes",TRUE,"numbat",TRUE,TRUE,"gen_rep",NA,NA,"TRUE",NA,"FALSE",NA,NA,"CC BY"
1364,"10.1371/journal.pone.0251544","10.1371/journal.pone.0251544","https://doi.org/10.5281/zenodo.3718578","10.5281/zenodo.3718578","10.5281/zenodo.3718578","","10.5281/zenodo.3718578",NA,"yes",TRUE,"numbat",TRUE,TRUE,"gen_rep",NA,NA,"TRUE",NA,"FALSE",NA,NA,"CC BY"
1792,"10.1038/s41589-020-00724-z","10.1038/s41589-020-00724-z","https://doi.org/10.5281/zenodo.3736430","10.5281/zenodo.3736430","10.5281/zenodo.3736430","","10.5281/zenodo.3736430",NA,"yes",TRUE,"numbat",TRUE,TRUE,"gen_rep",NA,NA,"TRUE",NA,"FALSE",NA,NA,"CC BY"
1501,"10.1038/s41467-021-21994-8","10.1038/s41467-021-21994-8","https://doi.org/10.5281/zenodo.3744152","10.5281/zenodo.3744152","10.5281/zenodo.3744152","","10.5281/zenodo.3744152",NA,"yes",TRUE,"numbat",TRUE,TRUE,"gen_rep",NA,NA,"TRUE",NA,"FALSE",NA,NA,"CC BY"
1460,"10.1038/s41598-020-80408-9","10.1038/s41598-020-80408-9","https://doi.org/10.5281/zenodo.3876271","10.5281/zenodo.3876271","10.5281/zenodo.3876271","","10.5281/zenodo.3876271",NA,"yes",TRUE,"numbat",TRUE,TRUE,"gen_rep",NA,NA,"TRUE",NA,"FALSE",NA,NA,"CC BY"
847,"10.1177/17474930211006286","10.1177/17474930211006286","https://doi.org/10.5281/zenodo.3899830","10.5281/zenodo.3899830","10.5281/zenodo.3899830","","10.5281/zenodo.3899830",NA,"yes",TRUE,"numbat",TRUE,TRUE,"gen_rep",NA,NA,"TRUE",NA,"FALSE","yes",NA,"CC BY"
571,"10.1016/j.xhgg.2022.100166","10.1016/j.xhgg.2022.100166","https://doi.org/10.5281/zenodo.3911187","10.5281/zenodo.3911187","10.5281/zenodo.3911187","","10.5281/zenodo.3911187",NA,"yes",TRUE,"numbat",TRUE,TRUE,"gen_rep",NA,NA,"TRUE",NA,"FALSE","yes",NA,"CC BY"
1696,"10.3389/fonc.2020.578380","10.3389/fonc.2020.578380","https://doi.org/10.5281/zenodo.3922212","10.5281/zenodo.3922212","10.5281/zenodo.3922212","","10.5281/zenodo.3922212",NA,"yes",TRUE,"numbat",TRUE,TRUE,"gen_rep",NA,NA,"TRUE",NA,"FALSE",NA,NA,"CC BY"
1012,"10.1021/acs.analchem.1c02220","10.1021/acs.analchem.1c02220","https://doi.org/10.5281/zenodo.3973172","10.5281/zenodo.3973172","10.5281/zenodo.3973172","","10.5281/zenodo.3973172",NA,"yes",TRUE,"numbat",TRUE,TRUE,"gen_rep",NA,NA,"TRUE",NA,"FALSE","no_statement_no_data",NA,"CC BY"
1506,"10.1038/s41467-020-20850-5","10.1038/s41467-020-20850-5","https://doi.org/10.5281/zenodo.3992607","10.5281/zenodo.3992607","10.5281/zenodo.3992607","","10.5281/zenodo.3992607",NA,"yes",TRUE,"numbat",TRUE,TRUE,"gen_rep",NA,NA,"TRUE",NA,"FALSE",NA,2020,"CC BY"
1944,"10.3390/cancers12113138","10.3390/cancers12113138","http://doi.org/10.5281/zenodo.4009499","10.5281/zenodo.4009499","10.5281/zenodo.4009499","","10.5281/zenodo.4009499",NA,"yes",TRUE,"numbat",TRUE,TRUE,"gen_rep",NA,NA,"TRUE",NA,"FALSE",NA,NA,NA
1352,"10.1371/journal.pone.0245143","10.1371/journal.pone.0245143","https://doi.org/10.5281/zenodo.4049178","10.5281/zenodo.4049178","10.5281/zenodo.4049178","","10.5281/zenodo.4049178",NA,"yes",TRUE,"numbat",TRUE,TRUE,"gen_rep",NA,NA,"TRUE",NA,"FALSE",NA,NA,"CC BY"
1341,"10.1371/journal.pcbi.1008630","10.1371/journal.pcbi.1008630","https://dx.doi.org/10.5281/zenodo.4064148","10.5281/zenodo.4064148","10.5281/zenodo.4064148","","10.5281/zenodo.4064148",NA,"yes",TRUE,"numbat",TRUE,TRUE,"gen_rep",NA,NA,"TRUE",NA,"FALSE",NA,NA,"CC BY"
1361,"10.1371/journal.pone.0249813","10.1371/journal.pone.0249813","https://doi.org/10.5281/zenodo.4135394","10.5281/zenodo.4135394","10.5281/zenodo.4135394","","10.5281/zenodo.4135394",NA,"yes",TRUE,"numbat",TRUE,TRUE,"gen_rep",NA,NA,"TRUE",NA,"FALSE",NA,NA,"CC BY"
1509,"10.1007/s10071-021-01482-8","10.1007/s10071-021-01482-8","https://doi.org/10.5281/zenodo.4223729","10.5281/zenodo.4223729","10.5281/zenodo.4223729","","10.5281/zenodo.4223729",NA,"yes",TRUE,"numbat",TRUE,TRUE,"gen_rep",NA,NA,"TRUE",NA,"FALSE",NA,NA,"NULL"
1099,"10.3389/fnins.2022.804125","10.3389/fnins.2022.804125","https://doi.org/10.5281/zenodo.4310183","10.5281/zenodo.4310183","10.5281/zenodo.4310183","","10.5281/zenodo.4310183",NA,"yes",TRUE,"numbat",TRUE,TRUE,"gen_rep",NA,NA,"TRUE",NA,"FALSE","yes",NA,"CC BY"
893,"10.1080/15592294.2021.1878723","10.1080/15592294.2021.1878723","https://doi.org/10.5281/zenodo.4327115","10.5281/zenodo.4327115","10.5281/zenodo.4327115","","10.5281/zenodo.4327115",NA,"yes",TRUE,"numbat",TRUE,TRUE,"gen_rep",NA,NA,"TRUE",NA,"FALSE","yes",NA,"CC BY"
1657,"10.1080/15592294.2021.1878723","10.1080/15592294.2021.1878723","doi.org/10.5281/zenodo.4327115","10.5281/zenodo.4327115","10.5281/zenodo.4327115","","10.5281/zenodo.4327115",NA,"yes",TRUE,"numbat",TRUE,TRUE,"gen_rep",NA,NA,"TRUE",NA,"FALSE",NA,NA,"CC BY"
1414,"10.3389/fonc.2021.684713","10.3389/fonc.2021.684713","http://doi.org/10.5281/zenodo.4362503","10.5281/zenodo.4362503","10.5281/zenodo.4362503","","10.5281/zenodo.4362503",NA,"yes",TRUE,"numbat",TRUE,TRUE,"gen_rep",NA,NA,"TRUE",NA,"FALSE",NA,NA,"CC BY"
1787,"10.1093/braincomms/fcab027","10.1093/braincomms/fcab027","https://doi.org/10.5281/zenodo.4425256","10.5281/zenodo.4425256","10.5281/zenodo.4425256","","10.5281/zenodo.4425256",NA,"yes",TRUE,"numbat",TRUE,TRUE,"gen_rep",NA,NA,"TRUE",NA,"FALSE",NA,NA,"CC BY"
1390,"10.1681/asn.2020101528","10.1681/asn.2020101528","https://doi.org/10.5281/zenodo.4434363","10.5281/zenodo.4434363","10.5281/zenodo.4434363","","10.5281/zenodo.4434363",NA,"yes",TRUE,"numbat",TRUE,TRUE,"gen_rep",NA,NA,"TRUE",NA,"FALSE",NA,NA,"CC BY"
1335,"10.1371/journal.pbio.3001149","10.1371/journal.pbio.3001149","https://doi.org/10.5281/zenodo.4498214","10.5281/zenodo.4498214","10.5281/zenodo.4498214","","10.5281/zenodo.4498214",NA,"yes",TRUE,"numbat",TRUE,TRUE,"gen_rep",NA,NA,"TRUE",NA,"FALSE",NA,NA,"CC BY"
1277,"10.2196/26494","10.2196/26494","https://doi.org/10.5281/zenodo.4560041","10.5281/zenodo.4560041","10.5281/zenodo.4560041","","10.5281/zenodo.4560041",NA,"yes",TRUE,"numbat",TRUE,TRUE,"gen_rep",NA,NA,"TRUE",NA,"FALSE","unsure",NA,"no license"
1292,"10.1136/bmjopen-2021-053096","10.1136/bmjopen-2021-053096","https://doi.org/10.5281/zenodo.4669937","10.5281/zenodo.4669937","10.5281/zenodo.4669937","","10.5281/zenodo.4669937",NA,"yes",TRUE,"numbat",TRUE,TRUE,"gen_rep",NA,NA,"TRUE","zenodo","TRUE",NA,2021,"CC BY"
1590,"10.1126/sciadv.abg4693","10.1126/sciadv.abg4693","https://doi.org/10.5281/zenodo.4670433","10.5281/zenodo.4670433","10.5281/zenodo.4670433","","10.5281/zenodo.4670433",NA,"yes",TRUE,"numbat",TRUE,TRUE,"gen_rep",NA,NA,"TRUE",NA,"FALSE",NA,NA,"no license"
1652,"10.1073/pnas.2014876118","10.1073/pnas.2014876118","https://doi.org/10.5281/zenodo.4671006","10.5281/zenodo.4671006","10.5281/zenodo.4671006","","10.5281/zenodo.4671006",NA,"yes",TRUE,"numbat",TRUE,TRUE,"gen_rep",NA,NA,"TRUE",NA,"FALSE",NA,NA,"CC BY"
1471,"10.1038/s41586-021-04177-9","10.1038/s41586-021-04177-9","https://doi.org/10.5281/zenodo.4728981","10.5281/zenodo.4728981","10.5281/zenodo.4728981","","10.5281/zenodo.4728981",NA,"yes",TRUE,"numbat",TRUE,TRUE,"gen_rep",NA,NA,"TRUE",NA,"FALSE",NA,NA,"CC BY"
1786,"10.1038/s42003-021-02307-7","10.1038/s42003-021-02307-7","https://doi.org/10.5281/zenodo.4768563","10.5281/zenodo.4768563","10.5281/zenodo.4768563","","10.5281/zenodo.4768563",NA,"yes",TRUE,"numbat",TRUE,TRUE,"gen_rep",NA,NA,"TRUE",NA,"FALSE",NA,NA,"no license"
1442,"10.3390/ijms22116046","10.3390/ijms22116046","http://doi.org/10.5281/zenodo.4884946","10.5281/zenodo.4884946","10.5281/zenodo.4884946","","10.5281/zenodo.4884946",NA,"yes",TRUE,"numbat",TRUE,TRUE,"gen_rep",NA,NA,"TRUE",NA,"FALSE",NA,NA,"CC BY"
1451,"10.1007/s00247-021-05109-5","10.1007/s00247-021-05109-5","https://doi.org/10.5281/zenodo.4906565","10.5281/zenodo.4906565","10.5281/zenodo.4906565","","10.5281/zenodo.4906565",NA,"yes",TRUE,"numbat",TRUE,TRUE,"gen_rep",NA,NA,"TRUE",NA,"FALSE",NA,NA,"CC BY"
1592,"10.1126/science.abi5273","10.1126/science.abi5273","https://doi.org/10.5281/zenodo.4945655","10.5281/zenodo.4945655","10.5281/zenodo.4945655","","10.5281/zenodo.4945655",NA,"yes",TRUE,"numbat",TRUE,TRUE,"gen_rep",NA,NA,"TRUE",NA,"FALSE",NA,NA,"no license"
1222,"10.1038/s41592-022-01431-4","10.1038/s41592-022-01431-4","https://doi.org/10.5281/zenodo.5013479","10.5281/zenodo.5013479","10.5281/zenodo.5013479","","10.5281/zenodo.5013479",NA,"yes",TRUE,"numbat",TRUE,TRUE,"gen_rep",NA,NA,"TRUE",NA,"FALSE","yes",NA,"CC BY"
1155,"10.1016/j.jclinepi.2021.12.012","10.1016/j.jclinepi.2021.12.012","https://doi.org/10.5281/zenodo.5141343","10.5281/zenodo.5141343","10.5281/zenodo.5141343","","10.5281/zenodo.5141343",NA,"yes",TRUE,"numbat",TRUE,TRUE,"gen_rep",NA,NA,"TRUE",NA,"FALSE","yes",NA,"CC BY"
1079,"10.1111/jcmm.17611","10.1111/jcmm.17611","https://doi.org/10.5281/zenodo.5147985","10.5281/zenodo.5147985","10.5281/zenodo.5147985","","10.5281/zenodo.5147985",NA,"yes",TRUE,"numbat",TRUE,TRUE,"gen_rep",NA,NA,"TRUE",NA,"FALSE","no",NA,"CC BY"
1312,"10.1186/s12903-021-01911-7","10.1186/s12903-021-01911-7","https://doi.org/10.5281/zenodo.5159386","10.5281/zenodo.5159386","10.5281/zenodo.5159386","","10.5281/zenodo.5159386",NA,"yes",TRUE,"numbat",TRUE,TRUE,"gen_rep",NA,NA,"TRUE",NA,"FALSE",NA,NA,"CC BY"
1655,"10.1073/pnas.2108157118","10.1073/pnas.2108157118","https://doi.org/10.5281/zenodo.5203142","10.5281/zenodo.5203142","10.5281/zenodo.5203142","","10.5281/zenodo.5203142",NA,"yes",TRUE,"numbat",TRUE,TRUE,"gen_rep",NA,NA,"TRUE",NA,"FALSE",NA,NA,"CC BY"
1455,"10.1038/s42003-021-02664-3","10.1038/s42003-021-02664-3","https://doi.org/10.5281/zenodo.5235706","10.5281/zenodo.5235706","10.5281/zenodo.5235706","","10.5281/zenodo.5235706",NA,"yes",TRUE,"numbat",TRUE,TRUE,"gen_rep",NA,NA,"TRUE",NA,"FALSE",NA,NA,"CC BY"
1449,"10.1002/14651858.cd015045","10.1002/14651858.cd015045","https://doi.org/10.5281/zenodo.5377507","10.5281/zenodo.5377507","10.5281/zenodo.5377507","","10.5281/zenodo.5377507",NA,"yes",TRUE,"numbat",TRUE,TRUE,"gen_rep",NA,NA,"TRUE",NA,"FALSE",NA,NA,"CC BY"
1071,"10.1038/s41431-022-01177-9","10.1038/s41431-022-01177-9","https://doi.org/10.5281/zenodo.5516388","10.5281/zenodo.5516388","10.5281/zenodo.5516388","","10.5281/zenodo.5516388",NA,"yes",TRUE,"numbat",TRUE,TRUE,"gen_rep",NA,NA,"TRUE",NA,"FALSE","yes",NA,"CC BY"
1444,"10.3390/ijms222112031","10.3390/ijms222112031","http://doi.org/10.5281/zenodo.5524539","10.5281/zenodo.5524539","10.5281/zenodo.5524539","","10.5281/zenodo.5524539",NA,"yes",TRUE,"numbat",TRUE,TRUE,"gen_rep",NA,NA,"TRUE",NA,"FALSE",NA,NA,"CC BY"
746,"10.7554/elife.75517","10.7554/elife.75517","https://doi.org/10.5281/zenodo.5552207","10.5281/zenodo.5552207","10.5281/zenodo.5552207","","10.5281/zenodo.5552207",NA,"yes",TRUE,"numbat",TRUE,TRUE,"gen_rep",NA,NA,"TRUE",NA,"FALSE","yes",NA,"CC BY"
1000,"10.3390/e24070934","10.3390/e24070934","https://doi.org/10.5281/zenodo.5582001","10.5281/zenodo.5582001","10.5281/zenodo.5582001","","10.5281/zenodo.5582001",NA,"yes",TRUE,"numbat",TRUE,TRUE,"gen_rep",NA,NA,"TRUE",NA,"FALSE","yes",NA,"CC BY"
1105,"10.3389/fgene.2022.785877","10.3389/fgene.2022.785877","https://doi.org/10.5281/zenodo.5600532","10.5281/zenodo.5600532","10.5281/zenodo.5600532","","10.5281/zenodo.5600532",NA,"yes",TRUE,"numbat",TRUE,TRUE,"gen_rep",NA,NA,"TRUE",NA,"FALSE","yes",NA,"CC BY"
711,"10.7554/elife.75047","10.7554/elife.75047","https://doi.org/10.5281/zenodo.5643859","10.5281/zenodo.5643859","10.5281/zenodo.5643859","","10.5281/zenodo.5643859",NA,"yes",TRUE,"numbat",TRUE,TRUE,"gen_rep",NA,NA,"TRUE",NA,"FALSE","yes",NA,"CC BY"
1147,"10.3390/cancers14010125","10.3390/cancers14010125","https://doi.org/10.5281/zenodo.5710900","10.5281/zenodo.5710900","10.5281/zenodo.5710900","","10.5281/zenodo.5710900",NA,"yes",TRUE,"numbat",TRUE,TRUE,"gen_rep",NA,NA,"TRUE",NA,"FALSE","yes",NA,"CC BY"
1031,"10.1038/s41588-022-01024-z","10.1038/s41588-022-01024-z","https://doi.org/10.5281/zenodo.5745927","10.5281/zenodo.5745927","10.5281/zenodo.5745927","","10.5281/zenodo.5745927",NA,"yes",TRUE,"numbat",TRUE,TRUE,"gen_rep",NA,NA,"TRUE",NA,"FALSE","yes",NA,"CC BY"
1697,"10.3389/fnins.2021.742652","10.3389/fnins.2021.742652","https://doi.org/10.5281/zenodo.5746691","10.5281/zenodo.5746691","10.5281/zenodo.5746691","","10.5281/zenodo.5746691",NA,"yes",TRUE,"numbat",TRUE,TRUE,"gen_rep",NA,NA,"TRUE",NA,"FALSE",NA,NA,"NULL"
997,"10.1038/s41467-022-28508-0","10.1038/s41467-022-28508-0","https://doi.org/10.5281/zenodo.5792004","10.5281/zenodo.5792004","10.5281/zenodo.5792004","","10.5281/zenodo.5792004",NA,"yes",TRUE,"numbat",TRUE,TRUE,"gen_rep",NA,NA,"TRUE",NA,"FALSE","yes",NA,"CC BY"
1061,"10.1007/s00392-022-02054-7","10.1007/s00392-022-02054-7","https://doi.org/10.5281/zenodo.5862042","10.5281/zenodo.5862042","10.5281/zenodo.5862042","","10.5281/zenodo.5862042",NA,"yes",TRUE,"numbat",TRUE,TRUE,"gen_rep",NA,NA,"TRUE",NA,"FALSE","yes",NA,"CC BY"
1246,"10.1038/s41598-022-18097-9","10.1038/s41598-022-18097-9","https://doi.org/10.5281/zenodo.5897619","10.5281/zenodo.5897619","10.5281/zenodo.5897619","","10.5281/zenodo.5897619",NA,"yes",TRUE,"numbat",TRUE,TRUE,"gen_rep",NA,NA,"TRUE",NA,"FALSE","yes",NA,"no license"
674,"10.3390/biomedicines10030536","10.3390/biomedicines10030536","https://doi.org/10.5281/zenodo.5925746","10.5281/zenodo.5925746","10.5281/zenodo.5925746","","10.5281/zenodo.5925746",NA,"yes",TRUE,"numbat",TRUE,TRUE,"gen_rep",NA,NA,"TRUE",NA,"FALSE","yes",NA,"CC BY"
651,"10.1186/s13059-022-02631-z","10.1186/s13059-022-02631-z","doi.org/10.5281/zenodo.5947062","10.5281/zenodo.5947062","10.5281/zenodo.5947062","","10.5281/zenodo.5947062",NA,"yes",TRUE,"numbat",TRUE,TRUE,"gen_rep",NA,NA,"TRUE",NA,"FALSE","yes",NA,"MIT"
1211,"10.2196/31810","10.2196/31810","https://doi.org/10.5281/zenodo.6054093","10.5281/zenodo.6054093","10.5281/zenodo.6054093","","10.5281/zenodo.6054093",NA,"yes",TRUE,"numbat",TRUE,TRUE,"gen_rep",NA,NA,"TRUE",NA,"FALSE","no_statement_no_data",NA,"CC BY"
1065,"10.1038/s41467-022-30050-y","10.1038/s41467-022-30050-y","https://doi.org/10.5281/zenodo.6054242","10.5281/zenodo.6054242","10.5281/zenodo.6054242","","10.5281/zenodo.6054242",NA,"yes",TRUE,"numbat",TRUE,TRUE,"gen_rep",NA,NA,"TRUE",NA,"FALSE","yes",NA,"CC BY"
602,"10.1111/cge.14241","10.1111/cge.14241","https://doi.org/10.5281/zenodo.6206868","10.5281/zenodo.6206868","10.5281/zenodo.6206868","","10.5281/zenodo.6206868",NA,"yes",TRUE,"numbat",TRUE,TRUE,"gen_rep",NA,NA,"TRUE",NA,"FALSE","yes",NA,"CC BY"
81,"10.1093/bioinformatics/btad280","10.1093/bioinformatics/btad280","https://doi.org/10.5281/zenodo.6288139","10.5281/zenodo.6288139","10.5281/zenodo.6288139","","10.5281/zenodo.6288139",NA,"yes",TRUE,"numbat",TRUE,TRUE,"gen_rep",NA,NA,"TRUE",NA,"FALSE","yes_statement_no_data",NA,"no license"
1084,"10.3390/s22072759","10.3390/s22072759","https://doi.org/10.5281/zenodo.6303665","10.5281/zenodo.6303665","10.5281/zenodo.6303665","","10.5281/zenodo.6303665",NA,"yes",TRUE,"numbat",TRUE,TRUE,"gen_rep",NA,NA,"TRUE",NA,"FALSE","yes",NA,"CC BY"
652,"10.1371/journal.pcbi.1009933","10.1371/journal.pcbi.1009933","https://doi.org/10.5281/zenodo.6320089","10.5281/zenodo.6320089","10.5281/zenodo.6320089","","10.5281/zenodo.6320089",NA,"yes",TRUE,"numbat",TRUE,TRUE,"gen_rep",NA,NA,"TRUE",NA,"FALSE","yes",NA,"CC BY"
707,"10.1038/s41467-022-29433-y","10.1038/s41467-022-29433-y","https://doi.org/10.5281/zenodo.6338697","10.5281/zenodo.6338697","10.5281/zenodo.6338697","","10.5281/zenodo.6338697",NA,"yes",TRUE,"numbat",TRUE,TRUE,"gen_rep",NA,NA,"TRUE",NA,"FALSE","yes",NA,"CC BY"
1251,"10.1038/s41698-022-00278-4","10.1038/s41698-022-00278-4","https://doi.org/10.5281/zenodo.6370802","10.5281/zenodo.6370802","10.5281/zenodo.6370802","","10.5281/zenodo.6370802",NA,"yes",TRUE,"numbat",TRUE,TRUE,"gen_rep",NA,NA,"TRUE",NA,"FALSE","yes",NA,"no license"
697,"10.1093/database/baac043","10.1093/database/baac043","https://doi.org/10.5281/zenodo.6418451","10.5281/zenodo.6418451","10.5281/zenodo.6418451","","10.5281/zenodo.6418451",NA,"yes",TRUE,"numbat",TRUE,TRUE,"gen_rep",NA,NA,"TRUE",NA,"FALSE","no_statement_no_data",NA,"CC BY"
786,"10.1126/sciadv.abk2814","10.1126/sciadv.abk2814","https://doi.org/10.5281/zenodo.6477501","10.5281/zenodo.6477501","10.5281/zenodo.6477501","","10.5281/zenodo.6477501",NA,"yes",TRUE,"numbat",TRUE,TRUE,"gen_rep",NA,NA,"TRUE",NA,"FALSE","yes",NA,"CC BY"
950,"10.1016/j.dib.2022.108739","10.1016/j.dib.2022.108739","https://doi.org/10.5281/zenodo.6481141","10.5281/zenodo.6481141","10.5281/zenodo.6481141","","10.5281/zenodo.6481141",NA,"restricted",TRUE,"numbat",TRUE,TRUE,"gen_rep",NA,NA,"TRUE",NA,"FALSE","yes",NA,"NULL"
1789,"10.1002/14651858.cd014963","10.1002/14651858.cd014963","https://doi.org/10.5281/zenodo.6500842","10.5281/zenodo.6500842","10.5281/zenodo.6500842","","10.5281/zenodo.6500842",NA,"yes",TRUE,"numbat",TRUE,TRUE,"gen_rep",NA,NA,"TRUE",NA,"FALSE",NA,NA,"CC BY"
754,"10.1016/j.envres.2022.113896","10.1016/j.envres.2022.113896","https://doi.org/10.5281/zenodo.6523797","10.5281/zenodo.6523797","10.5281/zenodo.6523797","","10.5281/zenodo.6523797",NA,"yes",TRUE,"numbat",TRUE,TRUE,"gen_rep",NA,NA,"TRUE",NA,"FALSE","yes",NA,"CC BY"
281,"10.1111/nan.12866","10.1111/nan.12866","https://doi.org/10.5281/zenodo.6543147","10.5281/zenodo.6543147","10.5281/zenodo.6543147","","10.5281/zenodo.6543147",NA,"yes",TRUE,"numbat",TRUE,TRUE,"gen_rep",NA,NA,"TRUE",NA,"FALSE","yes",NA,"CC BY"
900,"10.3389/fgene.2022.912572","10.3389/fgene.2022.912572","https://doi.org/10.5281/zenodo.6546361","10.5281/zenodo.6546361","10.5281/zenodo.6546361","","10.5281/zenodo.6546361",NA,"yes",TRUE,"numbat",TRUE,TRUE,"gen_rep",NA,NA,"TRUE",NA,"FALSE","yes",NA,"CC BY"
807,"10.1038/s41597-022-01669-9","10.1038/s41597-022-01669-9","https://doi.org/10.5281/zenodo.6576177","10.5281/zenodo.6576177","10.5281/zenodo.6576177","","10.5281/zenodo.6576177",NA,"yes",TRUE,"numbat",TRUE,TRUE,"gen_rep",NA,NA,"TRUE",NA,"FALSE","yes",NA,"no license"
1150,"10.1038/s41467-022-31195-6","10.1038/s41467-022-31195-6","https://doi.org/10.5281/zenodo.6589677","10.5281/zenodo.6589677","10.5281/zenodo.6589677","","10.5281/zenodo.6589677",NA,"yes",TRUE,"numbat",TRUE,TRUE,"gen_rep",NA,NA,"TRUE",NA,"FALSE","yes",NA,"CC BY"
850,"10.1016/j.isci.2022.104760","10.1016/j.isci.2022.104760","https://doi.org/10.5281/zenodo.6594812","10.5281/zenodo.6594812","10.5281/zenodo.6594812","","10.5281/zenodo.6594812",NA,"yes",TRUE,"numbat",TRUE,TRUE,"gen_rep",NA,NA,"TRUE",NA,"FALSE","yes",NA,"no license"
636,"10.1186/s12913-023-09726-8","10.1186/s12913-023-09726-8","https://doi.org/10.5281/zenodo.6623480","10.5281/zenodo.6623480","10.5281/zenodo.6623480","","10.5281/zenodo.6623480",NA,"yes",TRUE,"numbat",TRUE,TRUE,"gen_rep",NA,NA,"TRUE",NA,"FALSE","yes",NA,"CC BY"
792,"10.1016/j.dib.2022.108542","10.1016/j.dib.2022.108542","https://doi.org/10.5281/zenodo.6640670","10.5281/zenodo.6640670","10.5281/zenodo.6640670","","10.5281/zenodo.6640670",NA,"yes",TRUE,"numbat",TRUE,TRUE,"gen_rep",NA,NA,"TRUE",NA,"FALSE","yes",NA,"no license"
998,"10.1016/j.xpro.2022.101567","10.1016/j.xpro.2022.101567","https://doi.org/10.5281/zenodo.6642365","10.5281/zenodo.6642365","10.5281/zenodo.6642365","","10.5281/zenodo.6642365",NA,"yes",TRUE,"numbat",TRUE,TRUE,"gen_rep",NA,NA,"TRUE",NA,"FALSE","yes",NA,"no license"
1249,"10.1158/0008-5472.can-21-3836","10.1158/0008-5472.can-21-3836","https://doi.org/10.5281/zenodo.6645820","10.5281/zenodo.6645820","10.5281/zenodo.6645820","","10.5281/zenodo.6645820",NA,"yes",TRUE,"numbat",TRUE,TRUE,"gen_rep",NA,NA,"TRUE",NA,"FALSE","yes",NA,"CC BY"
493,"10.3390/cells12060959","10.3390/cells12060959","https://doi.org/10.5281/zenodo.6704334","10.5281/zenodo.6704334","10.5281/zenodo.6704334","","10.5281/zenodo.6704334",NA,"yes",TRUE,"numbat",TRUE,TRUE,"gen_rep",NA,NA,"TRUE",NA,"FALSE","yes",NA,"CC BY"
874,"10.1038/s41467-022-31999-6","10.1038/s41467-022-31999-6","https://doi.org/10.5281/zenodo.6787142","10.5281/zenodo.6787142","10.5281/zenodo.6787142","","10.5281/zenodo.6787142",NA,"yes",TRUE,"numbat",TRUE,TRUE,"gen_rep",NA,NA,"TRUE",NA,"FALSE","yes",NA,"CC BY"
1139,"10.1038/s42003-022-03690-5","10.1038/s42003-022-03690-5","https://doi.org/10.5281/zenodo.6807920","10.5281/zenodo.6807920","10.5281/zenodo.6807920","","10.5281/zenodo.6807920",NA,"yes",TRUE,"numbat",TRUE,TRUE,"gen_rep",NA,NA,"TRUE",NA,"FALSE","yes",NA,"no license"
35,"10.1038/s41537-023-00372-x","10.1038/s41537-023-00372-x","https://doi.org/10.5281/zenodo.6867888","10.5281/zenodo.6867888","10.5281/zenodo.6867888","","10.5281/zenodo.6867888",NA,"restricted",TRUE,"numbat",TRUE,TRUE,"gen_rep",NA,NA,"TRUE",NA,"FALSE","yes",NA,"NULL"
1241,"10.1038/s41467-022-32103-8","10.1038/s41467-022-32103-8","https://doi.org/10.5281/zenodo.6878209","10.5281/zenodo.6878209","10.5281/zenodo.6878209","","10.5281/zenodo.6878209",NA,"yes",TRUE,"numbat",TRUE,TRUE,"gen_rep",NA,NA,"TRUE",NA,"FALSE","yes",NA,"no license"
1213,"10.1038/s41467-022-32533-4","10.1038/s41467-022-32533-4","https://doi.org/10.5281/zenodo.7009994","10.5281/zenodo.7009994","10.5281/zenodo.7009994","","10.5281/zenodo.7009994",NA,"yes",TRUE,"numbat",TRUE,TRUE,"gen_rep",NA,NA,"TRUE",NA,"FALSE","yes_statement_no_data",NA,"CC BY"
1051,"10.1038/s41467-022-34241-5","10.1038/s41467-022-34241-5","https://doi.org/10.5281/zenodo.7016644","10.5281/zenodo.7016644","10.5281/zenodo.7016644","","10.5281/zenodo.7016644",NA,"yes",TRUE,"numbat",TRUE,TRUE,"gen_rep",NA,NA,"TRUE",NA,"FALSE","yes",NA,"CC BY"
1085,"10.3390/ijms232213806","10.3390/ijms232213806","https://doi.org/10.5281/zenodo.7034746","10.5281/zenodo.7034746","10.5281/zenodo.7034746","","10.5281/zenodo.7034746",NA,"yes",TRUE,"numbat",TRUE,TRUE,"gen_rep",NA,NA,"TRUE",NA,"FALSE","yes",NA,"CC BY"
1045,"10.7554/elife.76631","10.7554/elife.76631","https://doi.org/10.5281/zenodo.7059087","10.5281/zenodo.7059087","10.5281/zenodo.7059087","","10.5281/zenodo.7059087",NA,"yes",TRUE,"numbat",TRUE,TRUE,"gen_rep",NA,NA,"TRUE",NA,"FALSE","yes",NA,"CC BY"
454,"10.1007/s00259-023-06145-z","10.1007/s00259-023-06145-z","https://doi.org/10.5281/zenodo.7094287","10.5281/zenodo.7094287","10.5281/zenodo.7094287","","10.5281/zenodo.7094287",NA,"yes",TRUE,"numbat",TRUE,TRUE,"gen_rep",NA,NA,"TRUE",NA,"FALSE","yes",NA,"CC BY"
1089,"10.1371/journal.pcbi.1010580","10.1371/journal.pcbi.1010580","https://doi.org/10.5281/zenodo.7148520","10.5281/zenodo.7148520","10.5281/zenodo.7148520","","10.5281/zenodo.7148520",NA,"yes",TRUE,"numbat",TRUE,TRUE,"gen_rep",NA,NA,"TRUE",NA,"FALSE","yes",NA,"no license"
198,"10.1126/sciimmunol.ade7953","10.1126/sciimmunol.ade7953","https://doi.org/10.5281/zenodo.7198935","10.5281/zenodo.7198935","10.5281/zenodo.7198935","","10.5281/zenodo.7198935",NA,"yes",TRUE,"numbat",TRUE,TRUE,"gen_rep",NA,NA,"TRUE",NA,"FALSE","yes",NA,"CC BY"
705,"10.3389/fphys.2022.1081622","10.3389/fphys.2022.1081622","https://doi.org/10.5281/zenodo.7228354","10.5281/zenodo.7228354","10.5281/zenodo.7228354","","10.5281/zenodo.7228354",NA,"yes",TRUE,"numbat",TRUE,TRUE,"gen_rep",NA,NA,"TRUE",NA,"FALSE","yes",NA,"CC BY"
7,"10.1038/s41467-023-39869-5","10.1038/s41467-023-39869-5","https://doi.org/10.5281/zenodo.7261712","10.5281/zenodo.7261712","10.5281/zenodo.7261712","","10.5281/zenodo.7261712",NA,"yes",TRUE,"numbat",TRUE,TRUE,"gen_rep",NA,NA,"TRUE",NA,"FALSE","yes",NA,"CC BY"
105,"10.1016/j.neuron.2022.12.010","10.1016/j.neuron.2022.12.010","https://zenodo.org/doi/10.5281/zenodo.7389842","10.5281/zenodo.7389842","10.5281/zenodo.7389842","","10.5281/zenodo.7389842",NA,"yes",TRUE,"numbat",TRUE,TRUE,"gen_rep",NA,NA,"TRUE",NA,"FALSE","yes",NA,"CC BY"
43,"10.1101/gr.277334.122","10.1101/gr.277334.122","https://doi.org/10.5281/zenodo.7392259","10.5281/zenodo.7392259","10.5281/zenodo.7392259","","10.5281/zenodo.7392259",NA,"yes",TRUE,"numbat",TRUE,TRUE,"gen_rep",NA,NA,"TRUE",NA,"FALSE","yes",NA,"CC BY"
595,"10.3390/e25050813","10.3390/e25050813","https://doi.org/10.5281/zenodo.7439708","10.5281/zenodo.7439708","10.5281/zenodo.7439708","","10.5281/zenodo.7439708",NA,"yes",TRUE,"numbat",TRUE,TRUE,"gen_rep",NA,NA,"TRUE",NA,"FALSE","yes",NA,"CC BY"
523,"10.1016/j.isci.2023.105998","10.1016/j.isci.2023.105998","https://doi.org/10.5281/zenodo.7526514","10.5281/zenodo.7526514","10.5281/zenodo.7526514","","10.5281/zenodo.7526514",NA,"yes",TRUE,"numbat",TRUE,TRUE,"gen_rep",NA,NA,"TRUE",NA,"FALSE","yes",NA,"CC BY"
3,"10.1016/s2589-7500(23)00027-4","10.1016/s2589-7500(23)00027-4","https://doi.org/10.5281/zenodo.7548828","10.5281/zenodo.7548828","10.5281/zenodo.7548828","","10.5281/zenodo.7548828",NA,"yes",TRUE,"numbat",TRUE,TRUE,"gen_rep",NA,NA,"TRUE",NA,"FALSE","yes",NA,"no license"
846,"10.1177/17407745221087456","10.1177/17407745221087456","https://doi.org/10.5281/zenodo.7590083","10.5281/zenodo.7590083","10.5281/zenodo.7590083","","10.5281/zenodo.7590083",NA,"yes",TRUE,"numbat",TRUE,TRUE,"gen_rep",NA,NA,"TRUE",NA,"FALSE","yes",NA,"CC BY"
539,"10.1016/j.xgen.2023.100281","10.1016/j.xgen.2023.100281","https://doi.org/10.5281/zenodo.7658888","10.5281/zenodo.7658888","10.5281/zenodo.7658888","","10.5281/zenodo.7658888",NA,"yes",TRUE,"numbat",TRUE,TRUE,"gen_rep",NA,NA,"TRUE",NA,"FALSE","yes",NA,"CC BY"
101,"10.1016/j.gim.2023.100950","10.1016/j.gim.2023.100950","https://zenodo.org/doi/10.5281/zenodo.7766790","10.5281/zenodo.7766790","10.5281/zenodo.7766790","","10.5281/zenodo.7766790",NA,"yes",TRUE,"numbat",TRUE,TRUE,"gen_rep",NA,NA,"TRUE",NA,"FALSE","yes",NA,"CC BY"
557,"10.1083/jcb.202204001","10.1083/jcb.202204001","https://doi.org/10.5281/zenodo.7817521","10.5281/zenodo.7817521","10.5281/zenodo.7817521","","10.5281/zenodo.7817521",NA,"yes",TRUE,"numbat",TRUE,TRUE,"gen_rep",NA,NA,"TRUE",NA,"FALSE","yes",NA,"CC BY"
479,"10.1098/rsos.230215","10.1098/rsos.230215","https://doi.org/10.5281/zenodo.7937057","10.5281/zenodo.7937057","10.5281/zenodo.7937057","","10.5281/zenodo.7937057",NA,"yes",TRUE,"numbat",TRUE,TRUE,"gen_rep",NA,NA,"TRUE",NA,"FALSE","yes",NA,"no license"
464,"10.1016/j.dib.2023.109662","10.1016/j.dib.2023.109662","https://doi.org/10.5281/zenodo.7957515","10.5281/zenodo.7957515","10.5281/zenodo.7957515","","10.5281/zenodo.7957515",NA,"yes",TRUE,"numbat",TRUE,TRUE,"gen_rep",NA,NA,"TRUE",NA,"FALSE","yes",NA,"CC BY"
548,"10.1038/s41551-023-01067-5","10.1038/s41551-023-01067-5","https://doi.org/10.5281/zenodo.8015483","10.5281/zenodo.8015483","10.5281/zenodo.8015483","","10.5281/zenodo.8015483",NA,"yes",TRUE,"numbat",TRUE,TRUE,"gen_rep",NA,NA,"TRUE",NA,"FALSE","yes",NA,"CC BY"
9,"10.1038/s41467-023-40129-9","10.1038/s41467-023-40129-9","https://doi.org/10.5281/zenodo.8034585","10.5281/zenodo.8034585","10.5281/zenodo.8034585","","10.5281/zenodo.8034585",NA,"yes",TRUE,"numbat",TRUE,TRUE,"gen_rep",NA,NA,"TRUE",NA,"FALSE","yes",NA,"CC BY"
489,"10.3389/fnagi.2023.1204134","10.3389/fnagi.2023.1204134","https://doi.org/10.5281/zenodo.8113922","10.5281/zenodo.8113922","10.5281/zenodo.8113922","","10.5281/zenodo.8113922",NA,"restricted",TRUE,"numbat",TRUE,TRUE,"gen_rep",NA,NA,"TRUE",NA,"FALSE","yes",NA,"NULL"
473,"10.3390/cancers15204907","10.3390/cancers15204907","https://doi.org/10.5281/zenodo.8262551","10.5281/zenodo.8262551","10.5281/zenodo.8262551","","10.5281/zenodo.8262551",NA,"yes",TRUE,"numbat",TRUE,TRUE,"gen_rep",NA,NA,"TRUE",NA,"FALSE","yes",NA,"CC BY"
553,"10.1055/a-2198-0545","10.1055/a-2198-0545","https://doi.org/10.5281/zenodo.8284734","10.5281/zenodo.8284734","10.5281/zenodo.8284734","","10.5281/zenodo.8284734",NA,"yes",TRUE,"numbat",TRUE,TRUE,"gen_rep",NA,NA,"TRUE",NA,"FALSE","no_statement_no_data",NA,"CC BY"
495,"10.1016/j.cell.2023.09.004","10.1016/j.cell.2023.09.004","https://zenodo.org/doi/10.5281/zenodo.8303170","10.5281/zenodo.8303170","10.5281/zenodo.8303170","","10.5281/zenodo.8303170",NA,"yes",TRUE,"numbat",TRUE,TRUE,"gen_rep",NA,NA,"TRUE",NA,"FALSE","yes_statement_no_data",NA,"no license"
621,"10.3390/ijms242015117","10.3390/ijms242015117","https://doi.org/10.5281/zenodo.8305579","10.5281/zenodo.8305579","10.5281/zenodo.8305579","","10.5281/zenodo.8305579",NA,"yes",TRUE,"numbat",TRUE,TRUE,"gen_rep",NA,NA,"TRUE",NA,"FALSE","yes",NA,"CC BY"
568,"10.1371/journal.pone.0292214","10.1371/journal.pone.0292214","https://doi.org/10.5281/zenodo.8318537","10.5281/zenodo.8318537","10.5281/zenodo.8318537","","10.5281/zenodo.8318537",NA,"yes",TRUE,"numbat",TRUE,TRUE,"gen_rep",NA,NA,"TRUE",NA,"FALSE","yes",NA,"CC BY"
498,"10.1038/s41467-023-42855-6","10.1038/s41467-023-42855-6","https://doi.org/10.5281/zenodo.8389826","10.5281/zenodo.8389826","10.5281/zenodo.8389826","","10.5281/zenodo.8389826",NA,"yes",TRUE,"numbat",TRUE,TRUE,"gen_rep",NA,NA,"TRUE",NA,"FALSE","yes",NA,"no license"
1830,"10.1038/s41467-019-13984-8","10.1038/s41467-019-13984-8","https://doi.org/10.6084/m9.figshare.11117669","10.6084/m9.figshare.11117669","10.6084/m9.figshare.11117669","","10.6084/m9.figshare.11117669",NA,"yes",TRUE,"numbat",TRUE,TRUE,"gen_rep",NA,NA,"TRUE",NA,"FALSE",NA,NA,NA
2064,"10.1371/journal.pone.0226443","10.1371/journal.pone.0226443","https://figshare.com/articles/dataset/attitudes_towards_animal_study_registries_and_their_characteristics_an_online_survey_of_three_cohorts_of_animal_researchers/11528676","10.6084/m9.figshare.11528676","10.6084/m9.figshare.11528676","","10.6084/m9.figshare.11528676",NA,"yes",TRUE,"numbat",TRUE,TRUE,"gen_rep",NA,NA,"TRUE",NA,"FALSE",NA,NA,NA
2065,"10.1371/journal.pone.0228538","10.1371/journal.pone.0228538","https://figshare.com/articles/dataset/_wonderful_we_ve_just_missed_the_bus__parental_use_of_irony_and_children_s_irony_comprehension/11884272","10.6084/m9.figshare.11884272","10.6084/m9.figshare.11884272","","10.6084/m9.figshare.11884272",NA,"yes",TRUE,"numbat",TRUE,TRUE,"gen_rep",NA,NA,"TRUE",NA,"FALSE",NA,NA,NA
2063,"10.1371/journal.pmed.1003074","10.1371/journal.pmed.1003074","https://figshare.com/articles/dataset/association_of_suicidal_behavior_with_exposure_to_suicide_and_suicide_attempt_a_systematic_review_and_multilevel_meta-analysis/12054234?file=22151703","10.6084/m9.figshare.12054234","10.6084/m9.figshare.12054234","","10.6084/m9.figshare.12054234",NA,"yes",TRUE,"numbat",TRUE,TRUE,"gen_rep",NA,NA,"TRUE",NA,"FALSE",NA,NA,NA
1486,"10.1038/s41526-020-00129-1","10.1038/s41526-020-00129-1","https://doi.org/10.6084/m9.figshare.12129534","10.6084/m9.figshare.12129534","10.6084/m9.figshare.12129534","","10.6084/m9.figshare.12129534",NA,"yes",TRUE,"numbat",TRUE,TRUE,"gen_rep",NA,NA,"TRUE",NA,"FALSE",NA,NA,"CC BY"
1416,"10.3389/fphys.2021.638669","10.3389/fphys.2021.638669","https://doi.org/10.6084/m9.figshare.12148359.v1","10.6084/m9.figshare.12148359.v1","10.6084/m9.figshare.12148359.v1","10.6084/m9.figshare.12148359","10.6084/m9.figshare.12148359",NA,"yes",TRUE,"numbat",TRUE,TRUE,"gen_rep",NA,NA,"TRUE",NA,"FALSE",NA,NA,"CC BY"
1054,"10.1053/j.gastro.2020.11.010","10.1053/j.gastro.2020.11.010","https://doi.org/10.6084/m9.figshare.12173232","10.6084/m9.figshare.12173232","10.6084/m9.figshare.12173232","","10.6084/m9.figshare.12173232",NA,"yes",TRUE,"numbat",TRUE,TRUE,"gen_rep",NA,NA,"TRUE",NA,"FALSE","yes",NA,"CC BY"
1572,"10.1038/s41467-021-21650-1","10.1038/s41467-021-21650-1","https://doi.org/10.6084/m9.figshare.12382685.v1","10.6084/m9.figshare.12382685.v1","10.6084/m9.figshare.12382685.v1","10.6084/m9.figshare.12382685","10.6084/m9.figshare.12382685",NA,"yes",TRUE,"numbat",TRUE,TRUE,"gen_rep",NA,NA,"TRUE",NA,"FALSE",NA,NA,"CC BY"
1479,"10.1038/s41586-021-03995-1","10.1038/s41586-021-03995-1","https://doi.org/10.6084/m9.figshare.12436517","10.6084/m9.figshare.12436517","10.6084/m9.figshare.12436517","","10.6084/m9.figshare.12436517",NA,"yes",TRUE,"numbat",TRUE,TRUE,"gen_rep","TRUE","TRUE","TRUE","figshare","TRUE",NA,2020,"CC BY"
2073,"10.1186/s12885-020-07062-2","10.1186/s12885-020-07062-2","https://doi.org/10.6084/m9.figshare.12607277.v1","10.6084/m9.figshare.12607277.v1","10.6084/m9.figshare.12607277.v1","10.6084/m9.figshare.12607277","10.6084/m9.figshare.12607277",NA,"yes",TRUE,"numbat",TRUE,TRUE,"gen_rep",NA,NA,"TRUE",NA,"FALSE",NA,NA,NA
1845,"10.1038/s41467-020-18084-6","10.1038/s41467-020-18084-6","https://doi.org/10.6084/m9.figshare.12678938","10.6084/m9.figshare.12678938","10.6084/m9.figshare.12678938","","10.6084/m9.figshare.12678938",NA,"yes",TRUE,"numbat",TRUE,TRUE,"gen_rep",NA,NA,"TRUE",NA,"FALSE",NA,NA,NA
1848,"10.1038/s41467-020-18826-6","10.1038/s41467-020-18826-6","https://doi.org/10.6084/m9.figshare.12770366","10.6084/m9.figshare.12770366","10.6084/m9.figshare.12770366","","10.6084/m9.figshare.12770366",NA,"yes",TRUE,"numbat",TRUE,TRUE,"gen_rep",NA,NA,"TRUE",NA,"FALSE",NA,NA,NA
2016,"10.1186/s12917-020-02606-x","10.1186/s12917-020-02606-x","https://doi.org/10.6084/m9.figshare.12830405.v1","10.6084/m9.figshare.12830405.v1","10.6084/m9.figshare.12830405.v1","10.6084/m9.figshare.12830405","10.6084/m9.figshare.12830405",NA,"yes",TRUE,"numbat",TRUE,TRUE,"gen_rep",NA,NA,"TRUE",NA,"FALSE",NA,NA,NA
1876,"10.1038/s41598-020-78722-3","10.1038/s41598-020-78722-3","https://doi.org/10.6084/m9.figshare.12901682","10.6084/m9.figshare.12901682","10.6084/m9.figshare.12901682","","10.6084/m9.figshare.12901682",NA,"yes",TRUE,"numbat",TRUE,TRUE,"gen_rep",NA,NA,"TRUE",NA,"FALSE",NA,NA,NA
1962,"10.1371/journal.pone.0239853","10.1371/journal.pone.0239853","https://figshare.com/articles/dataset/data_for_samicu/12967106","10.6084/m9.figshare.12967106","10.6084/m9.figshare.12967106","","10.6084/m9.figshare.12967106",NA,"yes",TRUE,"numbat",TRUE,TRUE,"gen_rep",NA,NA,"TRUE",NA,"FALSE",NA,NA,NA
1809,"10.1016/j.celrep.2020.108470","10.1016/j.celrep.2020.108470","https://doi.org/10.6084/m9.figshare.13154321.v1","10.6084/m9.figshare.13154321.v1","10.6084/m9.figshare.13154321.v1","10.6084/m9.figshare.13154321","10.6084/m9.figshare.13154321",NA,"yes",TRUE,"numbat",TRUE,TRUE,"gen_rep",NA,NA,"TRUE",NA,"FALSE",NA,NA,NA
1682,"10.7717/peerj.10213","10.7717/peerj.10213","https://doi.org/10.6084/m9.figshare.13204370.v1","10.6084/m9.figshare.13204370.v1","10.6084/m9.figshare.13204370.v1","10.6084/m9.figshare.13204370","10.6084/m9.figshare.13204370",NA,"yes",TRUE,"numbat",TRUE,TRUE,"gen_rep",NA,NA,"TRUE",NA,"FALSE",NA,NA,"CC0"
1367,"10.1371/journal.pone.0255490","10.1371/journal.pone.0255490","https://doi.org/10.6084/m9.figshare.13251428","10.6084/m9.figshare.13251428","10.6084/m9.figshare.13251428","","10.6084/m9.figshare.13251428",NA,"yes",TRUE,"numbat",TRUE,TRUE,"gen_rep",NA,NA,"TRUE",NA,"FALSE",NA,NA,"CC BY"
1461,"10.1038/s41597-021-00913-y","10.1038/s41597-021-00913-y","https://doi.org/10.6084/m9.figshare.13298012.v1","10.6084/m9.figshare.13298012.v1","10.6084/m9.figshare.13298012.v1","10.6084/m9.figshare.13298012","10.6084/m9.figshare.13298012",NA,"yes",TRUE,"numbat",TRUE,TRUE,"gen_rep",NA,NA,"TRUE",NA,"FALSE",NA,NA,"CC0"
1689,"10.1111/mec.16099","10.1111/mec.16099","https://doi.org/10.6084/m9.figshare.13318754","10.6084/m9.figshare.13318754","10.6084/m9.figshare.13318754","","10.6084/m9.figshare.13318754",NA,"yes",TRUE,"numbat",TRUE,TRUE,"gen_rep",NA,NA,"TRUE",NA,"FALSE",NA,NA,"CC BY"
1991,"10.1371/journal.pone.0243711","10.1371/journal.pone.0243711","https://figshare.com/articles/dataset/s1_file_-/13362405","10.6084/m9.figshare.13362405","10.6084/m9.figshare.13362405","","10.6084/m9.figshare.13362405",NA,"yes",TRUE,"numbat",TRUE,TRUE,"gen_rep",NA,NA,"TRUE",NA,"FALSE",NA,NA,NA
1666,"10.1152/physiolgenomics.00160.2020","10.1152/physiolgenomics.00160.2020","https://doi.org/10.6084/m9.figshare.13490262.v3","10.6084/m9.figshare.13490262.v3","10.6084/m9.figshare.13490262.v3","10.6084/m9.figshare.13490262","10.6084/m9.figshare.13490262",NA,"yes",TRUE,"numbat",TRUE,TRUE,"gen_rep",NA,NA,"TRUE",NA,"FALSE",NA,NA,"CC BY"
1794,"10.1371/journal.pone.0244497","10.1371/journal.pone.0244497","https://figshare.com/articles/dataset/y-chromosome_haplotypes_guevara_et_al_2016_and_snp_assignment_by_multiplexes_this_study_/13509710","10.6084/m9.figshare.13509710","10.6084/m9.figshare.13509710","","10.6084/m9.figshare.13509710",NA,"yes",TRUE,"numbat",TRUE,TRUE,"gen_rep",NA,NA,"TRUE",NA,"FALSE",NA,NA,"CC BY"
1344,"10.1371/journal.pgen.1009201","10.1371/journal.pgen.1009201","https://figshare.com/articles/dataset/all_somatic_snvs_and_small_insertions_deletions_indels_detected_in_the_study_/13513223","10.6084/m9.figshare.13513223","10.6084/m9.figshare.13513223","","10.6084/m9.figshare.13513223",NA,"yes",TRUE,"numbat",TRUE,TRUE,"gen_rep",NA,NA,"TRUE",NA,"FALSE",NA,NA,"CC BY"
1353,"10.1371/journal.pone.0245880","10.1371/journal.pone.0245880","https://figshare.com/articles/dataset/tacrolimus_pk_model_dataset_/13630924","10.6084/m9.figshare.13630924","10.6084/m9.figshare.13630924","","10.6084/m9.figshare.13630924",NA,"yes",TRUE,"numbat",TRUE,TRUE,"gen_rep",NA,NA,"TRUE",NA,"FALSE",NA,NA,"CC BY"
1417,"10.3389/fphys.2021.658707","10.3389/fphys.2021.658707","http://doi.org/10.6084/m9.figshare.13633790","10.6084/m9.figshare.13633790","10.6084/m9.figshare.13633790","","10.6084/m9.figshare.13633790",NA,"yes",TRUE,"numbat",TRUE,TRUE,"gen_rep",NA,NA,"TRUE",NA,"FALSE",NA,NA,"CC BY"
1452,"10.1007/s00381-021-05244-2","10.1007/s00381-021-05244-2","https://doi.org/10.6084/m9.figshare.13653269","10.6084/m9.figshare.13653269","10.6084/m9.figshare.13653269","","10.6084/m9.figshare.13653269",NA,"yes",TRUE,"numbat",TRUE,TRUE,"gen_rep",NA,NA,"TRUE",NA,"FALSE",NA,NA,"CC BY"
1345,"10.1371/journal.pgen.1009308","10.1371/journal.pgen.1009308","https://figshare.com/articles/dataset/nsc23766_treatment_of_wild_type_mouse_sperm_/13714335","10.6084/m9.figshare.13714335","10.6084/m9.figshare.13714335","","10.6084/m9.figshare.13714335",NA,"yes",TRUE,"numbat",TRUE,TRUE,"gen_rep",NA,NA,"TRUE",NA,"FALSE",NA,NA,"CC BY"
1354,"10.1371/journal.pone.0246819","10.1371/journal.pone.0246819","https://figshare.com/articles/dataset/raw_data_/13866240","10.6084/m9.figshare.13866240","10.6084/m9.figshare.13866240","","10.6084/m9.figshare.13866240",NA,"yes",TRUE,"numbat",TRUE,TRUE,"gen_rep",NA,NA,"TRUE",NA,"FALSE",NA,NA,"CC BY"
1462,"10.1038/s41593-021-00839-z","10.1038/s41593-021-00839-z","https://doi.org/10.6084/m9.figshare.14035935","10.6084/m9.figshare.14035935","10.6084/m9.figshare.14035935","","10.6084/m9.figshare.14035935",NA,"yes",TRUE,"numbat",TRUE,TRUE,"gen_rep",NA,NA,"TRUE",NA,"FALSE",NA,NA,"CC BY"
1355,"10.1371/journal.pone.0246956","10.1371/journal.pone.0246956","https://figshare.com/articles/dataset/s1_data_-/14041848","10.6084/m9.figshare.14041848","10.6084/m9.figshare.14041848","","10.6084/m9.figshare.14041848",NA,"yes",TRUE,"numbat",TRUE,TRUE,"gen_rep",NA,NA,"TRUE",NA,"FALSE",NA,NA,"CC BY"
990,"10.1093/clinchem/hvab186","10.1093/clinchem/hvab186","https://doi.org/10.6084/m9.figshare.14161247.v1","10.6084/m9.figshare.14161247.v1","10.6084/m9.figshare.14161247.v1","10.6084/m9.figshare.14161247","10.6084/m9.figshare.14161247",NA,"yes",TRUE,"numbat",TRUE,TRUE,"gen_rep",NA,NA,"TRUE",NA,"FALSE","no_statement_no_data",NA,"CC BY"
1357,"10.1371/journal.pone.0247796","10.1371/journal.pone.0247796","https://figshare.com/articles/dataset/s1_data_-/14162457","10.6084/m9.figshare.14162457","10.6084/m9.figshare.14162457","","10.6084/m9.figshare.14162457",NA,"yes",TRUE,"numbat",TRUE,TRUE,"gen_rep",NA,NA,"TRUE",NA,"FALSE",NA,NA,"CC BY"
1613,"10.1038/s43018-021-00201-z","10.1038/s43018-021-00201-z","https://doi.org/10.6084/m9.figshare.14166983","10.6084/m9.figshare.14166983","10.6084/m9.figshare.14166983","","10.6084/m9.figshare.14166983",NA,"yes",TRUE,"numbat",TRUE,TRUE,"gen_rep",NA,NA,"TRUE",NA,"FALSE",NA,NA,"CC BY"
1349,"10.1371/journal.pntd.0009277","10.1371/journal.pntd.0009277","https://figshare.com/articles/dataset/data_table_depicting_overall_typing_results_/14311834","10.6084/m9.figshare.14311834","10.6084/m9.figshare.14311834","","10.6084/m9.figshare.14311834",NA,"yes",TRUE,"numbat",TRUE,TRUE,"gen_rep",NA,NA,"TRUE",NA,"FALSE",NA,NA,"CC BY"
111,"10.1016/j.xgen.2023.100347","10.1016/j.xgen.2023.100347","https://doi.org/10.6084/m9.figshare.14330795.v13","10.6084/m9.figshare.14330795.v13","10.6084/m9.figshare.14330795.v13","10.6084/m9.figshare.14330795","10.6084/m9.figshare.14330795",NA,"yes",TRUE,"numbat",TRUE,TRUE,"gen_rep",NA,NA,"TRUE",NA,"FALSE","yes",NA,"CC BY"
1362,"10.1371/journal.pone.0249837","10.1371/journal.pone.0249837","https://figshare.com/articles/dataset/raw_data_of_all_mrsa_outbreak_reports_included_/14383401","10.6084/m9.figshare.14383401","10.6084/m9.figshare.14383401","","10.6084/m9.figshare.14383401",NA,"yes",TRUE,"numbat",TRUE,TRUE,"gen_rep",NA,NA,"TRUE",NA,"FALSE",NA,NA,"CC BY"
1616,"10.1080/19942060.2021.1995048","10.1080/19942060.2021.1995048","https://doi.org/10.6084/m9.figshare.14393600","10.6084/m9.figshare.14393600","10.6084/m9.figshare.14393600","","10.6084/m9.figshare.14393600",NA,"yes",TRUE,"numbat",TRUE,TRUE,"gen_rep",NA,NA,"TRUE",NA,"FALSE",NA,NA,"CC BY"
1113,"10.1038/s41592-022-01412-7","10.1038/s41592-022-01412-7","https://doi.org/10.6084/m9.figshare.14401340.v1","10.6084/m9.figshare.14401340.v1","10.6084/m9.figshare.14401340.v1","10.6084/m9.figshare.14401340","10.6084/m9.figshare.14401340",NA,"yes",TRUE,"numbat",TRUE,TRUE,"gen_rep",NA,NA,"TRUE",NA,"FALSE","yes",NA,"CC BY"
1360,"10.1371/journal.pone.0249069","10.1371/journal.pone.0249069","https://figshare.com/articles/dataset/s1_dataset_-/14409535","10.6084/m9.figshare.14409535","10.6084/m9.figshare.14409535","","10.6084/m9.figshare.14409535",NA,"yes",TRUE,"numbat",TRUE,TRUE,"gen_rep",NA,NA,"TRUE",NA,"FALSE",NA,NA,"CC BY"
1621,"10.1371/journal.pone.0250004","10.1371/journal.pone.0250004","https://figshare.com/articles/dataset/s1_file_-/14441052","10.6084/m9.figshare.14441052","10.6084/m9.figshare.14441052","","10.6084/m9.figshare.14441052",NA,"yes",TRUE,"numbat",TRUE,TRUE,"gen_rep",NA,NA,"TRUE",NA,"FALSE",NA,NA,"CC BY"
1313,"10.1186/s12967-021-02774-w","10.1186/s12967-021-02774-w","https://doi.org/10.6084/m9.figshare.14450727.v1","10.6084/m9.figshare.14450727.v1","10.6084/m9.figshare.14450727.v1","10.6084/m9.figshare.14450727","10.6084/m9.figshare.14450727",NA,"yes",TRUE,"numbat",TRUE,TRUE,"gen_rep",NA,NA,"TRUE",NA,"FALSE",NA,NA,"CC BY;CC0"
1310,"10.1186/s12885-021-08186-9","10.1186/s12885-021-08186-9","https://doi.org/10.6084/m9.figshare.14524716.v1","10.6084/m9.figshare.14524716.v1","10.6084/m9.figshare.14524716.v1","10.6084/m9.figshare.14524716","10.6084/m9.figshare.14524716",NA,"yes",TRUE,"numbat",TRUE,TRUE,"gen_rep",NA,NA,"TRUE",NA,"FALSE",NA,NA,"CC BY;CC0"
1333,"10.1371/journal.pbio.3001009","10.1371/journal.pbio.3001009","https://doi.org/10.6084/m9.figshare.14527317.v4","10.6084/m9.figshare.14527317.v4","10.6084/m9.figshare.14527317.v4","10.6084/m9.figshare.14527317","10.6084/m9.figshare.14527317",NA,"yes",TRUE,"numbat",TRUE,TRUE,"gen_rep",NA,NA,"TRUE",NA,"FALSE",NA,NA,"CC BY"
1338,"10.1371/journal.pbio.3001177","10.1371/journal.pbio.3001177","https://figshare.com/articles/dataset/reporting_assessments_for_sample_of_110_preclinical_systematic_reviews_/14543924","10.6084/m9.figshare.14543924","10.6084/m9.figshare.14543924","","10.6084/m9.figshare.14543924",NA,"yes",TRUE,"numbat",TRUE,TRUE,"gen_rep",NA,NA,"TRUE",NA,"FALSE",NA,NA,"CC BY"
1363,"10.1371/journal.pone.0250362","10.1371/journal.pone.0250362","https://figshare.com/articles/dataset/raw_data_1_/14549776","10.6084/m9.figshare.14549776","10.6084/m9.figshare.14549776","","10.6084/m9.figshare.14549776",NA,"yes",TRUE,"numbat",TRUE,TRUE,"gen_rep",NA,NA,"TRUE",NA,"FALSE",NA,NA,"CC BY"
1146,"10.1159/000520082","10.1159/000520082","https://doi.org/10.6084/m9.figshare.14573082","10.6084/m9.figshare.14573082","10.6084/m9.figshare.14573082","","10.6084/m9.figshare.14573082",NA,"yes",TRUE,"numbat",TRUE,TRUE,"gen_rep",NA,NA,"TRUE",NA,"FALSE","yes",NA,"CC BY"
1721,"10.1371/journal.pone.0252356","10.1371/journal.pone.0252356","https://figshare.com/articles/dataset/s1_dataset_-/14749705","10.6084/m9.figshare.14749705","10.6084/m9.figshare.14749705","","10.6084/m9.figshare.14749705",NA,"yes",TRUE,"numbat",TRUE,TRUE,"gen_rep",NA,NA,"TRUE",NA,"FALSE",NA,NA,"CC BY"
1393,"10.3389/fbioe.2021.724791","10.3389/fbioe.2021.724791","https:/doi.org/10.6084/m9.figshare.14778417","10.6084/m9.figshare.14778417","10.6084/m9.figshare.14778417","","10.6084/m9.figshare.14778417",NA,"yes",TRUE,"numbat",TRUE,TRUE,"gen_rep",NA,NA,"TRUE",NA,"FALSE",NA,NA,"CC BY"
1463,"10.1038/s41590-021-01059-0","10.1038/s41590-021-01059-0","https://doi.org/10.6084/m9.figshare.14780127.v1","10.6084/m9.figshare.14780127.v1","10.6084/m9.figshare.14780127.v1","10.6084/m9.figshare.14780127","10.6084/m9.figshare.14780127",NA,"yes",TRUE,"numbat",TRUE,TRUE,"gen_rep",NA,NA,"TRUE",NA,"FALSE",NA,NA,"CC BY"
1492,"10.1038/s41467-021-24805-2","10.1038/s41467-021-24805-2","https://doi.org/10.6084/m9.figshare.14785434","10.6084/m9.figshare.14785434","10.6084/m9.figshare.14785434","","10.6084/m9.figshare.14785434",NA,"yes",TRUE,"numbat",TRUE,TRUE,"gen_rep",NA,NA,"TRUE",NA,"FALSE",NA,NA,"CC BY"
1346,"10.1371/journal.pgen.1009619","10.1371/journal.pgen.1009619","https://figshare.com/articles/dataset/raw_data_of_the_lipidomics_experiments_including_sample_identifiers_/14831532","10.6084/m9.figshare.14831532","10.6084/m9.figshare.14831532","","10.6084/m9.figshare.14831532",NA,"yes",TRUE,"numbat",TRUE,TRUE,"gen_rep",NA,NA,"TRUE",NA,"FALSE",NA,NA,"CC BY"
1321,"10.1186/s13099-021-00437-1","10.1186/s13099-021-00437-1","https://doi.org/10.6084/m9.figshare.14870435.v1","10.6084/m9.figshare.14870435.v1","10.6084/m9.figshare.14870435.v1","10.6084/m9.figshare.14870435","10.6084/m9.figshare.14870435",NA,"yes",TRUE,"numbat",TRUE,TRUE,"gen_rep",NA,NA,"TRUE",NA,"FALSE",NA,NA,"CC BY;CC0"
1366,"10.1371/journal.pone.0253779","10.1371/journal.pone.0253779","https://figshare.com/articles/dataset/supplementary_study_data_/14894303","10.6084/m9.figshare.14894303","10.6084/m9.figshare.14894303","","10.6084/m9.figshare.14894303",NA,"yes",TRUE,"numbat",TRUE,TRUE,"gen_rep",NA,NA,"TRUE",NA,"FALSE",NA,NA,"CC BY"
1176,"10.1371/journal.pone.0276199","10.1371/journal.pone.0276199","https://doi.org/10.6084/m9.figshare.14914737","10.6084/m9.figshare.14914737","10.6084/m9.figshare.14914737","","10.6084/m9.figshare.14914737",NA,"yes",TRUE,"numbat",TRUE,TRUE,"gen_rep",NA,NA,"TRUE",NA,"FALSE","yes",NA,"CC BY"
1673,"10.1371/journal.pone.0249256","10.1371/journal.pone.0249256","https://doi.org/10.6084/m9.figshare.14931708.v1","10.6084/m9.figshare.14931708.v1","10.6084/m9.figshare.14931708.v1","10.6084/m9.figshare.14931708","10.6084/m9.figshare.14931708",NA,"yes",TRUE,"numbat",TRUE,TRUE,"gen_rep",NA,NA,"TRUE",NA,"FALSE",NA,NA,"CC BY"
1467,"10.1038/s41587-021-01037-9","10.1038/s41587-021-01037-9","https://doi.org/10.6084/m9.figshare.14938755","10.6084/m9.figshare.14938755","10.6084/m9.figshare.14938755","","10.6084/m9.figshare.14938755",NA,"yes",TRUE,"numbat",TRUE,TRUE,"gen_rep",NA,NA,"TRUE",NA,"FALSE",NA,NA,"CC BY"
885,"10.1038/s41587-021-01037-9","10.1038/s41587-021-01037-9","https://doi.org/10.6084/m9.figshare.14938755.v2","10.6084/m9.figshare.14938755.v2","10.6084/m9.figshare.14938755.v2","10.6084/m9.figshare.14938755","10.6084/m9.figshare.14938755",NA,"yes",TRUE,"numbat",TRUE,TRUE,"gen_rep",NA,NA,"TRUE",NA,"FALSE","yes",NA,"CC BY"
1438,"10.3390/ijerph18179218","10.3390/ijerph18179218","https://doi.org/10.6084/m9.figshare.14975286.v1","10.6084/m9.figshare.14975286.v1","10.6084/m9.figshare.14975286.v1","10.6084/m9.figshare.14975286","10.6084/m9.figshare.14975286",NA,"yes",TRUE,"numbat",TRUE,TRUE,"gen_rep",NA,NA,"TRUE",NA,"FALSE",NA,NA,"CC BY"
1365,"10.1371/journal.pone.0253762","10.1371/journal.pone.0253762","https://figshare.com/articles/dataset/s1_dataset_-/14976465","10.6084/m9.figshare.14976465","10.6084/m9.figshare.14976465","","10.6084/m9.figshare.14976465",NA,"yes",TRUE,"numbat",TRUE,TRUE,"gen_rep",NA,NA,"TRUE",NA,"FALSE",NA,NA,"CC BY"
1347,"10.1371/journal.pgen.1009679","10.1371/journal.pgen.1009679","https://figshare.com/articles/dataset/sources_of_the_cnv-case_cohorts_used_in_this_study_/15077835","10.6084/m9.figshare.15077835","10.6084/m9.figshare.15077835","","10.6084/m9.figshare.15077835",NA,"yes",TRUE,"numbat",TRUE,TRUE,"gen_rep",NA,NA,"TRUE",NA,"FALSE",NA,NA,"CC BY"
1686,"10.1186/s13023-021-01986-z","10.1186/s13023-021-01986-z","https://doi.org/10.6084/m9.figshare.15179134.v1","10.6084/m9.figshare.15179134.v1","10.6084/m9.figshare.15179134.v1","10.6084/m9.figshare.15179134","10.6084/m9.figshare.15179134",NA,"yes",TRUE,"numbat",TRUE,TRUE,"gen_rep",NA,NA,"TRUE",NA,"FALSE",NA,NA,"CC BY;CC0"
1348,"10.1371/journal.pmed.1003750","10.1371/journal.pmed.1003750","https://figshare.com/articles/journal_contribution/data_basis_for_meta-analyses_and_meta-regression_analyses_/16415146","10.6084/m9.figshare.16415146","10.6084/m9.figshare.16415146","","10.6084/m9.figshare.16415146",NA,"yes",TRUE,"numbat",TRUE,TRUE,"gen_rep",NA,NA,"TRUE",NA,"FALSE",NA,NA,"CC BY"
1701,"10.1098/rsos.210389","10.1098/rsos.210389","https://doi.org/10.6084/m9.figshare.16573481.v1","10.6084/m9.figshare.16573481.v1","10.6084/m9.figshare.16573481.v1","10.6084/m9.figshare.16573481","10.6084/m9.figshare.16573481",NA,"yes",TRUE,"numbat",TRUE,TRUE,"gen_rep",NA,NA,"TRUE",NA,"FALSE",NA,NA,"CC BY"
1370,"10.1371/journal.pone.0257183","10.1371/journal.pone.0257183","https://figshare.com/articles/dataset/s1_dataset_-/16602615","10.6084/m9.figshare.16602615","10.6084/m9.figshare.16602615","","10.6084/m9.figshare.16602615",NA,"yes",TRUE,"numbat",TRUE,TRUE,"gen_rep",NA,NA,"TRUE",NA,"FALSE",NA,NA,"CC BY"
1371,"10.1371/journal.pone.0257571","10.1371/journal.pone.0257571","https://figshare.com/articles/dataset/s1_dataset_-/16662303","10.6084/m9.figshare.16662303","10.6084/m9.figshare.16662303","","10.6084/m9.figshare.16662303",NA,"yes",TRUE,"numbat",TRUE,TRUE,"gen_rep",NA,NA,"TRUE",NA,"FALSE",NA,NA,"CC BY"
1372,"10.1371/journal.pone.0258240","10.1371/journal.pone.0258240","https://doi.org/10.6084/m9.figshare.16680565.v2","10.6084/m9.figshare.16680565.v2","10.6084/m9.figshare.16680565.v2","10.6084/m9.figshare.16680565","10.6084/m9.figshare.16680565",NA,"yes",TRUE,"numbat",TRUE,TRUE,"gen_rep",NA,NA,"TRUE",NA,"FALSE",NA,NA,"CC BY"
699,"10.1093/gbe/evac100","10.1093/gbe/evac100","https://doi.org/10.6084/m9.figshare.16695457.v5","10.6084/m9.figshare.16695457.v5","10.6084/m9.figshare.16695457.v5","10.6084/m9.figshare.16695457","10.6084/m9.figshare.16695457",NA,"yes",TRUE,"numbat",TRUE,TRUE,"gen_rep",NA,NA,"TRUE",NA,"FALSE","yes",NA,"CC BY"
1351,"10.1371/journal.pntd.0009863","10.1371/journal.pntd.0009863","https://figshare.com/articles/dataset/dataset_1_/16806162","10.6084/m9.figshare.16806162","10.6084/m9.figshare.16806162","","10.6084/m9.figshare.16806162",NA,"yes",TRUE,"numbat",TRUE,TRUE,"gen_rep",NA,NA,"TRUE",NA,"FALSE",NA,NA,"CC BY"
1418,"10.3389/fphys.2021.749709","10.3389/fphys.2021.749709","https://doi.org/10.6084/m9.figshare.16920589.v2","10.6084/m9.figshare.16920589.v2","10.6084/m9.figshare.16920589.v2","10.6084/m9.figshare.16920589","10.6084/m9.figshare.16920589",NA,"yes",TRUE,"numbat",TRUE,TRUE,"gen_rep",NA,NA,"TRUE",NA,"FALSE",NA,NA,"CC BY"
1373,"10.1371/journal.pone.0258958","10.1371/journal.pone.0258958","https://figshare.com/articles/dataset/dataset_for_60_pats_cpi_/16925496","10.6084/m9.figshare.16925496","10.6084/m9.figshare.16925496","","10.6084/m9.figshare.16925496",NA,"yes",TRUE,"numbat",TRUE,TRUE,"gen_rep",NA,NA,"TRUE",NA,"FALSE",NA,NA,"CC BY"
1323,"10.1186/s13148-021-01190-7","10.1186/s13148-021-01190-7","https://doi.org/10.6084/m9.figshare.16928628.v1","10.6084/m9.figshare.16928628.v1","10.6084/m9.figshare.16928628.v1","10.6084/m9.figshare.16928628","10.6084/m9.figshare.16928628",NA,"yes",TRUE,"numbat",TRUE,TRUE,"gen_rep",NA,NA,"TRUE",NA,"FALSE",NA,NA,"CC BY;CC0"
679,"10.3389/fcvm.2022.828556","10.3389/fcvm.2022.828556","https://doi.org/10.6084/m9.figshare.16964929.v1","10.6084/m9.figshare.16964929.v1","10.6084/m9.figshare.16964929.v1","10.6084/m9.figshare.16964929","10.6084/m9.figshare.16964929",NA,"yes",TRUE,"numbat",TRUE,TRUE,"gen_rep",NA,NA,"TRUE",NA,"FALSE","yes",NA,"CC BY"
1796,"10.1371/journal.pone.0260168","10.1371/journal.pone.0260168","https://figshare.com/articles/dataset/minimal_underlying_data_set_and_codebook_/17044919","10.6084/m9.figshare.17044919","10.6084/m9.figshare.17044919","","10.6084/m9.figshare.17044919",NA,"yes",TRUE,"numbat",TRUE,TRUE,"gen_rep",NA,NA,"TRUE",NA,"FALSE",NA,NA,"CC BY"
1374,"10.1371/journal.pone.0259185","10.1371/journal.pone.0259185","https://figshare.com/articles/dataset/somatic_variants_of_candidate_driver_genes_in_msh3-deficient_adenomas_/17094902","10.6084/m9.figshare.17094902","10.6084/m9.figshare.17094902","","10.6084/m9.figshare.17094902",NA,"yes",TRUE,"numbat",TRUE,TRUE,"gen_rep",NA,NA,"TRUE",NA,"FALSE",NA,NA,"CC BY"
1340,"10.1371/journal.pbio.3001468","10.1371/journal.pbio.3001468","https://figshare.com/articles/dataset/numerical_values_underlying_summary_data_displayed_in_figures_/17123529","10.6084/m9.figshare.17123529","10.6084/m9.figshare.17123529","","10.6084/m9.figshare.17123529",NA,"yes",TRUE,"numbat",TRUE,TRUE,"gen_rep",NA,NA,"TRUE",NA,"FALSE",NA,NA,"CC BY"
682,"10.1038/s41467-022-34815-3","10.1038/s41467-022-34815-3","https://doi.org/10.6084/m9.figshare.17144639.v1","10.6084/m9.figshare.17144639.v1","10.6084/m9.figshare.17144639.v1","10.6084/m9.figshare.17144639","10.6084/m9.figshare.17144639",NA,"yes",TRUE,"numbat",TRUE,TRUE,"gen_rep",NA,NA,"TRUE",NA,"FALSE","yes",NA,"GNU GPLv3"
1339,"10.1371/journal.pbio.3001384","10.1371/journal.pbio.3001384","https://figshare.com/articles/dataset/this_file_contains_all_raw_data_underlying_the_figures_/17226515","10.6084/m9.figshare.17226515","10.6084/m9.figshare.17226515","","10.6084/m9.figshare.17226515",NA,"yes",TRUE,"numbat",TRUE,TRUE,"gen_rep",NA,NA,"TRUE",NA,"FALSE",NA,NA,"CC BY"
1230,"10.1186/s12968-021-00833-1","10.1186/s12968-021-00833-1","https://doi.org/10.6084/m9.figshare.17912995.v1","10.6084/m9.figshare.17912995.v1","10.6084/m9.figshare.17912995.v1","10.6084/m9.figshare.17912995","10.6084/m9.figshare.17912995",NA,"yes",TRUE,"numbat",TRUE,TRUE,"gen_rep",NA,NA,"TRUE",NA,"FALSE","yes",NA,"CC BY;CC0"
605,"10.1093/cvr/cvac121","10.1093/cvr/cvac121","https://doi.org/10.6084/m9.figshare.19114127.v1","10.6084/m9.figshare.19114127.v1","10.6084/m9.figshare.19114127.v1","10.6084/m9.figshare.19114127","10.6084/m9.figshare.19114127",NA,"yes",TRUE,"numbat",TRUE,TRUE,"gen_rep",NA,NA,"TRUE",NA,"FALSE","yes",NA,"CC0"
1080,"10.1007/s11548-022-02699-9","10.1007/s11548-022-02699-9","https://doi.org/10.6084/m9.figshare.19204971.v1","10.6084/m9.figshare.19204971.v1","10.6084/m9.figshare.19204971.v1","10.6084/m9.figshare.19204971","10.6084/m9.figshare.19204971",NA,"yes",TRUE,"numbat",TRUE,TRUE,"gen_rep",NA,NA,"TRUE",NA,"FALSE","no_statement_no_data",NA,"CC BY"
2112,"10.1038/s41597-022-01532-x","10.1038/s41597-022-01532-x","https://doi.org/10.6084/m9.figshare.19255067.v3","10.6084/m9.figshare.19255067.v3","10.6084/m9.figshare.19255067.v3","10.6084/m9.figshare.19255067","10.6084/m9.figshare.19255067",NA,NA,TRUE,"data_articles",FALSE,TRUE,"gen_rep","TRUE","FALSE","TRUE",NA,"FALSE",NA,NA,NA
1169,"10.1038/s41597-022-01532-x","10.1038/s41597-022-01532-x","https://doi.org/10.6084/m9.figshare.19298807.v2","10.6084/m9.figshare.19298807.v2","10.6084/m9.figshare.19298807.v2","10.6084/m9.figshare.19298807","10.6084/m9.figshare.19298807",NA,"yes",TRUE,"numbat",TRUE,TRUE,"gen_rep","TRUE","FALSE","TRUE",NA,"FALSE","yes",NA,"CC BY"
2111,"10.1038/s41597-022-01532-x","10.1038/s41597-022-01532-x","https://doi.org/10.6084/m9.figshare.19298807.v2","10.6084/m9.figshare.19298807.v2","10.6084/m9.figshare.19298807.v2","10.6084/m9.figshare.19298807","10.6084/m9.figshare.19298807",NA,NA,TRUE,"data_articles",TRUE,TRUE,"gen_rep","TRUE","FALSE","TRUE",NA,"FALSE","yes",NA,"CC BY"
2110,"10.1038/s41597-022-01532-x","10.1038/s41597-022-01532-x","https://doi.org/10.6084/m9.figshare.19316219.v1","10.6084/m9.figshare.19316219.v1","10.6084/m9.figshare.19316219.v1","10.6084/m9.figshare.19316219","10.6084/m9.figshare.19316219",NA,NA,TRUE,"data_articles",FALSE,TRUE,"gen_rep","TRUE","FALSE","TRUE",NA,"FALSE",NA,NA,NA
678,"10.3389/fcvm.2022.901902","10.3389/fcvm.2022.901902","https://doi.org/10.6084/m9.figshare.19328687.v1","10.6084/m9.figshare.19328687.v1","10.6084/m9.figshare.19328687.v1","10.6084/m9.figshare.19328687","10.6084/m9.figshare.19328687",NA,"yes",TRUE,"numbat",TRUE,TRUE,"gen_rep",NA,NA,"TRUE",NA,"FALSE","yes",NA,"CC BY"
852,"10.1016/j.stem.2022.04.007","10.1016/j.stem.2022.04.007","https://figshare.com/articles/dataset/raw_data_nanostring_xlsx/19337429","10.6084/m9.figshare.19337429","10.6084/m9.figshare.19337429","","10.6084/m9.figshare.19337429",NA,"yes",TRUE,"numbat",TRUE,TRUE,"gen_rep",NA,NA,"TRUE",NA,"FALSE","yes",NA,"CC BY"
677,"10.3389/fcvm.2022.915074","10.3389/fcvm.2022.915074","https://doi.org/10.6084/m9.figshare.19535047.v1","10.6084/m9.figshare.19535047.v1","10.6084/m9.figshare.19535047.v1","10.6084/m9.figshare.19535047","10.6084/m9.figshare.19535047",NA,"yes",TRUE,"numbat",TRUE,TRUE,"gen_rep",NA,NA,"TRUE",NA,"FALSE","yes",NA,"CC BY"
258,"10.1093/nar/gkad121","10.1093/nar/gkad121","https://doi.org/10.6084/m9.figshare.19617165.v1","10.6084/m9.figshare.19617165.v1","10.6084/m9.figshare.19617165.v1","10.6084/m9.figshare.19617165","10.6084/m9.figshare.19617165",NA,"yes",TRUE,"numbat",TRUE,TRUE,"gen_rep",NA,NA,"TRUE",NA,"FALSE","yes",NA,"CC BY"
908,"10.3389/fimmu.2022.842269","10.3389/fimmu.2022.842269","https://figshare.com/articles/dataset/gervasoni_et_al_2022_fr_immunol_suppl-data_txt/19773052","10.6084/m9.figshare.19773052","10.6084/m9.figshare.19773052","","10.6084/m9.figshare.19773052",NA,"yes",TRUE,"numbat",TRUE,TRUE,"gen_rep",NA,NA,"TRUE",NA,"FALSE","yes",NA,"CC BY"
857,"10.1186/s13046-022-02380-8","10.1186/s13046-022-02380-8","https://doi.org/10.6084/m9.figshare.19976957.v1","10.6084/m9.figshare.19976957.v1","10.6084/m9.figshare.19976957.v1","10.6084/m9.figshare.19976957","10.6084/m9.figshare.19976957",NA,"yes",TRUE,"numbat",TRUE,TRUE,"gen_rep",NA,NA,"TRUE",NA,"FALSE","yes",NA,"CC BY;CC0"
599,"10.1016/j.stem.2023.04.001","10.1016/j.stem.2023.04.001","https://doi.org/10.6084/m9.figshare.20291628.v2","10.6084/m9.figshare.20291628.v2","10.6084/m9.figshare.20291628.v2","10.6084/m9.figshare.20291628","10.6084/m9.figshare.20291628",NA,"yes",TRUE,"numbat",TRUE,TRUE,"gen_rep",NA,NA,"TRUE",NA,"FALSE","yes",NA,"CC BY"
1174,"10.3389/fcvm.2022.1024053","10.3389/fcvm.2022.1024053","https://doi.org/10.6084/m9.figshare.20465142","10.6084/m9.figshare.20465142","10.6084/m9.figshare.20465142","","10.6084/m9.figshare.20465142",NA,"yes",TRUE,"numbat",TRUE,TRUE,"gen_rep",NA,NA,"TRUE",NA,"FALSE","yes",NA,"CC BY"
304,"10.1038/s41598-023-30179-w","10.1038/s41598-023-30179-w","https://doi.org/10.6084/m9.figshare.21076912","10.6084/m9.figshare.21076912","10.6084/m9.figshare.21076912","","10.6084/m9.figshare.21076912",NA,"yes",TRUE,"numbat",TRUE,TRUE,"gen_rep",NA,NA,"TRUE",NA,"FALSE","yes",NA,"CC BY"
424,"10.1038/s41593-022-01243-x","10.1038/s41593-022-01243-x","https://doi.org/10.6084/m9.figshare.21196765.v1","10.6084/m9.figshare.21196765.v1","10.6084/m9.figshare.21196765.v1","10.6084/m9.figshare.21196765","10.6084/m9.figshare.21196765",NA,"yes",TRUE,"numbat",TRUE,TRUE,"gen_rep",NA,NA,"TRUE",NA,"FALSE","yes",NA,"CC BY"
615,"10.1038/s41467-023-39352-1","10.1038/s41467-023-39352-1","https://doi.org/10.6084/m9.figshare.21781973.v1","10.6084/m9.figshare.21781973.v1","10.6084/m9.figshare.21781973.v1","10.6084/m9.figshare.21781973","10.6084/m9.figshare.21781973",NA,"yes",TRUE,"numbat",TRUE,TRUE,"gen_rep",NA,NA,"TRUE",NA,"FALSE","yes",NA,"NULL"
83,"10.7554/elife.81032","10.7554/elife.81032","https://doi.org/10.6084/m9.figshare.21799604.v3","10.6084/m9.figshare.21799604.v3","10.6084/m9.figshare.21799604.v3","10.6084/m9.figshare.21799604","10.6084/m9.figshare.21799604",NA,"yes",TRUE,"numbat",TRUE,TRUE,"gen_rep",NA,NA,"TRUE",NA,"FALSE","yes",NA,"CC BY"
619,"10.1038/s41598-023-47532-8","10.1038/s41598-023-47532-8","https://doi.org/10.6084/m9.figshare.21919428","10.6084/m9.figshare.21919428","10.6084/m9.figshare.21919428","","10.6084/m9.figshare.21919428",NA,"yes",TRUE,"numbat",TRUE,TRUE,"gen_rep",NA,NA,"TRUE",NA,"FALSE","yes",NA,"CC BY"
41,"10.1098/rsos.221517","10.1098/rsos.221517","https://doi.org/10.6084/m9.figshare.21981998.v1","10.6084/m9.figshare.21981998.v1","10.6084/m9.figshare.21981998.v1","10.6084/m9.figshare.21981998","10.6084/m9.figshare.21981998",NA,"yes",TRUE,"numbat",TRUE,TRUE,"gen_rep",NA,NA,"TRUE",NA,"FALSE","yes",NA,"CC BY"
574,"10.3389/fcvm.2023.1193209","10.3389/fcvm.2023.1193209","https://doi.org/10.6084/m9.figshare.22263016.v1","10.6084/m9.figshare.22263016.v1","10.6084/m9.figshare.22263016.v1","10.6084/m9.figshare.22263016","10.6084/m9.figshare.22263016",NA,"yes",TRUE,"numbat",TRUE,TRUE,"gen_rep",NA,NA,"TRUE",NA,"FALSE","yes",NA,"CC BY"
516,"10.1007/s43032-023-01365-y","10.1007/s43032-023-01365-y","https://doi.org/10.6084/m9.figshare.22339399","10.6084/m9.figshare.22339399","10.6084/m9.figshare.22339399","","10.6084/m9.figshare.22339399",NA,"yes",TRUE,"numbat",TRUE,TRUE,"gen_rep",NA,NA,"TRUE",NA,"FALSE","yes",NA,"CC BY"
573,"10.1111/wrr.13127","10.1111/wrr.13127","https://doi.org/10.6084/m9.figshare.22468891","10.6084/m9.figshare.22468891","10.6084/m9.figshare.22468891","","10.6084/m9.figshare.22468891",NA,"yes",TRUE,"numbat",TRUE,TRUE,"gen_rep",NA,NA,"TRUE",NA,"FALSE","yes",NA,"CC BY"
92,"10.1038/s41467-023-40079-2","10.1038/s41467-023-40079-2","https://doi.org/10.6084/m9.figshare.23508369","10.6084/m9.figshare.23508369","10.6084/m9.figshare.23508369","","10.6084/m9.figshare.23508369",NA,"yes",TRUE,"numbat",TRUE,TRUE,"gen_rep",NA,NA,"TRUE",NA,"FALSE","yes",NA,"CC BY"
567,"10.1042/cs20220819","10.1042/cs20220819","https://doi.org/10.6084/m9.figshare.23508456.v1","10.6084/m9.figshare.23508456.v1","10.6084/m9.figshare.23508456.v1","10.6084/m9.figshare.23508456","10.6084/m9.figshare.23508456",NA,"yes",TRUE,"numbat",TRUE,TRUE,"gen_rep",NA,NA,"TRUE",NA,"FALSE","yes",NA,"CC BY"
65,"10.1016/j.devcel.2023.11.013","10.1016/j.devcel.2023.11.013","https://doi.org/10.6084/m9.figshare.24271828","10.6084/m9.figshare.24271828","10.6084/m9.figshare.24271828","","10.6084/m9.figshare.24271828",NA,"yes",TRUE,"numbat",TRUE,TRUE,"gen_rep",NA,NA,"TRUE",NA,"FALSE","yes",NA,"CC BY"
94,"10.1186/s12887-022-03814-0","10.1186/s12887-022-03814-0","https://doi.org/10.6084/m9.figshare.26563135.v1","10.6084/m9.figshare.26563135.v1","10.6084/m9.figshare.26563135.v1","10.6084/m9.figshare.26563135","10.6084/m9.figshare.26563135",NA,"yes",TRUE,"numbat",TRUE,TRUE,"gen_rep",NA,NA,"TRUE",NA,"FALSE","yes_statement_no_data",NA,"CC BY;CC0"
1819,"10.1021/acs.analchem.0c00136","10.1021/acs.analchem.0c00136","https://figshare.com/collections/concepts_and_software_package_for_efficient_quality_control_in_targeted_metabolomics_studies_metaquac/5066000","10.6084/m9.figshare.5066000","10.6084/m9.figshare.5066000","","10.6084/m9.figshare.5066000",NA,"yes",TRUE,"numbat",TRUE,TRUE,"gen_rep",NA,NA,"TRUE",NA,"FALSE",NA,NA,NA
1401,"10.3389/fimmu.2020.569006","10.3389/fimmu.2020.569006","https://figshare.com/articles/dataset/table_2_evidence_of_b_cell_clonality_and_investigation_into_properties_of_the_igm_in_patients_with_schnitzler_syndrome_xlsx/13324736?backto=/collections/evidence_of_b_cell_clonality_and_investigation_into_properties_of_the_igm_in_patients_with_schnitzler_syndrome/5227352","10.6084/m9.figshare.5227352","10.6084/m9.figshare.5227352","","10.6084/m9.figshare.5227352",NA,"yes",TRUE,"numbat",TRUE,TRUE,"gen_rep",NA,NA,"TRUE",NA,"FALSE",NA,NA,"CC BY"
1405,"10.3389/fimmu.2021.603649","10.3389/fimmu.2021.603649","https://figshare.com/articles/dataset/table_1_modulation_of_liver_inflammation_and_fibrosis_by_interleukin-37_xlsx/14160740?backto=/collections/modulation_of_liver_inflammation_and_fibrosis_by_interleukin-37/5326814","10.6084/m9.figshare.5326814","10.6084/m9.figshare.5326814","","10.6084/m9.figshare.5326814",NA,"yes",TRUE,"numbat",TRUE,TRUE,"gen_rep",NA,NA,"TRUE",NA,"FALSE",NA,NA,"CC BY"
1412,"10.3389/fmolb.2021.673044","10.3389/fmolb.2021.673044","https://figshare.com/articles/dataset/table1_altered_glycosylation_in_the_aging_heart_xlsx/14694453?backto=/collections/altered_glycosylation_in_the_aging_heart/5442648","10.6084/m9.figshare.5442648","10.6084/m9.figshare.5442648","","10.6084/m9.figshare.5442648",NA,"yes",TRUE,"numbat",TRUE,TRUE,"gen_rep",NA,NA,"TRUE",NA,"FALSE",NA,NA,"CC BY"
802,"10.1371/journal.pone.0271723","10.1371/journal.pone.0271723","https://doi.org/10.6084/m9.figshare.5480224.v1","10.6084/m9.figshare.5480224.v1","10.6084/m9.figshare.5480224.v1","10.6084/m9.figshare.5480224","10.6084/m9.figshare.5480224",NA,"yes",TRUE,"numbat",TRUE,TRUE,"gen_rep",NA,NA,"TRUE",NA,"FALSE","yes",NA,"CC BY"
1399,"10.3389/fgene.2021.751033","10.3389/fgene.2021.751033","https://figshare.com/articles/dataset/datasheet1_a_systematic_review_of_transcriptional_dysregulation_in_huntington_s_disease_studied_by_rna_sequencing_xlsx/16816798?backto=/collections/a_systematic_review_of_transcriptional_dysregulation_in_huntington_s_disease_studied_by_rna_sequencing/5663986","10.6084/m9.figshare.5663986","10.6084/m9.figshare.5663986","","10.6084/m9.figshare.5663986",NA,"yes",TRUE,"numbat",TRUE,TRUE,"gen_rep",NA,NA,"TRUE",NA,"FALSE",NA,NA,"CC BY"
1410,"10.3389/fmicb.2021.746795","10.3389/fmicb.2021.746795","https://figshare.com/articles/dataset/data_sheet_1_the_effect_of_allicin_on_the_proteome_of_sars-cov-2_infected_calu-3_cells_xlsx/16894696?backto=/collections/the_effect_of_allicin_on_the_proteome_of_sars-cov-2_infected_calu-3_cells/5682514","10.6084/m9.figshare.5682514","10.6084/m9.figshare.5682514","","10.6084/m9.figshare.5682514",NA,"yes",TRUE,"numbat",TRUE,TRUE,"gen_rep",NA,NA,"TRUE",NA,"FALSE",NA,NA,"CC BY"
1672,"10.1371/journal.pgen.1009250","10.1371/journal.pgen.1009250","https://figshare.com/articles/dataset/list_of_up-_and_downregulated_transcripts_from_sorted_stem_cells_sorted_paneth_cells_and_organoids_with_a_p_value_0_05_/17123909?backto=/collections/mll1_is_required_for_maintenance_of_intestinal_stem_cells/5736735","10.6084/m9.figshare.5736735","10.6084/m9.figshare.5736735","","10.6084/m9.figshare.5736735",NA,"yes",TRUE,"numbat",TRUE,TRUE,"gen_rep",NA,NA,"TRUE",NA,"FALSE",NA,NA,"CC BY"
1947,"10.7554/elife.48401","10.7554/elife.48401","https://doi.org/10.6084/m9.figshare.8312807","10.6084/m9.figshare.8312807","10.6084/m9.figshare.8312807","","10.6084/m9.figshare.8312807",NA,"yes",TRUE,"numbat",TRUE,TRUE,"gen_rep",NA,NA,"TRUE",NA,"FALSE",NA,NA,NA
1871,"10.1038/s41598-020-60755-3","10.1038/s41598-020-60755-3","https://doi.org/10.6084/m9.figshare.9585410","10.6084/m9.figshare.9585410","10.6084/m9.figshare.9585410","","10.6084/m9.figshare.9585410",NA,"yes",TRUE,"numbat",TRUE,TRUE,"gen_rep",NA,NA,"TRUE",NA,"FALSE",NA,NA,NA
1894,"10.1098/rspb.2019.2228","10.1098/rspb.2019.2228","https://doi.org/10.6084/m9.figshare.c.4795809","10.6084/m9.figshare.c.4795809","10.6084/m9.figshare.c.4795809","","10.6084/m9.figshare.c.4795809",NA,"yes",TRUE,"numbat",TRUE,TRUE,"gen_rep",NA,NA,"TRUE",NA,"FALSE",NA,NA,NA
2077,"10.1038/s41597-020-00597-w","10.1038/s41597-020-00597-w","https://doi.org/10.6084/m9.figshare.c.4869732","10.6084/m9.figshare.c.4869732","10.6084/m9.figshare.c.4869732","","10.6084/m9.figshare.c.4869732",NA,"yes",TRUE,"numbat",TRUE,TRUE,"gen_rep","FALSE","TRUE","TRUE",NA,"FALSE",NA,NA,NA
2101,"10.1038/s41597-021-00913-y","10.1038/s41597-021-00913-y","https://doi.org/10.6084/m9.figshare.c.5222051","10.6084/m9.figshare.c.5222051","10.6084/m9.figshare.c.5222051","","10.6084/m9.figshare.c.5222051",NA,NA,TRUE,"data_articles",FALSE,TRUE,"gen_rep","FALSE","FALSE","TRUE",NA,"FALSE",NA,NA,NA
549,"10.1038/s41551-023-01067-5","10.1038/s41551-023-01067-5","https://doi.org/10.6084/m9.figshare.c.6677135.v1","10.6084/m9.figshare.c.6677135.v1","10.6084/m9.figshare.c.6677135.v1","10.6084/m9.figshare.c.6677135","10.6084/m9.figshare.c.6677135",NA,"yes",TRUE,"numbat",TRUE,TRUE,"gen_rep",NA,NA,"TRUE",NA,"FALSE","yes",NA,"CC BY"
2090,"10.1038/s41597-019-0254-8","10.1038/s41597-019-0254-8","10.5061/dryad.119f80q","dryad.119f80q","dryad.119f80q","10.5061/dryad.119f80q","10.5061/dryad.119f80q",NA,NA,TRUE,"data_articles",FALSE,TRUE,"gen_rep","FALSE","TRUE","TRUE",NA,"FALSE",NA,NA,NA
2061,"10.1186/s12916-019-1478-3","10.1186/s12916-019-1478-3","10.6084/m9.figshare.11665131.v1","m9.figshare.11665131","m9.figshare.11665131","10.6084/m9.figshare.11665131","10.6084/m9.figshare.11665131",NA,"yes",TRUE,"numbat",TRUE,TRUE,"gen_rep",NA,NA,"TRUE",NA,"FALSE",NA,NA,NA
2036,"10.1186/s12866-020-01741-7","10.1186/s12866-020-01741-7","10.6084/m9.figshare.12127476.v1","m9.figshare.12127476","m9.figshare.12127476","10.6084/m9.figshare.12127476","10.6084/m9.figshare.12127476",NA,"yes",TRUE,"numbat",TRUE,TRUE,"gen_rep",NA,NA,"TRUE",NA,"FALSE",NA,NA,NA
2015,"10.1186/s13073-020-00771-0","10.1186/s13073-020-00771-0","10.6084/m9.figshare.12845697.v1","m9.figshare.12845697","m9.figshare.12845697","10.6084/m9.figshare.12845697","10.6084/m9.figshare.12845697",NA,"yes",TRUE,"numbat",TRUE,TRUE,"gen_rep",NA,NA,"TRUE",NA,"FALSE",NA,NA,NA
419,"10.3389/fcvm.2023.1136935","10.3389/fcvm.2023.1136935","10.6084/m9.figshare.19478117","m9.figshare.19478117","m9.figshare.19478117","10.6084/m9.figshare.19478117","10.6084/m9.figshare.19478117",NA,"yes",TRUE,"numbat",TRUE,TRUE,"gen_rep",NA,NA,"TRUE",NA,"FALSE","yes",NA,"CC BY"
1004,"10.3390/ijerph192316124","10.3390/ijerph192316124","https://10.6084/m9.figshare.21370086","m9.figshare.21370086","m9.figshare.21370086","10.6084/m9.figshare.21370086","10.6084/m9.figshare.21370086",NA,"yes",TRUE,"numbat",TRUE,TRUE,"gen_rep",NA,NA,"TRUE",NA,"FALSE","yes",NA,"CC BY"
127,"10.1111/bcp.15911","10.1111/bcp.15911","10.6084/m9.figshare.23713248.v1","m9.figshare.23713248","m9.figshare.23713248","10.6084/m9.figshare.23713248","10.6084/m9.figshare.23713248",NA,"yes",TRUE,"numbat",TRUE,TRUE,"gen_rep",NA,NA,"TRUE",NA,"FALSE","yes",NA,"CC BY"
2089,"10.1038/s41597-019-0161-z","10.1038/s41597-019-0161-z","10.6084/m9.figshare.c.4437488","m9.figshare.c.4437488","m9.figshare.c.4437488","10.6084/m9.figshare.c.4437488","10.6084/m9.figshare.c.4437488",NA,NA,TRUE,"data_articles",FALSE,TRUE,"gen_rep",NA,NA,"TRUE",NA,"FALSE",NA,NA,NA
2092,"10.1038/s41597-020-00597-w","10.1038/s41597-020-00597-w","10.6084/m9.figshare.c.4869732","m9.figshare.c.4869732","m9.figshare.c.4869732","10.6084/m9.figshare.c.4869732","10.6084/m9.figshare.c.4869732",NA,NA,TRUE,"data_articles",TRUE,TRUE,"gen_rep","FALSE","TRUE","TRUE",NA,"FALSE",NA,NA,NA
1516,"10.1016/j.isci.2021.102151","10.1016/j.isci.2021.102151","https://zenodo.org/record/4031204#.ycpk_s1h1bw","record","record","10.5281/zenodo.4031204","10.5281/zenodo.4031204",NA,"yes",TRUE,"numbat",TRUE,TRUE,"gen_rep",NA,NA,"TRUE",NA,"FALSE",NA,NA,"CC BY"
1927,"10.1371/journal.pone.0227178","10.1371/journal.pone.0227178","https://zenodo.org/record/3601477#.xih2e8hkhaq","record","record","10.5281/zenodo.3601477","10.5281/zenodo.3601477",NA,"yes",TRUE,"numbat",TRUE,TRUE,"gen_rep",NA,NA,"TRUE",NA,"FALSE",NA,NA,NA
1382,"10.15252/embj.2020107238","10.15252/embj.2020107238","https://www.metabolomicsworkbench.org/data/drccmetadata.php?mode=study&studyid=st001673","st001673","st001673","st001673","st001673",NA,"yes",TRUE,"numbat",TRUE,TRUE,"gen_rep",NA,NA,"TRUE",NA,"FALSE",NA,NA,"no license"
421,"10.1371/journal.pbio.3002410","10.1371/journal.pbio.3002410","10.5281/zenodo.10019947","zenodo.10019947","zenodo.10019947","10.5281/zenodo.10019947","10.5281/zenodo.10019947",NA,"yes",TRUE,"numbat",TRUE,TRUE,"gen_rep",NA,NA,"TRUE",NA,"FALSE","yes",NA,"CC BY"
187,"10.1093/gigascience/giad024","10.1093/gigascience/giad024","10.5281/zenodo.1197578","zenodo.1197578","zenodo.1197578","10.5281/zenodo.1197578","10.5281/zenodo.1197578",NA,"yes",TRUE,"numbat",TRUE,TRUE,"gen_rep",NA,NA,"TRUE",NA,"FALSE","yes",NA,"CC0"
1929,"10.1371/journal.pone.0231302","10.1371/journal.pone.0231302","10.5281/zenodo.3737549","zenodo.3737549","zenodo.3737549","10.5281/zenodo.3737549","10.5281/zenodo.3737549",NA,"yes",TRUE,"numbat",TRUE,TRUE,"gen_rep",NA,NA,"TRUE",NA,"FALSE",NA,NA,NA
1926,"10.1371/journal.pbio.3000792","10.1371/journal.pbio.3000792","10.5281/zenodo.3876533","zenodo.3876533","zenodo.3876533","10.5281/zenodo.3876533","10.5281/zenodo.3876533",NA,"yes",TRUE,"numbat",TRUE,TRUE,"gen_rep",NA,NA,"TRUE",NA,"FALSE",NA,NA,NA
2094,"10.1038/s41597-020-00773-y","10.1038/s41597-020-00773-y","10.5281/zenodo.4059716","zenodo.4059716","zenodo.4059716","10.5281/zenodo.4059716","10.5281/zenodo.4059716",NA,NA,TRUE,"data_articles",FALSE,TRUE,"gen_rep",NA,NA,"TRUE",NA,"FALSE",NA,NA,NA
928,"10.1038/s41588-021-00976-y","10.1038/s41588-021-00976-y","10.5281/zenodo.4118676","zenodo.4118676","zenodo.4118676","10.5281/zenodo.4118676","10.5281/zenodo.4118676",NA,"yes",TRUE,"numbat",TRUE,TRUE,"gen_rep",NA,NA,"TRUE",NA,"FALSE","yes",NA,"CC BY"
1691,"10.1186/s13059-021-02306-1","10.1186/s13059-021-02306-1","10.5281/zenodo.4454489","zenodo.4454489","zenodo.4454489","10.5281/zenodo.4454489","10.5281/zenodo.4454489",NA,"yes",TRUE,"numbat",TRUE,TRUE,"gen_rep",NA,NA,"TRUE","zenodo","TRUE",NA,2021,"CC BY"
484,"10.1186/s12874-023-01991-9","10.1186/s12874-023-01991-9","10.5281/zenodo.4669937","zenodo.4669937","zenodo.4669937","10.5281/zenodo.4669937","10.5281/zenodo.4669937",NA,"yes",TRUE,"numbat",TRUE,TRUE,"gen_rep",NA,NA,"TRUE",NA,"FALSE","yes_statement_no_data",NA,"CC BY"
1133,"10.1038/s41598-022-09309-3","10.1038/s41598-022-09309-3","https://10.5281/zenodo.5167636","zenodo.5167636","zenodo.5167636","10.5281/zenodo.5167636","10.5281/zenodo.5167636",NA,"yes",TRUE,"numbat",TRUE,TRUE,"gen_rep",NA,NA,"TRUE",NA,"FALSE","yes",NA,"GNU GPLv3"
178,"10.1002/bimj.202200061","10.1002/bimj.202200061","10.5281/zenodo.5615540","zenodo.5615540","zenodo.5615540","10.5281/zenodo.5615540","10.5281/zenodo.5615540",NA,"yes",TRUE,"numbat",TRUE,TRUE,"gen_rep",NA,NA,"TRUE",NA,"FALSE","yes",NA,"CC BY"
369,"10.1038/s41467-023-40068-5","10.1038/s41467-023-40068-5","10.5281/zenodo.5945388","zenodo.5945388","zenodo.5945388","10.5281/zenodo.5945388","10.5281/zenodo.5945388",NA,"yes",TRUE,"numbat",TRUE,TRUE,"gen_rep",NA,NA,"TRUE",NA,"FALSE","yes",NA,"NULL"
303,"10.1038/s41592-023-01986-w","10.1038/s41592-023-01986-w","10.5281/zenodo.6143560.","zenodo.6143560.","zenodo.6143560","10.5281/zenodo.6143560","10.5281/zenodo.6143560",NA,"yes",TRUE,"numbat",TRUE,TRUE,"gen_rep",NA,NA,"TRUE",NA,"FALSE","yes",NA,"CC BY"
783,"10.1111/cge.14241","10.1111/cge.14241","10.5281/zenodo.6206868","zenodo.6206868","zenodo.6206868","10.5281/zenodo.6206868","10.5281/zenodo.6206868",NA,"yes",TRUE,"numbat",TRUE,TRUE,"gen_rep",NA,NA,"TRUE",NA,"FALSE","yes",NA,"CC BY"
154,"10.1136/bmjopen-2022-064170","10.1136/bmjopen-2022-064170","10.5281/zenodo.6245750","zenodo.6245750","zenodo.6245750","10.5281/zenodo.6245750","10.5281/zenodo.6245750",NA,"yes",TRUE,"numbat",TRUE,TRUE,"gen_rep",NA,NA,"TRUE",NA,"FALSE","yes",NA,"CC BY"
935,"10.1038/s41467-022-32370-5","10.1038/s41467-022-32370-5","10.5281/zenodo.6365426","zenodo.6365426","zenodo.6365426","10.5281/zenodo.6365426","10.5281/zenodo.6365426",NA,"yes",TRUE,"numbat",TRUE,TRUE,"gen_rep",NA,NA,"TRUE",NA,"FALSE","yes",NA,"no license"
307,"10.1038/s41598-023-39826-8","10.1038/s41598-023-39826-8","10.5281/zenodo.6379878","zenodo.6379878","zenodo.6379878","10.5281/zenodo.6379878","10.5281/zenodo.6379878",NA,"yes",TRUE,"numbat",TRUE,TRUE,"gen_rep","FALSE","TRUE","TRUE",NA,"FALSE","yes",NA,"CC BY"
2106,"10.1016/j.dib.2022.108739","10.1016/j.dib.2022.108739","10.5281/zenodo.6481140","zenodo.6481140","zenodo.6481140","10.5281/zenodo.6481140","10.5281/zenodo.6481140",NA,NA,TRUE,"data_articles",TRUE,TRUE,"gen_rep","FALSE","TRUE","TRUE",NA,"FALSE",NA,NA,NA
880,"10.1093/nargab/lqac042","10.1093/nargab/lqac042","10.5281/zenodo.6492306","zenodo.6492306","zenodo.6492306","10.5281/zenodo.6492306","10.5281/zenodo.6492306",NA,"yes",TRUE,"numbat",TRUE,TRUE,"gen_rep","TRUE","TRUE","TRUE",NA,"FALSE","yes",NA,"CC BY"
2114,"10.1038/s41597-022-01669-9","10.1038/s41597-022-01669-9","10.5281/zenodo.6576176","zenodo.6576176","zenodo.6576176","10.5281/zenodo.6576176","10.5281/zenodo.6576176",NA,NA,TRUE,"data_articles",TRUE,TRUE,"gen_rep","TRUE","TRUE","TRUE",NA,"FALSE",NA,NA,NA
412,"10.1016/j.immuni.2023.01.029","10.1016/j.immuni.2023.01.029","10.5281/zenodo.6759143","zenodo.6759143","zenodo.6759143","10.5281/zenodo.6759143","10.5281/zenodo.6759143",NA,"yes",TRUE,"numbat",TRUE,TRUE,"gen_rep",NA,NA,"TRUE",NA,"FALSE","yes",NA,"CC BY"
418,"10.1016/j.xcrm.2023.100992","10.1016/j.xcrm.2023.100992","10.5281/zenodo.6950235","zenodo.6950235","zenodo.6950235","10.5281/zenodo.6950235","10.5281/zenodo.6950235",NA,"unsure",TRUE,"numbat",TRUE,TRUE,"gen_rep",NA,NA,"TRUE",NA,"FALSE","yes",NA,"CC BY"
346,"10.1038/s41431-023-01425-6","10.1038/s41431-023-01425-6","10.5281/zenodo.7107694","zenodo.7107694","zenodo.7107694","10.5281/zenodo.7107694","10.5281/zenodo.7107694",NA,"yes",TRUE,"numbat",TRUE,TRUE,"gen_rep",NA,NA,"TRUE",NA,"FALSE","yes",NA,"CC BY"
241,"10.3390/publications11010004","10.3390/publications11010004","10.5281/zenodo.7148327","zenodo.7148327","zenodo.7148327","10.5281/zenodo.7148327","10.5281/zenodo.7148327",NA,"yes",TRUE,"numbat",TRUE,TRUE,"gen_rep",NA,NA,"TRUE",NA,"FALSE","yes",NA,"CC BY"
1137,"10.1038/s41598-022-22353-3","10.1038/s41598-022-22353-3","https://10.5281/zenodo.7233824","zenodo.7233824","zenodo.7233824","10.5281/zenodo.7233824","10.5281/zenodo.7233824",NA,"yes",TRUE,"numbat",TRUE,TRUE,"gen_rep",NA,NA,"TRUE",NA,"FALSE","yes",NA,"CC BY"
126,"10.1038/s41598-023-35370-7","10.1038/s41598-023-35370-7","10.5281/zenodo.7266845","zenodo.7266845","zenodo.7266845","10.5281/zenodo.7266845","10.5281/zenodo.7266845",NA,"yes",TRUE,"numbat",TRUE,TRUE,"gen_rep",NA,NA,"TRUE",NA,"FALSE","yes",NA,"no license"
177,"10.1038/s41589-023-01326-1","10.1038/s41589-023-01326-1","10.5281/zenodo.7303652","zenodo.7303652","zenodo.7303652","10.5281/zenodo.7303652","10.5281/zenodo.7303652",NA,"yes",TRUE,"numbat",TRUE,TRUE,"gen_rep",NA,NA,"TRUE",NA,"FALSE","yes",NA,"CC0"
551,"10.1038/s41586-022-05682-1","10.1038/s41586-022-05682-1","10.5281/zenodo.7311149","zenodo.7311149","zenodo.7311149","10.5281/zenodo.7311149","10.5281/zenodo.7311149",NA,"yes",TRUE,"numbat",TRUE,TRUE,"gen_rep",NA,NA,"TRUE",NA,"FALSE","yes_statement_no_data",NA,"CC BY"
395,"10.1038/s41592-023-02005-8","10.1038/s41592-023-02005-8","10.5281/zenodo.7330129","zenodo.7330129","zenodo.7330129","10.5281/zenodo.7330129","10.5281/zenodo.7330129",NA,"yes",TRUE,"numbat",TRUE,TRUE,"gen_rep",NA,NA,"TRUE",NA,"FALSE","yes",NA,"CC BY"
463,"10.1161/strokeaha.123.043897","10.1161/strokeaha.123.043897","10.5281/zenodo.7331723","zenodo.7331723","zenodo.7331723","10.5281/zenodo.7331723","10.5281/zenodo.7331723",NA,"yes",TRUE,"numbat",TRUE,TRUE,"gen_rep",NA,NA,"TRUE",NA,"FALSE","no_statement_no_data",NA,"CC BY"
327,"10.1186/s12913-023-09226-9","10.1186/s12913-023-09226-9","10.5281/zenodo.7360135","zenodo.7360135","zenodo.7360135","10.5281/zenodo.7360135","10.5281/zenodo.7360135",NA,"yes",TRUE,"numbat",TRUE,TRUE,"gen_rep",NA,NA,"TRUE",NA,"FALSE","yes",NA,"CC BY"
328,"10.1371/journal.pone.0279763","10.1371/journal.pone.0279763","10.5281/zenodo.7361882","zenodo.7361882","zenodo.7361882","10.5281/zenodo.7361882","10.5281/zenodo.7361882",NA,"yes",TRUE,"numbat",TRUE,TRUE,"gen_rep",NA,NA,"TRUE",NA,"FALSE","yes",NA,"no license"
329,"10.1371/journal.pone.0283889","10.1371/journal.pone.0283889","10.5281/zenodo.7386450","zenodo.7386450","zenodo.7386450","10.5281/zenodo.7386450","10.5281/zenodo.7386450",NA,"yes",TRUE,"numbat",TRUE,TRUE,"gen_rep",NA,NA,"TRUE",NA,"FALSE","yes",NA,"CC BY"
500,"10.1038/s41467-023-36333-2","10.1038/s41467-023-36333-2","10.5281/zenodo.7447490","zenodo.7447490","zenodo.7447490","10.5281/zenodo.7447490","10.5281/zenodo.7447490",NA,"yes",TRUE,"numbat",TRUE,TRUE,"gen_rep",NA,NA,"TRUE",NA,"FALSE","yes",NA,"CC BY"
58,"10.1038/s41467-023-39651-7","10.1038/s41467-023-39651-7","10.5281/zenodo.7454381","zenodo.7454381","zenodo.7454381","10.5281/zenodo.7454381","10.5281/zenodo.7454381",NA,"yes",TRUE,"numbat",TRUE,TRUE,"gen_rep",NA,NA,"TRUE",NA,"FALSE","yes",NA,"CC BY"
129,"10.7554/elife.84029","10.7554/elife.84029","10.5281/zenodo.7512560","zenodo.7512560","zenodo.7512560","10.5281/zenodo.7512560","10.5281/zenodo.7512560",NA,"yes",TRUE,"numbat",TRUE,TRUE,"gen_rep",NA,NA,"TRUE",NA,"FALSE","yes",NA,"CC BY"
393,"10.7717/peerj.14671","10.7717/peerj.14671","10.5281/zenodo.7534926","zenodo.7534926","zenodo.7534926","10.5281/zenodo.7534926","10.5281/zenodo.7534926",NA,"restricted",TRUE,"numbat",TRUE,TRUE,"gen_rep",NA,NA,"TRUE",NA,"FALSE","yes",NA,"NULL"
411,"10.1038/s42255-023-00753-7","10.1038/s42255-023-00753-7","10.5281/zenodo.7576292","zenodo.7576292","zenodo.7576292","10.5281/zenodo.7576292","10.5281/zenodo.7576292",NA,"yes",TRUE,"numbat",TRUE,TRUE,"gen_rep",NA,NA,"TRUE",NA,"FALSE","yes",NA,"CC BY"
148,"10.3390/antibiotics12030441","10.3390/antibiotics12030441","10.5281/zenodo.7595524","zenodo.7595524","zenodo.7595524","10.5281/zenodo.7595524","10.5281/zenodo.7595524",NA,"yes",TRUE,"numbat",TRUE,TRUE,"gen_rep",NA,NA,"TRUE",NA,"FALSE","yes",NA,"CC BY"
555,"10.3389/fpubh.2023.1284460","10.3389/fpubh.2023.1284460","10.5281/zenodo.7659845","zenodo.7659845","zenodo.7659845","10.5281/zenodo.7659845","10.5281/zenodo.7659845",NA,"yes",TRUE,"numbat",TRUE,TRUE,"gen_rep",NA,NA,"TRUE",NA,"FALSE","yes",NA,"no license"
439,"10.1016/j.isci.2023.106969","10.1016/j.isci.2023.106969","10.5281/zenodo.7763242","zenodo.7763242","zenodo.7763242","10.5281/zenodo.7763242","10.5281/zenodo.7763242",NA,"yes",TRUE,"numbat",TRUE,TRUE,"gen_rep",NA,NA,"TRUE",NA,"FALSE","yes",NA,"no license"
140,"10.3389/fimmu.2023.1200725","10.3389/fimmu.2023.1200725","10.5281/zenodo.7797380","zenodo.7797380","zenodo.7797380","10.5281/zenodo.7797380","10.5281/zenodo.7797380",NA,"yes",TRUE,"numbat",TRUE,TRUE,"gen_rep",NA,NA,"TRUE",NA,"FALSE","yes",NA,"no license"
287,"10.1038/s41467-023-38580-9","10.1038/s41467-023-38580-9","10.5281/zenodo.7808069","zenodo.7808069","zenodo.7808069","10.5281/zenodo.7808069","10.5281/zenodo.7808069",NA,"yes",TRUE,"numbat",TRUE,TRUE,"gen_rep",NA,NA,"TRUE",NA,"FALSE","yes",NA,"CC BY"
76,"10.1093/nargab/lqad102","10.1093/nargab/lqad102","10.5281/zenodo.7886029","zenodo.7886029","zenodo.7886029","10.5281/zenodo.7886029","10.5281/zenodo.7886029",NA,"yes",TRUE,"numbat",TRUE,TRUE,"gen_rep",NA,NA,"TRUE",NA,"FALSE","yes",NA,"CC BY"
116,"10.1371/journal.pone.0286522","10.1371/journal.pone.0286522","10.5281/zenodo.7889352","zenodo.7889352","zenodo.7889352","10.5281/zenodo.7889352","10.5281/zenodo.7889352",NA,"yes",TRUE,"numbat",TRUE,TRUE,"gen_rep",NA,NA,"TRUE",NA,"FALSE","yes",NA,"CC BY"
554,"10.1172/jci.insight.162468","10.1172/jci.insight.162468","10.5281/zenodo.7895994","zenodo.7895994","zenodo.7895994","10.5281/zenodo.7895994","10.5281/zenodo.7895994",NA,"yes",TRUE,"numbat",TRUE,TRUE,"gen_rep",NA,NA,"TRUE",NA,"FALSE","yes",NA,"CC BY"
121,"10.1016/s2589-7500(23)00109-7","10.1016/s2589-7500(23)00109-7","10.5281/zenodo.7965978","zenodo.7965978","zenodo.7965978","10.5281/zenodo.7965978","10.5281/zenodo.7965978",NA,"restricted",TRUE,"numbat",TRUE,TRUE,"gen_rep",NA,NA,"TRUE",NA,"FALSE","yes",NA,"NULL"
195,"10.1016/j.clinph.2023.05.012","10.1016/j.clinph.2023.05.012","10.5281/zenodo.8005115","zenodo.8005115","zenodo.8005115","10.5281/zenodo.8005115","10.5281/zenodo.8005115",NA,"yes",TRUE,"numbat",TRUE,TRUE,"gen_rep",NA,NA,"TRUE",NA,"FALSE","yes",NA,"CC BY"
315,"10.1093/nargab/lqad061","10.1093/nargab/lqad061","10.5281/zenodo.8009560","zenodo.8009560","zenodo.8009560","10.5281/zenodo.8009560","10.5281/zenodo.8009560",NA,"yes",TRUE,"numbat",TRUE,TRUE,"gen_rep",NA,NA,"TRUE",NA,"FALSE","yes",NA,"no license"
521,"10.1021/acsnano.3c02847","10.1021/acsnano.3c02847","10.5281/zenodo.8039198","zenodo.8039198","zenodo.8039198","10.5281/zenodo.8039198","10.5281/zenodo.8039198",NA,"yes",TRUE,"numbat",TRUE,TRUE,"gen_rep",NA,NA,"TRUE",NA,"FALSE","yes",NA,"CC BY"
379,"10.1038/s41467-023-40213-0","10.1038/s41467-023-40213-0","10.5281/zenodo.8088055","zenodo.8088055","zenodo.8088055","10.5281/zenodo.8088055","10.5281/zenodo.8088055",NA,"yes",TRUE,"numbat",TRUE,TRUE,"gen_rep",NA,NA,"TRUE",NA,"FALSE","yes",NA,"no license"
368,"10.1038/s41467-023-40068-5","10.1038/s41467-023-40068-5","10.5281/zenodo.8096952","zenodo.8096952","zenodo.8096952","10.5281/zenodo.8096952","10.5281/zenodo.8096952",NA,"yes",TRUE,"numbat",TRUE,TRUE,"gen_rep",NA,NA,"TRUE",NA,"FALSE","yes",NA,"CC BY"
125,"10.1126/sciadv.adh2560","10.1126/sciadv.adh2560","10.5281/zenodo.8146260","zenodo.8146260","zenodo.8146260","10.5281/zenodo.8146260","10.5281/zenodo.8146260",NA,"yes",TRUE,"numbat",TRUE,TRUE,"gen_rep",NA,NA,"TRUE",NA,"FALSE","yes",NA,"CC BY"
139,"10.1016/j.ejca.2023.113294","10.1016/j.ejca.2023.113294","10.5281/zenodo.8155123.","zenodo.8155123.","zenodo.8155123","10.5281/zenodo.8155123","10.5281/zenodo.8155123",NA,"yes",TRUE,"numbat",TRUE,TRUE,"gen_rep",NA,NA,"TRUE",NA,"FALSE","yes",NA,"CC BY"
74,"10.1186/s12916-023-03161-6","10.1186/s12916-023-03161-6","10.5281/zenodo.8181414.","zenodo.8181414.","zenodo.8181414","10.5281/zenodo.8181414","10.5281/zenodo.8181414",NA,"yes",TRUE,"numbat",TRUE,TRUE,"gen_rep",NA,NA,"TRUE",NA,"FALSE","yes",NA,"CC BY"
191,"10.1126/science.abo7201","10.1126/science.abo7201","10.5281/zenodo.8196347","zenodo.8196347","zenodo.8196347","10.5281/zenodo.8196347","10.5281/zenodo.8196347",NA,"yes",TRUE,"numbat",TRUE,TRUE,"gen_rep",NA,NA,"TRUE",NA,"FALSE","yes",NA,"no license"
192,"10.1126/science.abo7201","10.1126/science.abo7201","10.5281/zenodo.8214527","zenodo.8214527","zenodo.8214527","10.5281/zenodo.8214527","10.5281/zenodo.8214527",NA,"yes",TRUE,"numbat",TRUE,TRUE,"gen_rep",NA,NA,"TRUE",NA,"FALSE","yes",NA,"CC BY"
290,"10.1038/s41467-023-42588-6","10.1038/s41467-023-42588-6","10.5281/zenodo.8360408","zenodo.8360408","zenodo.8360408","10.5281/zenodo.8360408","10.5281/zenodo.8360408",NA,"yes",TRUE,"numbat",TRUE,TRUE,"gen_rep",NA,NA,"TRUE",NA,"FALSE","yes",NA,"CC BY"
586,"10.1371/journal.pone.0293905","10.1371/journal.pone.0293905","10.5281/zenodo.8429173","zenodo.8429173","zenodo.8429173","10.5281/zenodo.8429173","10.5281/zenodo.8429173",NA,"yes",TRUE,"numbat",TRUE,TRUE,"gen_rep",NA,NA,"TRUE",NA,"FALSE","yes",NA,"CC BY"
1285,"10.1098/rsta.2020.0202","10.1098/rsta.2020.0202","https://oar.ptb.de/resources/show/10.7795/710.20201113","710.2020111","710.2020111","10.7795/710.20201113","10.7795/710.20201113",NA,"yes",TRUE,"numbat",TRUE,TRUE,"doi",NA,NA,"TRUE",NA,"FALSE",NA,NA,"CC BY"
1922,"10.1186/s40658-020-0270-y","10.1186/s40658-020-0270-y","https://zenodo.org/record/3373973","3373973","3373973","10.5281/zenodo.3373973","10.5281/zenodo.3373973",NA,"yes",TRUE,"numbat",TRUE,TRUE,"doi",NA,NA,"TRUE",NA,"FALSE",NA,NA,NA
2050,"10.1186/s40635-019-0284-8","10.1186/s40635-019-0284-8","https://www.zenodo.org/record/3378028","3378028","3378028","10.5281/zenodo.3378028","10.5281/zenodo.3378028",NA,"yes",TRUE,"numbat",TRUE,TRUE,"doi",NA,NA,"TRUE",NA,"FALSE",NA,NA,NA
1984,"10.1371/journal.pone.0227955","10.1371/journal.pone.0227955","https://zenodo.org/record/3603309","3603309","3603309","10.5281/zenodo.3603309","10.5281/zenodo.3603309",NA,"yes",TRUE,"numbat",TRUE,TRUE,"doi",NA,NA,"TRUE",NA,"FALSE",NA,NA,NA
664,"10.1159/000521626","10.1159/000521626","https://zenodo.org/record/4807754","4807754","4807754","10.5281/zenodo.4807754","10.5281/zenodo.4807754",NA,"yes",TRUE,"numbat",TRUE,TRUE,"doi",NA,NA,"TRUE",NA,"FALSE","yes",NA,"CC BY"
921,"10.1126/sciadv.abm9106","10.1126/sciadv.abm9106","https://zenodo.org/records/5919894","5919894","5919894","10.5281/zenodo.5919894","10.5281/zenodo.5919894",NA,"yes",TRUE,"numbat",TRUE,TRUE,"doi",NA,NA,"TRUE",NA,"FALSE","yes",NA,"no license"
1250,"10.1038/s41467-022-34899-x","10.1038/s41467-022-34899-x","https://zenodo.org/records/7013097","7013097","7013097","10.5281/zenodo.7013097","10.5281/zenodo.7013097",NA,"yes",TRUE,"numbat",TRUE,TRUE,"doi",NA,NA,"TRUE",NA,"FALSE","yes",NA,"CC BY"
1259,"10.3390/nu14204435","10.3390/nu14204435","https://zenodo.org/records/7143234","7143234","7143234","10.5281/zenodo.7143234","10.5281/zenodo.7143234",NA,"yes",TRUE,"numbat",TRUE,TRUE,"doi",NA,NA,"TRUE",NA,"FALSE","yes",NA,"CC BY-NC-SA"
278,"10.3390/s23146597","10.3390/s23146597","https://zenodo.org/records/7991589","7991589","7991589","10.5281/zenodo.7991589","10.5281/zenodo.7991589",NA,"restricted",TRUE,"numbat",TRUE,TRUE,"doi",NA,NA,"TRUE",NA,"FALSE","yes",NA,"NULL"
1358,"10.1371/journal.pone.0247918","10.1371/journal.pone.0247918","https://doi.org/10.11588/data/fspql4","10.11588/data/fspql4","10.11588/data/fspql4","","10.11588/data/fspql4",NA,"yes",TRUE,"numbat",TRUE,TRUE,"doi",NA,NA,"TRUE",NA,"FALSE",NA,NA,"CC BY-NC-ND"
1212,"10.1007/s10461-021-03432-4","10.1007/s10461-021-03432-4","https://doi.org/10.11588/data/kxtqtz","10.11588/data/kxtqtz","10.11588/data/kxtqtz","","10.11588/data/kxtqtz",NA,"yes",TRUE,"numbat",TRUE,TRUE,"doi",NA,NA,"TRUE",NA,"FALSE","yes",NA,"CC BY"
1705,"10.1007/s10461-021-03432-4","10.1007/s10461-021-03432-4","doi.org/10.11588/data/kxtqtz","10.11588/data/kxtqtz","10.11588/data/kxtqtz","","10.11588/data/kxtqtz",NA,"yes",TRUE,"numbat",TRUE,TRUE,"doi",NA,NA,"TRUE",NA,"FALSE",NA,NA,"CC BY"
313,"10.1093/pubmed/fdac124","10.1093/pubmed/fdac124","https://doi.org/10.11588/data/lttwsq","10.11588/data/lttwsq","10.11588/data/lttwsq","","10.11588/data/lttwsq",NA,"yes",TRUE,"numbat",TRUE,TRUE,"doi",NA,NA,"TRUE",NA,"FALSE","yes",NA,"CC BY"
186,"10.1007/s10461-022-03859-3","10.1007/s10461-022-03859-3","https://doi.org/10.11588/data/oyucuz","10.11588/data/oyucuz","10.11588/data/oyucuz","","10.11588/data/oyucuz",NA,"yes",TRUE,"numbat",TRUE,TRUE,"doi",NA,NA,"TRUE",NA,"FALSE","yes",NA,"CC BY"
494,"10.1038/s41598-023-48892-x","10.1038/s41598-023-48892-x","https://doi.org/10.11588/data/p9jepg","10.11588/data/p9jepg","10.11588/data/p9jepg","","10.11588/data/p9jepg",NA,"yes",TRUE,"numbat",TRUE,TRUE,"doi",NA,NA,"TRUE",NA,"FALSE","yes",NA,"CC BY"
725,"10.1523/eneuro.0089-22.2022","10.1523/eneuro.0089-22.2022","https://doi.org/10.12751/g-node.j9wxqe","10.12751/g-node.j9wxqe","10.12751/g-node.j9wxqe","","10.12751/g-node.j9wxqe",NA,"yes",TRUE,"numbat",TRUE,TRUE,"doi",NA,NA,"TRUE",NA,"FALSE","yes",NA,"CC BY"
569,"10.1523/eneuro.0215-22.2023","10.1523/eneuro.0215-22.2023","https://doi.org/10.12751/g-node.w5h68v","10.12751/g-node.w5h68v","10.12751/g-node.w5h68v","","10.12751/g-node.w5h68v",NA,"yes",TRUE,"numbat",TRUE,TRUE,"doi",NA,NA,"TRUE",NA,"FALSE","yes",NA,"CC BY"
31,"10.1038/s41467-023-37233-1","10.1038/s41467-023-37233-1","https://doi.org/10.13018/bmr51648","10.13018/bmr51648","10.13018/bmr51648","","10.13018/bmr51648",NA,"yes",TRUE,"numbat",TRUE,TRUE,"doi",NA,NA,"TRUE",NA,"FALSE","yes",NA,"no license"
481,"10.1111/tpj.16601","10.1111/tpj.16601","https://doi.org/10.13018/bmr52245","10.13018/bmr52245","10.13018/bmr52245","","10.13018/bmr52245",NA,"yes",TRUE,"numbat",TRUE,TRUE,"doi",NA,NA,"TRUE",NA,"FALSE","yes",NA,"no license"
141,"10.1038/s41597-023-02153-8","10.1038/s41597-023-02153-8","https://doi.org/10.13026/nqsf-pc74","10.13026/nqsf-pc74","10.13026/nqsf-pc74","","10.13026/nqsf-pc74",NA,"yes",TRUE,"numbat",TRUE,TRUE,"doi",NA,NA,"TRUE",NA,"FALSE","yes",NA,"CC BY"
1081,"10.1371/journal.pmed.1003873","10.1371/journal.pmed.1003873","https://doi.org/10.13130/rd_unimi/eo5vns","10.13130/rd_unimi/eo5vns","10.13130/rd_unimi/eo5vns","","10.13130/rd_unimi/eo5vns",NA,"yes",TRUE,"numbat",TRUE,TRUE,"doi",NA,NA,"TRUE",NA,"FALSE","yes",NA,"CC0"
475,"10.15252/embj.2022112351","10.15252/embj.2022112351","doi:10.15252/embj.2022112351","10.15252/embj.2022112351","10.15252/embj.2022112351","","10.15252/embj.2022112351",NA,"yes",TRUE,"numbat",TRUE,TRUE,"doi",NA,NA,"TRUE",NA,"FALSE","yes",NA,"no license"
460,"10.1186/s13073-022-01148-1","10.1186/s13073-022-01148-1","https://doi.org/10.15454/flanup","10.15454/flanup","10.15454/flanup","","10.15454/flanup",NA,"yes",TRUE,"numbat",TRUE,TRUE,"doi",NA,NA,"TRUE",NA,"FALSE","yes",NA,"etalab 2.0"
375,"10.1038/s41467-023-38383-y","10.1038/s41467-023-38383-y","https://doi.org/10.17044/scilifelab.22225942","10.17044/scilifelab.22225942","10.17044/scilifelab.22225942","","10.17044/scilifelab.22225942",NA,"yes",TRUE,"numbat",TRUE,TRUE,"doi",NA,NA,"TRUE",NA,"FALSE","yes",NA,"CC BY"
1127,"10.1038/s41467-022-34719-2","10.1038/s41467-022-34719-2","http://dx.doi.org/10.17169/refubium-36351","10.17169/refubium-36351","10.17169/refubium-36351","","10.17169/refubium-36351",NA,"yes",TRUE,"numbat",TRUE,TRUE,"doi",NA,NA,"TRUE",NA,"FALSE","yes",NA,"no license"
1722,"10.3390/polym13030433","10.3390/polym13030433","https://dx.doi.org/10.17617/3.5k","10.17617/3.5k","10.17617/3.5k","","10.17617/3.5k",NA,"yes",TRUE,"numbat",TRUE,TRUE,"doi",NA,NA,"TRUE",NA,"FALSE",NA,NA,"CC BY"
1457,"10.1038/s41598-021-92054-w","10.1038/s41598-021-92054-w","https://dx.doi.org/10.17617/3.64","10.17617/3.64","10.17617/3.64","","10.17617/3.64",NA,"yes",TRUE,"numbat",TRUE,TRUE,"doi",NA,NA,"TRUE",NA,"FALSE",NA,NA,"CC BY"
69,"10.1016/j.bioadv.2023.213423","10.1016/j.bioadv.2023.213423","https://doi.org/10.17617/3.nehzn1","10.17617/3.nehzn1","10.17617/3.nehzn1","","10.17617/3.nehzn1",NA,"yes",TRUE,"numbat",TRUE,TRUE,"doi",NA,NA,"TRUE",NA,"FALSE","yes",NA,"CC0"
1711,"10.1016/j.molcel.2020.12.042","10.1016/j.molcel.2020.12.042","https://dx.doi.org/10.17632/5fpk9g52rw.1","10.17632/5fpk9g52rw.1","10.17632/5fpk9g52rw.1","","10.17632/5fpk9g52rw.1",NA,"yes",TRUE,"numbat",TRUE,TRUE,"doi",NA,NA,"TRUE",NA,"FALSE",NA,NA,"CC BY"
1742,"10.1016/j.xcrm.2021.100291","10.1016/j.xcrm.2021.100291","https://doi.org/10.17632/5n8df8jvk4.1","10.17632/5n8df8jvk4.1","10.17632/5n8df8jvk4.1","","10.17632/5n8df8jvk4.1",NA,"yes",TRUE,"numbat",TRUE,TRUE,"doi",NA,NA,"TRUE",NA,"FALSE",NA,NA,"CC BY"
1034,"10.1016/j.molcel.2022.03.024","10.1016/j.molcel.2022.03.024","doi.org/10.17632/7vbp983x44.1","10.17632/7vbp983x44.1","10.17632/7vbp983x44.1","","10.17632/7vbp983x44.1",NA,"yes",TRUE,"numbat",TRUE,TRUE,"doi",NA,NA,"TRUE",NA,"FALSE","yes",NA,"CC BY"
1109,"10.1016/j.neuron.2022.06.010","10.1016/j.neuron.2022.06.010","https://doi.org/10.17632/bkn78y232y.1","10.17632/bkn78y232y.1","10.17632/bkn78y232y.1","","10.17632/bkn78y232y.1",NA,"yes",TRUE,"numbat",TRUE,TRUE,"doi",NA,NA,"TRUE",NA,"FALSE","yes",NA,"CC BY"
1687,"10.1098/rsos.210389","10.1098/rsos.210389","https://dx.doi.org/10.17632/btchxktzyw","10.17632/btchxktzyw","10.17632/btchxktzyw","","10.17632/btchxktzyw",NA,"yes",TRUE,"numbat",TRUE,TRUE,"doi",NA,NA,"TRUE","elsevier data repository","TRUE",NA,2021,"CC BY-NC"
597,"10.1016/j.neuron.2023.06.018","10.1016/j.neuron.2023.06.018","doi.org/10.17632/chnfyfd2k9.1","10.17632/chnfyfd2k9.1","10.17632/chnfyfd2k9.1","","10.17632/chnfyfd2k9.1",NA,"yes",TRUE,"numbat",TRUE,TRUE,"doi",NA,NA,"TRUE",NA,"FALSE","yes",NA,"CC BY"
1685,"10.1186/s12891-021-04425-z","10.1186/s12891-021-04425-z","https://doi.org/10.17632/f9vm3c4d7v.1","10.17632/f9vm3c4d7v.1","10.17632/f9vm3c4d7v.1","","10.17632/f9vm3c4d7v.1",NA,"yes",TRUE,"numbat",TRUE,TRUE,"doi",NA,NA,"TRUE",NA,"FALSE",NA,NA,"CC BY"
1519,"10.1016/j.neuroimage.2020.117571","10.1016/j.neuroimage.2020.117571","http://dx.doi.org/10.17632/fzcmhhjs76.2","10.17632/fzcmhhjs76.2","10.17632/fzcmhhjs76.2","","10.17632/fzcmhhjs76.2",NA,"yes",TRUE,"numbat",TRUE,TRUE,"doi",NA,NA,"TRUE",NA,"FALSE",NA,NA,"CC BY"
1513,"10.1016/j.dib.2021.107011","10.1016/j.dib.2021.107011","http://dx.doi.org/10.17632/fzcmhhjs76.3","10.17632/fzcmhhjs76.3","10.17632/fzcmhhjs76.3","","10.17632/fzcmhhjs76.3",NA,"yes",TRUE,"numbat",TRUE,TRUE,"doi","FALSE","TRUE","TRUE",NA,"FALSE",NA,NA,"CC BY"
1585,"10.1016/j.molcel.2021.02.006","10.1016/j.molcel.2021.02.006","https://dx.doi.org/10.17632/g2ghpnf4zk.1","10.17632/g2ghpnf4zk.1","10.17632/g2ghpnf4zk.1","","10.17632/g2ghpnf4zk.1",NA,"yes",TRUE,"numbat",TRUE,TRUE,"doi",NA,NA,"TRUE",NA,"FALSE",NA,NA,"CC BY"
112,"10.1016/j.xgen.2023.100347","10.1016/j.xgen.2023.100347","https://doi.org/10.17632/kcwn7bpdf9.1","10.17632/kcwn7bpdf9.1","10.17632/kcwn7bpdf9.1","","10.17632/kcwn7bpdf9.1",NA,"yes",TRUE,"numbat",TRUE,TRUE,"doi",NA,NA,"TRUE",NA,"FALSE","yes",NA,"CC BY"
1011,"10.1016/j.neuron.2022.08.001","10.1016/j.neuron.2022.08.001","https://doi.org/10.17632/mrk7355wtk.1","10.17632/mrk7355wtk.1","10.17632/mrk7355wtk.1","","10.17632/mrk7355wtk.1",NA,"yes",TRUE,"numbat",TRUE,TRUE,"doi",NA,NA,"TRUE",NA,"FALSE","yes",NA,"CC BY"
1552,"10.1016/j.dib.2021.107604","10.1016/j.dib.2021.107604","http://doi.org/10.17632/mtd59df24s.2","10.17632/mtd59df24s.2","10.17632/mtd59df24s.2","","10.17632/mtd59df24s.2",NA,"yes",TRUE,"numbat",TRUE,TRUE,"doi","TRUE","TRUE","TRUE",NA,"FALSE",NA,NA,"CC BY"
760,"10.1016/j.canlet.2022.215767","10.1016/j.canlet.2022.215767","doi.org/10.17632/pbbx6gckck.1","10.17632/pbbx6gckck.1","10.17632/pbbx6gckck.1","","10.17632/pbbx6gckck.1",NA,"yes",TRUE,"numbat",TRUE,TRUE,"doi",NA,NA,"TRUE",NA,"FALSE","yes",NA,"CC BY"
535,"10.1016/j.cell.2022.12.007","10.1016/j.cell.2022.12.007","doi.org/10.17632/sd8zthmrk4.1","10.17632/sd8zthmrk4.1","10.17632/sd8zthmrk4.1","","10.17632/sd8zthmrk4.1",NA,"yes",TRUE,"numbat",TRUE,TRUE,"doi",NA,NA,"TRUE",NA,"FALSE","no_statement_no_data",NA,"CC BY"
1998,"10.1038/s41598-019-56416-9","10.1038/s41598-019-56416-9","doi.org/10.17632/sj5cms7fky.1","10.17632/sj5cms7fky.1","10.17632/sj5cms7fky.1","","10.17632/sj5cms7fky.1",NA,"yes",TRUE,"numbat",TRUE,TRUE,"doi",NA,NA,"TRUE",NA,"FALSE",NA,NA,NA
790,"10.1016/j.dib.2022.108347","10.1016/j.dib.2022.108347","https://doi.org/10.17632/wrhr5862cb.4","10.17632/wrhr5862cb.4","10.17632/wrhr5862cb.4","","10.17632/wrhr5862cb.4",NA,"yes",TRUE,"numbat",TRUE,TRUE,"doi",NA,NA,"TRUE",NA,"FALSE","yes",NA,"CC BY"
293,"10.1007/s00216-023-04635-5","10.1007/s00216-023-04635-5","https://doi.org/10.17632/zhrhgvgnym.1","10.17632/zhrhgvgnym.1","10.17632/zhrhgvgnym.1","","10.17632/zhrhgvgnym.1",NA,"yes",TRUE,"numbat",TRUE,TRUE,"doi",NA,NA,"TRUE",NA,"FALSE","yes",NA,"CC BY"
1642,"10.1038/s41467-021-23472-7","10.1038/s41467-021-23472-7","https://doi.org/10.17881/th9v-xt85","10.17881/th9v-xt85","10.17881/th9v-xt85","","10.17881/th9v-xt85",NA,"restricted",TRUE,"numbat",TRUE,TRUE,"doi",NA,NA,"TRUE",NA,"FALSE",NA,NA,"NULL"
1270,"10.1038/s41597-022-01806-4","10.1038/s41597-022-01806-4","https://doi.org/10.18112/openneuro.ds001226.v5.0.0","10.18112/openneuro.ds001226.v5.0.0","10.18112/openneuro.ds001226.v5.0.0","10.18112/openneuro.ds001226","10.18112/openneuro.ds001226",NA,"yes",TRUE,"numbat",TRUE,TRUE,"doi",NA,NA,"TRUE","openneuro","TRUE","no_statement_no_data",2018,"CC0"
1857,"10.1038/s41586-020-2314-9","10.1038/s41586-020-2314-9","https://doi.org/10.18112/openneuro.ds001734.v1.0.4","10.18112/openneuro.ds001734.v1.0.4","10.18112/openneuro.ds001734.v1.0.4","10.18112/openneuro.ds001734","10.18112/openneuro.ds001734",NA,"yes",TRUE,"numbat",TRUE,TRUE,"doi",NA,NA,"TRUE",NA,"FALSE",NA,NA,NA
496,"10.1016/j.dib.2023.109018","10.1016/j.dib.2023.109018","https://doi.org/10.18112/openneuro.ds002013.v1.0.3","10.18112/openneuro.ds002013.v1.0.3","10.18112/openneuro.ds002013.v1.0.3","10.18112/openneuro.ds002013","10.18112/openneuro.ds002013",NA,"yes",TRUE,"numbat",TRUE,TRUE,"doi",NA,NA,"TRUE",NA,"FALSE","yes",NA,"CC0"
1558,"10.1016/j.neuroimage.2021.118758","10.1016/j.neuroimage.2021.118758","https://doi.org/10.18112/openneuro.ds003716.v1.0.0","10.18112/openneuro.ds003716.v1.0.0","10.18112/openneuro.ds003716.v1.0.0","10.18112/openneuro.ds003716","10.18112/openneuro.ds003716",NA,"yes",TRUE,"numbat",TRUE,TRUE,"doi",NA,NA,"TRUE",NA,"FALSE",NA,NA,"CC0"
356,"10.1038/s41593-023-01286-8","10.1038/s41593-023-01286-8","https://doi.org/10.18112/openneuro.ds004114.v1.0.0","10.18112/openneuro.ds004114.v1.0.0","10.18112/openneuro.ds004114.v1.0.0","10.18112/openneuro.ds004114","10.18112/openneuro.ds004114",NA,"yes",TRUE,"numbat",TRUE,TRUE,"doi",NA,NA,"TRUE",NA,"FALSE","yes",NA,"CC0"
662,"10.1177/15533506211054240","10.1177/15533506211054240","https://doi.org/10.18452/20470","10.18452/20470","10.18452/20470","","10.18452/20470",NA,"yes",TRUE,"numbat",TRUE,TRUE,"doi",NA,NA,"TRUE",NA,"FALSE","yes",NA,"CC BY-NC"
867,"10.1371/journal.pone.0270563","10.1371/journal.pone.0270563","https://doi.org/10.18452/22757","10.18452/22757","10.18452/22757","","10.18452/22757",NA,"yes",TRUE,"numbat",TRUE,TRUE,"doi",NA,NA,"TRUE",NA,"FALSE","yes",NA,"CC BY-NC-ND"
490,"10.3758/s13428-023-02134-0","10.3758/s13428-023-02134-0","https://doi.org/10.18452/24667","10.18452/24667","10.18452/24667","","10.18452/24667",NA,"yes",TRUE,"numbat",TRUE,TRUE,"doi",NA,NA,"TRUE",NA,"FALSE","yes",NA,"NULL"
1043,"10.1007/s11368-022-03145-8","10.1007/s11368-022-03145-8","https://doi.org/10.20387/bonares-9bbk-z07e","10.20387/bonares-9bbk-z07e","10.20387/bonares-9bbk-z07e","","10.20387/bonares-9bbk-z07e",NA,"yes",TRUE,"numbat",TRUE,TRUE,"doi",NA,NA,"TRUE",NA,"FALSE","yes",NA,"CC BY"
1101,"10.1016/j.ymgme.2022.01.102","10.1016/j.ymgme.2022.01.102","https://doi.org/10.2210/pdb2vhi/pdb","10.2210/pdb2vhi/pdb","10.2210/pdb2vhi/pdb","","10.2210/pdb2vhi/pdb",NA,"yes",TRUE,"numbat",TRUE,TRUE,"doi",NA,NA,"TRUE",NA,"FALSE","no_statement_no_data",NA,"no license"
1633,"10.1016/j.jmb.2021.166964","10.1016/j.jmb.2021.166964","http://doi.org/10.2210/pdb6md5/pdb","10.2210/pdb6md5/pdb","10.2210/pdb6md5/pdb","","10.2210/pdb6md5/pdb",NA,"yes",TRUE,"numbat",TRUE,TRUE,"doi",NA,NA,"TRUE",NA,"FALSE",NA,NA,"no license"
1039,"10.1126/science.abd1673","10.1126/science.abd1673","https://doi.org/10.2210/pdb6z9p/pdb","10.2210/pdb6z9p/pdb","10.2210/pdb6z9p/pdb","","10.2210/pdb6z9p/pdb",NA,"yes",TRUE,"numbat",TRUE,TRUE,"doi",NA,NA,"TRUE",NA,"FALSE","yes",NA,"no license"
1583,"10.1016/j.molcel.2021.02.006","10.1016/j.molcel.2021.02.006","http://doi.org/10.2210/pdb7bl2/pdb","10.2210/pdb7bl2/pdb","10.2210/pdb7bl2/pdb","","10.2210/pdb7bl2/pdb",NA,"yes",TRUE,"numbat",TRUE,TRUE,"doi",NA,NA,"TRUE",NA,"FALSE",NA,NA,"no license"
1653,"10.1073/pnas.2022580118","10.1073/pnas.2022580118","http://doi.org/10.2210/pdb7cqf/pdb","10.2210/pdb7cqf/pdb","10.2210/pdb7cqf/pdb","","10.2210/pdb7cqf/pdb",NA,"yes",TRUE,"numbat",TRUE,TRUE,"doi",NA,NA,"TRUE",NA,"FALSE",NA,NA,"no license"
1659,"10.1126/science.abh1139","10.1126/science.abh1139","http://doi.org/10.2210/pdb7lop/pdb","10.2210/pdb7lop/pdb","10.2210/pdb7lop/pdb","","10.2210/pdb7lop/pdb",NA,"yes",TRUE,"numbat",TRUE,TRUE,"doi",NA,NA,"TRUE",NA,"FALSE",NA,NA,"no license"
1769,"10.1038/s41586-021-03713-x","10.1038/s41586-021-03713-x","https://doi.org/10.2210/pdb7n1p/pdb","10.2210/pdb7n1p/pdb","10.2210/pdb7n1p/pdb","","10.2210/pdb7n1p/pdb",NA,"yes",TRUE,"numbat",TRUE,TRUE,"doi",NA,NA,"TRUE",NA,"FALSE",NA,NA,"no license"
1609,"10.1021/acs.jmedchem.1c01264","10.1021/acs.jmedchem.1c01264","http://dx.doi.org/10.2210/pdb7o6x/pdb","10.2210/pdb7o6x/pdb","10.2210/pdb7o6x/pdb","","10.2210/pdb7o6x/pdb",NA,"yes",TRUE,"numbat",TRUE,TRUE,"doi",NA,NA,"TRUE",NA,"FALSE",NA,NA,"no license"
784,"10.1038/s41380-021-01385-7","10.1038/s41380-021-01385-7","https://doi.org/10.2210/pdb7ow1/pdb","10.2210/pdb7ow1/pdb","10.2210/pdb7ow1/pdb","","10.2210/pdb7ow1/pdb",NA,"yes",TRUE,"numbat",TRUE,TRUE,"doi",NA,NA,"TRUE",NA,"FALSE","no_statement_no_data",NA,"no license"
1744,"10.1038/s41380-021-01385-7","10.1038/s41380-021-01385-7","http://doi.org/10.2210/pdb7ow1/pdb","10.2210/pdb7ow1/pdb","10.2210/pdb7ow1/pdb","","10.2210/pdb7ow1/pdb",NA,"yes",TRUE,"numbat",TRUE,TRUE,"doi",NA,NA,"TRUE",NA,"FALSE",NA,NA,"no license"
1526,"10.1038/s41422-021-00569-8","10.1038/s41422-021-00569-8","http://doi.org/10.2210/pdb7piv/pdb","10.2210/pdb7piv/pdb","10.2210/pdb7piv/pdb","","10.2210/pdb7piv/pdb",NA,"yes",TRUE,"numbat",TRUE,TRUE,"doi",NA,NA,"TRUE",NA,"FALSE",NA,NA,"no license"
1209,"10.1126/science.abm5835","10.1126/science.abm5835","https://doi.org/10.2210/pdb7s5p/pdb","10.2210/pdb7s5p/pdb","10.2210/pdb7s5p/pdb","","10.2210/pdb7s5p/pdb",NA,"yes",TRUE,"numbat",TRUE,TRUE,"doi",NA,NA,"TRUE",NA,"FALSE","yes",NA,"no license"
728,"10.1038/s41467-022-35164-x","10.1038/s41467-022-35164-x","https://doi.org/10.2210/pdb7sox/pdb","10.2210/pdb7sox/pdb","10.2210/pdb7sox/pdb","","10.2210/pdb7sox/pdb",NA,"yes",TRUE,"numbat",TRUE,TRUE,"doi",NA,NA,"TRUE",NA,"FALSE","yes",NA,"no license"
96,"10.1016/j.celrep.2023.112926","10.1016/j.celrep.2023.112926","https://doi.org/10.2210/pdb7xzh/pdb","10.2210/pdb7xzh/pdb","10.2210/pdb7xzh/pdb","","10.2210/pdb7xzh/pdb",NA,"yes",TRUE,"numbat",TRUE,TRUE,"doi",NA,NA,"TRUE",NA,"FALSE","yes",NA,"no license"
1019,"10.1126/science.abg3875","10.1126/science.abg3875","https://doi.org/10.2210/pdb7zjw/pdb","10.2210/pdb7zjw/pdb","10.2210/pdb7zjw/pdb","","10.2210/pdb7zjw/pdb",NA,"yes",TRUE,"numbat",TRUE,TRUE,"doi",NA,NA,"TRUE",NA,"FALSE","yes",NA,"no license"
476,"10.15252/embj.2022112351","10.15252/embj.2022112351","ttps://doi.org/10.2210/pdb7zn7/pdb","10.2210/pdb7zn7/pdb","10.2210/pdb7zn7/pdb","","10.2210/pdb7zn7/pdb",NA,"yes",TRUE,"numbat",TRUE,TRUE,"doi",NA,NA,"TRUE",NA,"FALSE","yes",NA,"no license"
305,"10.1038/s41477-023-01407-y","10.1038/s41477-023-01407-y","https://doi.org/10.2210/pdb8auv/pdb","10.2210/pdb8auv/pdb","10.2210/pdb8auv/pdb","","10.2210/pdb8auv/pdb",NA,"yes",TRUE,"numbat",TRUE,TRUE,"doi",NA,NA,"TRUE",NA,"FALSE","yes",NA,"no license"
816,"10.1093/nar/gkac1206","10.1093/nar/gkac1206","https://doi.org/10.2210/pdb8b8s/pdb","10.2210/pdb8b8s/pdb","10.2210/pdb8b8s/pdb","","10.2210/pdb8b8s/pdb",NA,"yes",TRUE,"numbat",TRUE,TRUE,"doi",NA,NA,"TRUE",NA,"FALSE","yes",NA,"no license"
518,"10.1016/j.isci.2023.107085","10.1016/j.isci.2023.107085","https://doi.org/10.2210/pdb8bev/pdb","10.2210/pdb8bev/pdb","10.2210/pdb8bev/pdb","","10.2210/pdb8bev/pdb",NA,"yes",TRUE,"numbat",TRUE,TRUE,"doi",NA,NA,"TRUE",NA,"FALSE","yes",NA,"no license"
152,"10.1038/s41467-023-36607-9","10.1038/s41467-023-36607-9","https://doi.org/10.2210/pdb8c99/pdb","10.2210/pdb8c99/pdb","10.2210/pdb8c99/pdb","","10.2210/pdb8c99/pdb",NA,"yes",TRUE,"numbat",TRUE,TRUE,"doi",NA,NA,"TRUE",NA,"FALSE","yes",NA,"no license"
151,"10.1038/s41467-023-36607-9","10.1038/s41467-023-36607-9","https://doi.org/10.2210/pdb8c9b/pdb","10.2210/pdb8c9b/pdb","10.2210/pdb8c9b/pdb","","10.2210/pdb8c9b/pdb",NA,"yes",TRUE,"numbat",TRUE,TRUE,"doi",NA,NA,"TRUE",NA,"FALSE","yes",NA,"no license"
722,"10.1084/jem.20220826","10.1084/jem.20220826","https://doi.org/10.2210/pdb8dad/pdb","10.2210/pdb8dad/pdb","10.2210/pdb8dad/pdb","","10.2210/pdb8dad/pdb",NA,"yes",TRUE,"numbat",TRUE,TRUE,"doi",NA,NA,"TRUE",NA,"FALSE","yes",NA,"no license"
353,"10.1038/s41586-023-05755-9","10.1038/s41586-023-05755-9","https://doi.org/10.2210/pdb8e90/pdb","10.2210/pdb8e90/pdb","10.2210/pdb8e90/pdb","","10.2210/pdb8e90/pdb",NA,"yes",TRUE,"numbat",TRUE,TRUE,"doi",NA,NA,"TRUE",NA,"FALSE","yes",NA,"no license"
591,"10.1126/sciadv.adg4479","10.1126/sciadv.adg4479","https://doi.org/10.2210/pdb8jpo/pdb","10.2210/pdb8jpo/pdb","10.2210/pdb8jpo/pdb","","10.2210/pdb8jpo/pdb",NA,"yes",TRUE,"numbat",TRUE,TRUE,"doi",NA,NA,"TRUE",NA,"FALSE","yes",NA,"no license"
620,"10.1021/acs.jmedchem.3c00851","10.1021/acs.jmedchem.3c00851","https://doi.org/10.2210/pdb8ou3/pdb","10.2210/pdb8ou3/pdb","10.2210/pdb8ou3/pdb","","10.2210/pdb8ou3/pdb",NA,"yes",TRUE,"numbat",TRUE,TRUE,"doi",NA,NA,"TRUE",NA,"FALSE","no_statement_no_data",NA,"NULL"
629,"10.1111/bjhp.12670","10.1111/bjhp.12670","https://doi.org/10.23668/psycharchives.8137","10.23668/psycharchives.8137","10.23668/psycharchives.8137","","10.23668/psycharchives.8137",NA,"restricted",TRUE,"numbat",TRUE,TRUE,"doi",NA,NA,"TRUE",NA,"FALSE","yes",NA,"NULL"
1610,"10.1021/acs.jmedchem.1c01264","10.1021/acs.jmedchem.1c01264","https://doi.org/10.23729/4d448eb0-c6ef-4b7d-a557-3758f5f68d47","10.23729/4d448eb0-c6ef-4b7d-a557-3758f5f68d47","10.23729/4d448eb0-c6ef-4b7d-a557-3758f5f68d47","","10.23729/4d448eb0-c6ef-4b7d-a557-3758f5f68d47",NA,"yes",TRUE,"numbat",TRUE,TRUE,"doi",NA,NA,"TRUE",NA,"FALSE",NA,NA,"CC BY"
1795,"10.1038/s41388-021-02054-3","10.1038/s41388-021-02054-3","https://doi.org/10.24433/co.0121060.v1","10.24433/co.0121060.v1","10.24433/co.0121060.v1","","10.24433/co.0121060.v1",NA,"yes",TRUE,"numbat",TRUE,TRUE,"doi",NA,NA,"TRUE",NA,"FALSE",NA,NA,"CC0"
1974,"10.1016/j.cell.2020.09.049","10.1016/j.cell.2020.09.049","https://doi.org/10.24433/co.1724316.v1","10.24433/co.1724316.v1","10.24433/co.1724316.v1","","10.24433/co.1724316.v1",NA,"yes",TRUE,"numbat",TRUE,TRUE,"doi",NA,NA,"TRUE",NA,"FALSE",NA,NA,NA
1078,"10.1098/rsos.220139","10.1098/rsos.220139","https://doi.org/10.24433/co.3805142.v1","10.24433/co.3805142.v1","10.24433/co.3805142.v1","","10.24433/co.3805142.v1",NA,"yes",TRUE,"numbat",TRUE,TRUE,"doi",NA,NA,"TRUE",NA,"FALSE","yes",NA,"MIT"
1040,"10.1084/jem.20210012","10.1084/jem.20210012","https://doi.org/10.24433/co.5442144.v1","10.24433/co.5442144.v1","10.24433/co.5442144.v1","","10.24433/co.5442144.v1",NA,"yes",TRUE,"numbat",TRUE,TRUE,"doi",NA,NA,"TRUE",NA,"FALSE","yes",NA,"CC BY-NC-ND"
1112,"10.1038/s41592-022-01412-7","10.1038/s41592-022-01412-7","https://doi.org/10.24433/co.8741744.v3","10.24433/co.8741744.v3","10.24433/co.8741744.v3","","10.24433/co.8741744.v3",NA,"yes",TRUE,"numbat",TRUE,TRUE,"doi",NA,NA,"TRUE",NA,"FALSE","yes",NA,"CC0"
1006,"10.1016/j.ccell.2022.09.001","10.1016/j.ccell.2022.09.001","https://doi.org/10.25345/c53n9d","10.25345/c53n9d","10.25345/c53n9d","","10.25345/c53n9d",NA,"yes",TRUE,"numbat",TRUE,TRUE,"doi",NA,NA,"TRUE",NA,"FALSE","yes",NA,"CC0"
1533,"10.1038/s42003-021-02495-2","10.1038/s42003-021-02495-2","https://doi.org/doi:10.25345/c58d7s","10.25345/c58d7s","10.25345/c58d7s","","10.25345/c58d7s",NA,"yes",TRUE,"numbat",TRUE,TRUE,"doi",NA,NA,"TRUE",NA,"FALSE",NA,NA,"CC0"
32,"10.1038/s41467-023-39824-4","10.1038/s41467-023-39824-4","https://doi.org/doi:10.25345/c5cv76","10.25345/c5cv76","10.25345/c5cv76","","10.25345/c5cv76",NA,"yes",TRUE,"numbat",TRUE,TRUE,"doi",NA,NA,"TRUE",NA,"FALSE","yes",NA,"CC0"
842,"10.1007/s00401-021-02395-z","10.1007/s00401-021-02395-z","doi.org/10.25345/c5js1s","10.25345/c5js1s","10.25345/c5js1s","","10.25345/c5js1s",NA,"yes",TRUE,"numbat",TRUE,TRUE,"doi",NA,NA,"TRUE",NA,"FALSE","yes",NA,"CC0"
863,"10.1038/s41587-022-01389-w","10.1038/s41587-022-01389-w","https://doi.org/10.25345/c5n87337s","10.25345/c5n87337s","10.25345/c5n87337s","","10.25345/c5n87337s",NA,"yes",TRUE,"numbat",TRUE,TRUE,"doi",NA,NA,"TRUE",NA,"FALSE","yes",NA,"CC0"
1637,"10.1021/acs.jproteome.1c00429","10.1021/acs.jproteome.1c00429","https://doi.org/doi:10.25345/c5nm3r","10.25345/c5nm3r","10.25345/c5nm3r","","10.25345/c5nm3r",NA,"yes",TRUE,"numbat",TRUE,TRUE,"doi",NA,NA,"TRUE",NA,"FALSE",NA,NA,"CC0"
1440,"10.3390/ijms22010462","10.3390/ijms22010462","https://doi.org/doi:10.25345/c5nn4g","10.25345/c5nn4g","10.25345/c5nn4g","","10.25345/c5nn4g",NA,"yes",TRUE,"numbat",TRUE,TRUE,"doi",NA,NA,"TRUE",NA,"FALSE",NA,NA,"CC0"
1187,"10.1126/scisignal.abc4520","10.1126/scisignal.abc4520","https://doi.org/doi:10.25345/c5sh7g","10.25345/c5sh7g","10.25345/c5sh7g","","10.25345/c5sh7g",NA,"yes",TRUE,"numbat",TRUE,TRUE,"doi",NA,NA,"TRUE",NA,"FALSE","yes",NA,"CC0"
1594,"10.1021/acscentsci.0c00679","10.1021/acscentsci.0c00679","https://doi.org/doi:10.25345/c5vg6c","10.25345/c5vg6c","10.25345/c5vg6c","","10.25345/c5vg6c",NA,"yes",TRUE,"numbat",TRUE,TRUE,"doi",NA,NA,"TRUE",NA,"FALSE",NA,NA,"CC0"
296,"10.1016/j.cell.2023.03.026","10.1016/j.cell.2023.03.026","https://doi.org/doi:10.25345/c5w37m06m","10.25345/c5w37m06m","10.25345/c5w37m06m","","10.25345/c5w37m06m",NA,"yes",TRUE,"numbat",TRUE,TRUE,"doi",NA,NA,"TRUE",NA,"FALSE","yes",NA,"CC0"
196,"10.1007/s10237-022-01682-2","10.1007/s10237-022-01682-2","https://doi.org/10.25375/uct.17620877 ","10.25375/uct.17620877 ","10.25375/uct.17620877","","10.25375/uct.17620877",NA,"yes",TRUE,"numbat",TRUE,TRUE,"doi",NA,NA,"TRUE",NA,"FALSE","yes",NA,"CC BY"
1510,"10.1007/s11517-021-02393-z","10.1007/s11517-021-02393-z","https://doi.org/10.25375/uct.9782798","10.25375/uct.9782798","10.25375/uct.9782798","","10.25375/uct.9782798",NA,"yes",TRUE,"numbat",TRUE,TRUE,"doi",NA,NA,"TRUE",NA,"FALSE",NA,NA,"CC BY"
1272,"10.1038/s41597-022-01806-4","10.1038/s41597-022-01806-4","https://doi.org/10.25493/1ecn-6sm","10.25493/1ecn-6sm","10.25493/1ecn-6sm","","10.25493/1ecn-6sm",NA,"restricted",TRUE,"numbat",TRUE,TRUE,"doi",NA,NA,"TRUE",NA,"FALSE","no_statement_no_data",NA,"NULL"
1368,"10.1371/journal.pone.0255800","10.1371/journal.pone.0255800","http://dx.doi.org/10.25532/opara-120","10.25532/opara-120","10.25532/opara-120","","10.25532/opara-120",NA,"yes",TRUE,"numbat",TRUE,TRUE,"doi",NA,NA,"TRUE",NA,"FALSE",NA,NA,"CC BY"
47,"10.7554/elife.86740","10.7554/elife.86740","http://doi.org/10.25592/uhhfdm.13475","10.25592/uhhfdm.13475","10.25592/uhhfdm.13475","","10.25592/uhhfdm.13475",NA,"yes",TRUE,"numbat",TRUE,TRUE,"doi",NA,NA,"TRUE",NA,"FALSE","yes",NA,"CC BY"
357,"10.1038/s41593-023-01286-8","10.1038/s41593-023-01286-8","https://doi.org/10.34973/1gp6-gg97","10.34973/1gp6-gg97","10.34973/1gp6-gg97","","10.34973/1gp6-gg97",NA,"yes",TRUE,"numbat",TRUE,TRUE,"doi",NA,NA,"TRUE",NA,"FALSE","yes",NA,"Apache License, Version 2.0"
1220,"10.1038/s41592-022-01431-4","10.1038/s41592-022-01431-4","https://dx.doi.org/10.4126/frl01-006425521","10.4126/frl01-006425521","10.4126/frl01-006425521","","10.4126/frl01-006425521",NA,"yes",TRUE,"numbat",TRUE,TRUE,"doi",NA,NA,"TRUE",NA,"FALSE","yes",NA,"CC BY"
433,"10.1016/j.isci.2023.106198","10.1016/j.isci.2023.106198","https://doi.org/10.48620/181","10.48620/181","10.48620/181","","10.48620/181",NA,"yes",TRUE,"numbat",TRUE,TRUE,"doi",NA,NA,"TRUE",NA,"FALSE","yes",NA,"CC BY"
90,"10.1111/ejn.16161","10.1111/ejn.16161","https://doi.org/10.5283/epub.54599","10.5283/epub.54599","10.5283/epub.54599","","10.5283/epub.54599",NA,"yes",TRUE,"numbat",TRUE,TRUE,"doi",NA,NA,"TRUE",NA,"FALSE","no_statement_no_data",NA,"no license"
1056,"10.1098/rsos.220142","10.1098/rsos.220142","https://doi.org/10.5523/bris.3s3693oybr47k20ae2agm1t5d2","10.5523/bris.3s3693oybr47k20ae2agm1t5d2","10.5523/bris.3s3693oybr47k20ae2agm1t5d2","","10.5523/bris.3s3693oybr47k20ae2agm1t5d2",NA,"yes",TRUE,"numbat",TRUE,TRUE,"doi",NA,NA,"TRUE",NA,"FALSE","yes",NA,"no license"
1122,"10.1093/gigascience/giac064","10.1093/gigascience/giac064","http://dx.doi.org/10.5524/102213","10.5524/102213","10.5524/102213","","10.5524/102213",NA,"yes",TRUE,"numbat",TRUE,TRUE,"doi",NA,NA,"TRUE",NA,"FALSE","yes",NA,"no license"
11,"10.1038/s41467-023-42085-w","10.1038/s41467-023-42085-w","https://doi.org/10.6019/empiar-11543","10.6019/empiar-11543","10.6019/empiar-11543","","10.6019/empiar-11543",NA,"yes",TRUE,"numbat",TRUE,TRUE,"doi",NA,NA,"TRUE",NA,"FALSE","yes",NA,"CC0"
582,"10.1038/s41598-023-38027-7","10.1038/s41598-023-38027-7","doi.org/10.6019/empiar-11576","10.6019/empiar-11576","10.6019/empiar-11576","","10.6019/empiar-11576",NA,"yes",TRUE,"numbat",TRUE,TRUE,"doi",NA,NA,"TRUE",NA,"FALSE","yes",NA,"CC0"
252,"10.1038/s41564-022-01304-8","10.1038/s41564-022-01304-8","https://doi.org/10.6069/s9b3-zz35","10.6069/s9b3-zz35","10.6069/s9b3-zz35","","10.6069/s9b3-zz35",NA,"yes",TRUE,"numbat",TRUE,TRUE,"doi",NA,NA,"TRUE",NA,"FALSE","yes",NA,"CC BY"
757,"10.1016/j.neuroimage.2022.119190","10.1016/j.neuroimage.2022.119190","https://doi.org/10.7303/syn26712693","10.7303/syn26712693","10.7303/syn26712693","","10.7303/syn26712693",NA,"yes",TRUE,"numbat",TRUE,TRUE,"doi",NA,NA,"TRUE",NA,"FALSE","yes",NA,"CC BY"
355,"10.1038/s41591-023-02323-6","10.1038/s41591-023-02323-6","https://doi.org/10.7303/syn33342930","10.7303/syn33342930","10.7303/syn33342930","","10.7303/syn33342930",NA,"restricted",TRUE,"numbat",TRUE,TRUE,"doi",NA,NA,"TRUE",NA,"FALSE","yes",NA,"NULL"
1649,"10.1038/s41746-021-00414-7","10.1038/s41746-021-00414-7","https://doi.org/10.7303/syn8717496","10.7303/syn8717496","10.7303/syn8717496","","10.7303/syn8717496",NA,"restricted",TRUE,"numbat",TRUE,TRUE,"doi",NA,NA,"TRUE",NA,"FALSE",NA,NA,"NULL"
432,"10.1038/s41467-022-35563-0","10.1038/s41467-022-35563-0","https://doi.org/10.7488/ds/2973","10.7488/ds/2973","10.7488/ds/2973","","10.7488/ds/2973",NA,"yes",TRUE,"numbat",TRUE,TRUE,"doi",NA,NA,"TRUE",NA,"FALSE","yes",NA,"CC BY"
1578,"10.1016/j.biopsych.2021.04.006","10.1016/j.biopsych.2021.04.006","https://doi.org/10.7910/dvn/25833","10.7910/dvn/25833","10.7910/dvn/25833","","10.7910/dvn/25833",NA,"restricted",TRUE,"numbat",TRUE,TRUE,"doi",NA,NA,"TRUE","harvard dataverse","TRUE",NA,2014,"NULL"
1245,"10.1038/s41563-022-01293-3","10.1038/s41563-022-01293-3","https://doi.org/10.7910/dvn/c8wxbg","10.7910/dvn/c8wxbg","10.7910/dvn/c8wxbg","","10.7910/dvn/c8wxbg",NA,"yes",TRUE,"numbat",TRUE,TRUE,"doi",NA,NA,"TRUE",NA,"FALSE","yes",NA,"CC0"
1740,"10.1016/j.patter.2021.100351","10.1016/j.patter.2021.100351","https://doi.org/10.7910/dvn/cqhheh","10.7910/dvn/cqhheh","10.7910/dvn/cqhheh","","10.7910/dvn/cqhheh",NA,"yes",TRUE,"numbat",TRUE,TRUE,"doi",NA,NA,"TRUE",NA,"FALSE",NA,NA,"no license"
1114,"10.7554/elife.75126","10.7554/elife.75126","https://doi.org/10.7910/dvn/io2flm","10.7910/dvn/io2flm","10.7910/dvn/io2flm","","10.7910/dvn/io2flm",NA,"yes",TRUE,"numbat",TRUE,TRUE,"doi",NA,NA,"TRUE",NA,"FALSE","yes",NA,"CC0"
830,"10.1073/pnas.2204174119","10.1073/pnas.2204174119","https://doi.org/10.7910/dvn/kxpfkk","10.7910/dvn/kxpfkk","10.7910/dvn/kxpfkk","","10.7910/dvn/kxpfkk",NA,"yes",TRUE,"numbat",TRUE,TRUE,"doi",NA,NA,"TRUE",NA,"FALSE","yes",NA,"CC0"
1982,"10.1038/s41467-020-19449-7","10.1038/s41467-020-19449-7","https://doi.org/10.7910/dvn/ll3c1r","10.7910/dvn/ll3c1r","10.7910/dvn/ll3c1r","","10.7910/dvn/ll3c1r",NA,"yes",TRUE,"numbat",TRUE,TRUE,"doi",NA,NA,"TRUE",NA,"FALSE",NA,NA,NA
589,"10.1038/s41598-023-40007-w","10.1038/s41598-023-40007-w","https://doi.org/10.7910/dvn/t5xcqa","10.7910/dvn/t5xcqa","10.7910/dvn/t5xcqa","","10.7910/dvn/t5xcqa",NA,"yes",TRUE,"numbat",TRUE,TRUE,"doi",NA,NA,"TRUE",NA,"FALSE","yes",NA,"CC BY-NC-SA"
1815,"10.1016/j.isci.2020.101539","10.1016/j.isci.2020.101539","10.17632/25cnynmzx6.1","25cnynmzx6","25cnynmzx6","10.17632/25cnynmzx6","10.17632/25cnynmzx6",NA,"yes",TRUE,"numbat",TRUE,TRUE,"doi",NA,NA,"TRUE",NA,"FALSE",NA,NA,NA
1920,"10.1186/s13104-020-05248-2","10.1186/s13104-020-05248-2","10.17632/9dkwv5w9b3.1","9dkwv5w9b3","9dkwv5w9b3","10.17632/9dkwv5w9b3","10.17632/9dkwv5w9b3",NA,"yes",TRUE,"numbat",TRUE,TRUE,"doi",NA,NA,"TRUE",NA,"FALSE",NA,NA,NA
2109,"10.1038/s41597-022-01532-x","10.1038/s41597-022-01532-x","10.6019/chembl4495565","chembl4495565","chembl4495565","10.6019/chembl4495565","10.6019/chembl4495565",NA,NA,TRUE,"data_articles",TRUE,TRUE,"doi","TRUE","FALSE","TRUE",NA,"FALSE",NA,NA,NA
470,"10.1016/j.neuroimage.2023.120187","10.1016/j.neuroimage.2023.120187","10.17632/chvcccgbxm.2","chvcccgbxm","chvcccgbxm","10.17632/chvcccgbxm","10.17632/chvcccgbxm",NA,"yes",TRUE,"numbat",TRUE,TRUE,"doi",NA,NA,"TRUE",NA,"FALSE","yes",NA,"CC BY"
2098,"10.1016/j.dib.2021.107011","10.1016/j.dib.2021.107011","10.17632/fzcmhhjs76.3","fzcmhhjs76","fzcmhhjs76","10.17632/fzcmhhjs76","10.17632/fzcmhhjs76",NA,NA,TRUE,"data_articles",TRUE,TRUE,"doi","FALSE","TRUE","TRUE",NA,"FALSE",NA,NA,NA
1951,"10.1371/journal.pone.0244148","10.1371/journal.pone.0244148","https://doi.gin.g-node.org/10.12751/g-node.mb83iq/","g-node.mb83iq","g-node.mb83iq","10.12751/g-node.mb83iq","10.12751/g-node.mb83iq",NA,"yes",TRUE,"numbat",TRUE,TRUE,"doi",NA,NA,"TRUE",NA,"FALSE",NA,NA,NA
1631,"10.1016/j.immuni.2021.09.002","10.1016/j.immuni.2021.09.002","https://data.mendeley.com/datasets/hwxhw2sxys/1","hwxhw2sxys","hwxhw2sxys","10.17632/hwxhw2sxys","10.17632/hwxhw2sxys",NA,"yes",TRUE,"numbat",TRUE,TRUE,"doi",NA,NA,"TRUE",NA,"FALSE",NA,NA,"CC BY-NC"
2032,"10.1016/j.cell.2020.08.001","10.1016/j.cell.2020.08.001","https://data.mendeley.com/datasets/hwxhw2sxys/1","hwxhw2sxys","hwxhw2sxys","10.17632/hwxhw2sxys","10.17632/hwxhw2sxys",NA,"yes",TRUE,"numbat",TRUE,TRUE,"doi",NA,NA,"TRUE",NA,"FALSE",NA,NA,NA
2107,"10.1038/s41597-022-01401-7","10.1038/s41597-022-01401-7","10.3886/icpsr36684.v4","icpsr36684","icpsr36684","10.3886/icpsr36684","10.3886/icpsr36684",NA,NA,TRUE,"data_articles",FALSE,TRUE,"doi",NA,NA,"TRUE",NA,"FALSE",NA,NA,NA
1435,"10.3390/genes12081236","10.3390/genes12081236","https://www.ncbi.nlm.nih.gov/traces/wgs/jaiezw01?display=contigs","jaiezw01","jaiezw01","","jaiezw01",NA,"yes",TRUE,"numbat",TRUE,TRUE,"doi",NA,NA,"FALSE",NA,"FALSE",NA,NA,"no license"
190,"10.1038/s41467-023-41502-4","10.1038/s41467-023-41502-4","10.21228/m8914j","m8914j","m8914j","10.21228/m8914j","10.21228/m8914j",NA,"yes",TRUE,"numbat",TRUE,TRUE,"doi",NA,NA,"TRUE",NA,"FALSE","yes",NA,"no license"
401,"10.1038/s41467-023-39965-6","10.1038/s41467-023-39965-6","10.5452/ma-gosou","ma-gosou","ma-gosou","10.5452/ma-gosou","10.5452/ma-gosou",NA,"yes",TRUE,"numbat",TRUE,TRUE,"doi",NA,NA,"TRUE",NA,"FALSE","yes",NA,"no license"
362,"10.1038/s41587-023-01704-z","10.1038/s41587-023-01704-z","10.5452/ma-rap-alink","ma-rap-alink","ma-rap-alink","10.5452/ma-rap-alink","10.5452/ma-rap-alink",NA,"unsure",TRUE,"numbat",TRUE,TRUE,"doi",NA,NA,"TRUE",NA,"FALSE","yes",NA,"no license"
2096,"10.1038/s41597-020-0487-6","10.1038/s41597-020-0487-6","10.17632/nr7cs764rc.1","nr7cs764rc","nr7cs764rc","10.17632/nr7cs764rc","10.17632/nr7cs764rc",NA,NA,TRUE,"data_articles",FALSE,TRUE,"doi","FALSE","TRUE","TRUE",NA,"FALSE",NA,NA,NA
1888,"10.1093/braincomms/fcaa021","10.1093/braincomms/fcaa021","10.17632/nrj467zmj2.1","nrj467zmj2","nrj467zmj2","10.17632/nrj467zmj2","10.17632/nrj467zmj2",NA,"yes",TRUE,"numbat",TRUE,TRUE,"doi",NA,NA,"TRUE",NA,"FALSE",NA,NA,NA
736,"10.7554/elife.83947","10.7554/elife.83947","10.17632/nwjcn4fy87.1","nwjcn4fy87","nwjcn4fy87","10.17632/nwjcn4fy87","10.17632/nwjcn4fy87",NA,"yes",TRUE,"numbat",TRUE,TRUE,"doi",NA,NA,"TRUE",NA,"FALSE","yes",NA,"CC BY"
363,"10.1038/s41587-023-01704-z","10.1038/s41587-023-01704-z","10.2210/pdb9a2g/pdb","pdb","pdb","10.2210/pdb9a2g/pdb","10.2210/pdb9a2g/pdb",NA,"yes",TRUE,"numbat",TRUE,TRUE,"doi",NA,NA,"TRUE",NA,"FALSE","yes",NA,"no license"
261,"10.1210/clinem/dgad031","10.1210/clinem/dgad031","10.17632/pt83brt32f.1","pt83brt32f","pt83brt32f","10.17632/pt83brt32f","10.17632/pt83brt32f",NA,"yes",TRUE,"numbat",TRUE,TRUE,"doi",NA,NA,"TRUE",NA,"FALSE","yes",NA,"CC BY"
166,"10.1038/s41593-023-01435-z","10.1038/s41593-023-01435-z","10.17632/rh4zjz8vt3.1","rh4zjz8vt3","rh4zjz8vt3","10.17632/rh4zjz8vt3","10.17632/rh4zjz8vt3",NA,"yes",TRUE,"numbat",TRUE,TRUE,"doi",NA,NA,"TRUE",NA,"FALSE","yes",NA,"CC BY"
434,"10.7554/elife.86740.3","10.7554/elife.86740","10.25592/uhhfdm.13475","uhhfdm.13475","uhhfdm.13475","10.25592/uhhfdm.13475","10.25592/uhhfdm.13475",NA,"yes",TRUE,"numbat",TRUE,TRUE,"doi",NA,NA,"TRUE",NA,"FALSE","yes",NA,"CC BY"
1124,"10.1016/j.dib.2022.108649","10.1016/j.dib.2022.108649","https://data.mendeley.com/datasets/vfpxcbk5bx","vfpxcbk5bx","vfpxcbk5bx","10.17632/vfpxcbk5bx","10.17632/vfpxcbk5bx",NA,"yes",TRUE,"numbat",TRUE,TRUE,"doi",NA,NA,"TRUE",NA,"FALSE","yes",NA,"CC BY"
2105,"10.1016/j.dib.2022.108649","10.1016/j.dib.2022.108649","10.17632/vfpxcbk5bx.4","vfpxcbk5bx","vfpxcbk5bx","10.17632/vfpxcbk5bx","10.17632/vfpxcbk5bx",NA,NA,TRUE,"data_articles",TRUE,TRUE,"doi","FALSE","TRUE","TRUE",NA,"FALSE",NA,NA,NA
2102,"10.1016/j.dib.2022.108347","10.1016/j.dib.2022.108347","10.17632/wrhr5862cb.1","wrhr5862cb","wrhr5862cb","10.17632/wrhr5862cb","10.17632/wrhr5862cb",NA,NA,TRUE,"data_articles",TRUE,TRUE,"doi","FALSE","TRUE","TRUE",NA,"FALSE",NA,NA,NA
167,"10.1038/s41593-023-01435-z","10.1038/s41593-023-01435-z","10.17632/zgr9bj57r4.2","zgr9bj57r4","zgr9bj57r4","10.17632/zgr9bj57r4","10.17632/zgr9bj57r4",NA,"yes",TRUE,"numbat",TRUE,TRUE,"doi",NA,NA,"TRUE",NA,"FALSE","yes",NA,"CC BY"
891,"10.1016/j.xpro.2022.101957","10.1016/j.xpro.2022.101957","https://www.health-atlas.de/data_files/563","563","563","","563",NA,"yes",TRUE,"numbat",TRUE,TRUE,"acc_nr",NA,NA,"FALSE",NA,"FALSE","yes",NA,"CC BY"
378,"10.1038/s41467-023-40213-0","10.1038/s41467-023-40213-0","https://submission.gpcrmd.org/dynadb/dynamics/id/1260/","1260","1260","","1260",NA,"yes",TRUE,"numbat",TRUE,TRUE,"acc_nr",NA,NA,"FALSE",NA,"FALSE","yes",NA,"no license"
741,"10.1002/oby.23452","10.1002/oby.23452","https://nda.nih.gov/edit_collection.html?id=1890","1890","1890","","1890",NA,"restricted",TRUE,"numbat",TRUE,TRUE,"acc_nr",NA,NA,"FALSE",NA,"FALSE","yes",NA,"NULL"
1804,"10.1016/j.celrep.2020.03.078","10.1016/j.celrep.2020.03.078","https://tudatalib.ulb.tu-darmstadt.de/handle/tudatalib/2279","2279","2279","","2279",NA,"yes",TRUE,"numbat",TRUE,TRUE,"acc_nr",NA,NA,"FALSE",NA,"FALSE",NA,NA,NA
1903,"10.1126/science.abd1673","10.1126/science.abd1673","https://www.ebi.ac.uk/emdb/entry/11087","11087","11087","","11087",NA,"yes",TRUE,"numbat",TRUE,TRUE,"acc_nr",NA,NA,"FALSE",NA,"FALSE",NA,NA,NA
1273,"10.1038/s41586-022-05275-y","10.1038/s41586-022-05275-y","https://biobank.ctsu.ox.ac.uk/crystal/app.cgi?id=12505","12505","12505","","12505",NA,"restricted",TRUE,"numbat",TRUE,TRUE,"acc_nr",NA,NA,"FALSE",NA,"FALSE","yes",NA,"NULL"
560,"10.1136/gutjnl-2023-330365","10.1136/gutjnl-2023-330365","https://neurovault.org/collections/14111/","14111","14111","","14111",NA,"yes",TRUE,"numbat",TRUE,TRUE,"acc_nr",NA,NA,"FALSE",NA,"FALSE","yes",NA,"no license"
601,"10.1038/s42003-023-05429-2","10.1038/s42003-023-05429-2","https://neurovault.org/collections/15181/","15181","15181","","15181",NA,"yes",TRUE,"numbat",TRUE,TRUE,"acc_nr",NA,NA,"FALSE",NA,"FALSE","yes",NA,"no license"
1693,"10.3389/fimmu.2020.609891","10.3389/fimmu.2020.609891","http://www.addgene.org/129027/","129027","129027","","129027",NA,"yes",TRUE,"numbat",TRUE,TRUE,"acc_nr",NA,NA,"FALSE",NA,"FALSE",NA,NA,"no license"
1629,"10.1093/nar/gkaa1198","10.1093/nar/gkaa1198","https://www.addgene.org/137191/","137191","137191","","137191",NA,"yes",TRUE,"numbat",TRUE,TRUE,"acc_nr",NA,NA,"FALSE",NA,"FALSE",NA,NA,"no license"
509,"10.3389/fimmu.2023.1086433","10.3389/fimmu.2023.1086433","https://www.addgene.org/183473/","183473","183473","","183473",NA,"restricted",TRUE,"numbat",TRUE,TRUE,"acc_nr",NA,NA,"FALSE",NA,"FALSE","yes",NA,"NULL"
435,"10.1093/aje/kwad071","10.1093/aje/kwad071","https://dash.nichd.nih.gov/study/417122","417122","417122","","417122",NA,"restricted",TRUE,"numbat",TRUE,TRUE,"acc_nr",NA,NA,"FALSE",NA,"FALSE","yes",NA,"NULL"
604,"10.1093/cvr/cvac121","10.1093/cvr/cvac121","https://www.ncbi.nlm.nih.gov/bioproject/812410","812410","812410","","812410",NA,"yes",TRUE,"numbat",TRUE,TRUE,"acc_nr",NA,NA,"FALSE",NA,"FALSE","yes",NA,"no license"
667,"10.1111/mec.16491","10.1111/mec.16491","https://www.ncbi.nlm.nih.gov/bioproject/?term=825462","825462","825462","","825462",NA,"yes",TRUE,"numbat",TRUE,TRUE,"acc_nr",NA,NA,"FALSE",NA,"FALSE","yes",NA,"no license"
668,"10.3390/biomedicines10051204","10.3390/biomedicines10051204","https://www.ncbi.nlm.nih.gov/bioproject/826262","826262","826262","","826262",NA,"yes",TRUE,"numbat",TRUE,TRUE,"acc_nr",NA,NA,"FALSE",NA,"FALSE","yes",NA,"no license"
1972,"10.1186/s12859-020-03741-w","10.1186/s12859-020-03741-w","https://codeocean.com/capsule/9813295","9813295","9813295","","9813295",NA,"yes",TRUE,"numbat",TRUE,TRUE,"acc_nr",NA,NA,"FALSE",NA,"FALSE",NA,NA,NA
381,"10.1038/s41588-023-01462-3","10.1038/s41588-023-01462-3","https://www.ebi.ac.uk/gwas/publications/37679419","37679419","37679419","","37679419",NA,"yes",TRUE,"numbat",TRUE,TRUE,"acc_nr",NA,NA,"FALSE",NA,"FALSE","yes",NA,"no license"
1720,"10.1371/journal.pntd.0009787","10.1371/journal.pntd.0009787","https://www.ncbi.nlm.nih.gov/nuccore/2085340607","2085340607","2085340607","","2085340607",NA,"yes",TRUE,"numbat",TRUE,TRUE,"acc_nr",NA,NA,"FALSE",NA,"FALSE",NA,NA,"no license"
1681,"10.7717/peerj.10213","10.7717/peerj.10213","https://www.morphosource.org/projects/0000c1182","0000c1182","0000c1182","","0000c1182",NA,"restricted",TRUE,"numbat",TRUE,TRUE,"acc_nr",NA,NA,"FALSE",NA,"FALSE",NA,NA,"NULL"
1893,"10.1098/rsif.2020.0009","10.1098/rsif.2020.0009","https://www.morphosource.org/biological_specimens/000s28511","000s28511","000s28511","","000s28511",NA,"restricted",TRUE,"numbat",TRUE,TRUE,"acc_nr",NA,NA,"FALSE",NA,"FALSE",NA,NA,NA
1003,"10.3892/ijo.2022.5310","10.3892/ijo.2022.5310","https://doi.org/10.6019/pxd029398","10.6019/pxd029398","10.6019/pxd029398","pxd029398","pxd029398",NA,"unsure",TRUE,"numbat",TRUE,TRUE,"acc_nr",NA,NA,"FALSE",NA,"FALSE","yes",NA,"no license"
507,"10.1016/j.jlr.2023.100473","10.1016/j.jlr.2023.100473","https://dx.doi.org/10.6019/pxd045513","10.6019/pxd045513","10.6019/pxd045513","pxd045513","pxd045513",NA,"yes",TRUE,"numbat",TRUE,TRUE,"acc_nr",NA,NA,"FALSE",NA,"FALSE","yes",NA,"CC0"
1938,"10.3389/fimmu.2020.00179","10.3389/fimmu.2020.00179","https://proteindiffraction.org/project/3czf/","3czf","3czf","","3czf",NA,"yes",TRUE,"numbat",TRUE,TRUE,"acc_nr","FALSE","TRUE","FALSE","the protein data bank","TRUE",NA,2009,NA
1453,"10.1093/bioinformatics/btab238","10.1093/bioinformatics/btab238","https://data.4dnucleome.org/files-fastq/4dnfi1f6zlao/","4dnfi1f6zlao","4dnfi1f6zlao","","4dnfi1f6zlao",NA,"yes",TRUE,"numbat",TRUE,TRUE,"acc_nr",NA,NA,"FALSE",NA,"FALSE",NA,NA,"no license"
1421,"10.1093/bioinformatics/btab238","10.1093/bioinformatics/btab238","https://data.4dnucleome.org/files-processed/4dnfijrx16ek/#file-overview","4dnfijrx16ek","4dnfijrx16ek","","4dnfijrx16ek",NA,"yes",TRUE,"numbat",TRUE,TRUE,"acc_nr",NA,NA,"FALSE",NA,"FALSE",NA,NA,"no license"
1884,"10.1083/jcb.201902059","10.1083/jcb.201902059","https://www.rcsb.org/structure/6q9m","6q9m","6q9m","","6q9m",NA,"yes",TRUE,"numbat",TRUE,TRUE,"acc_nr",NA,NA,"FALSE",NA,"FALSE",NA,NA,NA
1604,"10.1016/j.molcel.2020.11.037","10.1016/j.molcel.2020.11.037","https://www.rcsb.org/structure/6swa","6swa","6swa","","6swa",NA,"yes",TRUE,"numbat",TRUE,TRUE,"acc_nr","FALSE","FALSE","FALSE","the protein data bank","TRUE",NA,2020,"no license"
1999,"10.1126/science.abb3405","10.1126/science.abb3405","https://www.rcsb.org/structure/6y2e","6y2e","6y2e","","6y2e",NA,"yes",TRUE,"numbat",TRUE,TRUE,"acc_nr","TRUE","FALSE","FALSE","the protein data bank","TRUE",NA,2020,NA
1732,"10.1016/j.chom.2021.04.005","10.1016/j.chom.2021.04.005","https://www.rcsb.org/structure/7lm8","7lm8","7lm8","","7lm8",NA,"yes",TRUE,"numbat",TRUE,TRUE,"acc_nr","TRUE","FALSE","FALSE","the protein data bank","TRUE",NA,2021,"no license"
929,"10.1016/j.chom.2021.12.010","10.1016/j.chom.2021.12.010","https://www.rcsb.org/structure/7sc1","7sc1","7sc1","","7sc1",NA,"yes",TRUE,"numbat",TRUE,TRUE,"acc_nr",NA,NA,"FALSE",NA,"FALSE","yes",NA,"no license"
906,"10.1126/sciadv.abm3942","10.1126/sciadv.abm3942","https://www.rcsb.org/structure/7sqg","7sqg","7sqg","","7sqg",NA,"yes",TRUE,"numbat",TRUE,TRUE,"acc_nr",NA,NA,"FALSE",NA,"FALSE","yes",NA,"no license"
2053,"10.1021/acs.biochem.0c00053","10.1021/acs.biochem.0c00053","https://www.rcsb.org/uniprot/a9ci81","a9ci81","a9ci81","","a9ci81",NA,"yes",TRUE,"numbat",TRUE,TRUE,"acc_nr",NA,NA,"FALSE",NA,"FALSE",NA,NA,NA
550,"10.1038/s41586-022-05682-1","10.1038/s41586-022-05682-1","https://pcddb.cryst.bbk.ac.uk/deposit/cd0006401000","cd0006401000","cd0006401000","","cd0006401000",NA,"yes",TRUE,"numbat",TRUE,TRUE,"acc_nr",NA,NA,"FALSE",NA,"FALSE","yes",NA,"no license"
1641,"10.1038/s41467-021-23143-7","10.1038/s41467-021-23143-7","https://ddbj.nig.ac.jp/public/ddbj_database/dra/fastq/dra010/dra010491/","dra010491","dra010491","","dra010491",NA,"yes",TRUE,"numbat",TRUE,TRUE,"acc_nr",NA,NA,"FALSE",NA,"FALSE",NA,NA,"NULL"
1874,"10.1038/s41598-020-67843-4","10.1038/s41598-020-67843-4","https://www.ncbi.nlm.nih.gov/sra/erx3161717[accn]","erx3161717[accn]","erx3161717[accn]","erx3161717","erx3161717",NA,"yes",TRUE,"numbat",TRUE,TRUE,"acc_nr",NA,NA,"FALSE",NA,"FALSE",NA,NA,NA
1072,"10.1016/j.cell.2022.04.017","10.1016/j.cell.2022.04.017","https://www.ncbi.nlm.nih.gov/sra/erx9010064[accn]","erx9010064[accn]","erx9010064[accn]","erx9010064","erx9010064",NA,"yes",TRUE,"numbat",TRUE,TRUE,"acc_nr",NA,NA,"FALSE",NA,"FALSE","yes",NA,"no license"
1162,"10.1038/s41467-022-30009-z","10.1038/s41467-022-30009-z","https://www.ncbi.nlm.nih.gov/datasets/genome/gca_011800105.1/","gca_011800105","gca_011800105","","gca_011800105",NA,"yes",TRUE,"numbat",TRUE,TRUE,"acc_nr",NA,NA,"FALSE",NA,"FALSE","yes",NA,"no license"
648,"10.1038/s41467-022-30438-w","10.1038/s41467-022-30438-w","https://www.ncbi.nlm.nih.gov/assembly/gcf_000001635.27","gcf_000001635","gcf_000001635","","gcf_000001635",NA,"yes",TRUE,"numbat",TRUE,TRUE,"acc_nr",NA,NA,"FALSE",NA,"FALSE","yes",NA,"no license"
1548,"10.1016/j.ajhg.2021.08.001","10.1016/j.ajhg.2021.08.001","https://www.deciphergenomics.org/patient/427511/overview/general","general","general","427511","427511",NA,"yes",TRUE,"numbat",TRUE,TRUE,"acc_nr",NA,NA,"FALSE",NA,"FALSE",NA,NA,"no license"
2028,"10.1016/j.ajhg.2020.04.016","10.1016/j.ajhg.2020.04.016","https://www.deciphergenomics.org/patient/412419/overview/general","general","general","412419","412419",NA,"yes",TRUE,"numbat",TRUE,TRUE,"acc_nr",NA,NA,"FALSE",NA,"FALSE",NA,NA,NA
2088,"10.1038/s41597-019-0161-z","10.1038/s41597-019-0161-z","ghnv00000000","ghnv00000000","ghnv00000000","","ghnv00000000",NA,NA,TRUE,"data_articles",FALSE,TRUE,"acc_nr","FALSE","FALSE","FALSE",NA,"FALSE",NA,NA,NA
364,"10.1038/s41467-023-36491-3","10.1038/s41467-023-36491-3","https://www.iprox.cn//page/project.html?id=ipx0002559000","ipx0002559000","ipx0002559000","","ipx0002559000",NA,"unsure",TRUE,"numbat",TRUE,TRUE,"acc_nr",NA,NA,"FALSE",NA,"FALSE","yes",NA,"no license"
457,"10.1016/j.isci.2023.106941","10.1016/j.isci.2023.106941","10.17632/jgsv9xgwk8.1","jgsv9xgwk8","jgsv9xgwk8","10.17632/jgsv9xgwk8","10.17632/jgsv9xgwk8",NA,"yes",TRUE,"numbat",TRUE,TRUE,"acc_nr",NA,NA,"TRUE",NA,"FALSE","yes",NA,"CC BY"
688,"10.1038/s41467-022-32023-7","10.1038/s41467-022-32023-7","https://repository.jpostdb.org/entry/jpst001683","jpst001683","jpst001683","","jpst001683",NA,"yes",TRUE,"numbat",TRUE,TRUE,"acc_nr",NA,NA,"FALSE",NA,"FALSE","yes",NA,"no license"
1042,"10.1038/s42003-022-03421-w","10.1038/s42003-022-03421-w","https://www.ncbi.nlm.nih.gov/nuccore/kc633198","kc633198","kc633198","","kc633198",NA,"yes",TRUE,"numbat",TRUE,TRUE,"acc_nr",NA,NA,"FALSE",NA,"FALSE","yes",NA,"no license"
871,"10.1016/j.isci.2022.104276","10.1016/j.isci.2022.104276","https://www.ncbi.nlm.nih.gov/nuccore/ky618679","ky618679","ky618679","","ky618679",NA,"yes",TRUE,"numbat",TRUE,TRUE,"acc_nr",NA,NA,"FALSE",NA,"FALSE","yes",NA,"no license"
1872,"10.1038/s41598-020-64159-1","10.1038/s41598-020-64159-1","https://www.ncbi.nlm.nih.gov/nuccore/mg963186","mg963186","mg963186","","mg963186",NA,"yes",TRUE,"numbat",TRUE,TRUE,"acc_nr",NA,NA,"FALSE",NA,"FALSE",NA,NA,NA
27,"10.1016/j.jenvp.2023.102142","10.1016/j.jenvp.2023.102142","https://identifiers.org/neurovault.collection:12655","neurovault.collection:12655","neurovault.collection:12655","12655","12655",NA,"yes",TRUE,"numbat",TRUE,TRUE,"acc_nr",NA,NA,"FALSE",NA,"FALSE","no_statement_no_data",NA,"no license"
1791,"10.1016/j.neuroimage.2021.117951","10.1016/j.neuroimage.2021.117951","https://identifiers.org/neurovault.collection:7566","neurovault.collection:7566","neurovault.collection:7566","7566","7566",NA,"yes",TRUE,"numbat",TRUE,TRUE,"acc_nr",NA,NA,"FALSE",NA,"FALSE",NA,NA,"no license"
1005,"10.1038/s41598-022-14659-z","10.1038/s41598-022-14659-z","https://identifiers.org/neurovault.collection:9333","neurovault.collection:9333","neurovault.collection:9333","9333","9333",NA,"yes",TRUE,"numbat",TRUE,TRUE,"acc_nr",NA,NA,"FALSE",NA,"FALSE","yes",NA,"no license"
1163,"10.1038/s41467-022-30009-z","10.1038/s41467-022-30009-z","https://www.ncbi.nlm.nih.gov/nuccore?term=ok210796-ok210933","ok210796-ok210933","ok210796-ok210933","ok210796","ok210796",NA,"yes",TRUE,"numbat",TRUE,TRUE,"acc_nr",NA,NA,"FALSE",NA,"FALSE","yes",NA,"no license"
833,"10.1016/j.molcel.2021.11.023","10.1016/j.molcel.2021.11.023","https://www.ncbi.nlm.nih.gov/nuccore/ok239717","ok239717","ok239717","","ok239717",NA,"yes",TRUE,"numbat",TRUE,TRUE,"acc_nr",NA,NA,"FALSE",NA,"FALSE","yes",NA,"no license"
66,"10.1038/s41598-023-42294-9","10.1038/s41598-023-42294-9","https://www.ncbi.nlm.nih.gov/nuccore/ok334233","ok334233","ok334233","","ok334233",NA,"yes",TRUE,"numbat",TRUE,TRUE,"acc_nr",NA,NA,"FALSE",NA,"FALSE","yes",NA,"no license"
825,"10.1111/tbed.14688","10.1111/tbed.14688","https://www.ncbi.nlm.nih.gov/nuccore/om256458.1/","om256458","om256458","","om256458",NA,"yes",TRUE,"numbat",TRUE,TRUE,"acc_nr",NA,NA,"FALSE",NA,"FALSE","yes",NA,"no license"
794,"10.3389/fimmu.2022.863895","10.3389/fimmu.2022.863895","https://www.ncbi.nlm.nih.gov/nuccore/om272991.1/","om272991","om272991","","om272991",NA,"yes",TRUE,"numbat",TRUE,TRUE,"acc_nr",NA,NA,"FALSE",NA,"FALSE","yes",NA,"no license"
1210,"10.1126/science.abm5835","10.1126/science.abm5835","https://www.ncbi.nlm.nih.gov/nuccore/om457661","om457661","om457661","","om457661",NA,"yes",TRUE,"numbat",TRUE,TRUE,"acc_nr",NA,NA,"FALSE",NA,"FALSE","yes",NA,"no license"
1123,"10.3390/pharmaceutics14102216","10.3390/pharmaceutics14102216","https://www.ncbi.nlm.nih.gov/nuccore/om638088","om638088","om638088","","om638088",NA,"yes",TRUE,"numbat",TRUE,TRUE,"acc_nr",NA,NA,"FALSE",NA,"FALSE","yes",NA,"no license"
670,"10.3390/v14051041","10.3390/v14051041","https://www.ncbi.nlm.nih.gov/nuccore/on158817","on158817","on158817","","on158817",NA,"yes",TRUE,"numbat",TRUE,TRUE,"acc_nr",NA,NA,"FALSE","european nucleotide archive","TRUE","yes",2022,"no license"
700,"10.1093/ve/veac066","10.1093/ve/veac066","https://www.ncbi.nlm.nih.gov/nuccore/on256660","on256660","on256660","","on256660",NA,"yes",TRUE,"numbat",TRUE,TRUE,"acc_nr",NA,NA,"FALSE",NA,"FALSE","yes",NA,"no license"
959,"10.3390/v14061340","10.3390/v14061340","https://www.ncbi.nlm.nih.gov/nuccore/on325435","on325435","on325435","","on325435",NA,"yes",TRUE,"numbat",TRUE,TRUE,"acc_nr",NA,NA,"FALSE",NA,"FALSE","yes",NA,"no license"
931,"10.3201/eid2812.220980","10.3201/eid2812.220980","https://www.ncbi.nlm.nih.gov/nuccore/on648806","on648806","on648806","","on648806",NA,"yes",TRUE,"numbat",TRUE,TRUE,"acc_nr",NA,NA,"FALSE",NA,"FALSE","yes_statement_no_data",NA,"no license"
1208,"10.1128/msphere.00416-22","10.1128/msphere.00416-22","https://www.ncbi.nlm.nih.gov/nuccore/on755192","on755192","on755192","","on755192",NA,"yes",TRUE,"numbat",TRUE,TRUE,"acc_nr",NA,NA,"FALSE",NA,"FALSE","yes",NA,"no license"
1772,"10.1038/s41586-021-04342-0","10.1038/s41586-021-04342-0","https://www.ncbi.nlm.nih.gov/nuccore/ov076251.1","ov076251","ov076251","","ov076251",NA,"yes",TRUE,"numbat",TRUE,TRUE,"acc_nr",NA,NA,"FALSE",NA,"FALSE",NA,NA,"no license"
1979,"10.1038/s41598-020-71899-7","10.1038/s41598-020-71899-7","https://db.systemsbiology.net/sbeams/cgi/peptideatlas/pass_view?identifier=pass01606","pass_view","pass_view","pass01606","pass01606",NA,"yes",TRUE,"numbat",TRUE,TRUE,"acc_nr",NA,NA,"FALSE",NA,"FALSE",NA,NA,NA
1226,"10.1186/s13059-022-02837-1","10.1186/s13059-022-02837-1","https://www.pgscatalog.org/publication/pgp000230/","pgp000230","pgp000230","","pgp000230",NA,"yes",TRUE,"numbat",TRUE,TRUE,"acc_nr",NA,NA,"FALSE",NA,"FALSE","yes",NA,"no license"
1803,"10.1016/j.cell.2020.10.036","10.1016/j.cell.2020.10.036","https://cptac-data-portal.georgetown.edu/study-summary/s060","s060","s060","","s060",NA,"yes",TRUE,"numbat",TRUE,TRUE,"acc_nr",NA,NA,"FALSE",NA,"FALSE",NA,NA,NA
1622,"10.1371/journal.ppat.1009824","10.1371/journal.ppat.1009824","https://www.sasbdb.org/data/sasdkw8/","sasdkw8","sasdkw8","","sasdkw8",NA,"yes",TRUE,"numbat",TRUE,TRUE,"acc_nr",NA,NA,"FALSE",NA,"FALSE",NA,NA,"no license"
817,"10.1093/nar/gkac1206","10.1093/nar/gkac1206","https://www.sasbdb.org/data/sasdqt5/","sasdqt5","sasdqt5","","sasdqt5",NA,"yes",TRUE,"numbat",TRUE,TRUE,"acc_nr",NA,NA,"FALSE",NA,"FALSE","yes",NA,"no license"
2087,"10.1038/s41597-019-0161-z","10.1038/s41597-019-0161-z","srma00000000","srma00000000","srma00000000","","srma00000000",NA,NA,TRUE,"data_articles",FALSE,TRUE,"acc_nr","FALSE","FALSE","FALSE","european nucleotide archive","TRUE",NA,2019,"no license"
80,"10.1038/s41598-023-46405-4","10.1038/s41598-023-46405-4","https://www.synapse.org/synapse:syn52673953","synapse:syn52673953","synapse:syn52673953","syn52673953","syn52673953",NA,"restricted",TRUE,"numbat",TRUE,TRUE,"acc_nr",NA,NA,"FALSE",NA,"FALSE","yes",NA,"NULL"
370,"10.1038/s41467-023-40068-5","10.1038/s41467-023-40068-5","https://purl.stanford.edu/tx581jb1992","tx581jb1992","tx581jb1992","","tx581jb1992",NA,"yes",TRUE,"numbat",TRUE,TRUE,"acc_nr",NA,NA,"FALSE",NA,"FALSE","yes",NA,"CC BY"
650,"10.1038/s41467-022-31492-0","10.1038/s41467-022-31492-0","https://www.uniprot.org/proteomes/up000005640","up000005640","up000005640","","up000005640",NA,"yes",TRUE,"numbat",TRUE,TRUE,"acc_nr",NA,NA,"FALSE","uniprot","TRUE","yes",2022,"no license"
1260,"10.1007/s10461-022-03646-0","10.1007/s10461-022-03646-0","https://purl.stanford.edu/ws532pb8949","ws532pb8949","ws532pb8949","","ws532pb8949",NA,"yes",TRUE,"numbat",TRUE,TRUE,"acc_nr",NA,NA,"FALSE",NA,"FALSE","yes",NA,"CC BY-NC"
715,"10.3390/jcm11216561","10.3390/jcm11216561","https://www.synapse.org/#!synapse:syn38741915","www.synapse.org","www.synapse.org","syn38741915","syn38741915",NA,"restricted",TRUE,"numbat",TRUE,TRUE,"acc_nr",NA,NA,"FALSE",NA,"FALSE","yes",NA,"NULL"
1828,"10.1038/s41467-019-13885-w","10.1038/s41467-019-13885-w","https://www.synapse.org/#!synapse:syn5553991","www.synapse.org","www.synapse.org","syn5553991","syn5553991",NA,"yes",TRUE,"numbat",TRUE,TRUE,"acc_nr",NA,NA,"FALSE",NA,"FALSE",NA,NA,NA
1832,"10.1038/s41467-020-14351-8","10.1038/s41467-020-14351-8","https://www.synapse.org/#!synapse:syn7596712","www.synapse.org","www.synapse.org","syn7596712","syn7596712",NA,"yes",TRUE,"numbat",TRUE,TRUE,"acc_nr",NA,NA,"FALSE",NA,"FALSE",NA,NA,NA
1846,"10.1038/s41467-020-18151-y","10.1038/s41467-020-18151-y","https://www.synapse.org/#!synapse:syn4983466","www.synapse.org","www.synapse.org","syn4983466","syn4983466",NA,"restricted",TRUE,"numbat",TRUE,TRUE,"acc_nr",NA,NA,"FALSE",NA,"FALSE",NA,NA,NA
1954,"10.1038/s41588-019-0562-0","10.1038/s41588-019-0562-0","https://www.synapse.org/#!synapse:syn21052009","www.synapse.org","www.synapse.org","syn21052009","syn21052009",NA,"yes",TRUE,"numbat",TRUE,TRUE,"acc_nr",NA,NA,"FALSE",NA,"FALSE",NA,NA,NA
1141,"10.1172/jci.insight.155534","10.1172/jci.insight.155534","https://www.ncbi.nlm.nih.gov/geo/query/acc.cgi?acc=%20gse156611","%20gse156611","%20gse156611","gse156611","gse156611",NA,"yes",TRUE,"numbat",TRUE,TRUE,"acc_nr",NA,NA,"FALSE",NA,"FALSE","yes",NA,"no license"
2115,"10.1038/s41597-022-01806-4","10.1038/s41597-022-01806-4","https://openneuro.org/datasets/ds001226","ds001226","ds001226","10.18112/openneuro.ds001226","10.18112/openneuro.ds001226",NA,NA,TRUE,"data_articles",TRUE,TRUE,"doi","FALSE","TRUE","TRUE","openneuro","TRUE",NA,2018,"CC0"
2116,"10.1038/s41597-022-01806-4","10.1038/s41597-022-01806-4","https://openneuro.org/datasets/ds002080","ds002080","ds002080","10.18112/openneuro.ds002080","10.18112/openneuro.ds002080",NA,NA,TRUE,"data_articles",TRUE,TRUE,"doi","FALSE","TRUE","TRUE",NA,"FALSE",NA,NA,NA
409,"10.1038/s41467-023-38747-4","10.1038/s41467-023-38747-4","https://ega-archive.org/datasets/egad00001000122","egad00001000122","egad00001000122","","egad00001000122",NA,"restricted",TRUE,"numbat",TRUE,TRUE,"acc_nr",NA,NA,"FALSE",NA,"FALSE","yes",NA,"NULL"
1546,"10.1002/jlb.2a0421-200r","10.1002/jlb.2a0421-200r","https://ega-archive.org/datasets/egad00001000675/files","egad00001000675","egad00001000675","","egad00001000675",NA,"restricted",TRUE,"numbat",TRUE,TRUE,"acc_nr",NA,NA,"FALSE",NA,"FALSE",NA,NA,"NULL"
1240,"10.1038/s41467-022-32103-8","10.1038/s41467-022-32103-8","https://ega-archive.org/datasets/egad00001000747","egad00001000747","egad00001000747","","egad00001000747",NA,"restricted",TRUE,"numbat",TRUE,TRUE,"acc_nr",NA,NA,"FALSE",NA,"FALSE","yes",NA,"NULL"
136,"10.1093/jnci/djad001","10.1093/jnci/djad001","https://ega-archive.org/datasets/egad00001001094","egad00001001094","egad00001001094","","egad00001001094",NA,"restricted",TRUE,"numbat",TRUE,TRUE,"acc_nr",NA,NA,"FALSE",NA,"FALSE","yes",NA,"NULL"
44,"10.1186/s12920-023-01585-w","10.1186/s12920-023-01585-w","https://ega-archive.org/datasets/egad00001001213","egad00001001213","egad00001001213","","egad00001001213",NA,"restricted",TRUE,"numbat",TRUE,TRUE,"acc_nr",NA,NA,"FALSE",NA,"FALSE","yes",NA,"NULL"
1763,"10.1038/s41467-021-25728-8","10.1038/s41467-021-25728-8","https://ega-archive.org/datasets/egad00001001306","egad00001001306","egad00001001306","","egad00001001306",NA,"restricted",TRUE,"numbat",TRUE,TRUE,"acc_nr","FALSE","TRUE","FALSE","the european genome-phenome archive(ega)","TRUE",NA,2015,"NULL"
1202,"10.1186/s13578-022-00896-2","10.1186/s13578-022-00896-2","https://ega-archive.org/datasets/egad00001001687","egad00001001687","egad00001001687","","egad00001001687",NA,"restricted",TRUE,"numbat",TRUE,TRUE,"acc_nr",NA,NA,"FALSE",NA,"FALSE","yes",NA,"NULL"
1568,"10.1038/s41467-021-27387-1","10.1038/s41467-021-27387-1","https://ega-archive.org/datasets/egad00001001897/files","egad00001001897","egad00001001897","","egad00001001897",NA,"restricted",TRUE,"numbat",TRUE,TRUE,"acc_nr",NA,NA,"FALSE",NA,"FALSE",NA,NA,"NULL"
486,"10.1186/s12943-023-01787-x","10.1186/s12943-023-01787-x","https://ega-archive.org/datasets/egad00001002072","egad00001002072","egad00001002072","","egad00001002072",NA,"restricted",TRUE,"numbat",TRUE,TRUE,"acc_nr",NA,NA,"FALSE",NA,"FALSE","yes",NA,"NULL"
1431,"10.3390/cancers13236018","10.3390/cancers13236018","https://ega-archive.org/datasets/egad00001002072/files","egad00001002072","egad00001002072","","egad00001002072",NA,"restricted",TRUE,"numbat",TRUE,TRUE,"acc_nr",NA,NA,"FALSE",NA,"FALSE",NA,NA,"NULL"
1117,"10.1016/j.ajhg.2022.04.009","10.1016/j.ajhg.2022.04.009","https://ega-archive.org/datasets/egad00001002221","egad00001002221","egad00001002221","","egad00001002221",NA,"restricted",TRUE,"numbat",TRUE,TRUE,"acc_nr",NA,NA,"FALSE",NA,"FALSE","yes",NA,"NULL"
137,"10.1093/jnci/djad001","10.1093/jnci/djad001","https://ega-archive.org/datasets/egad00001003139","egad00001003139","egad00001003139","","egad00001003139",NA,"restricted",TRUE,"numbat",TRUE,TRUE,"acc_nr","FALSE","TRUE","FALSE","the european genome-phenome archive(ega)","TRUE","yes",2017,"NULL"
229,"10.3324/haematol.2021.280005","10.3324/haematol.2021.280005","https://ega-archive.org/datasets/egad00001003274","egad00001003274","egad00001003274","","egad00001003274",NA,"restricted",TRUE,"numbat",TRUE,TRUE,"acc_nr",NA,NA,"FALSE",NA,"FALSE","yes",NA,"NULL"
206,"10.1111/nan.12856","10.1111/nan.12856","https://ega-archive.org/datasets/egad00001003382","egad00001003382","egad00001003382","","egad00001003382",NA,"restricted",TRUE,"numbat",TRUE,TRUE,"acc_nr",NA,NA,"FALSE",NA,"FALSE","yes",NA,"NULL"
1302,"10.1158/2643-3230.bcd-19-0059","10.1158/2643-3230.bcd-19-0059","https://ega-archive.org/datasets/egad00001003600/files","egad00001003600","egad00001003600","","egad00001003600",NA,"restricted",TRUE,"numbat",TRUE,TRUE,"acc_nr",NA,NA,"FALSE",NA,"FALSE",NA,NA,"NULL"
138,"10.1093/jnci/djad001","10.1093/jnci/djad001","https://ega-archive.org/datasets/egad00001004061","egad00001004061","egad00001004061","","egad00001004061",NA,"restricted",TRUE,"numbat",TRUE,TRUE,"acc_nr",NA,NA,"FALSE",NA,"FALSE","yes",NA,"NULL"
1640,"10.1038/s41467-021-21297-y","10.1038/s41467-021-21297-y","https://ega-archive.org/datasets/egad00001004385","egad00001004385","egad00001004385","","egad00001004385",NA,"restricted",TRUE,"numbat",TRUE,TRUE,"acc_nr",NA,NA,"FALSE",NA,"FALSE",NA,NA,"NULL"
1445,"10.3390/jpm11080691","10.3390/jpm11080691","https://ega-archive.org/datasets/egad00001004450/files","egad00001004450","egad00001004450","","egad00001004450",NA,"restricted",TRUE,"numbat",TRUE,TRUE,"acc_nr",NA,NA,"FALSE",NA,"FALSE",NA,NA,"NULL"
1074,"10.1038/s41375-022-01587-0","10.1038/s41375-022-01587-0","https://ega-archive.org/datasets/egad00001004459/files","egad00001004459","egad00001004459","","egad00001004459",NA,"restricted",TRUE,"numbat",TRUE,TRUE,"acc_nr",NA,NA,"FALSE",NA,"FALSE","yes",NA,"NULL"
2076,"10.1038/s41586-020-2265-1","10.1038/s41586-020-2265-1","https://ega-archive.org/datasets/egad00001004523","egad00001004523","egad00001004523","","egad00001004523",NA,"restricted",TRUE,"numbat",TRUE,TRUE,"acc_nr",NA,NA,"FALSE",NA,"FALSE",NA,NA,NA
775,"10.1016/j.cell.2022.06.007","10.1016/j.cell.2022.06.007","https://ega-archive.org/datasets/egad00001005046","egad00001005046","egad00001005046","","egad00001005046",NA,"restricted",TRUE,"numbat",TRUE,TRUE,"acc_nr",NA,NA,"FALSE",NA,"FALSE","yes",NA,"NULL"
1829,"10.1038/s41467-019-13892-x","10.1038/s41467-019-13892-x","https://ega-archive.org/datasets/egad00001005282","egad00001005282","egad00001005282","","egad00001005282",NA,"restricted",TRUE,"numbat",TRUE,TRUE,"acc_nr",NA,NA,"FALSE",NA,"FALSE",NA,NA,NA
1425,"10.3390/cancers13051097","10.3390/cancers13051097","https://ega-archive.org/datasets/egad00001005524/files","egad00001005524","egad00001005524","","egad00001005524",NA,"restricted",TRUE,"numbat",TRUE,TRUE,"acc_nr",NA,NA,"FALSE",NA,"FALSE",NA,NA,"NULL"
110,"10.1038/s41467-023-40235-8","10.1038/s41467-023-40235-8","https://ega-archive.org/datasets/egad00001005932","egad00001005932","egad00001005932","","egad00001005932",NA,"restricted",TRUE,"numbat",TRUE,TRUE,"acc_nr",NA,NA,"FALSE",NA,"FALSE","yes",NA,"NULL"
910,"10.1016/j.jhep.2022.07.009","10.1016/j.jhep.2022.07.009","https://ega-archive.org/datasets/egad00001005934","egad00001005934","egad00001005934","","egad00001005934",NA,"restricted",TRUE,"numbat",TRUE,TRUE,"acc_nr",NA,NA,"FALSE",NA,"FALSE","yes",NA,"NULL"
1573,"10.1038/s41467-021-21650-1","10.1038/s41467-021-21650-1","https://ega-archive.org/datasets/egad00001006228/files","egad00001006228","egad00001006228","","egad00001006228",NA,"restricted",TRUE,"numbat",TRUE,TRUE,"acc_nr",NA,NA,"FALSE",NA,"FALSE",NA,NA,"NULL"
1646,"10.1038/s41586-021-03583-3","10.1038/s41586-021-03583-3","https://ega-archive.org/datasets/egad00001006231","egad00001006231","egad00001006231","","egad00001006231",NA,"restricted",TRUE,"numbat",TRUE,TRUE,"acc_nr",NA,NA,"FALSE",NA,"FALSE",NA,NA,"NULL"
1536,"10.1038/s41590-020-00817-w","10.1038/s41590-020-00817-w","https://ega-archive.org/datasets/egad00001006259/files","egad00001006259","egad00001006259","","egad00001006259",NA,"restricted",TRUE,"numbat",TRUE,TRUE,"acc_nr",NA,NA,"FALSE",NA,"FALSE",NA,NA,"NULL"
1053,"10.1053/j.gastro.2020.11.010","10.1053/j.gastro.2020.11.010","https://ega-archive.org/datasets/egad00001006396","egad00001006396","egad00001006396","","egad00001006396",NA,"restricted",TRUE,"numbat",TRUE,TRUE,"acc_nr",NA,NA,"FALSE",NA,"FALSE","yes",NA,"NULL"
1761,"10.1038/s41467-021-25405-w","10.1038/s41467-021-25405-w","https://ega-archive.org/datasets/egad00001006400/files","egad00001006400","egad00001006400","","egad00001006400",NA,"restricted",TRUE,"numbat",TRUE,TRUE,"acc_nr",NA,NA,"FALSE",NA,"FALSE",NA,NA,"NULL"
1490,"10.1038/s41467-021-26059-4","10.1038/s41467-021-26059-4","https://ega-archive.org/datasets/egad00001006448/files","egad00001006448","egad00001006448","","egad00001006448",NA,"restricted",TRUE,"numbat",TRUE,TRUE,"acc_nr",NA,NA,"FALSE",NA,"FALSE",NA,NA,"NULL"
1766,"10.1038/s41525-020-00163-8","10.1038/s41525-020-00163-8","https://ega-archive.org/datasets/egad00001006561/files","egad00001006561","egad00001006561","","egad00001006561",NA,"restricted",TRUE,"numbat",TRUE,TRUE,"acc_nr",NA,NA,"FALSE",NA,"FALSE",NA,NA,"NULL"
1713,"10.1038/s41467-021-24007-w","10.1038/s41467-021-24007-w","https://ega-archive.org/datasets/egad00001006584/files","egad00001006584","egad00001006584","","egad00001006584",NA,"restricted",TRUE,"numbat",TRUE,TRUE,"acc_nr",NA,NA,"FALSE",NA,"FALSE",NA,NA,"NULL"
1746,"10.1038/s41467-021-21247-8","10.1038/s41467-021-21247-8","https://ega-archive.org/datasets/egad00001006587/files","egad00001006587","egad00001006587","","egad00001006587",NA,"restricted",TRUE,"numbat",TRUE,TRUE,"acc_nr",NA,NA,"FALSE",NA,"FALSE",NA,NA,"NULL"
1164,"10.1038/s41467-022-31866-4","10.1038/s41467-022-31866-4","https://ega-archive.org/datasets/egad00001006613","egad00001006613","egad00001006613","","egad00001006613",NA,"restricted",TRUE,"numbat",TRUE,TRUE,"acc_nr",NA,NA,"FALSE",NA,"FALSE","yes",NA,"NULL"
282,"10.3390/cells12020236","10.3390/cells12020236","https://ega-archive.org/datasets/egad00001006646","egad00001006646","egad00001006646","","egad00001006646",NA,"restricted",TRUE,"numbat",TRUE,TRUE,"acc_nr",NA,NA,"FALSE",NA,"FALSE","yes",NA,"NULL"
1428,"10.3390/cancers13174463","10.3390/cancers13174463","https://ega-archive.org/datasets/egad00001006657/files","egad00001006657","egad00001006657","","egad00001006657",NA,"restricted",TRUE,"numbat",TRUE,TRUE,"acc_nr",NA,NA,"FALSE",NA,"FALSE",NA,NA,"NULL"
1143,"10.1038/s43018-022-00355-4","10.1038/s43018-022-00355-4","https://ega-archive.org/datasets/egad00001006737","egad00001006737","egad00001006737","","egad00001006737",NA,"restricted",TRUE,"numbat",TRUE,TRUE,"acc_nr",NA,NA,"FALSE",NA,"FALSE","yes",NA,"NULL"
1579,"10.1016/j.cell.2021.11.033","10.1016/j.cell.2021.11.033","https://ega-archive.org/datasets/egad00001006827/files","egad00001006827","egad00001006827","","egad00001006827",NA,"restricted",TRUE,"numbat",TRUE,TRUE,"acc_nr",NA,NA,"FALSE",NA,"FALSE",NA,NA,"NULL"
1404,"10.3389/fimmu.2020.628923","10.3389/fimmu.2020.628923","https://ega-archive.org/datasets/egad00001006862/files","egad00001006862","egad00001006862","","egad00001006862",NA,"restricted",TRUE,"numbat",TRUE,TRUE,"acc_nr",NA,NA,"FALSE",NA,"FALSE",NA,NA,"NULL"
1692,"10.3389/fimmu.2020.609891","10.3389/fimmu.2020.609891","https://ega-archive.org/datasets/egad00001006865","egad00001006865","egad00001006865","","egad00001006865",NA,"restricted",TRUE,"numbat",TRUE,TRUE,"acc_nr",NA,NA,"FALSE",NA,"FALSE",NA,NA,"NULL"
100,"10.1016/j.ebiom.2023.104583","10.1016/j.ebiom.2023.104583","https://ega-archive.org/datasets/egad00001007035","egad00001007035","egad00001007035","","egad00001007035",NA,"restricted",TRUE,"numbat",TRUE,TRUE,"acc_nr",NA,NA,"FALSE",NA,"FALSE","yes",2021,"NULL"
1008,"10.1038/s41467-022-31355-8","10.1038/s41467-022-31355-8","https://ega-archive.org/datasets/egad00001007708","egad00001007708","egad00001007708","","egad00001007708",NA,"restricted",TRUE,"numbat",TRUE,TRUE,"acc_nr",NA,NA,"FALSE",NA,"FALSE","yes",NA,"NULL"
1320,"10.1186/s13073-021-00926-7","10.1186/s13073-021-00926-7","https://ega-archive.org/datasets/egad00001007713/files","egad00001007713","egad00001007713","","egad00001007713",NA,"restricted",TRUE,"numbat",TRUE,TRUE,"acc_nr",NA,NA,"FALSE",NA,"FALSE",NA,NA,"NULL"
1055,"10.1038/s41525-022-00300-5","10.1038/s41525-022-00300-5","https://ega-archive.org/datasets/egad00001007748","egad00001007748","egad00001007748","","egad00001007748",NA,"restricted",TRUE,"numbat",TRUE,TRUE,"acc_nr",NA,NA,"FALSE",NA,"FALSE","yes",NA,"NULL"
1064,"10.1038/s41467-022-30050-y","10.1038/s41467-022-30050-y","https://ega-archive.org/datasets/egad00001007806/files","egad00001007806","egad00001007806","","egad00001007806",NA,"restricted",TRUE,"numbat",TRUE,TRUE,"acc_nr",NA,NA,"FALSE",NA,"FALSE","yes",NA,"NULL"
106,"10.1038/s41416-023-02208-y","10.1038/s41416-023-02208-y","https://ega-archive.org/datasets/egad00001007807","egad00001007807","egad00001007807","","egad00001007807",NA,"restricted",TRUE,"numbat",TRUE,TRUE,"acc_nr",NA,NA,"FALSE",NA,"FALSE","yes",NA,"NULL"
1775,"10.1038/s41588-021-00951-7","10.1038/s41588-021-00951-7","https://ega-archive.org/datasets/egad00001007807/files","egad00001007807","egad00001007807","","egad00001007807",NA,"restricted",TRUE,"numbat",TRUE,TRUE,"acc_nr",NA,NA,"FALSE",NA,"FALSE",NA,NA,"NULL"
1239,"10.1002/ijc.34051","10.1002/ijc.34051","https://ega-archive.org/datasets/egad00001007824","egad00001007824","egad00001007824","","egad00001007824",NA,"restricted",TRUE,"numbat",TRUE,TRUE,"acc_nr",NA,NA,"FALSE",NA,"FALSE","yes",NA,"NULL"
107,"10.1038/s41416-023-02208-y","10.1038/s41416-023-02208-y","https://ega-archive.org/datasets/egad00001007864","egad00001007864","egad00001007864","","egad00001007864",NA,"restricted",TRUE,"numbat",TRUE,TRUE,"acc_nr",NA,NA,"FALSE",NA,"FALSE","yes",NA,"NULL"
1296,"10.1158/2159-8290.cd-21-0094","10.1158/2159-8290.cd-21-0094","https://ega-archive.org/datasets/egad00001007864/files","egad00001007864","egad00001007864","","egad00001007864",NA,"restricted",TRUE,"numbat",TRUE,TRUE,"acc_nr",NA,NA,"FALSE",NA,"FALSE",NA,NA,"NULL"
1224,"10.1002/eji.202149726","10.1002/eji.202149726","https://ega-archive.org/datasets/egad00001007886","egad00001007886","egad00001007886","","egad00001007886",NA,"restricted",TRUE,"numbat",TRUE,TRUE,"acc_nr",NA,NA,"FALSE",NA,"FALSE","yes",NA,"NULL"
213,"10.1158/2643-3230.bcd-22-0082","10.1158/2643-3230.bcd-22-0082","https://ega-archive.org/datasets/egad00001007922","egad00001007922","egad00001007922","","egad00001007922",NA,"restricted",TRUE,"numbat",TRUE,TRUE,"acc_nr",NA,NA,"FALSE",NA,"FALSE","yes",NA,"NULL"
878,"10.1038/s41467-022-31999-6","10.1038/s41467-022-31999-6","https://ega-archive.org/datasets/egad00001007969","egad00001007969","egad00001007969","","egad00001007969",NA,"restricted",TRUE,"numbat",TRUE,TRUE,"acc_nr",NA,NA,"FALSE",NA,"FALSE","yes",NA,"NULL"
886,"10.1038/s41587-021-01037-9","10.1038/s41587-021-01037-9","https://ega-archive.org/datasets/egad00001007969","egad00001007969","egad00001007969","","egad00001007969",NA,"restricted",TRUE,"numbat",TRUE,TRUE,"acc_nr",NA,NA,"FALSE",NA,"FALSE","yes",NA,"NULL"
1468,"10.1038/s41587-021-01037-9","10.1038/s41587-021-01037-9","https://ega-archive.org/datasets/egad00001007969/files","egad00001007969","egad00001007969","","egad00001007969",NA,"restricted",TRUE,"numbat",TRUE,TRUE,"acc_nr",NA,NA,"FALSE",NA,"FALSE",NA,NA,"NULL"
1487,"10.1038/s41467-021-26870-z","10.1038/s41467-021-26870-z","https://ega-archive.org/datasets/egad00001008020/files","egad00001008020","egad00001008020","","egad00001008020",NA,"restricted",TRUE,"numbat",TRUE,TRUE,"acc_nr",NA,NA,"FALSE",NA,"FALSE",NA,NA,"NULL"
1386,"10.15252/emmm.202013659","10.15252/emmm.202013659","https://ega-archive.org/datasets/egad00001008153/files","egad00001008153","egad00001008153","","egad00001008153",NA,"restricted",TRUE,"numbat",TRUE,TRUE,"acc_nr",NA,NA,"FALSE",NA,"FALSE",NA,NA,"NULL"
1464,"10.1038/s41590-021-01059-0","10.1038/s41590-021-01059-0","https://ega-archive.org/datasets/egad00001008186/files","egad00001008186","egad00001008186","","egad00001008186",NA,"restricted",TRUE,"numbat",TRUE,TRUE,"acc_nr",NA,NA,"FALSE",NA,"FALSE",NA,NA,"NULL"
731,"10.1002/pbc.29361","10.1002/pbc.29361","https://ega-archive.org/datasets/egad00001008309","egad00001008309","egad00001008309","","egad00001008309",NA,"restricted",TRUE,"numbat",TRUE,TRUE,"acc_nr",NA,NA,"FALSE",NA,"FALSE","yes",NA,"NULL"
1727,"10.1002/pbc.29361","10.1002/pbc.29361","https://ega-archive.org/datasets/egad00001008309/files","egad00001008309","egad00001008309","","egad00001008309",NA,"restricted",TRUE,"numbat",TRUE,TRUE,"acc_nr",NA,NA,"FALSE",NA,"FALSE",NA,NA,"NULL"
659,"10.1186/s12943-022-01583-z","10.1186/s12943-022-01583-z","https://ega-archive.org/datasets/egad00001008343","egad00001008343","egad00001008343","","egad00001008343",NA,"yes",TRUE,"numbat",TRUE,TRUE,"acc_nr",NA,NA,"FALSE",NA,"FALSE","yes",NA,"no license"
408,"10.1038/s41590-023-01620-z","10.1038/s41590-023-01620-z","https://ega-archive.org/datasets/egad00001008449","egad00001008449","egad00001008449","","egad00001008449",NA,"restricted",TRUE,"numbat",TRUE,TRUE,"acc_nr",NA,NA,"FALSE",NA,"FALSE","yes_statement_no_data",NA,"NULL"
759,"10.1016/j.ccell.2022.02.006","10.1016/j.ccell.2022.02.006","https://ega-archive.org/datasets/egad00001008484","egad00001008484","egad00001008484","","egad00001008484",NA,"restricted",TRUE,"numbat",TRUE,TRUE,"acc_nr",NA,NA,"FALSE",NA,"FALSE","yes",NA,"NULL"
839,"10.1158/1078-0432.ccr-21-3716","10.1158/1078-0432.ccr-21-3716","https://ega-archive.org/datasets/egad00001008564","egad00001008564","egad00001008564","","egad00001008564",NA,"restricted",TRUE,"numbat",TRUE,TRUE,"acc_nr",NA,NA,"FALSE",NA,"FALSE","yes",NA,"NULL"
79,"10.1038/s41375-023-01824-0","10.1038/s41375-023-01824-0","https://ega-archive.org/datasets/egad00001008649","egad00001008649","egad00001008649","","egad00001008649",NA,"restricted",TRUE,"numbat",TRUE,TRUE,"acc_nr",NA,NA,"FALSE",NA,"FALSE","yes",NA,"NULL"
510,"10.1016/j.annonc.2022.11.002","10.1016/j.annonc.2022.11.002","https://ega-archive.org/datasets/egad00001008706","egad00001008706","egad00001008706","","egad00001008706",NA,"restricted",TRUE,"numbat",TRUE,TRUE,"acc_nr",NA,NA,"FALSE",NA,"FALSE","no_statement_no_data",NA,"NULL"
588,"10.1186/s12974-023-02979-4","10.1186/s12974-023-02979-4","https://ega-archive.org/datasets/egad00001008707","egad00001008707","egad00001008707","","egad00001008707",NA,"restricted",TRUE,"numbat",TRUE,TRUE,"acc_nr",NA,NA,"FALSE",NA,"FALSE","yes",NA,"NULL"
1258,"10.3389/fonc.2022.889789","10.3389/fonc.2022.889789","https://ega-archive.org/datasets/egad00001008766","egad00001008766","egad00001008766","","egad00001008766",NA,"restricted",TRUE,"numbat",TRUE,TRUE,"acc_nr",NA,NA,"FALSE",NA,"FALSE","yes",NA,"NULL"
1248,"10.1158/0008-5472.can-21-3836","10.1158/0008-5472.can-21-3836","https://ega-archive.org/datasets/egad00001008955","egad00001008955","egad00001008955","","egad00001008955",NA,"restricted",TRUE,"numbat",TRUE,TRUE,"acc_nr",NA,NA,"FALSE",NA,"FALSE","yes",NA,"NULL"
545,"10.1038/s41467-023-41954-8","10.1038/s41467-023-41954-8","https://ega-archive.org/datasets/egad00001009078","egad00001009078","egad00001009078","","egad00001009078",NA,"restricted",TRUE,"numbat",TRUE,TRUE,"acc_nr",NA,NA,"FALSE",NA,"FALSE","yes",NA,"NULL"
1021,"10.1126/science.abo1984","10.1126/science.abo1984","https://ega-archive.org/datasets/egad00001009292","egad00001009292","egad00001009292","","egad00001009292",NA,"restricted",TRUE,"numbat",TRUE,TRUE,"acc_nr",NA,NA,"FALSE",NA,"FALSE","yes",NA,"NULL"
465,"10.1182/bloodadvances.2022008497","10.1182/bloodadvances.2022008497","https://ega-archive.org/datasets/egad00001009293","egad00001009293","egad00001009293","","egad00001009293",NA,"restricted",TRUE,"numbat",TRUE,TRUE,"acc_nr",NA,NA,"FALSE",NA,"FALSE","no_statement_no_data",NA,"NULL"
505,"10.1016/j.xgen.2022.100232","10.1016/j.xgen.2022.100232","https://ega-archive.org/datasets/egad00001009331","egad00001009331","egad00001009331","","egad00001009331",NA,"restricted",TRUE,"numbat",TRUE,TRUE,"acc_nr",NA,NA,"FALSE",NA,"FALSE","yes",NA,"NULL"
992,"10.1038/s41587-022-01551-4","10.1038/s41587-022-01551-4","https://ega-archive.org/datasets/egad00001009402","egad00001009402","egad00001009402","","egad00001009402",NA,"restricted",TRUE,"numbat",TRUE,TRUE,"acc_nr",NA,NA,"FALSE",NA,"FALSE","yes",NA,"NULL"
537,"10.1016/j.xgen.2023.100281","10.1016/j.xgen.2023.100281","https://ega-archive.org/datasets/egad00001009411","egad00001009411","egad00001009411","","egad00001009411",NA,"restricted",TRUE,"numbat",TRUE,TRUE,"acc_nr",NA,NA,"FALSE",NA,"FALSE","yes",NA,"NULL"
858,"10.1186/s13046-022-02519-7","10.1186/s13046-022-02519-7","https://ega-archive.org/datasets/egad00001009655","egad00001009655","egad00001009655","","egad00001009655",NA,"restricted",TRUE,"numbat",TRUE,TRUE,"acc_nr",NA,NA,"FALSE",NA,"FALSE","yes",NA,"NULL"
1152,"10.1111/nan.12856","10.1111/nan.12856","https://ega-archive.org/datasets/egad00001009663","egad00001009663","egad00001009663","","egad00001009663",NA,"restricted",TRUE,"numbat",TRUE,TRUE,"acc_nr",NA,NA,"FALSE",NA,"FALSE","yes",NA,"NULL"
617,"10.1038/s41467-023-39570-7","10.1038/s41467-023-39570-7","https://ega-archive.org/datasets/egad00001009670","egad00001009670","egad00001009670","","egad00001009670",NA,"restricted",TRUE,"numbat",TRUE,TRUE,"acc_nr",NA,NA,"FALSE",NA,"FALSE","yes",NA,"NULL"
482,"10.1158/1078-0432.ccr-22-2032","10.1158/1078-0432.ccr-22-2032","https://ega-archive.org/datasets/egad00001009797","egad00001009797","egad00001009797","","egad00001009797",NA,"restricted",TRUE,"numbat",TRUE,TRUE,"acc_nr",NA,NA,"FALSE",NA,"FALSE","yes",NA,"NULL"
50,"10.1016/j.celrep.2022.111937","10.1016/j.celrep.2022.111937","https://ega-archive.org/datasets/egad00001009861","egad00001009861","egad00001009861","","egad00001009861",NA,"restricted",TRUE,"numbat",TRUE,TRUE,"acc_nr",NA,NA,"FALSE",NA,"FALSE","yes",NA,"NULL"
779,"10.1016/j.annonc.2022.07.008","10.1016/j.annonc.2022.07.008","https://ega-archive.org/datasets/egad00001010047","egad00001010047","egad00001010047","","egad00001010047",NA,"restricted",TRUE,"numbat",TRUE,TRUE,"acc_nr",NA,NA,"FALSE",NA,"FALSE","yes",NA,"NULL"
13,"10.1038/s41588-023-01386-y","10.1038/s41588-023-01386-y","https://ega-archive.org/datasets/egad00001010071","egad00001010071","egad00001010071","","egad00001010071",NA,"restricted",TRUE,"numbat",TRUE,TRUE,"acc_nr",NA,NA,"FALSE",NA,"FALSE","yes",NA,"NULL"
75,"10.1093/nargab/lqad102","10.1093/nargab/lqad102","https://ega-archive.org/datasets/egad00001010100","egad00001010100","egad00001010100","","egad00001010100",NA,"restricted",TRUE,"numbat",TRUE,TRUE,"acc_nr",NA,NA,"FALSE",NA,"FALSE","yes",NA,"NULL"
449,"10.1093/neuonc/noad078","10.1093/neuonc/noad078","https://ega-archive.org/datasets/egad00001010171","egad00001010171","egad00001010171","","egad00001010171",NA,"restricted",TRUE,"numbat",TRUE,TRUE,"acc_nr",NA,NA,"FALSE",NA,"FALSE","yes",NA,"NULL"
570,"10.1016/j.stem.2023.04.001","10.1016/j.stem.2023.04.001","https://ega-archive.org/datasets/egad00001010187","egad00001010187","egad00001010187","","egad00001010187",NA,"restricted",TRUE,"numbat",TRUE,TRUE,"acc_nr",NA,NA,"FALSE",NA,"FALSE","yes",NA,"NULL"
20,"10.3389/fonc.2023.1129627","10.3389/fonc.2023.1129627","https://ega-archive.org/datasets/egad00001010196","egad00001010196","egad00001010196","","egad00001010196",NA,"restricted",TRUE,"numbat",TRUE,TRUE,"acc_nr",NA,NA,"FALSE",NA,"FALSE","yes",NA,"NULL"
269,"10.1007/s00415-023-12132-z","10.1007/s00415-023-12132-z","https://ega-archive.org/datasets/egad00001010867","egad00001010867","egad00001010867","","egad00001010867",NA,"restricted",TRUE,"numbat",TRUE,TRUE,"acc_nr",NA,NA,"FALSE",NA,"FALSE","yes",NA,"NULL"
317,"10.1093/nargab/lqad061","10.1093/nargab/lqad061","https://ega-archive.org/datasets/egad00001010934","egad00001010934","egad00001010934","","egad00001010934",NA,"restricted",TRUE,"numbat",TRUE,TRUE,"acc_nr",NA,NA,"FALSE",NA,"FALSE","yes",NA,"NULL"
319,"10.1186/s13073-023-01215-1","10.1186/s13073-023-01215-1","https://ega-archive.org/datasets/egad00001011064","egad00001011064","egad00001011064","","egad00001011064",NA,"restricted",TRUE,"numbat",TRUE,TRUE,"acc_nr",NA,NA,"FALSE",NA,"FALSE","yes",NA,"NULL"
334,"10.15252/emmm.202318144","10.15252/emmm.202318144","https://ega-archive.org/datasets/egad00001011276","egad00001011276","egad00001011276","","egad00001011276",NA,"restricted",TRUE,"numbat",TRUE,TRUE,"acc_nr",NA,NA,"FALSE",NA,"FALSE","yes",NA,"NULL"
1917,"10.1186/s12915-020-00844-x","10.1186/s12915-020-00844-x","https://ega-archive.org/datasets/egad00010001691","egad00010001691","egad00010001691","","egad00010001691",NA,"restricted",TRUE,"numbat",TRUE,TRUE,"acc_nr",NA,NA,"FALSE",NA,"FALSE",NA,NA,NA
1318,"10.1186/s13073-021-00938-3","10.1186/s13073-021-00938-3","https://ega-archive.org/datasets/egad00010002102/files","egad00010002102","egad00010002102","","egad00010002102",NA,"restricted",TRUE,"numbat",TRUE,TRUE,"acc_nr",NA,NA,"FALSE",NA,"FALSE",NA,NA,"NULL"
8,"10.1038/s41467-023-39869-5","10.1038/s41467-023-39869-5","https://ega-archive.org/datasets/egad00010002223","egad00010002223","egad00010002223","","egad00010002223",NA,"restricted",TRUE,"numbat",TRUE,TRUE,"acc_nr",NA,NA,"FALSE",NA,"FALSE","yes",NA,"NULL"
681,"10.1038/s41467-022-34815-3","10.1038/s41467-022-34815-3","https://ega-archive.org/datasets/egad00010002381","egad00010002381","egad00010002381","","egad00010002381",NA,"restricted",TRUE,"numbat",TRUE,TRUE,"acc_nr",NA,NA,"FALSE",NA,"FALSE","yes",NA,"NULL"
270,"10.1007/s00415-023-12132-z","10.1007/s00415-023-12132-z","https://ega-archive.org/datasets/egad00010002505","egad00010002505","egad00010002505","","egad00010002505",NA,"restricted",TRUE,"numbat",TRUE,TRUE,"acc_nr",NA,NA,"FALSE",NA,"FALSE","yes",NA,"NULL"
320,"10.1186/s13073-023-01242-y","10.1186/s13073-023-01242-y","https://ega-archive.org/datasets/egad50000000005","egad50000000005","egad50000000005","","egad50000000005",NA,"restricted",TRUE,"numbat",TRUE,TRUE,"acc_nr",NA,NA,"FALSE",NA,"FALSE","yes",NA,"NULL"
179,"10.1172/jci171797","10.1172/jci171797","https://ega-archive.org/datasets/egad50000000062","egad50000000062","egad50000000062","","egad50000000062",NA,"restricted",TRUE,"numbat",TRUE,TRUE,"acc_nr",NA,NA,"FALSE",NA,"FALSE","yes",NA,"NULL"
416,"10.3390/cells12242846","10.3390/cells12242846","https://ega-archive.org/datasets/egad50000000063","egad50000000063","egad50000000063","","egad50000000063",NA,"restricted",TRUE,"numbat",TRUE,TRUE,"acc_nr",NA,NA,"FALSE",NA,"FALSE","yes",NA,"NULL"
1855,"10.1038/s41586-020-1969-6","10.1038/s41586-020-1969-6","https://ega-archive.org/studies/egas00001001692","egas00001001692","egas00001001692","","egas00001001692",NA,"restricted",TRUE,"numbat",TRUE,TRUE,"acc_nr",NA,NA,"FALSE",NA,"FALSE",NA,NA,NA
365,"10.1038/s41467-023-38044-0","10.1038/s41467-023-38044-0","https://ega-archive.org/studies/egas00001002696","egas00001002696","egas00001002696","","egas00001002696",NA,"restricted",TRUE,"numbat",TRUE,TRUE,"acc_nr",NA,NA,"FALSE",NA,"FALSE","yes",NA,"NULL"
1892,"10.1093/neuonc/noaa091","10.1093/neuonc/noaa091","https://ega-archive.org/studies/egas00001003852","egas00001003852","egas00001003852","","egas00001003852",NA,"restricted",TRUE,"numbat",TRUE,TRUE,"acc_nr",NA,NA,"FALSE",NA,"FALSE",NA,NA,NA
1841,"10.1038/s41467-020-16641-7","10.1038/s41467-020-16641-7","https://ega-archive.org/studies/egas00001003964","egas00001003964","egas00001003964","","egas00001003964",NA,"restricted",TRUE,"numbat",TRUE,TRUE,"acc_nr",NA,NA,"FALSE",NA,"FALSE",NA,NA,NA
854,"10.1186/s12961-022-00841-2","10.1186/s12961-022-00841-2","https://ega-archive.org/search/egas00001004064","egas00001004064","egas00001004064","","egas00001004064",NA,"restricted",TRUE,"numbat",TRUE,TRUE,"acc_nr",NA,NA,"FALSE",NA,"FALSE","yes",NA,"NULL"
1817,"10.1016/j.jmoldx.2020.07.006","10.1016/j.jmoldx.2020.07.006","https://ega-archive.org/studies/egas00001004275","egas00001004275","egas00001004275","","egas00001004275",NA,"restricted",TRUE,"numbat",TRUE,TRUE,"acc_nr",NA,NA,"FALSE",NA,"FALSE",NA,NA,NA
1814,"10.1016/j.ebiom.2020.103103","10.1016/j.ebiom.2020.103103","https://ega-archive.org/studies/egas00001004276","egas00001004276","egas00001004276","","egas00001004276",NA,"restricted",TRUE,"numbat",TRUE,TRUE,"acc_nr",NA,NA,"FALSE",NA,"FALSE",NA,NA,NA
949,"10.1038/s41591-022-01686-6","10.1038/s41591-022-01686-6","https://ega-archive.org/studies/egas00001004512","egas00001004512","egas00001004512","","egas00001004512",NA,"restricted",TRUE,"numbat",TRUE,TRUE,"acc_nr",NA,NA,"FALSE",NA,"FALSE","yes",NA,"NULL"
1981,"10.1210/clinem/dgaa616","10.1210/clinem/dgaa616","https://ega-archive.org/studies/egas00001004533","egas00001004533","egas00001004533","","egas00001004533",NA,"restricted",TRUE,"numbat",TRUE,TRUE,"acc_nr",NA,NA,"FALSE",NA,"FALSE",NA,NA,NA
2033,"10.1038/s41587-020-00796-1","10.1038/s41587-020-00796-1","https://ega-archive.org/datasets/egas00001004772","egas00001004772","egas00001004772","","egas00001004772",NA,"restricted",TRUE,"numbat",TRUE,TRUE,"acc_nr",NA,NA,"FALSE",NA,"FALSE",NA,NA,NA
1964,"10.3389/fimmu.2020.628923","10.3389/fimmu.2020.628923","https://ega-archive.org/studies/egas00001004948","egas00001004948","egas00001004948","","egas00001004948",NA,"restricted",TRUE,"numbat",TRUE,TRUE,"acc_nr",NA,NA,"FALSE",NA,"FALSE",NA,NA,NA
656,"10.1186/s13073-022-01018-w","10.1186/s13073-022-01018-w","https://ega-archive.org/studies/egas00001005731","egas00001005731","egas00001005731","","egas00001005731",NA,"yes",TRUE,"numbat",TRUE,TRUE,"acc_nr",NA,NA,"FALSE",NA,"FALSE","yes",NA,"no license"
1219,"10.1038/s41467-022-34899-x","10.1038/s41467-022-34899-x","https://ega-archive.org/studies/egas00001005976","egas00001005976","egas00001005976","","egas00001005976",NA,"restricted",TRUE,"numbat",TRUE,TRUE,"acc_nr",NA,NA,"FALSE",NA,"FALSE","yes",NA,"NULL"
578,"10.1038/s41467-023-40584-4","10.1038/s41467-023-40584-4","https://ega-archive.org/studies/egas00001006090","egas00001006090","egas00001006090","","egas00001006090",NA,"restricted",TRUE,"numbat",TRUE,TRUE,"acc_nr",NA,NA,"FALSE",NA,"FALSE","yes",NA,"NULL"
205,"10.1111/nan.12856","10.1111/nan.12856","https://ega-archive.org/studies/egas00001006540","egas00001006540","egas00001006540","","egas00001006540",NA,"restricted",TRUE,"numbat",TRUE,TRUE,"acc_nr",NA,NA,"FALSE",NA,"FALSE","yes",NA,"NULL"
598,"10.1016/j.stem.2023.04.001","10.1016/j.stem.2023.04.001","https://ega-archive.org/studies/egas00001007078","egas00001007078","egas00001007078","","egas00001007078",NA,"restricted",TRUE,"numbat",TRUE,TRUE,"acc_nr",NA,NA,"FALSE",NA,"FALSE","yes",NA,"NULL"
513,"10.1038/s41591-023-02673-1","10.1038/s41591-023-02673-1","https://ega-archive.org/studies/egas50000000030","egas50000000030","egas50000000030","","egas50000000030",NA,"restricted",TRUE,"numbat",TRUE,TRUE,"acc_nr",NA,NA,"FALSE",NA,"FALSE","yes",NA,"NULL"
1996,"10.1016/j.celrep.2020.108157","10.1016/j.celrep.2020.108157","https://www.ebi.ac.uk/pdbe/entry/emdb/emd-0270","emd-0270","emd-0270","","emd-0270",NA,"yes",TRUE,"numbat",TRUE,TRUE,"acc_nr",NA,NA,"FALSE",NA,"FALSE",NA,NA,NA
1977,"10.1371/journal.ppat.1008263","10.1371/journal.ppat.1008263","https://www.ebi.ac.uk/pdbe/entry/emdb/emd-10045","emd-10045","emd-10045","","emd-10045",NA,"yes",TRUE,"numbat",TRUE,TRUE,"acc_nr",NA,NA,"FALSE",NA,"FALSE",NA,NA,NA
1605,"10.1016/j.molcel.2020.11.037","10.1016/j.molcel.2020.11.037","https://www.ebi.ac.uk/emdb/emd-10321","emd-10321","emd-10321","","emd-10321",NA,"yes",TRUE,"numbat",TRUE,TRUE,"acc_nr",NA,NA,"FALSE",NA,"FALSE",NA,NA,"no license"
1378,"10.1371/journal.ppat.1009775","10.1371/journal.ppat.1009775","https://www.ebi.ac.uk/emdb/emd-10611","emd-10611","emd-10611","","emd-10611",NA,"yes",TRUE,"numbat",TRUE,TRUE,"acc_nr",NA,NA,"FALSE",NA,"FALSE",NA,NA,"no license"
1038,"10.1126/science.abd1673","10.1126/science.abd1673","https://www.ebi.ac.uk/emdb/emd-11087","emd-11087","emd-11087","","emd-11087",NA,"yes",TRUE,"numbat",TRUE,TRUE,"acc_nr",NA,NA,"FALSE",NA,"FALSE","yes",NA,"no license"
1880,"10.1073/pnas.2004563117","10.1073/pnas.2004563117","https://www.ebi.ac.uk/emdb/entry/emd-11678","emd-11678","emd-11678","","emd-11678",NA,"yes",TRUE,"numbat",TRUE,TRUE,"acc_nr",NA,NA,"FALSE",NA,"FALSE",NA,NA,NA
1527,"10.1038/s41422-021-00569-8","10.1038/s41422-021-00569-8","https://www.ebi.ac.uk/emdb/emd-13454","emd-13454","emd-13454","","emd-13454",NA,"yes",TRUE,"numbat",TRUE,TRUE,"acc_nr",NA,NA,"FALSE",NA,"FALSE",NA,NA,"no license"
1679,"10.3389/fmicb.2021.766527","10.3389/fmicb.2021.766527","https://www.ebi.ac.uk/emdb/emd-13672","emd-13672","emd-13672","","emd-13672",NA,"yes",TRUE,"numbat",TRUE,TRUE,"acc_nr",NA,NA,"FALSE",NA,"FALSE",NA,NA,"no license"
1020,"10.1126/science.abg3875","10.1126/science.abg3875","https://www.ebi.ac.uk/emdb/emd-14751","emd-14751","emd-14751","","emd-14751",NA,"yes",TRUE,"numbat",TRUE,TRUE,"acc_nr",NA,NA,"FALSE",NA,"FALSE","yes",NA,"no license"
175,"10.1038/s41589-023-01326-1","10.1038/s41589-023-01326-1","https://www.ebi.ac.uk/emdb/emd-14776","emd-14776","emd-14776","","emd-14776",NA,"yes",TRUE,"numbat",TRUE,TRUE,"acc_nr",NA,NA,"FALSE",NA,"FALSE","yes",NA,"no license"
279,"10.1038/s41477-023-01407-y","10.1038/s41477-023-01407-y","https://www.ebi.ac.uk/emdb/emd-15674","emd-15674","emd-15674","","emd-15674",NA,"yes",TRUE,"numbat",TRUE,TRUE,"acc_nr",NA,NA,"FALSE",NA,"FALSE","yes",NA,"no license"
517,"10.1016/j.isci.2023.107085","10.1016/j.isci.2023.107085","https://www.ebi.ac.uk/emdb/emd-15994?tab=sample","emd-15994","emd-15994","","emd-15994",NA,"yes",TRUE,"numbat",TRUE,TRUE,"acc_nr",NA,NA,"FALSE",NA,"FALSE","yes",NA,"no license"
150,"10.1038/s41467-023-36607-9","10.1038/s41467-023-36607-9","https://www.ebi.ac.uk/emdb/emd-16509","emd-16509","emd-16509","","emd-16509",NA,"yes",TRUE,"numbat",TRUE,TRUE,"acc_nr",NA,NA,"FALSE",NA,"FALSE","yes",NA,"no license"
581,"10.1038/s41598-023-38027-7","10.1038/s41598-023-38027-7","https://www.ebi.ac.uk/emdb/emd-17163","emd-17163","emd-17163","","emd-17163",NA,"yes",TRUE,"numbat",TRUE,TRUE,"acc_nr",NA,NA,"FALSE",NA,"FALSE","yes",NA,"no license"
10,"10.1038/s41467-023-42085-w","10.1038/s41467-023-42085-w","https://www.ebi.ac.uk/emdb/emd-17232","emd-17232","emd-17232","","emd-17232",NA,"yes",TRUE,"numbat",TRUE,TRUE,"acc_nr",NA,NA,"FALSE",NA,"FALSE","yes",NA,"no license"
1660,"10.1126/science.abh1139","10.1126/science.abh1139","https://www.ebi.ac.uk/emdb/emd-23466","emd-23466","emd-23466","","emd-23466",NA,"yes",TRUE,"numbat",TRUE,TRUE,"acc_nr",NA,NA,"FALSE",NA,"FALSE",NA,2021,"no license"
1731,"10.1016/j.chom.2021.04.005","10.1016/j.chom.2021.04.005","https://www.ebi.ac.uk/emdb/emd-23469","emd-23469","emd-23469","","emd-23469",NA,"yes",TRUE,"numbat",TRUE,TRUE,"acc_nr",NA,NA,"FALSE",NA,"FALSE",NA,NA,"no license"
1768,"10.1038/s41586-021-03713-x","10.1038/s41586-021-03713-x","https://www.ebi.ac.uk/emdb/emd-24120","emd-24120","emd-24120","","emd-24120",NA,"yes",TRUE,"numbat",TRUE,TRUE,"acc_nr",NA,NA,"FALSE",NA,"FALSE",NA,NA,"no license"
813,"10.1016/j.chom.2021.12.010","10.1016/j.chom.2021.12.010","https://www.ebi.ac.uk/emdb/emd-25008","emd-25008","emd-25008","","emd-25008",NA,"yes",TRUE,"numbat",TRUE,TRUE,"acc_nr",NA,NA,"FALSE",NA,"FALSE","yes",NA,"no license"
727,"10.1038/s41467-022-35164-x","10.1038/s41467-022-35164-x","https://www.ebi.ac.uk/emdb/emd-25362","emd-25362","emd-25362","","emd-25362",NA,"yes",TRUE,"numbat",TRUE,TRUE,"acc_nr",NA,NA,"FALSE",NA,"FALSE","yes",NA,"no license"
907,"10.1126/sciadv.abm3942","10.1126/sciadv.abm3942","https://www.ebi.ac.uk/emdb/emd-25383","emd-25383","emd-25383","","emd-25383",NA,"yes",TRUE,"numbat",TRUE,TRUE,"acc_nr",NA,NA,"FALSE",NA,"FALSE","yes",NA,"no license"
762,"10.1016/j.cell.2022.06.025","10.1016/j.cell.2022.06.025","https://www.ebi.ac.uk/emdb/emd-25583","emd-25583","emd-25583","","emd-25583",NA,"yes",TRUE,"numbat",TRUE,TRUE,"acc_nr",NA,NA,"FALSE",NA,"FALSE","yes",NA,"no license"
721,"10.1084/jem.20220826","10.1084/jem.20220826","https://www.ebi.ac.uk/emdb/emd-27270","emd-27270","emd-27270","","emd-27270",NA,"yes",TRUE,"numbat",TRUE,TRUE,"acc_nr",NA,NA,"FALSE",NA,"FALSE","yes",NA,"no license"
97,"10.1016/j.celrep.2023.112926","10.1016/j.celrep.2023.112926","https://www.ebi.ac.uk/emdb/emd-33527","emd-33527","emd-33527","","emd-33527",NA,"yes",TRUE,"numbat",TRUE,TRUE,"acc_nr",NA,NA,"FALSE",NA,"FALSE","yes",NA,"no license"
590,"10.1126/sciadv.adg4479","10.1126/sciadv.adg4479","https://www.ebi.ac.uk/emdb/emd-36481","emd-36481","emd-36481","","emd-36481",NA,"yes",TRUE,"numbat",TRUE,TRUE,"acc_nr",NA,NA,"FALSE",NA,"FALSE","yes",NA,"no license"
1680,"10.3389/fmicb.2021.766527","10.3389/fmicb.2021.766527","https://www.ebi.ac.uk/empiar/empiar-10822/","empiar-10822","empiar-10822","","empiar-10822",NA,"yes",TRUE,"numbat",TRUE,TRUE,"acc_nr",NA,NA,"FALSE",NA,"FALSE",NA,NA,"CC0"
176,"10.1038/s41589-023-01326-1","10.1038/s41589-023-01326-1","https://www.ebi.ac.uk/empiar/empiar-11405/","empiar-11405","empiar-11405","","empiar-11405",NA,"yes",TRUE,"numbat",TRUE,TRUE,"acc_nr",NA,NA,"FALSE",NA,"FALSE","yes",NA,"CC0"
1759,"10.1038/s41467-021-25326-8","10.1038/s41467-021-25326-8","https://www.ebi.ac.uk/arrayexpress/experiments/e-mtab-10163/","e-mtab-10163","e-mtab-10163","","e-mtab-10163",NA,"yes",TRUE,"numbat",TRUE,TRUE,"acc_nr",NA,NA,"FALSE",NA,"FALSE",NA,NA,"no license"
911,"10.3390/cancers14092166","10.3390/cancers14092166","https://www.ebi.ac.uk/biostudies/arrayexpress/studies/e-mtab-10320?query=e-mtab-10320","e-mtab-10320","e-mtab-10320","","e-mtab-10320",NA,"yes",TRUE,"numbat",TRUE,TRUE,"acc_nr",NA,NA,"FALSE",NA,"FALSE","yes",NA,"no license"
1511,"10.1016/j.celrep.2021.109878","10.1016/j.celrep.2021.109878","https://www.ebi.ac.uk/arrayexpress/experiments/e-mtab-10389/","e-mtab-10389","e-mtab-10389","","e-mtab-10389",NA,"yes",TRUE,"numbat",TRUE,TRUE,"acc_nr",NA,NA,"FALSE",NA,"FALSE",NA,2021,"no license"
1757,"10.1038/s41467-021-24045-4","10.1038/s41467-021-24045-4","https://www.ebi.ac.uk/biostudies/arrayexpress/studies/e-mtab-10432","e-mtab-10432","e-mtab-10432","","e-mtab-10432",NA,"yes",TRUE,"numbat",TRUE,TRUE,"acc_nr",NA,NA,"FALSE",NA,"FALSE",NA,NA,"no license"
1547,"10.1007/s00424-021-02582-7","10.1007/s00424-021-02582-7","https://www.ebi.ac.uk/arrayexpress/experiments/e-mtab-10478/","e-mtab-10478","e-mtab-10478","","e-mtab-10478",NA,"yes",TRUE,"numbat",TRUE,TRUE,"acc_nr",NA,NA,"FALSE",NA,"FALSE",NA,NA,"no license"
800,"10.1002/ijc.33842","10.1002/ijc.33842","https://www.ebi.ac.uk/biostudies/arrayexpress/studies/e-mtab-10577","e-mtab-10577","e-mtab-10577","","e-mtab-10577",NA,"yes",TRUE,"numbat",TRUE,TRUE,"acc_nr",NA,NA,"FALSE",NA,"FALSE","yes",NA,"no license"
1549,"10.1016/j.ccell.2021.08.008","10.1016/j.ccell.2021.08.008","https://www.ebi.ac.uk/arrayexpress/experiments/e-mtab-10633/","e-mtab-10633","e-mtab-10633","","e-mtab-10633",NA,"yes",TRUE,"numbat",TRUE,TRUE,"acc_nr",NA,NA,"FALSE",NA,"FALSE",NA,NA,"no license"
1026,"10.15252/embj.2021109191","10.15252/embj.2021109191","https://www.ebi.ac.uk/biostudies/arrayexpress/studies/e-mtab-10711","e-mtab-10711","e-mtab-10711","","e-mtab-10711",NA,"yes",TRUE,"numbat",TRUE,TRUE,"acc_nr",NA,NA,"FALSE",NA,"FALSE","yes",NA,"no license"
933,"10.1093/nar/gkac428","10.1093/nar/gkac428","https://www.ebi.ac.uk/biostudies/arrayexpress/studies/e-mtab-10768?query=e-mtab-10768","e-mtab-10768","e-mtab-10768","","e-mtab-10768",NA,"yes",TRUE,"numbat",TRUE,TRUE,"acc_nr",NA,NA,"FALSE",NA,"FALSE","yes",NA,"no license"
1624,"10.1371/journal.ppat.1009824","10.1371/journal.ppat.1009824","https://www.ebi.ac.uk/arrayexpress/experiments/e-mtab-10788/","e-mtab-10788","e-mtab-10788","","e-mtab-10788",NA,"yes",TRUE,"numbat",TRUE,TRUE,"acc_nr",NA,NA,"FALSE",NA,"FALSE",NA,NA,"no license"
1059,"10.1136/gutjnl-2021-324725","10.1136/gutjnl-2021-324725","https://www.ebi.ac.uk/biostudies/arrayexpress/studies/e-mtab-10824","e-mtab-10824","e-mtab-10824","","e-mtab-10824",NA,"yes",TRUE,"numbat",TRUE,TRUE,"acc_nr",NA,NA,"FALSE",NA,"FALSE","yes",NA,"no license"
422,"10.1038/s41593-022-01243-x","10.1038/s41593-022-01243-x","https://www.ebi.ac.uk/biostudies/arrayexpress/studies/e-mtab-10902","e-mtab-10902","e-mtab-10902","","e-mtab-10902",NA,"yes",TRUE,"numbat",TRUE,TRUE,"acc_nr",NA,NA,"FALSE",NA,"FALSE","yes",NA,"no license"
1153,"10.1002/jcsm.12867","10.1002/jcsm.12867","https://www.ebi.ac.uk/biostudies/arrayexpress/studies/e-mtab-10960?query=e-mtab-10960","e-mtab-10960","e-mtab-10960","","e-mtab-10960",NA,"yes",TRUE,"numbat",TRUE,TRUE,"acc_nr",NA,NA,"FALSE",NA,"FALSE","yes_statement_no_data",NA,"no license"
690,"10.1038/s41586-022-05547-7","10.1038/s41586-022-05547-7","https://www.ebi.ac.uk/biostudies/arrayexpress/studies/e-mtab-11063","e-mtab-11063","e-mtab-11063","","e-mtab-11063",NA,"yes",TRUE,"numbat",TRUE,TRUE,"acc_nr",NA,NA,"FALSE",NA,"FALSE","yes",NA,"no license"
932,"10.1242/dev.200286","10.1242/dev.200286","https://www.ebi.ac.uk/biostudies/arrayexpress/studies/e-mtab-11095","e-mtab-11095","e-mtab-11095","","e-mtab-11095",NA,"yes",TRUE,"numbat",TRUE,TRUE,"acc_nr",NA,NA,"FALSE",NA,"FALSE","yes",NA,"no license"
1217,"10.1007/s00018-022-04638-y","10.1007/s00018-022-04638-y","https://www.ebi.ac.uk/biostudies/arrayexpress/studies/e-mtab-11187","e-mtab-11187","e-mtab-11187","","e-mtab-11187",NA,"yes",TRUE,"numbat",TRUE,TRUE,"acc_nr",NA,NA,"FALSE",NA,"FALSE","yes",NA,"no license"
436,"10.1097/hc9.0000000000000208","10.1097/hc9.0000000000000208","https://www.ebi.ac.uk/biostudies/arrayexpress/studies/e-mtab-11727","e-mtab-11727","e-mtab-11727","","e-mtab-11727",NA,"yes",TRUE,"numbat",TRUE,TRUE,"acc_nr",NA,NA,"FALSE",NA,"FALSE","yes",NA,"no license"
751,"10.1080/2162402x.2022.2148850","10.1080/2162402x.2022.2148850","https://www.ebi.ac.uk/biostudies/arrayexpress/studies/e-mtab-12064?query=e-mtab-12064","e-mtab-12064","e-mtab-12064","","e-mtab-12064",NA,"yes",TRUE,"numbat",TRUE,TRUE,"acc_nr",NA,NA,"FALSE",NA,"FALSE","yes",NA,"no license"
909,"10.3389/fimmu.2022.994552","10.3389/fimmu.2022.994552","https://www.ebi.ac.uk/biostudies/arrayexpress/studies/e-mtab-12201?query=e-mtab-12201","e-mtab-12201","e-mtab-12201","","e-mtab-12201",NA,"yes",TRUE,"numbat",TRUE,TRUE,"acc_nr",NA,NA,"FALSE",NA,"FALSE","yes",NA,"no license"
153,"10.1038/s41540-023-00319-z","10.1038/s41540-023-00319-z","https://www.ebi.ac.uk/biostudies/arrayexpress/studies/e-mtab-12203?query=e-mtab-12203","e-mtab-12203","e-mtab-12203","","e-mtab-12203",NA,"yes",TRUE,"numbat",TRUE,TRUE,"acc_nr",NA,NA,"FALSE",NA,"FALSE","yes",NA,"no license"
199,"10.1126/sciimmunol.ade7953","10.1126/sciimmunol.ade7953","https://www.ebi.ac.uk/biostudies/arrayexpress/studies/e-mtab-12352","e-mtab-12352","e-mtab-12352","","e-mtab-12352",NA,"yes",TRUE,"numbat",TRUE,TRUE,"acc_nr",NA,NA,"FALSE",NA,"FALSE","yes",NA,"no license"
98,"10.1158/1078-0432.ccr-22-3790","10.1158/1078-0432.ccr-22-3790","https://www.ebi.ac.uk/biostudies/arrayexpress/studies/e-mtab-12431","e-mtab-12431","e-mtab-12431","","e-mtab-12431",NA,"yes",TRUE,"numbat",TRUE,TRUE,"acc_nr",NA,NA,"FALSE",NA,"FALSE","yes",NA,"no license"
299,"10.15252/embj.2022112202","10.15252/embj.2022112202","https://www.ebi.ac.uk/biostudies/arrayexpress/studies/e-mtab-12498","e-mtab-12498","e-mtab-12498","","e-mtab-12498",NA,"yes",TRUE,"numbat",TRUE,TRUE,"acc_nr",NA,NA,"FALSE",NA,"FALSE","yes",NA,"no license"
544,"10.1038/s41467-023-41954-8","10.1038/s41467-023-41954-8","https://www.ebi.ac.uk/biostudies/arrayexpress/studies/e-mtab-12522","e-mtab-12522","e-mtab-12522","","e-mtab-12522",NA,"yes",TRUE,"numbat",TRUE,TRUE,"acc_nr",NA,NA,"FALSE",NA,"FALSE","yes",NA,"no license"
324,"10.1136/gutjnl-2023-329628","10.1136/gutjnl-2023-329628","https://www.ebi.ac.uk/biostudies/arrayexpress/studies/e-mtab-12655?query=e-mtab-12655","e-mtab-12655","e-mtab-12655","","e-mtab-12655",NA,"yes",TRUE,"numbat",TRUE,TRUE,"acc_nr",NA,NA,"FALSE",NA,"FALSE","yes",NA,"no license"
131,"10.3389/fimmu.2023.1163198","10.3389/fimmu.2023.1163198","https://www.ebi.ac.uk/biostudies/arrayexpress/studies/e-mtab-12788?query=e-mtab-12788","e-mtab-12788","e-mtab-12788","","e-mtab-12788",NA,"yes",TRUE,"numbat",TRUE,TRUE,"acc_nr",NA,NA,"FALSE",NA,"FALSE","yes",NA,"no license"
431,"10.1038/s43587-023-00513-y","10.1038/s43587-023-00513-y","https://www.ebi.ac.uk/biostudies/arrayexpress/studies/e-mtab-12809","e-mtab-12809","e-mtab-12809","","e-mtab-12809",NA,"yes",TRUE,"numbat",TRUE,TRUE,"acc_nr",NA,NA,"FALSE",NA,"FALSE","yes",NA,"no license"
402,"10.1038/s41586-023-06311-1","10.1038/s41586-023-06311-1","https://www.ebi.ac.uk/biostudies/arrayexpress/studies/e-mtab-12916","e-mtab-12916","e-mtab-12916","","e-mtab-12916",NA,"yes",TRUE,"numbat",TRUE,TRUE,"acc_nr",NA,NA,"FALSE",NA,"FALSE","yes",NA,"no license"
1833,"10.1038/s41467-020-14466-y","10.1038/s41467-020-14466-y","https://www.ebi.ac.uk/arrayexpress/experiments/e-mtab-3013/","e-mtab-3013","e-mtab-3013","","e-mtab-3013",NA,"yes",TRUE,"numbat",TRUE,TRUE,"acc_nr",NA,NA,"FALSE",NA,"FALSE",NA,NA,NA
851,"10.1182/bloodadvances.2021005532","10.1182/bloodadvances.2021005532","https://www.ebi.ac.uk/biostudies/arrayexpress/studies/e-mtab-4715?query=e-mtab-4715","e-mtab-4715","e-mtab-4715","","e-mtab-4715",NA,"yes",TRUE,"numbat",TRUE,TRUE,"acc_nr",NA,NA,"FALSE",NA,"FALSE","no_statement_no_data",NA,"no license"
883,"10.1016/j.isci.2022.104498","10.1016/j.isci.2022.104498","https://www.ebi.ac.uk/biostudies/arrayexpress/studies/e-mtab-5209","e-mtab-5209","e-mtab-5209","","e-mtab-5209",NA,"yes",TRUE,"numbat",TRUE,TRUE,"acc_nr",NA,NA,"FALSE",NA,"FALSE","yes",NA,"no license"
130,"10.3389/fimmu.2023.1163198","10.3389/fimmu.2023.1163198","https://www.ebi.ac.uk/biostudies/arrayexpress/studies/e-mtab-6476?query=e-mtab-6476","e-mtab-6476","e-mtab-6476","","e-mtab-6476",NA,"yes",TRUE,"numbat",TRUE,TRUE,"acc_nr",NA,NA,"FALSE",NA,"FALSE","yes",NA,"no license"
1587,"10.1073/pnas.2019699118","10.1073/pnas.2019699118","https://www.ebi.ac.uk/arrayexpress/experiments/e-mtab-6588/","e-mtab-6588","e-mtab-6588","","e-mtab-6588",NA,"yes",TRUE,"numbat",TRUE,TRUE,"acc_nr",NA,NA,"FALSE",NA,"FALSE",NA,NA,"no license"
1870,"10.1038/s41598-019-57076-5","10.1038/s41598-019-57076-5","https://www.ebi.ac.uk/arrayexpress/experiments/e-mtab-6713/","e-mtab-6713","e-mtab-6713","","e-mtab-6713",NA,"yes",TRUE,"numbat",TRUE,TRUE,"acc_nr",NA,NA,"FALSE",NA,"FALSE",NA,NA,NA
1598,"10.1002/ijc.33456","10.1002/ijc.33456","https://www.ebi.ac.uk/arrayexpress/experiments/e-mtab-7680/","e-mtab-7680","e-mtab-7680","","e-mtab-7680",NA,"yes",TRUE,"numbat",TRUE,TRUE,"acc_nr",NA,NA,"FALSE",NA,"FALSE",NA,NA,"no license"
1911,"10.1158/2159-8290.cd-19-1030","10.1158/2159-8290.cd-19-1030","https://www.ebi.ac.uk/arrayexpress/experiments/e-mtab-7802/","e-mtab-7802","e-mtab-7802","","e-mtab-7802",NA,"yes",TRUE,"numbat",TRUE,TRUE,"acc_nr",NA,NA,"FALSE",NA,"FALSE",NA,NA,NA
584,"10.1126/sciadv.adi2095","10.1126/sciadv.adi2095","https://www.ebi.ac.uk/biostudies/arrayexpress/studies/e-mtab-8154?query=e-mtab-8154","e-mtab-8154","e-mtab-8154","","e-mtab-8154",NA,"yes",TRUE,"numbat",TRUE,TRUE,"acc_nr",NA,NA,"FALSE",NA,"FALSE","yes",NA,"no license"
2021,"10.1038/s42003-020-01167-x","10.1038/s42003-020-01167-x","https://www.ebi.ac.uk/arrayexpress/experiments/e-mtab-8508/","e-mtab-8508","e-mtab-8508","","e-mtab-8508",NA,"yes",TRUE,"numbat",TRUE,TRUE,"acc_nr",NA,NA,"FALSE",NA,"FALSE",NA,NA,NA
1877,"10.1073/pnas.1907467117","10.1073/pnas.1907467117","https://www.ebi.ac.uk/arrayexpress/experiments/e-mtab-8521/","e-mtab-8521","e-mtab-8521","","e-mtab-8521",NA,"yes",TRUE,"numbat",TRUE,TRUE,"acc_nr",NA,NA,"FALSE",NA,"FALSE",NA,NA,NA
163,"10.1073/pnas.2206324120","10.1073/pnas.2206324120","https://www.ebi.ac.uk/biostudies/arrayexpress/studies/e-mtab-862","e-mtab-862","e-mtab-862","","e-mtab-862",NA,"yes",TRUE,"numbat",TRUE,TRUE,"acc_nr","FALSE","TRUE","FALSE","arrayexpress","TRUE","yes",2012,"no license"
1617,"10.1093/nar/gkaa1180","10.1093/nar/gkaa1180","https://www.ebi.ac.uk/arrayexpress/experiments/e-mtab-8746/","e-mtab-8746","e-mtab-8746","","e-mtab-8746",NA,"yes",TRUE,"numbat",TRUE,TRUE,"acc_nr",NA,NA,"FALSE",NA,"FALSE",NA,NA,"no license"
1129,"10.1016/j.xpro.2022.101225","10.1016/j.xpro.2022.101225","https://www.ebi.ac.uk/biostudies/arrayexpress/studies/e-mtab-8924?query=e-mtab-8924","e-mtab-8924","e-mtab-8924","","e-mtab-8924",NA,"yes",TRUE,"numbat",TRUE,TRUE,"acc_nr",NA,NA,"FALSE",NA,"FALSE","yes",2021,"no license"
1518,"10.1016/j.isci.2021.102618","10.1016/j.isci.2021.102618","https://www.ebi.ac.uk/arrayexpress/experiments/e-mtab-8924/","e-mtab-8924","e-mtab-8924","","e-mtab-8924",NA,"yes",TRUE,"numbat",TRUE,TRUE,"acc_nr",NA,NA,"FALSE",NA,"FALSE",NA,2021,"no license"
1608,"10.1016/j.stem.2020.11.015","10.1016/j.stem.2020.11.015","https://www.ebi.ac.uk/arrayexpress/experiments/e-mtab-9067/","e-mtab-9067","e-mtab-9067","","e-mtab-9067",NA,"yes",TRUE,"numbat",TRUE,TRUE,"acc_nr","FALSE","TRUE","FALSE","arrayexpress","TRUE",NA,2020,"no license"
524,"10.1038/s41467-023-36735-2","10.1038/s41467-023-36735-2","https://www.ebi.ac.uk/biostudies/arrayexpress/studies/e-mtab-9340","e-mtab-9340","e-mtab-9340","","e-mtab-9340",NA,"yes",TRUE,"numbat",TRUE,TRUE,"acc_nr",NA,NA,"FALSE",NA,"FALSE","yes",NA,"no license"
1665,"10.1126/scitranslmed.abe8952","10.1126/scitranslmed.abe8952","https://www.ebi.ac.uk/biostudies/arrayexpress/studies/e-mtab-9361","e-mtab-9361","e-mtab-9361","","e-mtab-9361",NA,"yes",TRUE,"numbat",TRUE,TRUE,"acc_nr",NA,NA,"FALSE",NA,"FALSE",NA,NA,"no license"
1939,"10.3389/fimmu.2020.586124","10.3389/fimmu.2020.586124","https://www.ebi.ac.uk/arrayexpress/experiments/e-mtab-9642/","e-mtab-9642","e-mtab-9642","","e-mtab-9642",NA,"yes",TRUE,"numbat",TRUE,TRUE,"acc_nr",NA,NA,"FALSE",NA,"FALSE",NA,2020,NA
36,"10.1038/s41540-023-00287-4","10.1038/s41540-023-00287-4","https://www.ebi.ac.uk/biostudies/arrayexpress/studies/e-mtab-9701?query=e-mtab-9701","e-mtab-9701","e-mtab-9701","","e-mtab-9701",NA,"yes",TRUE,"numbat",TRUE,TRUE,"acc_nr","FALSE","FALSE","FALSE",NA,"FALSE","yes",2022,"no license"
1066,"10.1038/s41540-022-00225-w","10.1038/s41540-022-00225-w","https://www.ebi.ac.uk/biostudies/arrayexpress/studies/e-mtab-9701?query=e-mtab-9701","e-mtab-9701","e-mtab-9701","","e-mtab-9701",NA,"yes",TRUE,"numbat",TRUE,TRUE,"acc_nr","FALSE","FALSE","FALSE",NA,"FALSE","yes",2022,"no license"
1430,"10.3390/cancers13235978","10.3390/cancers13235978","https://www.ebi.ac.uk/arrayexpress/experiments/e-mtab-9701/","e-mtab-9701","e-mtab-9701","","e-mtab-9701",NA,"yes",TRUE,"numbat",TRUE,TRUE,"acc_nr","FALSE","FALSE","FALSE",NA,"FALSE",NA,2022,"no license"
1407,"10.3389/fmed.2021.664045","10.3389/fmed.2021.664045","https://www.ebi.ac.uk/arrayexpress/experiments/e-mtab-9850/","e-mtab-9850","e-mtab-9850","","e-mtab-9850",NA,"yes",TRUE,"numbat",TRUE,TRUE,"acc_nr",NA,NA,"FALSE",NA,"FALSE",NA,2021,"no license"
1432,"10.3390/cells10092253","10.3390/cells10092253","https://www.ebi.ac.uk/arrayexpress/experiments/e-mtab-9850/","e-mtab-9850","e-mtab-9850","","e-mtab-9850",NA,"yes",TRUE,"numbat",TRUE,TRUE,"acc_nr",NA,NA,"FALSE",NA,"FALSE",NA,2021,"no license"
1545,"10.1038/s41556-021-00708-8","10.1038/s41556-021-00708-8","https://www.ebi.ac.uk/arrayexpress/experiments/e-mtab-9850/","e-mtab-9850","e-mtab-9850","","e-mtab-9850",NA,"yes",TRUE,"numbat",TRUE,TRUE,"acc_nr",NA,NA,"FALSE",NA,"FALSE",NA,2021,"no license"
1470,"10.1038/s41586-021-04233-4","10.1038/s41586-021-04233-4","https://trace.ncbi.nlm.nih.gov/traces/index.html?view=run_browser&acc=err1915528&display=data-access","err1915528","err1915528","","err1915528",NA,"yes",TRUE,"numbat",TRUE,TRUE,"acc_nr",NA,NA,"FALSE",NA,"FALSE",NA,NA,"no license"
1477,"10.1038/s41586-021-04081-2","10.1038/s41586-021-04081-2","https://www.ebi.ac.uk/ena/browser/view/err389126?show=reads","err389126","err389126","","err389126",NA,"yes",TRUE,"numbat",TRUE,TRUE,"acc_nr",NA,NA,"FALSE",NA,"FALSE",NA,NA,"no license"
1619,"10.1210/endocr/bqaa220","10.1210/endocr/bqaa220","https://trace.ncbi.nlm.nih.gov/traces/?view=run_browser&acc=err4778373&display=metadata","err4778373","err4778373","","err4778373",NA,"yes",TRUE,"numbat",TRUE,TRUE,"acc_nr",NA,NA,"FALSE",NA,"FALSE",NA,NA,"no license"
1424,"10.3390/biomedicines9070819","10.3390/biomedicines9070819","https://trace.ncbi.nlm.nih.gov/traces/sra/?run=err5917174","err5917174","err5917174","","err5917174",NA,"yes",TRUE,"numbat",TRUE,TRUE,"acc_nr",NA,NA,"FALSE",NA,"FALSE",NA,NA,"no license"
698,"10.1093/gbe/evac100","10.1093/gbe/evac100","https://www.ebi.ac.uk/ena/browser/view/err6740384","err6740384","err6740384","","err6740384",NA,"yes",TRUE,"numbat",TRUE,TRUE,"acc_nr",NA,NA,"FALSE",NA,"FALSE","yes",NA,"no license"
103,"10.1172/jci158348","10.1172/jci158348","https://www.ebi.ac.uk/biostudies/arrayexpress/studies/e-tabm-713?query=e-tabm-713","e-tabm-713","e-tabm-713","","e-tabm-713",NA,"yes",TRUE,"numbat",TRUE,TRUE,"acc_nr","FALSE","TRUE","FALSE","arrayexpress","TRUE","yes",2009,"no license"
1858,"10.1038/s41586-020-2598-9","10.1038/s41586-020-2598-9","http://flowrepository.org/id/fr-fcm-z2k3","fr-fcm-z2k3","fr-fcm-z2k3","","fr-fcm-z2k3",NA,"yes",TRUE,"numbat",TRUE,TRUE,"acc_nr",NA,NA,"FALSE",NA,"FALSE",NA,NA,NA
1612,"10.1038/s43018-021-00201-z","10.1038/s43018-021-00201-z","https://flowrepository.org/id/fr-fcm-z3g7","fr-fcm-z3g7","fr-fcm-z3g7","","fr-fcm-z3g7",NA,"yes",TRUE,"numbat",TRUE,TRUE,"acc_nr",NA,NA,"FALSE",NA,"FALSE",NA,NA,"no license"
897,"10.1080/19490976.2022.2081475","10.1080/19490976.2022.2081475","http://flowrepository.org/id/fr-fcm-z4rh","fr-fcm-z4rh","fr-fcm-z4rh","","fr-fcm-z4rh",NA,"yes",TRUE,"numbat",TRUE,TRUE,"acc_nr",NA,NA,"FALSE",NA,"FALSE","yes",NA,"no license"
1128,"10.1038/s41467-022-34719-2","10.1038/s41467-022-34719-2","https://flowrepository.org/id/fr-fcm-z5xd","fr-fcm-z5xd","fr-fcm-z5xd","","fr-fcm-z5xd",NA,"yes",TRUE,"numbat",TRUE,TRUE,"acc_nr",NA,NA,"FALSE",NA,"FALSE","yes",NA,"no license"
360,"10.1093/neuonc/noad198","10.1093/neuonc/noad198","http://flowrepository.org/id/fr-fcm-z62a","fr-fcm-z62a","fr-fcm-z62a","","fr-fcm-z62a",NA,"yes",TRUE,"numbat",TRUE,TRUE,"acc_nr",NA,NA,"FALSE",NA,"FALSE","yes",NA,"no license"
445,"10.1016/j.ebiom.2023.104735","10.1016/j.ebiom.2023.104735","http://flowrepository.org/id/fr-fcm-z68q","fr-fcm-z68q","fr-fcm-z68q","","fr-fcm-z68q",NA,"yes",TRUE,"numbat",TRUE,TRUE,"acc_nr",NA,NA,"FALSE",NA,"FALSE","yes",NA,"no license"
526,"10.1038/s41591-023-02673-1","10.1038/s41591-023-02673-1","http://flowrepository.org/id/fr-fcm-z6s6","fr-fcm-z6s6","fr-fcm-z6s6","","fr-fcm-z6s6",NA,"yes",TRUE,"numbat",TRUE,TRUE,"acc_nr",NA,NA,"FALSE",NA,"FALSE","yes",NA,"no license"
51,"10.1038/s41467-023-43553-z","10.1038/s41467-023-43553-z","http://flowrepository.org/id/fr-fcm-z7zz","fr-fcm-z7zz","fr-fcm-z7zz","","fr-fcm-z7zz",NA,"yes",TRUE,"numbat",TRUE,TRUE,"acc_nr",NA,NA,"FALSE",NA,"FALSE","yes",NA,"no license"
923,"10.1038/s41525-022-00327-8","10.1038/s41525-022-00327-8","https://www.ebi.ac.uk/gwas/studies/gcst009131","gcst009131","gcst009131","","gcst009131",NA,"yes",TRUE,"numbat",TRUE,TRUE,"acc_nr",NA,NA,"FALSE",NA,"FALSE","yes",NA,"no license"
384,"10.1038/s41467-023-39253-3","10.1038/s41467-023-39253-3","https://www.ebi.ac.uk/gwas/studies/gcst009541","gcst009541","gcst009541","","gcst009541",NA,"yes",TRUE,"numbat",TRUE,TRUE,"acc_nr",NA,NA,"FALSE","european nucleotide archive","TRUE","yes",2020,"no license"
1648,"10.1038/s41586-021-03767-x","10.1038/s41586-021-03767-x","https://www.ebi.ac.uk/gwas/studies/gcst011074","gcst011074","gcst011074","","gcst011074",NA,"yes",TRUE,"numbat",TRUE,TRUE,"acc_nr","TRUE","TRUE","FALSE","european nucleotide archive","TRUE",NA,2020,"no license"
1793,"10.1038/s41467-021-20918-w","10.1038/s41467-021-20918-w","https://www.ebi.ac.uk/gwas/studies/gcst90007526","gcst90007526","gcst90007526","","gcst90007526",NA,"yes",TRUE,"numbat",TRUE,TRUE,"acc_nr",NA,NA,"FALSE",NA,"FALSE",NA,NA,"no license"
1466,"10.1038/s41588-020-00751-5","10.1038/s41588-020-00751-5","https://www.ebi.ac.uk/gwas/studies/gcst90010722","gcst90010722","gcst90010722","","gcst90010722",NA,"yes",TRUE,"numbat",TRUE,TRUE,"acc_nr",NA,NA,"FALSE",NA,"FALSE",NA,NA,"no license"
1030,"10.1038/s41588-022-01024-z","10.1038/s41588-022-01024-z","https://www.ebi.ac.uk/gwas/studies/gcst90027158","gcst90027158","gcst90027158","","gcst90027158",NA,"yes",TRUE,"numbat",TRUE,TRUE,"acc_nr",NA,NA,"FALSE",NA,"FALSE","yes",NA,"CC0"
1537,"10.1038/s41588-021-00973-1","10.1038/s41588-021-00973-1","https://www.ebi.ac.uk/gwas/studies/gcst90027163","gcst90027163","gcst90027163","","gcst90027163",NA,"yes",TRUE,"numbat",TRUE,TRUE,"acc_nr",NA,NA,"FALSE",NA,"FALSE",NA,NA,"CC0"
1709,"10.1038/s41467-021-26783-x","10.1038/s41467-021-26783-x","https://www.ebi.ac.uk/gwas/studies/gcst90044763","gcst90044763","gcst90044763","","gcst90044763",NA,"yes",TRUE,"numbat",TRUE,TRUE,"acc_nr",NA,NA,"FALSE",NA,"FALSE",NA,NA,"CC0"
808,"10.1038/s41586-022-05165-3","10.1038/s41586-022-05165-3","https://www.ebi.ac.uk/gwas/studies/gcst90104534","gcst90104534","gcst90104534","","gcst90104534",NA,"yes",TRUE,"numbat",TRUE,TRUE,"acc_nr",NA,NA,"FALSE",NA,"FALSE","yes",NA,"CC0"
1225,"10.1093/hmg/ddac158","10.1093/hmg/ddac158","https://www.ebi.ac.uk/gwas/studies/gcst90129579","gcst90129579","gcst90129579","","gcst90129579",NA,"yes",TRUE,"numbat",TRUE,TRUE,"acc_nr",NA,NA,"FALSE",NA,"FALSE","yes_statement_no_data",NA,"CC0"
1125,"10.1007/s00401-022-02454-z","10.1007/s00401-022-02454-z","https://www.ebi.ac.uk/gwas/studies/gcst90129599","gcst90129599","gcst90129599","","gcst90129599",NA,"yes",TRUE,"numbat",TRUE,TRUE,"acc_nr",NA,NA,"FALSE",NA,"FALSE","yes",NA,"CC0"
1256,"10.1038/s42003-022-03978-6","10.1038/s42003-022-03978-6","https://www.ebi.ac.uk/gwas/studies/gcst90134567","gcst90134567","gcst90134567","","gcst90134567",NA,"yes",TRUE,"numbat",TRUE,TRUE,"acc_nr",NA,NA,"FALSE",NA,"FALSE","yes",NA,"CC0"
410,"10.1038/s41588-022-01270-1","10.1038/s41588-022-01270-1","https://www.ebi.ac.uk/gwas/studies/gcst90199621","gcst90199621","gcst90199621","","gcst90199621",NA,"yes",TRUE,"numbat",TRUE,TRUE,"acc_nr",NA,NA,"FALSE",NA,"FALSE","yes",NA,"no license"
396,"10.1038/s41588-023-01314-0","10.1038/s41588-023-01314-0","https://www.ebi.ac.uk/gwas/studies/gcst90244092","gcst90244092","gcst90244092","","gcst90244092",NA,"yes",TRUE,"numbat",TRUE,TRUE,"acc_nr",NA,NA,"FALSE",NA,"FALSE","yes",NA,"CC0"
377,"10.1038/s41467-023-38383-y","10.1038/s41467-023-38383-y","https://www.ebi.ac.uk/gwas/studies/gcst90244658","gcst90244658","gcst90244658","","gcst90244658",NA,"yes",TRUE,"numbat",TRUE,TRUE,"acc_nr",NA,NA,"FALSE",NA,"FALSE","yes",NA,"CC0"
288,"10.1038/s41467-023-41180-2","10.1038/s41467-023-41180-2","https://www.ebi.ac.uk/gwas/studies/gcst90244787","gcst90244787","gcst90244787","","gcst90244787",NA,"yes",TRUE,"numbat",TRUE,TRUE,"acc_nr",NA,NA,"FALSE",NA,"FALSE","yes",NA,"CC0"
289,"10.1038/s41467-023-41180-2","10.1038/s41467-023-41180-2","https://www.ebi.ac.uk/gwas/studies/gcst90244788","gcst90244788","gcst90244788","","gcst90244788",NA,"yes",TRUE,"numbat",TRUE,TRUE,"acc_nr",NA,NA,"FALSE",NA,"FALSE","yes",NA,"CC0"
466,"10.1016/j.jid.2023.04.022","10.1016/j.jid.2023.04.022","https://www.ebi.ac.uk/gwas/studies/gcst90264153","gcst90264153","gcst90264153","","gcst90264153",NA,"yes",TRUE,"numbat",TRUE,TRUE,"acc_nr",NA,NA,"FALSE",NA,"FALSE","yes",NA,"CC0"
407,"10.1038/s41588-023-01409-8","10.1038/s41588-023-01409-8","https://www.ebi.ac.uk/gwas/studies/gcst90264176","gcst90264176","gcst90264176","","gcst90264176",NA,"yes",TRUE,"numbat",TRUE,TRUE,"acc_nr",NA,NA,"FALSE",NA,"FALSE","yes",NA,"no license"
611,"10.1038/s41588-023-01408-9","10.1038/s41588-023-01408-9","https://www.ebi.ac.uk/gwas/studies/gcst90267567","gcst90267567","gcst90267567","","gcst90267567",NA,"yes",TRUE,"numbat",TRUE,TRUE,"acc_nr",NA,NA,"FALSE",NA,"FALSE","yes",NA,"CC0"
403,"10.1038/s41588-023-01485-w","10.1038/s41588-023-01485-w","https://www.ebi.ac.uk/gwas/studies/gcst90271608","gcst90271608","gcst90271608","","gcst90271608",NA,"yes",TRUE,"numbat",TRUE,TRUE,"acc_nr",NA,NA,"FALSE",NA,"FALSE","yes",NA,"CC0"
556,"10.1038/s41467-023-41876-5","10.1038/s41467-023-41876-5","https://www.ebi.ac.uk/gwas/studies/gcst90271713","gcst90271713","gcst90271713","","gcst90271713",NA,"yes",TRUE,"numbat",TRUE,TRUE,"acc_nr",NA,NA,"FALSE",NA,"FALSE","yes",NA,"CC0"
1905,"10.1128/mbio.01911-20","10.1128/mbio.01911-20","https://www.ncbi.nlm.nih.gov/geo/query/acc.cgi?acc=gse100656","gse100656","gse100656","","gse100656",NA,"yes",TRUE,"numbat",TRUE,TRUE,"acc_nr",NA,NA,"FALSE",NA,"FALSE",NA,NA,NA
1930,"10.1371/journal.ppat.1008461","10.1371/journal.ppat.1008461","https://www.ncbi.nlm.nih.gov/geo/query/acc.cgi?acc=gse100928","gse100928","gse100928","","gse100928",NA,"yes",TRUE,"numbat",TRUE,TRUE,"acc_nr",NA,NA,"FALSE",NA,"FALSE",NA,NA,NA
1878,"10.1073/pnas.1920393117","10.1073/pnas.1920393117","https://www.ncbi.nlm.nih.gov/geo/query/acc.cgi?acc=gse101409","gse101409","gse101409","","gse101409",NA,"yes",TRUE,"numbat",TRUE,TRUE,"acc_nr",NA,NA,"FALSE",NA,"FALSE",NA,NA,NA
904,"10.1161/circresaha.121.320029","10.1161/circresaha.121.320029","https://www.ncbi.nlm.nih.gov/geo/query/acc.cgi?acc=gse107033","gse107033","gse107033","","gse107033",NA,"yes",TRUE,"numbat",TRUE,TRUE,"acc_nr",NA,NA,"FALSE",NA,"FALSE","yes",NA,"no license"
1808,"10.1016/j.celrep.2020.107982","10.1016/j.celrep.2020.107982","https://www.ncbi.nlm.nih.gov/geo/query/acc.cgi?acc=gse107206","gse107206","gse107206","","gse107206",NA,"yes",TRUE,"numbat",TRUE,TRUE,"acc_nr",NA,NA,"FALSE",NA,"FALSE",NA,NA,NA
2054,"10.1016/j.celrep.2020.01.044","10.1016/j.celrep.2020.01.044","https://www.ncbi.nlm.nih.gov/geo/query/acc.cgi?acc=gse107937","gse107937","gse107937","","gse107937",NA,"yes",TRUE,"numbat",TRUE,TRUE,"acc_nr",NA,NA,"FALSE",NA,"FALSE",NA,NA,NA
2027,"10.1038/s41598-020-58668-2","10.1038/s41598-020-58668-2","https://www.ncbi.nlm.nih.gov/geo/query/acc.cgi?acc=gse107998","gse107998","gse107998","","gse107998",NA,"yes",TRUE,"numbat",TRUE,TRUE,"acc_nr",NA,NA,"FALSE",NA,"FALSE",NA,NA,NA
884,"10.1038/s41389-022-00433-3","10.1038/s41389-022-00433-3","https://www.ncbi.nlm.nih.gov/geo/query/acc.cgi?acc=gse108742","gse108742","gse108742","","gse108742",NA,"yes",TRUE,"numbat",TRUE,TRUE,"acc_nr",NA,NA,"FALSE",NA,"FALSE","yes",NA,"no license"
1867,"10.1038/s41596-019-0251-6","10.1038/s41596-019-0251-6","https://www.ncbi.nlm.nih.gov/geo/query/acc.cgi?acc=gse109381","gse109381","gse109381","","gse109381",NA,"yes",TRUE,"numbat",TRUE,TRUE,"acc_nr","FALSE","TRUE","FALSE","gene expression omnibus (geo)","TRUE",NA,2018,NA
1559,"10.1038/s41375-021-01267-5","10.1038/s41375-021-01267-5","https://www.ncbi.nlm.nih.gov/geo/query/acc.cgi?acc=gse109600","gse109600","gse109600","","gse109600",NA,"yes",TRUE,"numbat",TRUE,TRUE,"acc_nr",NA,NA,"FALSE",NA,"FALSE",NA,NA,"no license"
425,"10.1016/j.neuron.2022.12.026","10.1016/j.neuron.2022.12.026","https://www.ncbi.nlm.nih.gov/geo/query/acc.cgi?acc=gse110760","gse110760","gse110760","","gse110760",NA,"yes",TRUE,"numbat",TRUE,TRUE,"acc_nr",NA,NA,"FALSE",NA,"FALSE","yes",NA,"no license"
1429,"10.3390/cancers13225680","10.3390/cancers13225680","https://www.ncbi.nlm.nih.gov/geo/query/acc.cgi?acc=gse111079","gse111079","gse111079","","gse111079",NA,"yes",TRUE,"numbat",TRUE,TRUE,"acc_nr",NA,NA,"FALSE",NA,"FALSE",NA,2019,"no license"
1875,"10.1038/s41598-020-67872-z","10.1038/s41598-020-67872-z","https://www.ncbi.nlm.nih.gov/geo/query/acc.cgi?acc=gse111230","gse111230","gse111230","","gse111230",NA,"yes",TRUE,"numbat",TRUE,TRUE,"acc_nr",NA,NA,"FALSE",NA,"FALSE",NA,NA,NA
1849,"10.1038/s41467-020-19002-6","10.1038/s41467-020-19002-6","https://www.ncbi.nlm.nih.gov/geo/query/acc.cgi?acc=gse115103","gse115103","gse115103","","gse115103",NA,"yes",TRUE,"numbat",TRUE,TRUE,"acc_nr",NA,NA,"FALSE",NA,"FALSE",NA,NA,NA
2002,"10.1038/s41588-019-0564-y","10.1038/s41588-019-0564-y","https://www.ncbi.nlm.nih.gov/geo/query/acc.cgi?acc=gse116694","gse116694","gse116694","","gse116694",NA,"yes",TRUE,"numbat",TRUE,TRUE,"acc_nr",NA,NA,"FALSE",NA,"FALSE",NA,NA,NA
1662,"10.1126/sciimmunol.abg3533","10.1126/sciimmunol.abg3533","https://www.ncbi.nlm.nih.gov/geo/query/acc.cgi?acc=gse118174","gse118174","gse118174","","gse118174",NA,"yes",TRUE,"numbat",TRUE,TRUE,"acc_nr",NA,NA,"FALSE",NA,"FALSE",NA,2020,"no license"
1782,"10.1038/s41598-021-02011-w","10.1038/s41598-021-02011-w","https://www.ncbi.nlm.nih.gov/geo/query/acc.cgi?acc=gse119025","gse119025","gse119025","","gse119025",NA,"yes",TRUE,"numbat",TRUE,TRUE,"acc_nr",NA,NA,"FALSE",NA,"FALSE",NA,2018,"no license"
1907,"10.1136/gutjnl-2018-317856","10.1136/gutjnl-2018-317856","https://www.ncbi.nlm.nih.gov/geo/query/acc.cgi?acc=gse119423","gse119423","gse119423","","gse119423",NA,"yes",TRUE,"numbat",TRUE,TRUE,"acc_nr",NA,NA,"FALSE",NA,"FALSE",NA,2019,NA
1987,"10.1002/1878-0261.12835","10.1002/1878-0261.12835","https://www.ncbi.nlm.nih.gov/geo/query/acc.cgi?acc=gse119423","gse119423","gse119423","","gse119423",NA,"yes",TRUE,"numbat",TRUE,TRUE,"acc_nr",NA,NA,"FALSE",NA,"FALSE",NA,2019,NA
1839,"10.1038/s41467-020-16244-2","10.1038/s41467-020-16244-2","https://www.ncbi.nlm.nih.gov/geo/query/acc.cgi?acc=gse120576","gse120576","gse120576","","gse120576",NA,"yes",TRUE,"numbat",TRUE,TRUE,"acc_nr",NA,NA,"FALSE",NA,"FALSE",NA,NA,NA
2056,"10.1126/science.aaz2582","10.1126/science.aaz2582","https://www.ncbi.nlm.nih.gov/geo/query/acc.cgi?acc=gse120589","gse120589","gse120589","","gse120589",NA,"yes",TRUE,"numbat",TRUE,TRUE,"acc_nr",NA,NA,"FALSE",NA,"FALSE",NA,NA,NA
1823,"10.1038/s41388-020-1198-3","10.1038/s41388-020-1198-3","https://www.ncbi.nlm.nih.gov/geo/query/acc.cgi?acc=gse121362","gse121362","gse121362","","gse121362",NA,"yes",TRUE,"numbat",TRUE,TRUE,"acc_nr",NA,NA,"FALSE",NA,"FALSE",NA,NA,NA
1825,"10.1038/s41416-020-0751-8","10.1038/s41416-020-0751-8","https://www.ncbi.nlm.nih.gov/geo/query/acc.cgi?acc=gse122399","gse122399","gse122399","","gse122399",NA,"yes",TRUE,"numbat",TRUE,TRUE,"acc_nr",NA,NA,"FALSE",NA,"FALSE",NA,NA,NA
52,"10.1182/bloodadvances.2022007714","10.1182/bloodadvances.2022007714","https://www.ncbi.nlm.nih.gov/geo/query/acc.cgi?acc=gse122467","gse122467","gse122467","","gse122467",NA,"yes",TRUE,"numbat",TRUE,TRUE,"acc_nr","FALSE","FALSE","FALSE","gene expression omnibus (geo)","TRUE","no_statement_no_data",2019,"no license"
1645,"10.1038/s41586-021-03583-3","10.1038/s41586-021-03583-3","https://www.ncbi.nlm.nih.gov/geo/query/acc.cgi?acc=gse122505","gse122505","gse122505","","gse122505",NA,"yes",TRUE,"numbat",TRUE,TRUE,"acc_nr",NA,NA,"FALSE",NA,"FALSE",NA,2019,"no license"
1861,"10.1038/s41586-020-2968-3","10.1038/s41586-020-2968-3","https://www.ncbi.nlm.nih.gov/geo/query/acc.cgi?acc=gse123417","gse123417","gse123417","","gse123417",NA,"yes",TRUE,"numbat",TRUE,TRUE,"acc_nr",NA,NA,"FALSE",NA,"FALSE",NA,NA,NA
1881,"10.1073/pnas.2008883117","10.1073/pnas.2008883117","https://www.ncbi.nlm.nih.gov/geo/query/acc.cgi?acc=gse123593","gse123593","gse123593","","gse123593",NA,"yes",TRUE,"numbat",TRUE,TRUE,"acc_nr",NA,NA,"FALSE",NA,"FALSE",NA,2020,NA
2048,"10.1111/ajt.16161","10.1111/ajt.16161","https://www.ncbi.nlm.nih.gov/geo/query/acc.cgi?acc=gse124203","gse124203","gse124203","","gse124203",NA,"yes",TRUE,"numbat",TRUE,TRUE,"acc_nr","FALSE","TRUE","FALSE","gene expression omnibus (geo)","TRUE",NA,2019,NA
1835,"10.1038/s41467-020-14777-0","10.1038/s41467-020-14777-0","https://www.ncbi.nlm.nih.gov/geo/query/acc.cgi?acc=gse124425","gse124425","gse124425","","gse124425",NA,"yes",TRUE,"numbat",TRUE,TRUE,"acc_nr",NA,NA,"FALSE",NA,"FALSE",NA,NA,NA
1403,"10.3389/fimmu.2020.613496","10.3389/fimmu.2020.613496","https://www.ncbi.nlm.nih.gov/geo/query/acc.cgi?acc=gse124719","gse124719","gse124719","","gse124719",NA,"yes",TRUE,"numbat",TRUE,TRUE,"acc_nr",NA,NA,"FALSE",NA,"FALSE",NA,2020,"no license"
2078,"10.1038/s41598-019-56994-8","10.1038/s41598-019-56994-8","https://www.ncbi.nlm.nih.gov/geo/query/acc.cgi?acc=gse124719","gse124719","gse124719","","gse124719",NA,"yes",TRUE,"numbat",TRUE,TRUE,"acc_nr",NA,NA,"FALSE",NA,"FALSE",NA,2020,NA
837,"10.1158/0008-5472.can-21-1621","10.1158/0008-5472.can-21-1621","https://www.ncbi.nlm.nih.gov/geo/query/acc.cgi?acc=gse125059","gse125059","gse125059","","gse125059",NA,"yes",TRUE,"numbat",TRUE,TRUE,"acc_nr",NA,NA,"FALSE",NA,"FALSE","yes",NA,"no license"
1207,"10.1158/0008-5472.can-21-2576","10.1158/0008-5472.can-21-2576","https://www.ncbi.nlm.nih.gov/geo/query/acc.cgi?acc=gse125117","gse125117","gse125117","","gse125117",NA,"yes",TRUE,"numbat",TRUE,TRUE,"acc_nr",NA,NA,"FALSE",NA,"FALSE","yes",NA,"no license"
1860,"10.1038/s41586-020-2882-8","10.1038/s41586-020-2882-8","https://www.ncbi.nlm.nih.gov/geo/query/acc.cgi?acc=gse125521","gse125521","gse125521","","gse125521",NA,"yes",TRUE,"numbat",TRUE,TRUE,"acc_nr","FALSE","FALSE","FALSE","gene expression omnibus (geo)","TRUE",NA,2020,NA
1909,"10.1158/0008-5472.can-19-1493","10.1158/0008-5472.can-19-1493","https://www.ncbi.nlm.nih.gov/geo/query/acc.cgi?acc=gse126033","gse126033","gse126033","","gse126033",NA,"yes",TRUE,"numbat",TRUE,TRUE,"acc_nr",NA,NA,"FALSE",NA,"FALSE",NA,2019,NA
389,"10.1182/blood.2022017230","10.1182/blood.2022017230","https://www.ncbi.nlm.nih.gov/geo/query/acc.cgi?acc=gse126595","gse126595","gse126595","","gse126595",NA,"yes",TRUE,"numbat",TRUE,TRUE,"acc_nr",NA,NA,"FALSE",NA,"FALSE","yes",NA,"no license"
2010,"10.1111/nan.12655","10.1111/nan.12655","https://www.ncbi.nlm.nih.gov/geo/query/acc.cgi?acc=gse127255","gse127255","gse127255","","gse127255",NA,"yes",TRUE,"numbat",TRUE,TRUE,"acc_nr",NA,NA,"FALSE",NA,"FALSE",NA,NA,NA
124,"10.1073/pnas.2122053120","10.1073/pnas.2122053120","https://www.ncbi.nlm.nih.gov/geo/query/acc.cgi?acc=gse127787","gse127787","gse127787","","gse127787",NA,"yes",TRUE,"numbat",TRUE,TRUE,"acc_nr",NA,NA,"FALSE",NA,"FALSE","yes",NA,"no license"
1484,"10.1038/s41556-021-00637-6","10.1038/s41556-021-00637-6","https://www.ncbi.nlm.nih.gov/geo/query/acc.cgi?acc=gse128636","gse128636","gse128636","","gse128636",NA,"yes",TRUE,"numbat",TRUE,TRUE,"acc_nr",NA,NA,"FALSE",NA,"FALSE",NA,NA,"no license"
2042,"10.1038/s41467-019-13960-2","10.1038/s41467-019-13960-2","https://www.ncbi.nlm.nih.gov/geo/query/acc.cgi?acc=gse128837","gse128837","gse128837","","gse128837",NA,"yes",TRUE,"numbat",TRUE,TRUE,"acc_nr",NA,NA,"FALSE",NA,"FALSE",NA,NA,NA
1148,"10.1038/s41467-021-27634-5","10.1038/s41467-021-27634-5","https://www.ncbi.nlm.nih.gov/geo/query/acc.cgi?acc=gse129205","gse129205","gse129205","","gse129205",NA,"yes",TRUE,"numbat",TRUE,TRUE,"acc_nr",NA,NA,"FALSE",NA,"FALSE","yes",NA,"no license"
1886,"10.1084/jem.20191933","10.1084/jem.20191933","https://www.ncbi.nlm.nih.gov/geo/query/acc.cgi?acc=gse129262","gse129262","gse129262","","gse129262",NA,"yes",TRUE,"numbat",TRUE,TRUE,"acc_nr",NA,NA,"FALSE",NA,"FALSE",NA,NA,NA
1899,"10.1126/science.aax5863","10.1126/science.aax5863","https://www.ncbi.nlm.nih.gov/geo/query/acc.cgi?acc=gse129636","gse129636","gse129636","","gse129636",NA,"yes",TRUE,"numbat",TRUE,TRUE,"acc_nr",NA,NA,"FALSE",NA,"FALSE",NA,NA,NA
1677,"10.3389/fimmu.2021.535039","10.3389/fimmu.2021.535039","https://www.ncbi.nlm.nih.gov/geo/query/acc.cgi?acc=gse129772","gse129772","gse129772","","gse129772",NA,"yes",TRUE,"numbat",TRUE,TRUE,"acc_nr",NA,NA,"FALSE",NA,"FALSE",NA,NA,"no license"
1802,"10.1016/j.cell.2020.07.038","10.1016/j.cell.2020.07.038","https://www.ncbi.nlm.nih.gov/geo/query/acc.cgi?acc=gse129978","gse129978","gse129978","","gse129978",NA,"yes",TRUE,"numbat",TRUE,TRUE,"acc_nr",NA,NA,"FALSE",NA,"FALSE",NA,NA,NA
1890,"10.1093/nar/gkz1238","10.1093/nar/gkz1238","https://www.ncbi.nlm.nih.gov/geo/query/acc.cgi?acc=gse131255","gse131255","gse131255","","gse131255",NA,"yes",TRUE,"numbat",TRUE,TRUE,"acc_nr",NA,NA,"FALSE",NA,"FALSE",NA,2020,NA
1223,"10.1182/blood.2021015036","10.1182/blood.2021015036","https://www.ncbi.nlm.nih.gov/geo/query/acc.cgi?acc=gse132396","gse132396","gse132396","","gse132396",NA,"yes",TRUE,"numbat",TRUE,TRUE,"acc_nr",NA,NA,"FALSE",NA,"FALSE","no_statement_no_data",NA,"no license"
292,"10.1002/hep.32776","10.1002/hep.32776","https://www.ncbi.nlm.nih.gov/geo/query/acc.cgi?acc=gse132662","gse132662","gse132662","","gse132662",NA,"yes",TRUE,"numbat",TRUE,TRUE,"acc_nr","FALSE","FALSE","FALSE","gene expression omnibus (geo)","TRUE","yes",2019,"no license"
1932,"10.18632/oncotarget.27636","10.18632/oncotarget.27636","https://www.ncbi.nlm.nih.gov/geo/query/acc.cgi?acc=gse133014","gse133014","gse133014","","gse133014",NA,"yes",TRUE,"numbat",TRUE,TRUE,"acc_nr",NA,NA,"FALSE",NA,"FALSE",NA,NA,NA
1994,"10.1158/2159-8290.cd-20-1202","10.1158/2159-8290.cd-20-1202","https://www.ncbi.nlm.nih.gov/geo/query/acc.cgi?acc=gse134092","gse134092","gse134092","","gse134092",NA,"yes",TRUE,"numbat",TRUE,TRUE,"acc_nr",NA,NA,"FALSE",NA,"FALSE",NA,NA,NA
1806,"10.1016/j.celrep.2020.107652","10.1016/j.celrep.2020.107652","https://www.ncbi.nlm.nih.gov/geo/query/acc.cgi?acc=gse134131","gse134131","gse134131","","gse134131",NA,"yes",TRUE,"numbat",TRUE,TRUE,"acc_nr",NA,NA,"FALSE",NA,"FALSE",NA,NA,NA
1844,"10.1038/s41467-020-17467-z","10.1038/s41467-020-17467-z","https://www.ncbi.nlm.nih.gov/geo/query/acc.cgi?acc=gse134753","gse134753","gse134753","","gse134753",NA,"yes",TRUE,"numbat",TRUE,TRUE,"acc_nr",NA,NA,"FALSE",NA,"FALSE",NA,NA,NA
1811,"10.1016/j.cels.2020.10.001","10.1016/j.cels.2020.10.001","https://www.ncbi.nlm.nih.gov/geo/query/acc.cgi?acc=gse134869","gse134869","gse134869","","gse134869",NA,"yes",TRUE,"numbat",TRUE,TRUE,"acc_nr",NA,NA,"FALSE",NA,"FALSE",NA,NA,NA
1603,"10.1016/j.molcel.2020.11.037","10.1016/j.molcel.2020.11.037","https://www.ncbi.nlm.nih.gov/geo/query/acc.cgi?acc=gse136199","gse136199","gse136199","","gse136199",NA,"yes",TRUE,"numbat",TRUE,TRUE,"acc_nr",NA,NA,"FALSE",NA,"FALSE",NA,NA,"no license"
1988,"10.1186/s13072-020-00345-9","10.1186/s13072-020-00345-9","https://www.ncbi.nlm.nih.gov/geo/query/acc.cgi?acc=gse136264","gse136264","gse136264","","gse136264",NA,"yes",TRUE,"numbat",TRUE,TRUE,"acc_nr",NA,NA,"FALSE",NA,"FALSE",NA,NA,NA
709,"10.1038/s41467-022-29176-w","10.1038/s41467-022-29176-w","https://www.ncbi.nlm.nih.gov/geo/query/acc.cgi?acc=gse136660","gse136660","gse136660","","gse136660",NA,"yes",TRUE,"numbat",TRUE,TRUE,"acc_nr",NA,NA,"FALSE",NA,"FALSE","yes",NA,"no license"
1925,"10.1371/journal.pbio.3000722","10.1371/journal.pbio.3000722","https://www.ncbi.nlm.nih.gov/geo/query/acc.cgi?acc=gse136662","gse136662","gse136662","","gse136662",NA,"yes",TRUE,"numbat",TRUE,TRUE,"acc_nr",NA,NA,"FALSE",NA,"FALSE",NA,NA,NA
1482,"10.1038/s41586-021-03208-9","10.1038/s41586-021-03208-9","https://www.ncbi.nlm.nih.gov/geo/query/acc.cgi?acc=gse137335","gse137335","gse137335","","gse137335",NA,"yes",TRUE,"numbat",TRUE,TRUE,"acc_nr",NA,NA,"FALSE",NA,"FALSE",NA,NA,"no license"
1914,"10.1164/rccm.201910-2063oc","10.1164/rccm.201910-2063oc","https://www.ncbi.nlm.nih.gov/geo/query/acc.cgi?acc=gse137421","gse137421","gse137421","","gse137421",NA,"yes",TRUE,"numbat",TRUE,TRUE,"acc_nr",NA,NA,"FALSE",NA,"FALSE",NA,NA,NA
1900,"10.1126/science.aaz5875","10.1126/science.aaz5875","https://www.ncbi.nlm.nih.gov/geo/query/acc.cgi?acc=gse137515","gse137515","gse137515","","gse137515",NA,"yes",TRUE,"numbat",TRUE,TRUE,"acc_nr",NA,NA,"FALSE",NA,"FALSE",NA,NA,NA
625,"10.1016/j.celrep.2023.112533","10.1016/j.celrep.2023.112533","https://www.ncbi.nlm.nih.gov/geo/query/acc.cgi?acc=gse138329","gse138329","gse138329","","gse138329",NA,"yes",TRUE,"numbat",TRUE,TRUE,"acc_nr",NA,NA,"FALSE",NA,"FALSE","yes",NA,"no license"
2051,"10.3390/cells9010186","10.3390/cells9010186","https://www.ncbi.nlm.nih.gov/geo/query/acc.cgi?acc=gse138532","gse138532","gse138532","","gse138532",NA,"yes",TRUE,"numbat",TRUE,TRUE,"acc_nr","FALSE","FALSE","FALSE","gene expression omnibus (geo)","TRUE",NA,2020,NA
894,"10.3389/fcell.2022.1025332","10.3389/fcell.2022.1025332","https://www.ncbi.nlm.nih.gov/geo/query/acc.cgi?acc=gse139101","gse139101","gse139101","","gse139101",NA,"yes",TRUE,"numbat",TRUE,TRUE,"acc_nr",NA,NA,"FALSE",NA,"FALSE","yes",NA,"no license"
1840,"10.1038/s41467-020-16464-6","10.1038/s41467-020-16464-6","https://www.ncbi.nlm.nih.gov/geo/query/acc.cgi?acc=gse140133","gse140133","gse140133","","gse140133",NA,"yes",TRUE,"numbat",TRUE,TRUE,"acc_nr",NA,NA,"FALSE",NA,"FALSE",NA,2020,NA
1532,"10.1038/s42003-021-02495-2","10.1038/s42003-021-02495-2","https://www.ncbi.nlm.nih.gov/geo/query/acc.cgi?acc=gse140383","gse140383","gse140383","","gse140383",NA,"yes",TRUE,"numbat",TRUE,TRUE,"acc_nr",NA,NA,"FALSE",NA,"FALSE",NA,NA,"no license"
1560,"10.1038/s41467-020-20603-4","10.1038/s41467-020-20603-4","https://www.ncbi.nlm.nih.gov/geo/query/acc.cgi?acc=gse140686","gse140686","gse140686","","gse140686",NA,"yes",TRUE,"numbat",TRUE,TRUE,"acc_nr","FALSE","TRUE","FALSE","gene expression omnibus (geo)","TRUE",NA,2020,"no license"
819,"10.1002/hep.32320","10.1002/hep.32320","https://www.ncbi.nlm.nih.gov/geo/query/acc.cgi?acc=gse140742","gse140742","gse140742","","gse140742",NA,"yes",TRUE,"numbat",TRUE,TRUE,"acc_nr",NA,NA,"FALSE",NA,"FALSE","no_statement_no_data",NA,"no license"
1504,"10.1038/s41467-021-21162-y","10.1038/s41467-021-21162-y","https://www.ncbi.nlm.nih.gov/geo/query/acc.cgi?acc=gse140929","gse140929","gse140929","","gse140929",NA,"yes",TRUE,"numbat",TRUE,TRUE,"acc_nr",NA,NA,"FALSE",NA,"FALSE",NA,NA,"no license"
1901,"10.1126/science.aba4937","10.1126/science.aba4937","https://www.ncbi.nlm.nih.gov/geo/query/acc.cgi?acc=gse141175","gse141175","gse141175","","gse141175",NA,"yes",TRUE,"numbat",TRUE,TRUE,"acc_nr",NA,NA,"FALSE",NA,"FALSE",NA,NA,NA
1950,"10.3390/ijms21020373","10.3390/ijms21020373","https://www.ncbi.nlm.nih.gov/geo/query/acc.cgi?acc=gse141217","gse141217","gse141217","","gse141217",NA,"yes",TRUE,"numbat",TRUE,TRUE,"acc_nr",NA,NA,"FALSE",NA,"FALSE",NA,NA,NA
1916,"10.1182/blood.2020005244","10.1182/blood.2020005244","https://www.ncbi.nlm.nih.gov/geo/query/acc.cgi?acc=gse141454","gse141454","gse141454","","gse141454",NA,"yes",TRUE,"numbat",TRUE,TRUE,"acc_nr",NA,NA,"FALSE",NA,"FALSE",NA,NA,NA
1582,"10.1016/j.immuni.2021.07.019","10.1016/j.immuni.2021.07.019","https://www.ncbi.nlm.nih.gov/geo/query/acc.cgi?acc=gse141504","gse141504","gse141504","","gse141504",NA,"yes",TRUE,"numbat",TRUE,TRUE,"acc_nr",NA,NA,"FALSE",NA,"FALSE",NA,NA,"no license"
1094,"10.1186/s13148-022-01406-4","10.1186/s13148-022-01406-4","https://www.ncbi.nlm.nih.gov/geo/query/acc.cgi?acc=gse141660","gse141660","gse141660","","gse141660",NA,"yes",TRUE,"numbat",TRUE,TRUE,"acc_nr",NA,NA,"FALSE",NA,"FALSE","yes",NA,"no license"
1319,"10.1186/s13073-021-00926-7","10.1186/s13073-021-00926-7","https://www.ncbi.nlm.nih.gov/geo/query/acc.cgi?acc=gse141861","gse141861","gse141861","","gse141861",NA,"yes",TRUE,"numbat",TRUE,TRUE,"acc_nr",NA,NA,"FALSE",NA,"FALSE",NA,NA,"no license"
1887,"10.1084/jem.20200137","10.1084/jem.20200137","https://www.ncbi.nlm.nih.gov/geo/query/acc.cgi?acc=gse141876","gse141876","gse141876","","gse141876",NA,"yes",TRUE,"numbat",TRUE,TRUE,"acc_nr",NA,NA,"FALSE",NA,"FALSE",NA,NA,NA
692,"10.1073/pnas.2120680119","10.1073/pnas.2120680119","https://www.ncbi.nlm.nih.gov/geo/query/acc.cgi?acc=gse142503","gse142503","gse142503","","gse142503",NA,"yes",TRUE,"numbat",TRUE,TRUE,"acc_nr",NA,NA,"FALSE",NA,"FALSE","yes",NA,"no license"
1866,"10.1038/s41592-020-0965-y","10.1038/s41592-020-0965-y","https://www.ncbi.nlm.nih.gov/geo/query/acc.cgi?acc=gse142696","gse142696","gse142696","","gse142696",NA,"yes",TRUE,"numbat",TRUE,TRUE,"acc_nr","FALSE","TRUE","FALSE","gene expression omnibus (geo)","TRUE",NA,2019,NA
1997,"10.1038/s41596-020-0333-5","10.1038/s41596-020-0333-5","https://www.ncbi.nlm.nih.gov/geo/query/acc.cgi?acc=gse142696","gse142696","gse142696","","gse142696",NA,"yes",TRUE,"numbat",TRUE,TRUE,"acc_nr","FALSE","TRUE","FALSE","gene expression omnibus (geo)","TRUE",NA,2019,NA
1885,"10.1084/jem.20190133","10.1084/jem.20190133","https://www.ncbi.nlm.nih.gov/geo/query/acc.cgi?acc=gse143522","gse143522","gse143522","","gse143522",NA,"yes",TRUE,"numbat",TRUE,TRUE,"acc_nr",NA,NA,"FALSE",NA,"FALSE",NA,NA,NA
189,"10.1038/s41467-023-41502-4","10.1038/s41467-023-41502-4","https://www.ncbi.nlm.nih.gov/geo/query/acc.cgi?acc=gse143796","gse143796","gse143796","","gse143796",NA,"yes",TRUE,"numbat",TRUE,TRUE,"acc_nr",NA,NA,"FALSE","gene expression omnibus (geo)","TRUE","yes",2020,"no license"
1949,"10.3390/ijms21217944","10.3390/ijms21217944","https://www.ncbi.nlm.nih.gov/geo/query/acc.cgi?acc=gse143796","gse143796","gse143796","","gse143796",NA,"yes",TRUE,"numbat",TRUE,TRUE,"acc_nr",NA,NA,"FALSE","gene expression omnibus (geo)","TRUE",NA,2020,NA
2029,"10.7554/elife.52549","10.7554/elife.52549","https://www.ncbi.nlm.nih.gov/geo/query/acc.cgi?acc=gse143867","gse143867","gse143867","","gse143867",NA,"yes",TRUE,"numbat",TRUE,TRUE,"acc_nr",NA,NA,"FALSE",NA,"FALSE",NA,NA,NA
1480,"10.1038/s41586-021-03844-1","10.1038/s41586-021-03844-1","https://www.ncbi.nlm.nih.gov/geo/query/acc.cgi?acc=gse144103","gse144103","gse144103","","gse144103",NA,"yes",TRUE,"numbat",TRUE,TRUE,"acc_nr",NA,NA,"FALSE",NA,"FALSE",NA,NA,"no license"
1818,"10.1016/j.stem.2020.07.018","10.1016/j.stem.2020.07.018","https://www.ncbi.nlm.nih.gov/geo/query/acc.cgi?acc=gse144273","gse144273","gse144273","","gse144273",NA,"yes",TRUE,"numbat",TRUE,TRUE,"acc_nr",NA,NA,"FALSE",NA,"FALSE",NA,NA,NA
1650,"10.1038/s43018-020-00171-8","10.1038/s43018-020-00171-8","https://www.ncbi.nlm.nih.gov/geo/query/acc.cgi?acc=gse144288","gse144288","gse144288","","gse144288",NA,"yes",TRUE,"numbat",TRUE,TRUE,"acc_nr",NA,NA,"FALSE",NA,"FALSE",NA,NA,"no license"
1854,"10.1038/s41556-020-0529-5","10.1038/s41556-020-0529-5","https://www.ncbi.nlm.nih.gov/geo/query/acc.cgi?acc=gse144397","gse144397","gse144397","","gse144397",NA,"yes",TRUE,"numbat",TRUE,TRUE,"acc_nr",NA,NA,"FALSE",NA,"FALSE",NA,NA,NA
1853,"10.1038/s41541-020-0177-6","10.1038/s41541-020-0177-6","https://www.ncbi.nlm.nih.gov/geo/query/acc.cgi?acc=gse144542","gse144542","gse144542","","gse144542",NA,"yes",TRUE,"numbat",TRUE,TRUE,"acc_nr",NA,NA,"FALSE",NA,"FALSE",NA,NA,NA
1945,"10.7554/elife.58659","10.7554/elife.58659","https://www.ncbi.nlm.nih.gov/geo/query/acc.cgi?acc=gse144682","gse144682","gse144682","","gse144682",NA,"yes",TRUE,"numbat",TRUE,TRUE,"acc_nr",NA,NA,"FALSE",NA,"FALSE",NA,NA,NA
917,"10.1158/0008-5472.can-20-3209","10.1158/0008-5472.can-20-3209","https://www.ncbi.nlm.nih.gov/geo/query/acc.cgi?acc=gse144798","gse144798","gse144798","","gse144798",NA,"yes",TRUE,"numbat",TRUE,TRUE,"acc_nr",NA,NA,"FALSE",NA,"FALSE","yes",NA,"no license"
713,"10.1172/jci151363","10.1172/jci151363","https://www.ncbi.nlm.nih.gov/geo/query/acc.cgi?acc=gse145087","gse145087","gse145087","","gse145087",NA,"yes",TRUE,"numbat",TRUE,TRUE,"acc_nr",NA,NA,"FALSE",NA,"FALSE","yes",NA,"no license"
1767,"10.1038/s41586-021-03233-8","10.1038/s41586-021-03233-8","https://www.ncbi.nlm.nih.gov/geo/query/acc.cgi?acc=gse145104","gse145104","gse145104","","gse145104",NA,"yes",TRUE,"numbat",TRUE,TRUE,"acc_nr",NA,NA,"FALSE",NA,"FALSE",NA,NA,"no license"
1913,"10.1161/circulationaha.119.044794","10.1161/circulationaha.119.044794","https://www.ncbi.nlm.nih.gov/geo/query/acc.cgi?acc=gse145350","gse145350","gse145350","","gse145350",NA,"yes",TRUE,"numbat",TRUE,TRUE,"acc_nr",NA,NA,"FALSE",NA,"FALSE",NA,NA,NA
1891,"10.1093/nargab/lqaa036","10.1093/nargab/lqaa036","https://www.ncbi.nlm.nih.gov/geo/query/acc.cgi?acc=gse145530","gse145530","gse145530","","gse145530",NA,"yes",TRUE,"numbat",TRUE,TRUE,"acc_nr",NA,NA,"FALSE",NA,"FALSE",NA,NA,NA
778,"10.1016/j.molmet.2022.101626","10.1016/j.molmet.2022.101626","https://www.ncbi.nlm.nih.gov/geo/query/acc.cgi?acc=gse146049","gse146049","gse146049","","gse146049",NA,"yes",TRUE,"numbat",TRUE,TRUE,"acc_nr",NA,NA,"FALSE",NA,"FALSE","yes_statement_no_data",NA,"no license"
641,"10.1038/s41375-022-01751-6","10.1038/s41375-022-01751-6","https://www.ncbi.nlm.nih.gov/geo/query/acc.cgi?acc=gse146173","gse146173","gse146173","","gse146173",NA,"yes",TRUE,"numbat",TRUE,TRUE,"acc_nr","FALSE","TRUE","FALSE","gene expression omnibus (geo)","TRUE","yes",2020,"no license"
1971,"10.1038/s41375-020-0839-4","10.1038/s41375-020-0839-4","https://www.ncbi.nlm.nih.gov/geo/query/acc.cgi?acc=gse146173","gse146173","gse146173","","gse146173",NA,"yes",TRUE,"numbat",TRUE,TRUE,"acc_nr","FALSE","TRUE","FALSE","gene expression omnibus (geo)","TRUE",NA,2020,NA
1397,"10.3389/fgene.2020.562434","10.3389/fgene.2020.562434","https://www.ncbi.nlm.nih.gov/geo/query/acc.cgi?acc=gse146284","gse146284","gse146284","","gse146284",NA,"yes",TRUE,"numbat",TRUE,TRUE,"acc_nr",NA,NA,"FALSE",NA,"FALSE",NA,NA,"no license"
1186,"10.1126/scisignal.abc4520","10.1126/scisignal.abc4520","https://www.ncbi.nlm.nih.gov/geo/query/acc.cgi?acc=gse146479","gse146479","gse146479","","gse146479",NA,"yes",TRUE,"numbat",TRUE,TRUE,"acc_nr",NA,NA,"FALSE",NA,"FALSE","yes",NA,"no license"
1822,"10.1038/s41388-020-01465-y","10.1038/s41388-020-01465-y","https://www.ncbi.nlm.nih.gov/geo/query/acc.cgi?acc=gse146975","gse146975","gse146975","","gse146975",NA,"restricted",TRUE,"numbat",TRUE,TRUE,"acc_nr",NA,NA,"FALSE",NA,"FALSE",NA,NA,NA
2045,"10.1093/nar/gkaa1089","10.1093/nar/gkaa1089","https://www.ncbi.nlm.nih.gov/geo/query/acc.cgi?acc=gse147270","gse147270","gse147270","","gse147270",NA,"yes",TRUE,"numbat",TRUE,TRUE,"acc_nr",NA,NA,"FALSE",NA,"FALSE",NA,NA,NA
562,"10.1016/j.neo.2023.100934","10.1016/j.neo.2023.100934","https://www.ncbi.nlm.nih.gov/geo/query/acc.cgi?acc=gse14764","gse14764","gse14764","","gse14764",NA,"yes",TRUE,"numbat",TRUE,TRUE,"acc_nr","FALSE","TRUE","FALSE","gene expression omnibus (geo)","TRUE","no_statement_no_data",2009,"no license"
1934,"10.26508/lsa.201900601","10.26508/lsa.201900601","https://www.ncbi.nlm.nih.gov/geo/query/acc.cgi?acc=gse147642","gse147642","gse147642","","gse147642",NA,"yes",TRUE,"numbat",TRUE,TRUE,"acc_nr",NA,NA,"FALSE",NA,"FALSE",NA,NA,NA
1651,"10.1073/pnas.2014481118","10.1073/pnas.2014481118","https://www.ncbi.nlm.nih.gov/geo/query/acc.cgi?acc=gse147722","gse147722","gse147722","","gse147722",NA,"yes",TRUE,"numbat",TRUE,TRUE,"acc_nr",NA,NA,"FALSE",NA,"FALSE",NA,NA,"no license"
1663,"10.1126/sciimmunol.abh0891","10.1126/sciimmunol.abh0891","https://www.ncbi.nlm.nih.gov/geo/query/acc.cgi?acc=gse148163","gse148163","gse148163","","gse148163",NA,"yes",TRUE,"numbat",TRUE,TRUE,"acc_nr",NA,NA,"FALSE",NA,"FALSE",NA,2021,"no license"
684,"10.1038/s41467-022-30322-7","10.1038/s41467-022-30322-7","https://www.ncbi.nlm.nih.gov/geo/query/acc.cgi?acc=gse148258","gse148258","gse148258","","gse148258",NA,"yes",TRUE,"numbat",TRUE,TRUE,"acc_nr",NA,NA,"FALSE",NA,"FALSE","yes",NA,"no license"
1852,"10.1038/s41467-020-20222-z","10.1038/s41467-020-20222-z","https://www.ncbi.nlm.nih.gov/geo/query/acc.cgi?acc=gse148394","gse148394","gse148394","","gse148394",NA,"yes",TRUE,"numbat",TRUE,TRUE,"acc_nr",NA,NA,"FALSE",NA,"FALSE",NA,NA,NA
1864,"10.1038/s41590-020-0707-4","10.1038/s41590-020-0707-4","https://www.ncbi.nlm.nih.gov/geo/query/acc.cgi?acc=gse148405","gse148405","gse148405","","gse148405",NA,"yes",TRUE,"numbat",TRUE,TRUE,"acc_nr",NA,NA,"FALSE",NA,"FALSE",NA,NA,NA
1915,"10.1172/jci137786","10.1172/jci137786","https://www.ncbi.nlm.nih.gov/geo/query/acc.cgi?acc=gse148669","gse148669","gse148669","","gse148669",NA,"yes",TRUE,"numbat",TRUE,TRUE,"acc_nr",NA,NA,"FALSE",NA,"FALSE",NA,NA,NA
1812,"10.1016/j.ebiom.2020.102970","10.1016/j.ebiom.2020.102970","https://www.ncbi.nlm.nih.gov/geo/query/acc.cgi?acc=gse148720","gse148720","gse148720","","gse148720",NA,"yes",TRUE,"numbat",TRUE,TRUE,"acc_nr",NA,NA,"FALSE",NA,"FALSE",NA,NA,NA
1515,"10.1016/j.isci.2021.102151","10.1016/j.isci.2021.102151","https://www.ncbi.nlm.nih.gov/geo/query/acc.cgi?acc=gse148729","gse148729","gse148729","","gse148729",NA,"yes",TRUE,"numbat",TRUE,TRUE,"acc_nr","TRUE","TRUE","FALSE","gene expression omnibus (geo)","TRUE",NA,2020,"no license"
1714,"10.1038/s41467-021-24007-w","10.1038/s41467-021-24007-w","https://www.ncbi.nlm.nih.gov/geo/query/acc.cgi?acc=gse148729","gse148729","gse148729","","gse148729",NA,"yes",TRUE,"numbat",TRUE,TRUE,"acc_nr","TRUE","TRUE","FALSE","gene expression omnibus (geo)","TRUE",NA,2020,"no license"
1475,"10.1038/s41586-021-04081-2","10.1038/s41586-021-04081-2","https://www.ncbi.nlm.nih.gov/geo/query/acc.cgi?acc=gse148792","gse148792","gse148792","","gse148792",NA,"yes",TRUE,"numbat",TRUE,TRUE,"acc_nr",NA,NA,"FALSE",NA,"FALSE",NA,NA,"no license"
1037,"10.1038/s41467-022-30618-8","10.1038/s41467-022-30618-8","https://www.ncbi.nlm.nih.gov/geo/query/acc.cgi?acc=gse148804","gse148804","gse148804","","gse148804",NA,"yes",TRUE,"numbat",TRUE,TRUE,"acc_nr",NA,NA,"FALSE",NA,"FALSE","yes",NA,"no license"
1571,"10.1038/s41467-021-23596-w","10.1038/s41467-021-23596-w","https://www.ncbi.nlm.nih.gov/geo/query/acc.cgi?acc=gse149025","gse149025","gse149025","","gse149025",NA,"yes",TRUE,"numbat",TRUE,TRUE,"acc_nr",NA,NA,"FALSE",NA,"FALSE",NA,NA,"no license"
1912,"10.1161/circulationaha.119.042863","10.1161/circulationaha.119.042863","https://www.ncbi.nlm.nih.gov/geo/query/acc.cgi?acc=gse149070","gse149070","gse149070","","gse149070",NA,"yes",TRUE,"numbat",TRUE,TRUE,"acc_nr",NA,NA,"FALSE",NA,"FALSE",NA,NA,NA
2005,"10.1016/j.celrep.2020.108184","10.1016/j.celrep.2020.108184","http://www.ncbi.nlm.nih.gov/geo/query/acc.cgi?acc=gse149371","gse149371","gse149371","","gse149371",NA,"yes",TRUE,"numbat",TRUE,TRUE,"acc_nr",NA,NA,"FALSE",NA,"FALSE",NA,NA,NA
1535,"10.1038/s41590-020-00817-w","10.1038/s41590-020-00817-w","https://www.ncbi.nlm.nih.gov/geo/query/acc.cgi?acc=gse150305","gse150305","gse150305","","gse150305",NA,"yes",TRUE,"numbat",TRUE,TRUE,"acc_nr","FALSE","TRUE","FALSE","gene expression omnibus (geo)","TRUE",NA,2020,"no license"
1879,"10.1073/pnas.2002481117","10.1073/pnas.2002481117","https://www.ncbi.nlm.nih.gov/geo/query/acc.cgi?acc=gse150753","gse150753","gse150753","","gse150753",NA,"yes",TRUE,"numbat",TRUE,TRUE,"acc_nr",NA,NA,"FALSE",NA,"FALSE",NA,NA,NA
1017,"10.1073/pnas.2201883119","10.1073/pnas.2201883119","https://www.ncbi.nlm.nih.gov/geo/query/acc.cgi?acc=gse150907","gse150907","gse150907","","gse150907",NA,"yes",TRUE,"numbat",TRUE,TRUE,"acc_nr",NA,NA,"FALSE",NA,"FALSE","yes",NA,"no license"
2072,"10.1172/jci138760","10.1172/jci138760","https://www.ncbi.nlm.nih.gov/geo/query/acc.cgi?acc=gse151285","gse151285","gse151285","","gse151285",NA,"yes",TRUE,"numbat",TRUE,TRUE,"acc_nr",NA,NA,"FALSE",NA,"FALSE",NA,NA,NA
1636,"10.1016/j.stem.2021.03.017","10.1016/j.stem.2021.03.017","https://www.ncbi.nlm.nih.gov/geo/query/acc.cgi?acc=gse151333","gse151333","gse151333","","gse151333",NA,"yes",TRUE,"numbat",TRUE,TRUE,"acc_nr","FALSE","FALSE","FALSE","gene expression omnibus (geo)","TRUE",NA,2020,"no license"
1200,"10.1242/dev.199853","10.1242/dev.199853","https://www.ncbi.nlm.nih.gov/geo/query/acc.cgi?acc=gse152199","gse152199","gse152199","","gse152199",NA,"yes",TRUE,"numbat",TRUE,TRUE,"acc_nr",NA,NA,"FALSE",NA,"FALSE","yes",NA,"no license"
1499,"10.1038/s41467-021-22117-z","10.1038/s41467-021-22117-z","https://www.ncbi.nlm.nih.gov/geo/query/acc.cgi?acc=gse152915","gse152915","gse152915","","gse152915",NA,"yes",TRUE,"numbat",TRUE,TRUE,"acc_nr",NA,NA,"FALSE",NA,"FALSE",NA,NA,"no license"
1774,"10.1038/s41587-021-00879-7","10.1038/s41587-021-00879-7","https://www.ncbi.nlm.nih.gov/geo/query/acc.cgi?acc=gse152989","gse152989","gse152989","","gse152989",NA,"yes",TRUE,"numbat",TRUE,TRUE,"acc_nr",NA,NA,"FALSE",NA,"FALSE",NA,NA,"no license"
1385,"10.15252/emmm.202013659","10.15252/emmm.202013659","https://www.ncbi.nlm.nih.gov/geo/query/acc.cgi?acc=gse153105","gse153105","gse153105","","gse153105",NA,"yes",TRUE,"numbat",TRUE,TRUE,"acc_nr","FALSE","TRUE","FALSE","gene expression omnibus (geo)","TRUE",NA,2021,"no license"
1717,"10.1038/s41588-021-00863-6","10.1038/s41588-021-00863-6","https://www.ncbi.nlm.nih.gov/geo/query/acc.cgi?acc=gse153403","gse153403","gse153403","","gse153403",NA,"yes",TRUE,"numbat",TRUE,TRUE,"acc_nr",NA,NA,"FALSE",NA,"FALSE",NA,NA,"no license"
696,"10.1038/s41467-022-28809-4","10.1038/s41467-022-28809-4","https://www.ncbi.nlm.nih.gov/geo/query/acc.cgi?acc=gse153666","gse153666","gse153666","","gse153666",NA,"yes",TRUE,"numbat",TRUE,TRUE,"acc_nr",NA,NA,"FALSE",NA,"FALSE","yes",NA,"no license"
1391,"10.26508/lsa.202001002","10.26508/lsa.202001002","https://www.ncbi.nlm.nih.gov/geo/query/acc.cgi?acc=gse153894","gse153894","gse153894","","gse153894",NA,"yes",TRUE,"numbat",TRUE,TRUE,"acc_nr",NA,NA,"FALSE",NA,"FALSE",NA,NA,"no license"
1778,"10.1038/s41591-020-01227-z","10.1038/s41591-020-01227-z","https://www.ncbi.nlm.nih.gov/geo/query/acc.cgi?acc=gse154027","gse154027","gse154027","","gse154027",NA,"yes",TRUE,"numbat",TRUE,TRUE,"acc_nr",NA,NA,"FALSE",NA,"FALSE",NA,NA,"no license"
1489,"10.1038/s41467-021-26777-9","10.1038/s41467-021-26777-9","https://www.ncbi.nlm.nih.gov/geo/query/acc.cgi?acc=gse154803","gse154803","gse154803","","gse154803",NA,"yes",TRUE,"numbat",TRUE,TRUE,"acc_nr",NA,NA,"FALSE",NA,"FALSE",NA,NA,"no license"
1910,"10.1158/1055-9965.epi-20-0739","10.1158/1055-9965.epi-20-0739","https://www.ncbi.nlm.nih.gov/geo/query/acc.cgi?acc=gse155328","gse155328","gse155328","","gse155328",NA,"yes",TRUE,"numbat",TRUE,TRUE,"acc_nr",NA,NA,"FALSE",NA,"FALSE",NA,NA,NA
1413,"10.3389/fonc.2021.647737","10.3389/fonc.2021.647737","https://www.ncbi.nlm.nih.gov/geo/query/acc.cgi?acc=gse155945","gse155945","gse155945","","gse155945",NA,"yes",TRUE,"numbat",TRUE,TRUE,"acc_nr","FALSE","FALSE","FALSE","gene expression omnibus (geo)","TRUE",NA,2021,"no license"
1539,"10.1038/s41587-021-00927-2","10.1038/s41587-021-00927-2","https://www.ncbi.nlm.nih.gov/geo/query/acc.cgi?acc=gse156478","gse156478","gse156478","","gse156478",NA,"yes",TRUE,"numbat",TRUE,TRUE,"acc_nr","FALSE","TRUE","FALSE","gene expression omnibus (geo)","TRUE",NA,2020,"no license"
1384,"10.15252/emmm.202013191","10.15252/emmm.202013191","https://www.ncbi.nlm.nih.gov/geo/query/acc.cgi?acc=gse156544","gse156544","gse156544","","gse156544",NA,"yes",TRUE,"numbat",TRUE,TRUE,"acc_nr","TRUE","TRUE","FALSE","gene expression omnibus (geo)","TRUE",NA,2021,"no license"
1671,"10.1371/journal.pgen.1009250","10.1371/journal.pgen.1009250","https://www.ncbi.nlm.nih.gov/geo/query/acc.cgi?acc=gse157285","gse157285","gse157285","","gse157285",NA,"yes",TRUE,"numbat",TRUE,TRUE,"acc_nr",NA,NA,"FALSE",NA,"FALSE",NA,NA,"no license"
869,"10.1038/s41587-021-01065-5","10.1038/s41587-021-01065-5","https://www.ncbi.nlm.nih.gov/geo/query/acc.cgi?acc=gse157486","gse157486","gse157486","","gse157486",NA,"yes",TRUE,"numbat",TRUE,TRUE,"acc_nr",NA,NA,"FALSE",NA,"FALSE","yes",NA,"no license"
1737,"10.1016/j.jcmgh.2021.02.002","10.1016/j.jcmgh.2021.02.002","https://www.ncbi.nlm.nih.gov/geo/query/acc.cgi?acc=gse157820","gse157820","gse157820","","gse157820",NA,"yes",TRUE,"numbat",TRUE,TRUE,"acc_nr",NA,NA,"FALSE",NA,"FALSE",NA,NA,"no license"
1497,"10.1038/s41467-021-22210-3","10.1038/s41467-021-22210-3","https://www.ncbi.nlm.nih.gov/geo/query/acc.cgi?acc=gse158038","gse158038","gse158038","","gse158038",NA,"yes",TRUE,"numbat",TRUE,TRUE,"acc_nr",NA,NA,"FALSE",NA,"FALSE",NA,NA,"no license"
2,"10.1016/j.celrep.2023.112269","10.1016/j.celrep.2023.112269","https://www.ncbi.nlm.nih.gov/geo/query/acc.cgi?acc=gse158174","gse158174","gse158174","","gse158174",NA,"yes",TRUE,"numbat",TRUE,TRUE,"acc_nr",NA,NA,"FALSE",NA,"FALSE","yes",NA,"no license"
1057,"10.1126/scitranslmed.abe5795","10.1126/scitranslmed.abe5795","https://www.ncbi.nlm.nih.gov/geo/query/acc.cgi?acc=gse158183","gse158183","gse158183","","gse158183",NA,"yes",TRUE,"numbat",TRUE,TRUE,"acc_nr",NA,NA,"FALSE",NA,"FALSE","yes",NA,"no license"
1882,"10.1073/pnas.2013542117","10.1073/pnas.2013542117","https://www.ncbi.nlm.nih.gov/geo/query/acc.cgi?acc=gse158312","gse158312","gse158312","","gse158312",NA,"yes",TRUE,"numbat",TRUE,TRUE,"acc_nr",NA,NA,"FALSE",NA,"FALSE",NA,NA,NA
1591,"10.1126/sciadv.abg5174","10.1126/sciadv.abg5174","https://www.ncbi.nlm.nih.gov/geo/query/acc.cgi?acc=gse158577","gse158577","gse158577","","gse158577",NA,"yes",TRUE,"numbat",TRUE,TRUE,"acc_nr",NA,NA,"FALSE",NA,"FALSE",NA,NA,"no license"
1307,"10.1182/bloodadvances.2020003230","10.1182/bloodadvances.2020003230","https://www.ncbi.nlm.nih.gov/geo/query/acc.cgi?acc=gse158596","gse158596","gse158596","","gse158596",NA,"yes",TRUE,"numbat",TRUE,TRUE,"acc_nr","FALSE","TRUE","FALSE","gene expression omnibus (geo)","TRUE",NA,2021,"no license"
1862,"10.1038/s41586-020-3018-x","10.1038/s41586-020-3018-x","https://www.ncbi.nlm.nih.gov/geo/query/acc.cgi?acc=gse158731","gse158731","gse158731","","gse158731",NA,"yes",TRUE,"numbat",TRUE,TRUE,"acc_nr",NA,NA,"FALSE",NA,"FALSE",NA,NA,NA
1700,"10.15252/embj.2019104296","10.15252/embj.2019104296","https://www.ncbi.nlm.nih.gov/geo/query/acc.cgi?acc=gse158743","gse158743","gse158743","","gse158743",NA,"yes",TRUE,"numbat",TRUE,TRUE,"acc_nr","FALSE","TRUE","FALSE","gene expression omnibus (geo)","TRUE",NA,2020,"no license"
1760,"10.1038/s41467-021-25379-9","10.1038/s41467-021-25379-9","https://www.ncbi.nlm.nih.gov/geo/query/acc.cgi?acc=gse158916","gse158916","gse158916","","gse158916",NA,"yes",TRUE,"numbat",TRUE,TRUE,"acc_nr",NA,NA,"FALSE",NA,"FALSE",NA,NA,"no license"
1741,"10.1016/j.stem.2021.11.003","10.1016/j.stem.2021.11.003","https://www.ncbi.nlm.nih.gov/geo/query/acc.cgi?acc=gse159082","gse159082","gse159082","","gse159082",NA,"yes",TRUE,"numbat",TRUE,TRUE,"acc_nr",NA,NA,"FALSE",NA,"FALSE",NA,NA,"no license"
146,"10.1186/s13287-023-03519-w","10.1186/s13287-023-03519-w","https://www.ncbi.nlm.nih.gov/geo/query/acc.cgi?acc=gse159315","gse159315","gse159315","","gse159315",NA,"yes",TRUE,"numbat",TRUE,TRUE,"acc_nr",NA,NA,"FALSE",NA,"FALSE","yes",NA,"no license"
1286,"10.1101/gr.269233.120","10.1101/gr.269233.120","https://www.ncbi.nlm.nih.gov/geo/query/acc.cgi?acc=gse159907","gse159907","gse159907","","gse159907",NA,"yes",TRUE,"numbat",TRUE,TRUE,"acc_nr",NA,NA,"FALSE",NA,"FALSE",NA,NA,"no license"
1389,"10.1681/asn.2020040490","10.1681/asn.2020040490","https://www.ncbi.nlm.nih.gov/geo/query/acc.cgi?acc=gse159978","gse159978","gse159978","","gse159978",NA,"yes",TRUE,"numbat",TRUE,TRUE,"acc_nr",NA,NA,"FALSE",NA,"FALSE",NA,NA,"no license"
1770,"10.1038/s41586-021-04116-8","10.1038/s41586-021-04116-8","https://www.ncbi.nlm.nih.gov/geo/query/acc.cgi?acc=gse159986","gse159986","gse159986","","gse159986",NA,"yes",TRUE,"numbat",TRUE,TRUE,"acc_nr",NA,NA,"FALSE",NA,"FALSE",NA,2020,"no license"
511,"10.1002/eji.202250162","10.1002/eji.202250162","https://www.ncbi.nlm.nih.gov/geo/query/acc.cgi?acc=gse160097","gse160097","gse160097","","gse160097",NA,"yes",TRUE,"numbat",TRUE,TRUE,"acc_nr","FALSE","TRUE","FALSE","gene expression omnibus (geo)","TRUE","yes_statement_no_data",2020,"no license"
1597,"10.1002/eji.202048797","10.1002/eji.202048797","https://www.ncbi.nlm.nih.gov/geo/query/acc.cgi?acc=gse160097","gse160097","gse160097","","gse160097",NA,"yes",TRUE,"numbat",TRUE,TRUE,"acc_nr","FALSE","TRUE","FALSE","gene expression omnibus (geo)","TRUE",NA,2020,"no license"
1654,"10.1073/pnas.2108157118","10.1073/pnas.2108157118","https://www.ncbi.nlm.nih.gov/geo/query/acc.cgi?acc=gse160294","gse160294","gse160294","","gse160294",NA,"yes",TRUE,"numbat",TRUE,TRUE,"acc_nr",NA,NA,"FALSE",NA,"FALSE",NA,NA,"no license"
693,"10.1038/s41467-022-32320-1","10.1038/s41467-022-32320-1","https://www.ncbi.nlm.nih.gov/gds/?term=gse160301[accession]","gse160301[accession]","gse160301[accession]","gse160301","gse160301",NA,"yes",TRUE,"numbat",TRUE,TRUE,"acc_nr",NA,NA,"FALSE",NA,"FALSE","yes",NA,"no license"
1989,"10.1016/j.celrep.2020.108533","10.1016/j.celrep.2020.108533","https://www.ncbi.nlm.nih.gov/geo/query/acc.cgi?acc=gse160524","gse160524","gse160524","","gse160524",NA,"yes",TRUE,"numbat",TRUE,TRUE,"acc_nr",NA,NA,"FALSE",NA,"FALSE",NA,NA,NA
903,"10.1177/00220345211017510","10.1177/00220345211017510","https://www.ncbi.nlm.nih.gov/geo/query/acc.cgi?acc=gse160672","gse160672","gse160672","","gse160672",NA,"yes",TRUE,"numbat",TRUE,TRUE,"acc_nr",NA,NA,"FALSE",NA,"FALSE","yes",NA,"no license"
815,"10.1093/nar/gkac1206","10.1093/nar/gkac1206","https://www.ncbi.nlm.nih.gov/geo/query/acc.cgi?acc=gse160709","gse160709","gse160709","","gse160709",NA,"yes",TRUE,"numbat",TRUE,TRUE,"acc_nr",NA,NA,"FALSE",NA,"FALSE","yes",NA,"no license"
1380,"10.15252/embj.2020105123","10.15252/embj.2020105123","https://www.ncbi.nlm.nih.gov/geo/query/acc.cgi?acc=gse160845","gse160845","gse160845","","gse160845",NA,"yes",TRUE,"numbat",TRUE,TRUE,"acc_nr",NA,NA,"FALSE",NA,"FALSE",NA,2021,"no license"
1067,"10.1038/s41598-022-07059-w","10.1038/s41598-022-07059-w","https://www.ncbi.nlm.nih.gov/geo/query/acc.cgi?acc=gse161173","gse161173","gse161173","","gse161173",NA,"yes",TRUE,"numbat",TRUE,TRUE,"acc_nr",NA,NA,"FALSE",NA,"FALSE","yes",NA,"no license"
1465,"10.1038/s41590-021-01029-6","10.1038/s41590-021-01029-6","https://www.ncbi.nlm.nih.gov/geo/query/acc.cgi?acc=gse161441","gse161441","gse161441","","gse161441",NA,"yes",TRUE,"numbat",TRUE,TRUE,"acc_nr",NA,NA,"FALSE",NA,"FALSE",NA,NA,"no license"
1948,"10.3390/ijms21238898","10.3390/ijms21238898","https://www.ncbi.nlm.nih.gov/geo/query/acc.cgi?acc=gse161585","gse161585","gse161585","","gse161585",NA,"yes",TRUE,"numbat",TRUE,TRUE,"acc_nr",NA,NA,"FALSE",NA,"FALSE",NA,NA,NA
1715,"10.1038/s41467-021-25030-7","10.1038/s41467-021-25030-7","https://www.ncbi.nlm.nih.gov/geo/query/acc.cgi?acc=gse162208","gse162208","gse162208","","gse162208",NA,"yes",TRUE,"numbat",TRUE,TRUE,"acc_nr","TRUE","FALSE","FALSE","gene expression omnibus (geo)","TRUE",NA,2020,"no license"
645,"10.1038/s41467-022-28515-1","10.1038/s41467-022-28515-1","https://www.ncbi.nlm.nih.gov/geo/query/acc.cgi?acc=gse162403","gse162403","gse162403","","gse162403",NA,"yes",TRUE,"numbat",TRUE,TRUE,"acc_nr",NA,NA,"FALSE",NA,"FALSE","yes",NA,"no license"
1157,"10.1016/j.stem.2021.11.003","10.1016/j.stem.2021.11.003","https://www.ncbi.nlm.nih.gov/geo/query/acc.cgi?acc=gse162827","gse162827","gse162827","","gse162827",NA,"yes",TRUE,"numbat",TRUE,TRUE,"acc_nr",NA,NA,"FALSE",NA,"FALSE","yes",NA,"no license"
1439,"10.3390/ijms22010462","10.3390/ijms22010462","https://www.ncbi.nlm.nih.gov/geo/query/acc.cgi?acc=gse163168","gse163168","gse163168","","gse163168",NA,"yes",TRUE,"numbat",TRUE,TRUE,"acc_nr",NA,NA,"FALSE",NA,"FALSE",NA,NA,"no license"
872,"10.1038/s42255-022-00584-y","10.1038/s42255-022-00584-y","https://www.ncbi.nlm.nih.gov/geo/query/acc.cgi?acc=gse163459","gse163459","gse163459","","gse163459",NA,"yes",TRUE,"numbat",TRUE,TRUE,"acc_nr",NA,NA,"FALSE",NA,"FALSE","yes",NA,"no license"
1322,"10.1186/s13148-021-01176-5","10.1186/s13148-021-01176-5","https://www.ncbi.nlm.nih.gov/geo/query/acc.cgi?acc=gse163521","gse163521","gse163521","","gse163521",NA,"yes",TRUE,"numbat",TRUE,TRUE,"acc_nr",NA,NA,"FALSE",NA,"FALSE",NA,NA,"no license"
212,"10.1158/2643-3230.bcd-22-0082","10.1158/2643-3230.bcd-22-0082","https://www.ncbi.nlm.nih.gov/geo/query/acc.cgi?acc=gse163579","gse163579","gse163579","","gse163579",NA,"yes",TRUE,"numbat",TRUE,TRUE,"acc_nr",NA,NA,"FALSE",NA,"FALSE","yes",NA,"no license"
1297,"10.1158/2159-8290.cd-21-0276","10.1158/2159-8290.cd-21-0276","https://www.ncbi.nlm.nih.gov/geo/query/acc.cgi?acc=gse163579","gse163579","gse163579","","gse163579",NA,"yes",TRUE,"numbat",TRUE,TRUE,"acc_nr",NA,NA,"FALSE",NA,"FALSE",NA,NA,"no license"
888,"10.1002/hep.32456","10.1002/hep.32456","https://www.ncbi.nlm.nih.gov/geo/query/acc.cgi?acc=gse163777","gse163777","gse163777","","gse163777",NA,"yes",TRUE,"numbat",TRUE,TRUE,"acc_nr",NA,NA,"FALSE",NA,"FALSE","yes",NA,"no license"
12,"10.1038/s41564-023-01405-y","10.1038/s41564-023-01405-y","https://www.ncbi.nlm.nih.gov/geo/query/acc.cgi?acc=gse163952","gse163952","gse163952","","gse163952",NA,"yes",TRUE,"numbat",TRUE,TRUE,"acc_nr",NA,NA,"FALSE",NA,"FALSE","yes",NA,"no license"
373,"10.1016/j.cell.2023.04.012","10.1016/j.cell.2023.04.012","https://www.ncbi.nlm.nih.gov/geo/query/acc.cgi?acc=gse163952","gse163952","gse163952","","gse163952",NA,"yes",TRUE,"numbat",TRUE,TRUE,"acc_nr",NA,NA,"FALSE",NA,"FALSE","yes",NA,"no license"
695,"10.1038/s41467-022-28626-9","10.1038/s41467-022-28626-9","https://www.ncbi.nlm.nih.gov/geo/query/acc.cgi?acc=gse164986","gse164986","gse164986","","gse164986",NA,"yes",TRUE,"numbat",TRUE,TRUE,"acc_nr",NA,NA,"FALSE",NA,"FALSE","yes",NA,"no license"
1025,"10.15252/embj.2021109996","10.15252/embj.2021109996","https://www.ncbi.nlm.nih.gov/geo/query/acc.cgi?acc=gse165028","gse165028","gse165028","","gse165028",NA,"yes",TRUE,"numbat",TRUE,TRUE,"acc_nr",NA,NA,"FALSE",NA,"FALSE","yes",NA,"no license"
1315,"10.1186/s13024-021-00498-5","10.1186/s13024-021-00498-5","https://www.ncbi.nlm.nih.gov/geo/query/acc.cgi?acc=gse165263","gse165263","gse165263","","gse165263",NA,"yes",TRUE,"numbat",TRUE,TRUE,"acc_nr",NA,NA,"FALSE",NA,"FALSE",NA,NA,"no license"
1561,"10.1038/s41467-021-22579-1","10.1038/s41467-021-22579-1","https://www.ncbi.nlm.nih.gov/geo/query/acc.cgi?acc=gse165329","gse165329","gse165329","","gse165329",NA,"yes",TRUE,"numbat",TRUE,TRUE,"acc_nr",NA,NA,"FALSE",NA,"FALSE",NA,NA,"no license"
1300,"10.1158/2326-6066.cir-20-0555","10.1158/2326-6066.cir-20-0555","https://www.ncbi.nlm.nih.gov/geo/query/acc.cgi?acc=gse165332","gse165332","gse165332","","gse165332",NA,"yes",TRUE,"numbat",TRUE,TRUE,"acc_nr",NA,NA,"FALSE",NA,"FALSE",NA,NA,"no license"
1669,"10.1182/bloodadvances.2021004335","10.1182/bloodadvances.2021004335","https://www.ncbi.nlm.nih.gov/geo/query/acc.cgi?acc=gse165499","gse165499","gse165499","","gse165499",NA,"yes",TRUE,"numbat",TRUE,TRUE,"acc_nr",NA,NA,"FALSE",NA,"FALSE",NA,NA,"no license"
1478,"10.1038/s41586-021-03995-1","10.1038/s41586-021-03995-1","https://www.ncbi.nlm.nih.gov/geo/query/acc.cgi?acc=gse165532","gse165532","gse165532","","gse165532",NA,"yes",TRUE,"numbat",TRUE,TRUE,"acc_nr",NA,NA,"FALSE",NA,"FALSE",NA,NA,"no license"
1540,"10.1038/s41586-021-04136-4","10.1038/s41586-021-04136-4","https://www.ncbi.nlm.nih.gov/geo/query/acc.cgi?acc=gse165580","gse165580","gse165580","","gse165580",NA,"yes",TRUE,"numbat",TRUE,TRUE,"acc_nr",NA,NA,"FALSE",NA,"FALSE",NA,NA,"no license"
927,"10.1016/j.celrep.2022.110910","10.1016/j.celrep.2022.110910","https://www.ncbi.nlm.nih.gov/geo/query/acc.cgi?acc=gse165699","gse165699","gse165699","","gse165699",NA,"yes",TRUE,"numbat",TRUE,TRUE,"acc_nr",NA,NA,"FALSE",NA,"FALSE","yes",NA,"no license"
394,"10.1038/s41592-023-01903-1","10.1038/s41592-023-01903-1","https://www.ncbi.nlm.nih.gov/geo/query/acc.cgi?acc=gse166381","gse166381","gse166381","","gse166381",NA,"yes",TRUE,"numbat",TRUE,TRUE,"acc_nr",NA,NA,"FALSE",NA,"FALSE","yes",NA,"no license"
1356,"10.1371/journal.pone.0247738","10.1371/journal.pone.0247738","https://www.ncbi.nlm.nih.gov/geo/query/acc.cgi?acc=gse166400","gse166400","gse166400","","gse166400",NA,"yes",TRUE,"numbat",TRUE,TRUE,"acc_nr",NA,NA,"FALSE",NA,"FALSE",NA,NA,"no license"
1611,"10.1038/s43018-021-00201-z","10.1038/s43018-021-00201-z","https://www.ncbi.nlm.nih.gov/geo/query/acc.cgi?acc=gse166420","gse166420","gse166420","","gse166420",NA,"yes",TRUE,"numbat",TRUE,TRUE,"acc_nr",NA,NA,"FALSE",NA,"FALSE",NA,NA,"no license"
1387,"10.15252/emmm.202114123","10.15252/emmm.202114123","https://www.ncbi.nlm.nih.gov/geo/query/acc.cgi?acc=gse166555","gse166555","gse166555","","gse166555",NA,"yes",TRUE,"numbat",TRUE,TRUE,"acc_nr","FALSE","TRUE","FALSE","gene expression omnibus (geo)","TRUE",NA,2021,"no license"
102,"10.1016/j.immuni.2023.05.017","10.1016/j.immuni.2023.05.017","https://www.ncbi.nlm.nih.gov/geo/query/acc.cgi?acc=gse166875","gse166875","gse166875","","gse166875",NA,"yes",TRUE,"numbat",TRUE,TRUE,"acc_nr",NA,NA,"FALSE",NA,"FALSE","yes",NA,"no license"
832,"10.1016/j.molcel.2021.11.023","10.1016/j.molcel.2021.11.023","https://www.ncbi.nlm.nih.gov/geo/query/acc.cgi?acc=gse167358","gse167358","gse167358","","gse167358",NA,"yes",TRUE,"numbat",TRUE,TRUE,"acc_nr",NA,NA,"FALSE",NA,"FALSE","yes",NA,"no license"
214,"10.15252/embr.202255363","10.15252/embr.202255363","https://www.ncbi.nlm.nih.gov/geo/query/acc.cgi?acc=gse167382","gse167382","gse167382","","gse167382",NA,"yes",TRUE,"numbat",TRUE,TRUE,"acc_nr",NA,NA,"FALSE",NA,"FALSE","yes",2022,"no license"
924,"10.1038/s41467-022-33165-4","10.1038/s41467-022-33165-4","https://www.ncbi.nlm.nih.gov/geo/query/acc.cgi?acc=gse167561","gse167561","gse167561","","gse167561",NA,"yes",TRUE,"numbat",TRUE,TRUE,"acc_nr",NA,NA,"FALSE",NA,"FALSE","yes",NA,"no license"
1227,"10.1681/asn.2021030286","10.1681/asn.2021030286","https://www.ncbi.nlm.nih.gov/geo/query/acc.cgi?acc=gse167928","gse167928","gse167928","","gse167928",NA,"yes",TRUE,"numbat",TRUE,TRUE,"acc_nr",NA,NA,"FALSE",NA,"FALSE","no_statement_no_data",NA,"no license"
1625,"10.3389/fcvm.2021.725203","10.3389/fcvm.2021.725203","https://www.ncbi.nlm.nih.gov/geo/query/acc.cgi?acc=gse167972","gse167972","gse167972","","gse167972",NA,"restricted",TRUE,"numbat",TRUE,TRUE,"acc_nr",NA,NA,"FALSE",NA,"FALSE",NA,NA,"NULL"
826,"10.1126/sciadv.abi6672","10.1126/sciadv.abi6672","https://ncbi.nlm.nih.gov/geo/query/acc.cgi?acc=gse168268","gse168268","gse168268","","gse168268",NA,"yes",TRUE,"numbat",TRUE,TRUE,"acc_nr",NA,NA,"FALSE",NA,"FALSE","yes",NA,"no license"
735,"10.7554/elife.73012","10.7554/elife.73012","https://www.ncbi.nlm.nih.gov/geo/query/acc.cgi?acc=gse168400","gse168400","gse168400","","gse168400",NA,"yes",TRUE,"numbat",TRUE,TRUE,"acc_nr",NA,NA,"FALSE",NA,"FALSE","yes",NA,"no license"
1308,"10.1183/13993003.01470-2021","10.1183/13993003.01470-2021","https://www.ncbi.nlm.nih.gov/geo/query/acc.cgi?acc=gse168499","gse168499","gse168499","","gse168499",NA,"yes",TRUE,"numbat",TRUE,TRUE,"acc_nr",NA,NA,"FALSE",NA,"FALSE",NA,NA,"no license"
1289,"10.1111/nan.12741","10.1111/nan.12741","https://www.ncbi.nlm.nih.gov/geo/query/acc.cgi?acc=gse168808","gse168808","gse168808","","gse168808",NA,"yes",TRUE,"numbat",TRUE,TRUE,"acc_nr",NA,NA,"FALSE",NA,"FALSE",NA,2021,"no license"
1203,"10.1182/blood.2020007932","10.1182/blood.2020007932","https://www.ncbi.nlm.nih.gov/geo/query/acc.cgi?acc=gse168866","gse168866","gse168866","","gse168866",NA,"yes",TRUE,"numbat",TRUE,TRUE,"acc_nr",NA,NA,"FALSE",NA,"FALSE","no_statement_no_data",NA,"no license"
1447,"10.3390/toxins13080520","10.3390/toxins13080520","https://www.ncbi.nlm.nih.gov/geo/query/acc.cgi?acc=gse169213","gse169213","gse169213","","gse169213",NA,"yes",TRUE,"numbat",TRUE,TRUE,"acc_nr",NA,NA,"FALSE",NA,"FALSE",NA,NA,"no license"
1507,"10.1007/s00401-021-02300-8","10.1007/s00401-021-02300-8","https://www.ncbi.nlm.nih.gov/geo/query/acc.cgi?acc=gse169265","gse169265","gse169265","","gse169265",NA,"yes",TRUE,"numbat",TRUE,TRUE,"acc_nr",NA,NA,"FALSE",NA,"FALSE",NA,NA,"no license"
1035,"10.1038/s41594-022-00882-9","10.1038/s41594-022-00882-9","https://www.ncbi.nlm.nih.gov/geo/query/acc.cgi?acc=gse169457","gse169457","gse169457","","gse169457",NA,"yes",TRUE,"numbat",TRUE,TRUE,"acc_nr",NA,NA,"FALSE",NA,"FALSE","yes",NA,"no license"
988,"10.1038/s41588-022-01117-9","10.1038/s41588-022-01117-9","https://www.ncbi.nlm.nih.gov/geo/query/acc.cgi?acc=gse169561","gse169561","gse169561","","gse169561",NA,"yes",TRUE,"numbat",TRUE,TRUE,"acc_nr",NA,NA,"FALSE",NA,"FALSE","yes",NA,"no license"
1588,"10.1073/pnas.2020293118","10.1073/pnas.2020293118","https://www.ncbi.nlm.nih.gov/geo/query/acc.cgi?acc=gse171099","gse171099","gse171099","","gse171099",NA,"yes",TRUE,"numbat",TRUE,TRUE,"acc_nr",NA,NA,"FALSE",NA,"FALSE",NA,NA,"no license"
876,"10.1371/journal.ppat.1010193","10.1371/journal.ppat.1010193","https://www.ncbi.nlm.nih.gov/geo/query/acc.cgi?acc=gse171149","gse171149","gse171149","","gse171149",NA,"yes",TRUE,"numbat",TRUE,TRUE,"acc_nr",NA,NA,"FALSE",NA,"FALSE","yes",NA,"no license"
60,"10.1038/s41590-023-01517-x","10.1038/s41590-023-01517-x","https://www.ncbi.nlm.nih.gov/geo/query/acc.cgi?acc=gse171690","gse171690","gse171690","","gse171690",NA,"yes",TRUE,"numbat",TRUE,TRUE,"acc_nr",NA,NA,"FALSE",NA,"FALSE","yes",NA,"no license"
1628,"10.3390/ijms22115547","10.3390/ijms22115547","https://www.ncbi.nlm.nih.gov/geo/query/acc.cgi?acc=gse171965","gse171965","gse171965","","gse171965",NA,"yes",TRUE,"numbat",TRUE,TRUE,"acc_nr",NA,NA,"FALSE",NA,"FALSE",NA,NA,"no license"
1120,"10.1002/path.5845","10.1002/path.5845","https://www.ncbi.nlm.nih.gov/geo/query/acc.cgi?acc=gse171994","gse171994","gse171994","","gse171994",NA,"yes",TRUE,"numbat",TRUE,TRUE,"acc_nr",NA,NA,"FALSE",NA,"FALSE","yes",NA,"no license"
294,"10.1002/glia.24274","10.1002/glia.24274","https://www.ncbi.nlm.nih.gov/geo/query/acc.cgi?acc=gse172284","gse172284","gse172284","","gse172284",NA,"yes",TRUE,"numbat",TRUE,TRUE,"acc_nr",NA,NA,"FALSE",NA,"FALSE","yes",2022,"no license"
358,"10.1038/s41586-023-06585-5","10.1038/s41586-023-06585-5","https://www.ncbi.nlm.nih.gov/geo/query/acc.cgi?acc=gse172415","gse172415","gse172415","","gse172415",NA,"yes",TRUE,"numbat",TRUE,TRUE,"acc_nr",NA,NA,"FALSE",NA,"FALSE","yes",NA,"no license"
747,"10.1038/s41467-022-28569-1","10.1038/s41467-022-28569-1","https://www.ncbi.nlm.nih.gov/geo/query/acc.cgi?acc=gse172426","gse172426","gse172426","","gse172426",NA,"yes",TRUE,"numbat",TRUE,TRUE,"acc_nr",NA,NA,"FALSE",NA,"FALSE","yes",NA,"no license"
1735,"10.1016/j.jbc.2021.101224","10.1016/j.jbc.2021.101224","https://www.ncbi.nlm.nih.gov/geo/query/acc.cgi?acc=gse173204","gse173204","gse173204","","gse173204",NA,"yes",TRUE,"numbat",TRUE,TRUE,"acc_nr",NA,NA,"FALSE",NA,"FALSE",NA,NA,"no license"
970,"10.1172/jci.insight.149228","10.1172/jci.insight.149228","https://www.ncbi.nlm.nih.gov/geo/query/acc.cgi?acc=gse173378","gse173378","gse173378","","gse173378",NA,"yes",TRUE,"numbat",TRUE,TRUE,"acc_nr",NA,NA,"FALSE",NA,"FALSE","no_statement_no_data",NA,"no license"
796,"10.1172/jci.insight.154395","10.1172/jci.insight.154395","https://www.ncbi.nlm.nih.gov/geo/query/acc.cgi?acc=gse173610","gse173610","gse173610","","gse173610",NA,"yes",TRUE,"numbat",TRUE,TRUE,"acc_nr","FALSE","TRUE","FALSE",NA,"FALSE","no_statement_no_data",2021,"no license"
1710,"10.1016/j.dib.2021.107320","10.1016/j.dib.2021.107320","https://www.ncbi.nlm.nih.gov/geo/query/acc.cgi?acc=gse173610","gse173610","gse173610","","gse173610",NA,"yes",TRUE,"numbat",TRUE,TRUE,"acc_nr","FALSE","TRUE","FALSE",NA,"FALSE",NA,2021,"no license"
1739,"10.1016/j.nbd.2021.105391","10.1016/j.nbd.2021.105391","https://www.ncbi.nlm.nih.gov/geo/query/acc.cgi?acc=gse173610","gse173610","gse173610","","gse173610",NA,"yes",TRUE,"numbat",TRUE,TRUE,"acc_nr","FALSE","TRUE","FALSE",NA,"FALSE",NA,2021,"no license"
2099,"10.1016/j.dib.2021.107320","10.1016/j.dib.2021.107320","gse173610","gse173610","gse173610","","gse173610",NA,NA,TRUE,"data_articles",TRUE,TRUE,"acc_nr","FALSE","TRUE","FALSE",NA,"FALSE",NA,2021,NA
349,"10.1038/s41588-023-01433-8","10.1038/s41588-023-01433-8","https://www.ncbi.nlm.nih.gov/geo/query/acc.cgi?acc=gse173936","gse173936","gse173936","","gse173936",NA,"yes",TRUE,"numbat",TRUE,TRUE,"acc_nr",NA,NA,"FALSE",NA,"FALSE","yes",NA,"no license"
1023,"10.1126/sciimmunol.abj0140","10.1126/sciimmunol.abj0140","https://www.ncbi.nlm.nih.gov/geo/query/acc.cgi?acc=gse173970","gse173970","gse173970","","gse173970",NA,"yes",TRUE,"numbat",TRUE,TRUE,"acc_nr",NA,NA,"FALSE",NA,"FALSE","yes",NA,"no license"
822,"10.1093/stmcls/sxab014","10.1093/stmcls/sxab014","https://www.ncbi.nlm.nih.gov/geo/query/acc.cgi?acc=gse174021","gse174021","gse174021","","gse174021",NA,"yes",TRUE,"numbat",TRUE,TRUE,"acc_nr",NA,NA,"FALSE",NA,"FALSE","yes_statement_no_data",NA,"no license"
428,"10.1038/s41467-023-38747-4","10.1038/s41467-023-38747-4","https://www.ncbi.nlm.nih.gov/geo/query/acc.cgi?acc=gse174571","gse174571","gse174571","","gse174571",NA,"yes",TRUE,"numbat",TRUE,TRUE,"acc_nr",NA,NA,"FALSE",NA,"FALSE","yes",NA,"no license"
861,"10.1038/s41467-022-30177-y","10.1038/s41467-022-30177-y","https://www.ncbi.nlm.nih.gov/geo/query/acc.cgi?acc=gse174599","gse174599","gse174599","","gse174599",NA,"yes",TRUE,"numbat",TRUE,TRUE,"acc_nr",NA,NA,"FALSE",NA,"FALSE","yes",NA,"no license"
1170,"10.3390/cancers14153745","10.3390/cancers14153745","https://www.ncbi.nlm.nih.gov/geo/query/acc.cgi?acc=gse175509","gse175509","gse175509","","gse175509",NA,"yes",TRUE,"numbat",TRUE,TRUE,"acc_nr",NA,NA,"FALSE",NA,"FALSE","yes_statement_no_data",NA,"no license"
1719,"10.1371/journal.pntd.0009787","10.1371/journal.pntd.0009787","https://www.ncbi.nlm.nih.gov/geo/query/acc.cgi?acc=gse175668","gse175668","gse175668","","gse175668",NA,"yes",TRUE,"numbat",TRUE,TRUE,"acc_nr",NA,NA,"FALSE",NA,"FALSE",NA,NA,"no license"
1293,"10.1136/jitc-2020-002226","10.1136/jitc-2020-002226","https://www.ncbi.nlm.nih.gov/geo/query/acc.cgi?acc=gse175699","gse175699","gse175699","","gse175699",NA,"yes",TRUE,"numbat",TRUE,TRUE,"acc_nr","FALSE","TRUE","FALSE","gene expression omnibus (geo)","TRUE",NA,2021,"no license"
1075,"10.1038/s41467-022-32472-0","10.1038/s41467-022-32472-0","https://www.ncbi.nlm.nih.gov/geo/query/acc.cgi?acc=gse175848","gse175848","gse175848","","gse175848",NA,"yes",TRUE,"numbat",TRUE,TRUE,"acc_nr",NA,NA,"FALSE",NA,"FALSE","yes",NA,"no license"
683,"10.26508/lsa.202101187","10.26508/lsa.202101187","https://www.ncbi.nlm.nih.gov/geo/query/acc.cgi?acc=gse177047","gse177047","gse177047","","gse177047",NA,"yes",TRUE,"numbat",TRUE,TRUE,"acc_nr",NA,NA,"FALSE",NA,"FALSE","yes",NA,"no license"
791,"10.1002/path.5808","10.1002/path.5808","https://www.ncbi.nlm.nih.gov/geo/query/acc.cgi?acc=gse178416","gse178416","gse178416","","gse178416",NA,"yes",TRUE,"numbat",TRUE,TRUE,"acc_nr",NA,NA,"FALSE",NA,"FALSE","yes",NA,"no license"
1433,"10.3390/cells10123293","10.3390/cells10123293","https://www.ncbi.nlm.nih.gov/geo/query/acc.cgi?acc=gse178468","gse178468","gse178468","","gse178468",NA,"yes",TRUE,"numbat",TRUE,TRUE,"acc_nr",NA,NA,"FALSE",NA,"FALSE",NA,NA,"no license"
785,"10.1111/apha.13773","10.1111/apha.13773","https://www.ncbi.nlm.nih.gov/geo/query/acc.cgi?acc=gse178586","gse178586","gse178586","","gse178586",NA,"yes",TRUE,"numbat",TRUE,TRUE,"acc_nr",NA,NA,"FALSE",NA,"FALSE","yes",NA,"no license"
1524,"10.1038/s41375-021-01376-1","10.1038/s41375-021-01376-1","https://www.ncbi.nlm.nih.gov/geo/query/acc.cgi?acc=gse178959","gse178959","gse178959","","gse178959",NA,"yes",TRUE,"numbat",TRUE,TRUE,"acc_nr",NA,NA,"FALSE",NA,"FALSE",NA,NA,"no license"
1160,"10.1038/s41467-021-27704-8","10.1038/s41467-021-27704-8","https://www.ncbi.nlm.nih.gov/geo/query/acc.cgi?acc=gse180052","gse180052","gse180052","","gse180052",NA,"yes",TRUE,"numbat",TRUE,TRUE,"acc_nr",NA,NA,"FALSE",NA,"FALSE","yes",NA,"no license"
1185,"10.1096/fj.202101811rr","10.1096/fj.202101811rr","https://www.ncbi.nlm.nih.gov/geo/query/acc.cgi?acc=gse180216","gse180216","gse180216","","gse180216",NA,"yes",TRUE,"numbat",TRUE,TRUE,"acc_nr",NA,NA,"FALSE",NA,"FALSE","no_statement_no_data",NA,"no license"
1304,"10.1172/jci.insight.150107","10.1172/jci.insight.150107","https://www.ncbi.nlm.nih.gov/geo/query/acc.cgi?acc=gse180557","gse180557","gse180557","","gse180557",NA,"yes",TRUE,"numbat",TRUE,TRUE,"acc_nr",NA,NA,"FALSE",NA,"FALSE",NA,NA,"no license"
647,"10.1038/s41467-022-30438-w","10.1038/s41467-022-30438-w","https://www.ncbi.nlm.nih.gov/geo/query/acc.cgi?acc=gse180861","gse180861","gse180861","","gse180861",NA,"yes",TRUE,"numbat",TRUE,TRUE,"acc_nr",NA,NA,"FALSE",NA,"FALSE","yes",NA,"no license"
1575,"10.1016/j.jaci.2021.07.027","10.1016/j.jaci.2021.07.027","https://www.ncbi.nlm.nih.gov/geo/query/acc.cgi?acc=gse181457","gse181457","gse181457","","gse181457",NA,"yes",TRUE,"numbat",TRUE,TRUE,"acc_nr",NA,NA,"FALSE",NA,"FALSE",NA,NA,"no license"
420,"10.1186/s12943-023-01792-0","10.1186/s12943-023-01792-0","https://www.ncbi.nlm.nih.gov/geo/query/acc.cgi?acc=gse181582","gse181582","gse181582","","gse181582",NA,"yes",TRUE,"numbat",TRUE,TRUE,"acc_nr",NA,NA,"FALSE",NA,"FALSE","yes",NA,"no license"
1093,"10.1182/bloodadvances.2021006088","10.1182/bloodadvances.2021006088","https://www.ncbi.nlm.nih.gov/geo/query/acc.cgi?acc=gse181584","gse181584","gse181584","","gse181584",NA,"yes",TRUE,"numbat",TRUE,TRUE,"acc_nr",NA,NA,"FALSE",NA,"FALSE","no_statement_no_data",NA,"no license"
1762,"10.1038/s41467-021-25728-8","10.1038/s41467-021-25728-8","https://www.ncbi.nlm.nih.gov/geo/query/acc.cgi?acc=gse181599","gse181599","gse181599","","gse181599",NA,"yes",TRUE,"numbat",TRUE,TRUE,"acc_nr",NA,NA,"FALSE",NA,"FALSE",NA,NA,"no license"
1550,"10.1016/j.ccell.2021.08.008","10.1016/j.ccell.2021.08.008","https://www.ncbi.nlm.nih.gov/geo/query/acc.cgi?acc=gse182004","gse182004","gse182004","","gse182004",NA,"yes",TRUE,"numbat",TRUE,TRUE,"acc_nr",NA,NA,"FALSE",NA,"FALSE",NA,NA,"no license"
780,"10.1016/j.devcel.2022.04.010","10.1016/j.devcel.2022.04.010","https://www.ncbi.nlm.nih.gov/geo/query/acc.cgi?acc=gse182257","gse182257","gse182257","","gse182257",NA,"yes",TRUE,"numbat",TRUE,TRUE,"acc_nr",NA,NA,"FALSE",NA,"FALSE","yes",NA,"no license"
499,"10.1126/scitranslmed.abm7477","10.1126/scitranslmed.abm7477","https://www.ncbi.nlm.nih.gov/geo/query/acc.cgi?acc=gse182497","gse182497","gse182497","","gse182497",NA,"yes",TRUE,"numbat",TRUE,TRUE,"acc_nr",NA,NA,"FALSE",NA,"FALSE","yes",NA,"no license"
1406,"10.3389/fimmu.2021.775412","10.3389/fimmu.2021.775412","https://www.ncbi.nlm.nih.gov/geo/query/acc.cgi?acc=gse182644","gse182644","gse182644","","gse182644",NA,"yes",TRUE,"numbat",TRUE,TRUE,"acc_nr",NA,NA,"FALSE",NA,"FALSE",NA,NA,"no license"
829,"10.1038/s41587-022-01210-8","10.1038/s41587-022-01210-8","https://www.ncbi.nlm.nih.gov/geo/query/acc.cgi?acc=gse182685","gse182685","gse182685","","gse182685",NA,"yes",TRUE,"numbat",TRUE,TRUE,"acc_nr",NA,NA,"FALSE",NA,"FALSE","yes",NA,"no license"
1119,"10.1007/s00018-022-04345-8","10.1007/s00018-022-04345-8","https://www.ncbi.nlm.nih.gov/geo/query/acc.cgi?acc=gse183127","gse183127","gse183127","","gse183127",NA,"yes",TRUE,"numbat",TRUE,TRUE,"acc_nr",NA,NA,"FALSE",NA,"FALSE","yes",NA,"no license"
17,"10.1073/pnas.2219439120","10.1073/pnas.2219439120","https://www.ncbi.nlm.nih.gov/geo/query/acc.cgi?acc=gse183177","gse183177","gse183177","","gse183177",NA,"yes",TRUE,"numbat",TRUE,TRUE,"acc_nr",NA,NA,"FALSE",NA,"FALSE","yes",NA,"no license"
1569,"10.1038/s41467-021-26844-1","10.1038/s41467-021-26844-1","https://www.ncbi.nlm.nih.gov/geo/query/acc.cgi?acc=gse183598","gse183598","gse183598","","gse183598",NA,"yes",TRUE,"numbat",TRUE,TRUE,"acc_nr",NA,NA,"FALSE",NA,"FALSE",NA,NA,"no license"
704,"10.1038/s41586-022-05344-2","10.1038/s41586-022-05344-2","https://www.ncbi.nlm.nih.gov/geo/query/acc.cgi?acc=gse184287","gse184287","gse184287","","gse184287",NA,"yes",TRUE,"numbat",TRUE,TRUE,"acc_nr",NA,NA,"FALSE",NA,"FALSE","yes",NA,"no license"
1474,"10.1038/s41586-021-04142-6","10.1038/s41586-021-04142-6","https://www.ncbi.nlm.nih.gov/geo/query/acc.cgi?acc=gse184329","gse184329","gse184329","","gse184329",NA,"yes",TRUE,"numbat",TRUE,TRUE,"acc_nr",NA,NA,"FALSE",NA,"FALSE",NA,NA,"no license"
1132,"10.1038/s41598-022-08846-1","10.1038/s41598-022-08846-1","https://www.ncbi.nlm.nih.gov/geo/query/acc.cgi?acc=gse184723","gse184723","gse184723","","gse184723",NA,"yes",TRUE,"numbat",TRUE,TRUE,"acc_nr",NA,NA,"FALSE",NA,"FALSE","yes",NA,"no license"
1607,"10.1016/j.omtm.2021.09.019","10.1016/j.omtm.2021.09.019","https://www.ncbi.nlm.nih.gov/geo/query/acc.cgi?acc=gse184895","gse184895","gse184895","","gse184895",NA,"yes",TRUE,"numbat",TRUE,TRUE,"acc_nr",NA,NA,"FALSE",NA,"FALSE",NA,NA,"no license"
879,"10.1093/neuonc/noac088","10.1093/neuonc/noac088","https://www.ncbi.nlm.nih.gov/geo/query/acc.cgi?acc=gse184900","gse184900","gse184900","","gse184900",NA,"yes",TRUE,"numbat",TRUE,TRUE,"acc_nr",NA,NA,"FALSE",NA,"FALSE","yes",NA,"no license"
302,"10.1038/s41592-023-01986-w","10.1038/s41592-023-01986-w","https://www.ncbi.nlm.nih.gov/geo/query/acc.cgi?acc=gse185022","gse185022","gse185022","","gse185022",NA,"yes",TRUE,"numbat",TRUE,TRUE,"acc_nr",NA,NA,"FALSE",NA,"FALSE","yes",NA,"no license"
1508,"10.1007/s00401-021-02377-1","10.1007/s00401-021-02377-1","https://www.ncbi.nlm.nih.gov/geo/query/acc.cgi?acc=gse185041","gse185041","gse185041","","gse185041",NA,"yes",TRUE,"numbat",TRUE,TRUE,"acc_nr","FALSE","TRUE","FALSE","gene expression omnibus (geo)","TRUE",NA,2021,"no license"
773,"10.1016/j.cell.2022.06.007","10.1016/j.cell.2022.06.007","https://www.ncbi.nlm.nih.gov/geo/query/acc.cgi?acc=gse185386","gse185386","gse185386","","gse185386",NA,"yes",TRUE,"numbat",TRUE,TRUE,"acc_nr",NA,NA,"FALSE",NA,"FALSE","yes",NA,"no license"
1743,"10.1038/s41419-021-04454-5","10.1038/s41419-021-04454-5","https://www.ncbi.nlm.nih.gov/geo/query/acc.cgi?acc=gse185624","gse185624","gse185624","","gse185624",NA,"yes",TRUE,"numbat",TRUE,TRUE,"acc_nr",NA,NA,"FALSE",NA,"FALSE",NA,NA,"no license"
1070,"10.1016/j.cell.2022.09.006","10.1016/j.cell.2022.09.006","https://www.ncbi.nlm.nih.gov/geo/query/acc.cgi?acc=gse185775","gse185775","gse185775","","gse185775",NA,"yes",TRUE,"numbat",TRUE,TRUE,"acc_nr",NA,NA,"FALSE",NA,"FALSE","yes",NA,"no license"
1394,"10.3389/fcell.2021.751590","10.3389/fcell.2021.751590","https://www.ncbi.nlm.nih.gov/geo/query/acc.cgi?acc=gse185854","gse185854","gse185854","","gse185854",NA,"yes",TRUE,"numbat",TRUE,TRUE,"acc_nr",NA,NA,"FALSE",NA,"FALSE",NA,NA,"no license"
332,"10.1371/journal.pbio.3002164","10.1371/journal.pbio.3002164","https://www.ncbi.nlm.nih.gov/geo/query/acc.cgi?acc=gse185896","gse185896","gse185896","","gse185896",NA,"yes",TRUE,"numbat",TRUE,TRUE,"acc_nr",NA,NA,"FALSE",NA,"FALSE","yes",NA,"no license"
211,"10.1158/2643-3230.bcd-22-0082","10.1158/2643-3230.bcd-22-0082","https://www.ncbi.nlm.nih.gov/geo/query/acc.cgi?acc=gse186137","gse186137","gse186137","","gse186137",NA,"yes",TRUE,"numbat",TRUE,TRUE,"acc_nr",NA,NA,"FALSE",NA,"FALSE","yes",NA,"no license"
795,"10.1172/jci.insight.154573","10.1172/jci.insight.154573","https://www.ncbi.nlm.nih.gov/geo/query/acc.cgi?acc=gse186705","gse186705","gse186705","","gse186705",NA,"yes",TRUE,"numbat",TRUE,TRUE,"acc_nr",NA,NA,"FALSE",NA,"FALSE","yes",NA,"no license"
1058,"10.1183/13993003.02049-2021","10.1183/13993003.02049-2021","https://www.ncbi.nlm.nih.gov/geo/query/acc.cgi?acc=gse186976","gse186976","gse186976","","gse186976",NA,"yes",TRUE,"numbat",TRUE,TRUE,"acc_nr",NA,NA,"FALSE",NA,"FALSE","no_statement_no_data",NA,"no license"
1110,"10.1021/acs.chemrestox.1c00392","10.1021/acs.chemrestox.1c00392","https://www.ncbi.nlm.nih.gov/geo/query/acc.cgi?acc=gse187001","gse187001","gse187001","","gse187001",NA,"yes",TRUE,"numbat",TRUE,TRUE,"acc_nr",NA,NA,"FALSE",NA,"FALSE","no_statement_no_data",NA,"no license"
1050,"10.3390/cells11111752","10.3390/cells11111752","https://www.ncbi.nlm.nih.gov/geo/query/acc.cgi?acc=gse188540","gse188540","gse188540","","gse188540",NA,"yes",TRUE,"numbat",TRUE,TRUE,"acc_nr",NA,NA,"FALSE",NA,"FALSE","yes",NA,"no license"
1149,"10.1038/s41467-022-29978-y","10.1038/s41467-022-29978-y","https://www.ncbi.nlm.nih.gov/geo/query/acc.cgi?acc=gse188687","gse188687","gse188687","","gse188687",NA,"yes",TRUE,"numbat",TRUE,TRUE,"acc_nr",NA,NA,"FALSE",NA,"FALSE","yes",NA,"no license"
275,"10.1016/j.immuni.2023.04.002","10.1016/j.immuni.2023.04.002","https://www.ncbi.nlm.nih.gov/geo/query/acc.cgi?acc=gse188714","gse188714","gse188714","","gse188714",NA,"yes",TRUE,"numbat",TRUE,TRUE,"acc_nr",NA,NA,"FALSE",NA,"FALSE","yes",NA,"no license"
1253,"10.1016/j.xhgg.2022.100111","10.1016/j.xhgg.2022.100111","http://www.ncbi.nlm.nih.gov/geo/query/acc.cgi?acc=gse189065","gse189065","gse189065","","gse189065",NA,"yes",TRUE,"numbat",TRUE,TRUE,"acc_nr",NA,NA,"FALSE",NA,"FALSE","yes",NA,"no license"
1142,"10.1038/s43018-022-00355-4","10.1038/s43018-022-00355-4","https://www.ncbi.nlm.nih.gov/geo/query/acc.cgi?acc=gse189174","gse189174","gse189174","","gse189174",NA,"yes",TRUE,"numbat",TRUE,TRUE,"acc_nr",NA,NA,"FALSE",NA,"FALSE","yes",NA,"no license"
914,"10.1038/s41593-022-01043-3","10.1038/s41593-022-01043-3","https://www.ncbi.nlm.nih.gov/geo/query/acc.cgi?acc=gse189420","gse189420","gse189420","","gse189420",NA,"yes",TRUE,"numbat",TRUE,TRUE,"acc_nr",NA,NA,"FALSE",NA,"FALSE","yes",NA,"no license"
57,"10.1038/s42003-023-04410-3","10.1038/s42003-023-04410-3","https://www.ncbi.nlm.nih.gov/geo/query/acc.cgi?acc=gse189745","gse189745","gse189745","","gse189745",NA,"yes",TRUE,"numbat",TRUE,TRUE,"acc_nr",NA,NA,"FALSE",NA,"FALSE","yes",NA,"no license"
200,"10.1007/s10875-022-01379-2","10.1007/s10875-022-01379-2","https://www.ncbi.nlm.nih.gov/geo/query/acc.cgi?acc=gse189820","gse189820","gse189820","","gse189820",NA,"yes",TRUE,"numbat",TRUE,TRUE,"acc_nr",NA,NA,"FALSE",NA,"FALSE","yes",NA,"no license"
255,"10.1093/nar/gkad121","10.1093/nar/gkad121","https://www.ncbi.nlm.nih.gov/geo/query/acc.cgi?acc=gse189854","gse189854","gse189854","","gse189854",NA,"yes",TRUE,"numbat",TRUE,TRUE,"acc_nr",NA,NA,"FALSE",NA,"FALSE","yes",NA,"no license"
254,"10.1093/nar/gkad121","10.1093/nar/gkad121","https://www.ncbi.nlm.nih.gov/geo/query/acc.cgi?acc=gse189872","gse189872","gse189872","","gse189872",NA,"yes",TRUE,"numbat",TRUE,TRUE,"acc_nr",NA,NA,"FALSE",NA,"FALSE","yes",NA,"no license"
925,"10.1038/s42003-022-04078-1","10.1038/s42003-022-04078-1","https://www.ncbi.nlm.nih.gov/geo/query/acc.cgi?acc=gse189895","gse189895","gse189895","","gse189895",NA,"yes",TRUE,"numbat",TRUE,TRUE,"acc_nr",NA,NA,"FALSE",NA,"FALSE","yes",NA,"no license"
766,"10.1016/j.celrep.2022.111751","10.1016/j.celrep.2022.111751","https://www.ncbi.nlm.nih.gov/geo/query/acc.cgi?acc=gse189909","gse189909","gse189909","","gse189909",NA,"yes",TRUE,"numbat",TRUE,TRUE,"acc_nr",NA,NA,"FALSE",NA,"FALSE","yes",NA,"no license"
781,"10.3390/ijms23031226","10.3390/ijms23031226","https://www.ncbi.nlm.nih.gov/geo/query/acc.cgi?acc=gse189930","gse189930","gse189930","","gse189930",NA,"yes",TRUE,"numbat",TRUE,TRUE,"acc_nr",NA,NA,"FALSE",NA,"FALSE","yes",NA,"no license"
215,"10.15252/embr.202255363","10.15252/embr.202255363","https://www.ncbi.nlm.nih.gov/geo/query/acc.cgi?acc=gse190235","gse190235","gse190235","","gse190235",NA,"yes",TRUE,"numbat",TRUE,TRUE,"acc_nr",NA,NA,"FALSE",NA,"FALSE","yes",NA,"no license"
64,"10.1016/j.devcel.2023.11.013","10.1016/j.devcel.2023.11.013","https://www.ncbi.nlm.nih.gov/geo/query/acc.cgi?acc=gse190286","gse190286","gse190286","","gse190286",NA,"yes",TRUE,"numbat",TRUE,TRUE,"acc_nr",NA,NA,"FALSE",NA,"FALSE","yes",NA,"no license"
841,"10.1007/s00401-021-02395-z","10.1007/s00401-021-02395-z","https://www.ncbi.nlm.nih.gov/geo/query/acc.cgi?acc=gse190365","gse190365","gse190365","","gse190365",NA,"yes",TRUE,"numbat",TRUE,TRUE,"acc_nr",NA,NA,"FALSE",NA,"FALSE","yes",NA,"no license"
1166,"10.1038/s41467-022-34589-8","10.1038/s41467-022-34589-8","https://www.ncbi.nlm.nih.gov/geo/query/acc.cgi?acc=gse190605","gse190605","gse190605","","gse190605",NA,"yes",TRUE,"numbat",TRUE,TRUE,"acc_nr",NA,NA,"FALSE",NA,"FALSE","yes",NA,"no license"
519,"10.1016/j.jhep.2023.04.037","10.1016/j.jhep.2023.04.037","https://www.ncbi.nlm.nih.gov/geo/query/acc.cgi?acc=gse190691","gse190691","gse190691","","gse190691",NA,"yes",TRUE,"numbat",TRUE,TRUE,"acc_nr",NA,NA,"FALSE",NA,"FALSE","yes",NA,"no license"
502,"10.1038/s41467-023-36333-2","10.1038/s41467-023-36333-2","https://www.ncbi.nlm.nih.gov/geo/query/acc.cgi?acc=gse190732","gse190732","gse190732","","gse190732",NA,"yes",TRUE,"numbat",TRUE,TRUE,"acc_nr",NA,NA,"FALSE",NA,"FALSE","yes",NA,"no license"
787,"10.1016/j.ymthe.2022.03.014","10.1016/j.ymthe.2022.03.014","https://www.ncbi.nlm.nih.gov/geo/query/acc.cgi?acc=gse191080","gse191080","gse191080","","gse191080",NA,"yes",TRUE,"numbat",TRUE,TRUE,"acc_nr",NA,NA,"FALSE",NA,"FALSE","yes",NA,"no license"
452,"10.1016/j.cell.2023.07.009","10.1016/j.cell.2023.07.009","https://www.ncbi.nlm.nih.gov/geo/query/acc.cgi?acc=gse192616","gse192616","gse192616","","gse192616",NA,"yes",TRUE,"numbat",TRUE,TRUE,"acc_nr",NA,NA,"FALSE",NA,"FALSE","yes",NA,"no license"
739,"10.1172/jci157780","10.1172/jci157780","https://www.ncbi.nlm.nih.gov/geo/query/acc.cgi?acc=gse192720","gse192720","gse192720","","gse192720",NA,"yes",TRUE,"numbat",TRUE,TRUE,"acc_nr",NA,NA,"FALSE",NA,"FALSE","no_statement_no_data",NA,"no license"
387,"10.1038/s41591-023-02397-2","10.1038/s41591-023-02397-2","https://www.ncbi.nlm.nih.gov/geo/query/acc.cgi?acc=gse192838","gse192838","gse192838","","gse192838",NA,"yes",TRUE,"numbat",TRUE,TRUE,"acc_nr",NA,NA,"FALSE",NA,"FALSE","yes",NA,"no license"
1024,"10.1126/sciimmunol.abn8144","10.1126/sciimmunol.abn8144","https://www.ncbi.nlm.nih.gov/geo/query/acc.cgi?acc=gse192875","gse192875","gse192875","","gse192875",NA,"yes",TRUE,"numbat",TRUE,TRUE,"acc_nr",NA,NA,"FALSE",NA,"FALSE","yes",NA,"no license"
1204,"10.1172/jci152383","10.1172/jci152383","https://www.ncbi.nlm.nih.gov/geo/query/acc.cgi?acc=gse193359","gse193359","gse193359","","gse193359",NA,"yes",TRUE,"numbat",TRUE,TRUE,"acc_nr",NA,NA,"FALSE",NA,"FALSE","yes",NA,"no license"
881,"10.1093/nargab/lqac042","10.1093/nargab/lqac042","https://www.ncbi.nlm.nih.gov/geo/query/acc.cgi?acc=gse193472","gse193472","gse193472","","gse193472",NA,"yes",TRUE,"numbat",TRUE,TRUE,"acc_nr",NA,NA,"FALSE",NA,"FALSE","yes",NA,"no license"
1001,"10.7554/elife.84034","10.7554/elife.84034","https://www.ncbi.nlm.nih.gov/geo/query/acc.cgi?acc=gse193561","gse193561","gse193561","","gse193561",NA,"yes",TRUE,"numbat",TRUE,TRUE,"acc_nr",NA,NA,"FALSE",NA,"FALSE","yes",NA,"no license"
703,"10.1038/s41467-022-35198-1","10.1038/s41467-022-35198-1","https://www.ncbi.nlm.nih.gov/geo/query/acc.cgi?acc=gse193622","gse193622","gse193622","","gse193622",NA,"yes",TRUE,"numbat",TRUE,TRUE,"acc_nr",NA,NA,"FALSE",NA,"FALSE","yes",NA,"no license"
995,"10.1038/s41467-022-28508-0","10.1038/s41467-022-28508-0","https://www.ncbi.nlm.nih.gov/geo/query/acc.cgi?acc=gse193708","gse193708","gse193708","","gse193708",NA,"yes",TRUE,"numbat",TRUE,TRUE,"acc_nr",NA,NA,"FALSE",NA,"FALSE","yes",NA,"no license"
868,"10.1038/s41419-022-05052-9","10.1038/s41419-022-05052-9","https://www.ncbi.nlm.nih.gov/geo/query/acc.cgi?acc=gse194003","gse194003","gse194003","","gse194003",NA,"yes",TRUE,"numbat",TRUE,TRUE,"acc_nr",NA,NA,"FALSE",NA,"FALSE","yes",NA,"no license"
123,"10.1038/s41587-023-01881-x","10.1038/s41587-023-01881-x","https://www.ncbi.nlm.nih.gov/geo/query/acc.cgi?acc=gse194028","gse194028","gse194028","","gse194028",NA,"yes",TRUE,"numbat",TRUE,TRUE,"acc_nr",NA,NA,"FALSE",NA,"FALSE","yes",NA,"no license"
803,"10.1111/ajt.17119","10.1111/ajt.17119","https://www.ncbi.nlm.nih.gov/geo/query/acc.cgi?acc=gse194124","gse194124","gse194124","","gse194124",NA,"yes",TRUE,"numbat",TRUE,TRUE,"acc_nr",NA,NA,"FALSE",NA,"FALSE","yes",NA,"no license"
672,"10.3390/cells11060946","10.3390/cells11060946","https://www.ncbi.nlm.nih.gov/geo/query/acc.cgi?acc=gse194303","gse194303","gse194303","","gse194303",NA,"yes",TRUE,"numbat",TRUE,TRUE,"acc_nr",NA,NA,"FALSE",NA,"FALSE","yes",NA,"no license"
843,"10.1038/s41586-022-04596-2","10.1038/s41586-022-04596-2","https://www.ncbi.nlm.nih.gov/geo/query/acc.cgi?acc=gse194432","gse194432","gse194432","","gse194432",NA,"yes",TRUE,"numbat",TRUE,TRUE,"acc_nr",NA,NA,"FALSE",NA,"FALSE","yes",NA,"no license"
810,"10.1016/j.celrep.2022.111214","10.1016/j.celrep.2022.111214","https://www.ncbi.nlm.nih.gov/geo/query/acc.cgi?acc=gse195939","gse195939","gse195939","","gse195939",NA,"yes",TRUE,"numbat",TRUE,TRUE,"acc_nr",NA,NA,"FALSE",NA,"FALSE","yes",NA,"no license"
352,"10.1038/s41586-023-05755-9","10.1038/s41586-023-05755-9","https://www.ncbi.nlm.nih.gov/geo/query/acc.cgi?acc=gse196037","gse196037","gse196037","","gse196037",NA,"yes",TRUE,"numbat",TRUE,TRUE,"acc_nr",NA,NA,"FALSE",NA,"FALSE","yes",NA,"no license"
680,"10.1038/s41467-022-34815-3","10.1038/s41467-022-34815-3","https://0-www-ncbi-nlm-nih-gov.brum.beds.ac.uk/geo/query/acc.cgi?acc=gse196228","gse196228","gse196228","","gse196228",NA,"yes",TRUE,"numbat",TRUE,TRUE,"acc_nr",NA,NA,"FALSE",NA,"FALSE","yes",NA,"no license"
763,"10.1002/ijc.33995","10.1002/ijc.33995","https://www.ncbi.nlm.nih.gov/geo/query/acc.cgi?acc=gse196303","gse196303","gse196303","","gse196303",NA,"yes",TRUE,"numbat",TRUE,TRUE,"acc_nr",NA,NA,"FALSE",NA,"FALSE","yes",NA,"no license"
609,"10.1016/j.xpro.2022.101957","10.1016/j.xpro.2022.101957","https://www.ncbi.nlm.nih.gov/geo/query/acc.cgi?acc=gse196938","gse196938","gse196938","","gse196938",NA,"yes",TRUE,"numbat",TRUE,TRUE,"acc_nr",NA,NA,"FALSE",NA,"FALSE","yes",NA,"no license"
729,"10.1038/s41590-022-01327-7","10.1038/s41590-022-01327-7","https://www.ncbi.nlm.nih.gov/geo/query/acc.cgi?acc=gse197037","gse197037","gse197037","","gse197037",NA,"yes",TRUE,"numbat",TRUE,TRUE,"acc_nr",NA,NA,"FALSE",NA,"FALSE","yes",NA,"no license"
286,"10.1038/s41467-023-37057-z","10.1038/s41467-023-37057-z","https://www.ncbi.nlm.nih.gov/geo/query/acc.cgi?acc=gse197404","gse197404","gse197404","","gse197404",NA,"yes",TRUE,"numbat",TRUE,TRUE,"acc_nr",NA,NA,"FALSE",NA,"FALSE","yes",NA,"no license"
580,"10.1038/s41467-023-40584-4","10.1038/s41467-023-40584-4","https://www.ncbi.nlm.nih.gov/geo/query/acc.cgi?acc=gse19784","gse19784","gse19784","","gse19784",NA,"yes",TRUE,"numbat",TRUE,TRUE,"acc_nr","FALSE","TRUE","FALSE","gene expression omnibus (geo)","TRUE","yes",2010,"no license"
957,"10.1371/journal.pone.0273253","10.1371/journal.pone.0273253","https://www.ncbi.nlm.nih.gov/geo/query/acc.cgi?acc=gse197872","gse197872","gse197872","","gse197872",NA,"yes",TRUE,"numbat",TRUE,TRUE,"acc_nr",NA,NA,"FALSE",NA,"FALSE","yes",NA,"no license"
1068,"10.1038/s42003-022-03828-5","10.1038/s42003-022-03828-5","https://www.ncbi.nlm.nih.gov/geo/query/acc.cgi?acc=gse197949","gse197949","gse197949","","gse197949",NA,"yes",TRUE,"numbat",TRUE,TRUE,"acc_nr",NA,NA,"FALSE",NA,"FALSE","yes",NA,"no license"
1175,"10.1371/journal.pone.0276115","10.1371/journal.pone.0276115","https://ncbi.nlm.nih.gov/geo/query/acc.cgi?acc=gse197949","gse197949","gse197949","","gse197949",NA,"yes",TRUE,"numbat",TRUE,TRUE,"acc_nr",NA,NA,"FALSE",NA,"FALSE","yes",NA,"no license"
676,"10.3389/fimmu.2022.842870","10.3389/fimmu.2022.842870","https://www.ncbi.nlm.nih.gov/geo/query/acc.cgi?acc=gse198203","gse198203","gse198203","","gse198203",NA,"yes",TRUE,"numbat",TRUE,TRUE,"acc_nr",NA,NA,"FALSE",NA,"FALSE","yes",NA,"no license"
633,"10.1186/s13073-023-01206-2","10.1186/s13073-023-01206-2","https://www.ncbi.nlm.nih.gov/geo/query/acc.cgi?acc=gse198226","gse198226","gse198226","","gse198226",NA,"yes",TRUE,"numbat",TRUE,TRUE,"acc_nr",NA,NA,"FALSE",NA,"FALSE","yes",NA,"no license"
661,"10.1183/13993003.02725-2021","10.1183/13993003.02725-2021","https://www.ncbi.nlm.nih.gov/geo/query/acc.cgi?acc=gse198864","gse198864","gse198864","","gse198864",NA,"yes",TRUE,"numbat",TRUE,TRUE,"acc_nr",NA,NA,"FALSE",NA,"FALSE","no_statement_no_data",NA,"no license"
1130,"10.1038/s41467-022-35306-1","10.1038/s41467-022-35306-1","https://www.ncbi.nlm.nih.gov/geo/query/acc.cgi?acc=gse199080","gse199080","gse199080","","gse199080",NA,"yes",TRUE,"numbat",TRUE,TRUE,"acc_nr",NA,NA,"FALSE",NA,"FALSE","yes",NA,"no license"
804,"10.1084/jem.20220233","10.1084/jem.20220233","https://www.ncbi.nlm.nih.gov/geo/query/acc.cgi?acc=gse199191","gse199191","gse199191","","gse199191",NA,"yes",TRUE,"numbat",TRUE,TRUE,"acc_nr",NA,NA,"FALSE",NA,"FALSE","no_statement_no_data",NA,"no license"
291,"10.1038/s41586-023-06548-w","10.1038/s41586-023-06548-w","https://www.ncbi.nlm.nih.gov/geo/query/acc.cgi?acc=gse199308","gse199308","gse199308","","gse199308",NA,"yes",TRUE,"numbat",TRUE,TRUE,"acc_nr",NA,NA,"FALSE",NA,"FALSE","yes",NA,"no license"
831,"10.1016/j.kint.2022.07.032","10.1016/j.kint.2022.07.032","https://www.ncbi.nlm.nih.gov/geo/query/acc.cgi?acc=gse199321","gse199321","gse199321","","gse199321",NA,"yes",TRUE,"numbat",TRUE,TRUE,"acc_nr",NA,NA,"FALSE",NA,"FALSE","yes",NA,"no license"
197,"10.1126/sciimmunol.ade7953","10.1126/sciimmunol.ade7953","https://www.ncbi.nlm.nih.gov/geo/query/acc.cgi?acc=gse199684","gse199684","gse199684","","gse199684",NA,"yes",TRUE,"numbat",TRUE,TRUE,"acc_nr",NA,NA,"FALSE",NA,"FALSE","yes",NA,"no license"
1083,"10.3390/ijms232012347","10.3390/ijms232012347","https://www.ncbi.nlm.nih.gov/geo/query/acc.cgi?acc=gse199791","gse199791","gse199791","","gse199791",NA,"yes",TRUE,"numbat",TRUE,TRUE,"acc_nr",NA,NA,"FALSE",NA,"FALSE","yes",NA,"no license"
441,"10.3390/biology12020171","10.3390/biology12020171","https://www.ncbi.nlm.nih.gov/geo/query/acc.cgi?acc=gse199807","gse199807","gse199807","","gse199807",NA,"yes",TRUE,"numbat",TRUE,TRUE,"acc_nr",NA,NA,"FALSE",NA,"FALSE","yes",NA,"no license"
220,"10.1016/j.immuni.2023.04.014","10.1016/j.immuni.2023.04.014","https://www.ncbi.nlm.nih.gov/geo/query/acc.cgi?acc=gse199851","gse199851","gse199851","","gse199851",NA,"yes",TRUE,"numbat",TRUE,TRUE,"acc_nr",NA,NA,"FALSE",NA,"FALSE","yes_statement_no_data",NA,"no license"
901,"10.3389/fgene.2022.913030","10.3389/fgene.2022.913030","https://www.ncbi.nlm.nih.gov/geo/query/acc.cgi?acc=gse199963","gse199963","gse199963","","gse199963",NA,"yes",TRUE,"numbat",TRUE,TRUE,"acc_nr",NA,NA,"FALSE",NA,"FALSE","yes",NA,"no license"
752,"10.1080/2162402x.2022.2148850","10.1080/2162402x.2022.2148850","https://www.ncbi.nlm.nih.gov/geo/query/acc.cgi?acc=gse200101","gse200101","gse200101","","gse200101",NA,"yes",TRUE,"numbat",TRUE,TRUE,"acc_nr",NA,NA,"FALSE",NA,"FALSE","yes",NA,"no license"
782,"10.3389/fimmu.2022.928018","10.3389/fimmu.2022.928018","https://www.ncbi.nlm.nih.gov/geo/query/acc.cgi?acc=gse200250","gse200250","gse200250","","gse200250",NA,"yes",TRUE,"numbat",TRUE,TRUE,"acc_nr",NA,NA,"FALSE",NA,"FALSE","yes",NA,"no license"
820,"10.1016/j.stem.2022.06.012","10.1016/j.stem.2022.06.012","https://www.ncbi.nlm.nih.gov/geo/query/acc.cgi?acc=gse200337","gse200337","gse200337","","gse200337",NA,"yes",TRUE,"numbat",TRUE,TRUE,"acc_nr",NA,NA,"FALSE",NA,"FALSE","yes",NA,"no license"
37,"10.1038/s41564-023-01352-8","10.1038/s41564-023-01352-8","https://www.ncbi.nlm.nih.gov/geo/query/acc.cgi?acc=gse200596","gse200596","gse200596","","gse200596",NA,"yes",TRUE,"numbat",TRUE,TRUE,"acc_nr","TRUE","FALSE","FALSE","gene expression omnibus (geo)","TRUE","yes",2022,"no license"
638,"10.1371/journal.pone.0265160","10.1371/journal.pone.0265160","https://www.ncbi.nlm.nih.gov/geo/query/acc.cgi?acc=gse200766","gse200766","gse200766","","gse200766",NA,"yes",TRUE,"numbat",TRUE,TRUE,"acc_nr",NA,NA,"FALSE",NA,"FALSE","yes",NA,"no license"
438,"10.1097/hc9.0000000000000208","10.1097/hc9.0000000000000208","https://www.ncbi.nlm.nih.gov/geo/query/acc.cgi?acc=gse201467","gse201467","gse201467","","gse201467",NA,"yes",TRUE,"numbat",TRUE,TRUE,"acc_nr",NA,NA,"FALSE",NA,"FALSE","yes",NA,"no license"
770,"10.1002/path.5925","10.1002/path.5925","https://www.ncbi.nlm.nih.gov/geo/query/acc.cgi?acc=gse202067","gse202067","gse202067","","gse202067",NA,"yes",TRUE,"numbat",TRUE,TRUE,"acc_nr",NA,NA,"FALSE",NA,"FALSE","yes",NA,"no license"
844,"10.1016/j.jbc.2022.102085","10.1016/j.jbc.2022.102085","https://www.ncbi.nlm.nih.gov/geo/query/acc.cgi?acc=gse202213","gse202213","gse202213","","gse202213",NA,"yes",TRUE,"numbat",TRUE,TRUE,"acc_nr",NA,NA,"FALSE",NA,"FALSE","yes_statement_no_data",NA,"no license"
159,"10.15252/msb.202211147","10.15252/msb.202211147","https://www.ncbi.nlm.nih.gov/geo/query/acc.cgi?acc=gse202949","gse202949","gse202949","","gse202949",NA,"yes",TRUE,"numbat",TRUE,TRUE,"acc_nr",NA,NA,"FALSE",NA,"FALSE","yes",NA,"no license"
1046,"10.4049/jimmunol.2100685","10.4049/jimmunol.2100685","https://www.ncbi.nlm.nih.gov/geo/query/acc.cgi?acc=gse203334","gse203334","gse203334","","gse203334",NA,"yes",TRUE,"numbat",TRUE,TRUE,"acc_nr",NA,NA,"FALSE",NA,"FALSE","yes",NA,"no license"
372,"10.1016/j.cell.2023.04.012","10.1016/j.cell.2023.04.012","https://www.ncbi.nlm.nih.gov/geo/query/acc.cgi?acc=gse203583","gse203583","gse203583","","gse203583",NA,"yes",TRUE,"numbat",TRUE,TRUE,"acc_nr",NA,NA,"FALSE",NA,"FALSE","yes",NA,"no license"
89,"10.1242/dmm.049861","10.1242/dmm.049861","https://www.ncbi.nlm.nih.gov/geo/query/acc.cgi?acc=gse203647","gse203647","gse203647","","gse203647",NA,"yes",TRUE,"numbat",TRUE,TRUE,"acc_nr",NA,NA,"FALSE",NA,"FALSE","yes",NA,"no license"
1180,"10.3389/fphys.2022.984362","10.3389/fphys.2022.984362","https://www.ncbi.nlm.nih.gov/geo/query/acc.cgi?acc=gse204873","gse204873","gse204873","","gse204873",NA,"yes",TRUE,"numbat",TRUE,TRUE,"acc_nr",NA,NA,"FALSE",NA,"FALSE","yes",NA,"no license"
1184,"10.1093/nargab/lqac097","10.1093/nargab/lqac097","https://www.ncbi.nlm.nih.gov/geo/query/acc.cgi?acc=gse205155","gse205155","gse205155","","gse205155",NA,"yes",TRUE,"numbat",TRUE,TRUE,"acc_nr",NA,NA,"FALSE",NA,"FALSE","yes",NA,"no license"
748,"10.7554/elife.77490","10.7554/elife.77490","https://www.ncbi.nlm.nih.gov/geo/query/acc.cgi?acc=gse205162","gse205162","gse205162","","gse205162",NA,"yes",TRUE,"numbat",TRUE,TRUE,"acc_nr",NA,NA,"FALSE",NA,"FALSE","yes",NA,"no license"
84,"10.1080/19490976.2023.2233689","10.1080/19490976.2023.2233689","https://www.ncbi.nlm.nih.gov/geo/query/acc.cgi?acc=gse205403","gse205403","gse205403","","gse205403",NA,"yes",TRUE,"numbat",TRUE,TRUE,"acc_nr",NA,NA,"FALSE",NA,"FALSE","yes",NA,"no license"
15,"10.1038/s41590-023-01493-2","10.1038/s41590-023-01493-2","https://www.ncbi.nlm.nih.gov/geo/query/acc.cgi?acc=gse205412","gse205412","gse205412","","gse205412",NA,"yes",TRUE,"numbat",TRUE,TRUE,"acc_nr",NA,NA,"FALSE",NA,"FALSE","yes",NA,"no license"
235,"10.1210/endocr/bqad076","10.1210/endocr/bqad076","https://www.ncbi.nlm.nih.gov/geo/query/acc.cgi?acc=gse205418","gse205418","gse205418","","gse205418",NA,"yes",TRUE,"numbat",TRUE,TRUE,"acc_nr",NA,NA,"FALSE",NA,"FALSE","yes",NA,"no license"
295,"10.1002/eji.202250059","10.1002/eji.202250059","https://www.ncbi.nlm.nih.gov/geo/query/acc.cgi?acc=gse205600","gse205600","gse205600","","gse205600",NA,"yes",TRUE,"numbat",TRUE,TRUE,"acc_nr",NA,NA,"FALSE",NA,"FALSE","yes",NA,"no license"
1243,"10.1016/j.isci.2022.104613","10.1016/j.isci.2022.104613","https://www.ncbi.nlm.nih.gov/geo/query/acc.cgi?acc=gse205652","gse205652","gse205652","","gse205652",NA,"yes",TRUE,"numbat",TRUE,TRUE,"acc_nr",NA,NA,"FALSE",NA,"FALSE","yes_statement_no_data",NA,"no license"
789,"10.1038/s41375-022-01755-2","10.1038/s41375-022-01755-2","https://www.ncbi.nlm.nih.gov/geo/query/acc.cgi?acc=gse205802","gse205802","gse205802","","gse205802",NA,"yes",TRUE,"numbat",TRUE,TRUE,"acc_nr",NA,NA,"FALSE",NA,"FALSE","yes",NA,"no license"
716,"10.7554/elife.80165","10.7554/elife.80165","https://www.ncbi.nlm.nih.gov/geo/query/acc.cgi?acc=gse205978","gse205978","gse205978","","gse205978",NA,"yes",TRUE,"numbat",TRUE,TRUE,"acc_nr",NA,NA,"FALSE",NA,"FALSE","yes",NA,"no license"
28,"10.1016/j.neuron.2023.04.025","10.1016/j.neuron.2023.04.025","https://www.ncbi.nlm.nih.gov/geo/query/acc.cgi?acc=gse206052","gse206052","gse206052","","gse206052",NA,"yes",TRUE,"numbat",TRUE,TRUE,"acc_nr",NA,NA,"FALSE",NA,"FALSE","yes",NA,"no license"
1086,"10.1186/s12974-022-02534-7","10.1186/s12974-022-02534-7","https://www.ncbi.nlm.nih.gov/geo/query/acc.cgi?acc=gse206202","gse206202","gse206202","","gse206202",NA,"yes",TRUE,"numbat",TRUE,TRUE,"acc_nr",NA,NA,"FALSE",NA,"FALSE","yes",NA,"no license"
1267,"10.1158/1078-0432.ccr-21-2834","10.1158/1078-0432.ccr-21-2834","https://www.ncbi.nlm.nih.gov/geo/query/acc.cgi?acc=gse206339","gse206339","gse206339","","gse206339",NA,"yes",TRUE,"numbat",TRUE,TRUE,"acc_nr",NA,NA,"FALSE",NA,"FALSE","yes",NA,"no license"
1138,"10.1038/s41598-022-24792-4","10.1038/s41598-022-24792-4","https://www.ncbi.nlm.nih.gov/geo/query/acc.cgi?acc=gse206606","gse206606","gse206606","","gse206606",NA,"yes",TRUE,"numbat",TRUE,TRUE,"acc_nr",NA,NA,"FALSE",NA,"FALSE","yes",NA,"no license"
1244,"10.1038/s41563-022-01293-3","10.1038/s41563-022-01293-3","https://www.ncbi.nlm.nih.gov/geo/query/acc.cgi?acc=gse206773","gse206773","gse206773","","gse206773",NA,"yes",TRUE,"numbat",TRUE,TRUE,"acc_nr",NA,NA,"FALSE",NA,"FALSE","yes",NA,"no license"
673,"10.3390/cancers14174118","10.3390/cancers14174118","https://www.ncbi.nlm.nih.gov/geo/query/acc.cgi?acc=gse206802","gse206802","gse206802","","gse206802",NA,"yes",TRUE,"numbat",TRUE,TRUE,"acc_nr",NA,NA,"FALSE",NA,"FALSE","yes",NA,"no license"
160,"10.1016/j.celrep.2023.112739","10.1016/j.celrep.2023.112739","https://www.ncbi.nlm.nih.gov/geo/query/acc.cgi?acc=gse207199","gse207199","gse207199","","gse207199",NA,"yes",TRUE,"numbat",TRUE,TRUE,"acc_nr",NA,NA,"FALSE",NA,"FALSE","yes",NA,"no license"
1014,"10.1073/pnas.2123476119","10.1073/pnas.2123476119","https://www.ncbi.nlm.nih.gov/geo/query/acc.cgi?acc=gse207608","gse207608","gse207608","","gse207608",NA,"yes",TRUE,"numbat",TRUE,TRUE,"acc_nr",NA,NA,"FALSE",NA,"FALSE","yes",NA,"no license"
895,"10.3389/fcell.2022.954358","10.3389/fcell.2022.954358","https://www.ncbi.nlm.nih.gov/geo/query/acc.cgi?acc=gse207900","gse207900","gse207900","","gse207900",NA,"yes",TRUE,"numbat",TRUE,TRUE,"acc_nr",NA,NA,"FALSE",NA,"FALSE","yes",NA,"no license"
776,"10.1016/j.csbj.2022.09.042","10.1016/j.csbj.2022.09.042","https://www.ncbi.nlm.nih.gov/geo/query/acc.cgi?acc=gse208041","gse208041","gse208041","","gse208041",NA,"yes",TRUE,"numbat",TRUE,TRUE,"acc_nr",NA,NA,"FALSE",NA,"FALSE","yes",NA,"no license"
223,"10.26508/lsa.202201826","10.26508/lsa.202201826","https://www.ncbi.nlm.nih.gov/geo/query/acc.cgi?acc=gse208181","gse208181","gse208181","","gse208181",NA,"yes",TRUE,"numbat",TRUE,TRUE,"acc_nr",NA,NA,"FALSE",NA,"FALSE","yes",NA,"no license"
462,"10.1126/sciadv.ade2828","10.1126/sciadv.ade2828","https://www.ncbi.nlm.nih.gov/geo/query/acc.cgi?acc=gse208769","gse208769","gse208769","","gse208769",NA,"yes",TRUE,"numbat",TRUE,TRUE,"acc_nr",NA,NA,"FALSE",NA,"FALSE","yes",NA,"no license"
417,"10.1016/j.xcrm.2023.100992","10.1016/j.xcrm.2023.100992","https://www.ncbi.nlm.nih.gov/geo/query/acc.cgi?acc=gse209821","gse209821","gse209821","","gse209821",NA,"yes",TRUE,"numbat",TRUE,TRUE,"acc_nr",NA,NA,"FALSE",NA,"FALSE","yes",NA,"no license"
207,"10.1111/nan.12856","10.1111/nan.12856","https://www.ncbi.nlm.nih.gov/geo/query/acc.cgi?acc=gse209865","gse209865","gse209865","","gse209865",NA,"yes",TRUE,"numbat",TRUE,TRUE,"acc_nr",NA,NA,"FALSE",NA,"FALSE","yes",NA,"no license"
1049,"10.3390/cells11213404","10.3390/cells11213404","https://www.ncbi.nlm.nih.gov/geo/query/acc.cgi?acc=gse209962","gse209962","gse209962","","gse209962",NA,"yes",TRUE,"numbat",TRUE,TRUE,"acc_nr",NA,NA,"FALSE",NA,"FALSE","yes",NA,"no license"
359,"10.1038/s41586-023-06704-2","10.1038/s41586-023-06704-2","https://www.ncbi.nlm.nih.gov/geo/query/acc.cgi?acc=gse210063","gse210063","gse210063","","gse210063",NA,"yes",TRUE,"numbat",TRUE,TRUE,"acc_nr",NA,NA,"FALSE",NA,"FALSE","yes",NA,"no license"
312,"10.1073/pnas.2306761120","10.1073/pnas.2306761120","https://www.ncbi.nlm.nih.gov/geo/query/acc.cgi?acc=gse210483","gse210483","gse210483","","gse210483",NA,"yes",TRUE,"numbat",TRUE,TRUE,"acc_nr",NA,NA,"FALSE",NA,"FALSE","yes",NA,"no license"
413,"10.1016/j.immuni.2023.01.029","10.1016/j.immuni.2023.01.029","https://www.ncbi.nlm.nih.gov/geo/query/acc.cgi?acc=gse210536","gse210536","gse210536","","gse210536",NA,"yes",TRUE,"numbat",TRUE,TRUE,"acc_nr",NA,NA,"FALSE",NA,"FALSE","yes",NA,"no license"
655,"10.1186/s13073-022-01108-9","10.1186/s13073-022-01108-9","https://www.ncbi.nlm.nih.gov/geo/query/acc.cgi?acc=gse210622","gse210622","gse210622","","gse210622",NA,"yes",TRUE,"numbat",TRUE,TRUE,"acc_nr",NA,NA,"FALSE",NA,"FALSE","yes",NA,"no license"
135,"10.1038/s41588-023-01561-1","10.1038/s41588-023-01561-1","https://www.ncbi.nlm.nih.gov/geo/query/acc.cgi?acc=gse210888","gse210888","gse210888","","gse210888",NA,"yes",TRUE,"numbat",TRUE,TRUE,"acc_nr",NA,NA,"FALSE",NA,"FALSE","yes",NA,"no license"
311,"10.1073/pnas.2306761120","10.1073/pnas.2306761120","https://www.ncbi.nlm.nih.gov/geo/query/acc.cgi?acc=gse210977","gse210977","gse210977","","gse210977",NA,"yes",TRUE,"numbat",TRUE,TRUE,"acc_nr",NA,NA,"FALSE",NA,"FALSE","yes",NA,"no license"
772,"10.1007/s00401-022-02508-2","10.1007/s00401-022-02508-2","https://www.ncbi.nlm.nih.gov/geo/query/acc.cgi?acc=gse211156","gse211156","gse211156","","gse211156",NA,"yes",TRUE,"numbat",TRUE,TRUE,"acc_nr",NA,NA,"FALSE",NA,"FALSE","yes",NA,"no license"
864,"10.1038/s41467-022-34487-z","10.1038/s41467-022-34487-z","https://www.ncbi.nlm.nih.gov/geo/query/acc.cgi?acc=gse211368","gse211368","gse211368","","gse211368",NA,"yes",TRUE,"numbat",TRUE,TRUE,"acc_nr",NA,NA,"FALSE",NA,"FALSE","yes",NA,"no license"
543,"10.1038/s41467-023-41954-8","10.1038/s41467-023-41954-8","https://www.ncbi.nlm.nih.gov/geo/query/acc.cgi?acc=gse211445","gse211445","gse211445","","gse211445",NA,"yes",TRUE,"numbat",TRUE,TRUE,"acc_nr",NA,NA,"FALSE",NA,"FALSE","yes",NA,"no license"
72,"10.1016/j.stemcr.2023.09.002","10.1016/j.stemcr.2023.09.002","https://www.ncbi.nlm.nih.gov/geo/query/acc.cgi?acc=gse211650","gse211650","gse211650","","gse211650",NA,"yes",TRUE,"numbat",TRUE,TRUE,"acc_nr",NA,NA,"FALSE",NA,"FALSE","yes",NA,"no license"
853,"10.1186/s12915-022-01396-y","10.1186/s12915-022-01396-y","https://www.ncbi.nlm.nih.gov/geo/query/acc.cgi?acc=gse211662","gse211662","gse211662","","gse211662",NA,"yes",TRUE,"numbat",TRUE,TRUE,"acc_nr",NA,NA,"FALSE",NA,"FALSE","yes",NA,"no license"
793,"10.1038/s41586-022-05297-6","10.1038/s41586-022-05297-6","https://www.ncbi.nlm.nih.gov/geo/query/acc.cgi?acc=gse211735","gse211735","gse211735","","gse211735",NA,"yes",TRUE,"numbat",TRUE,TRUE,"acc_nr",NA,NA,"FALSE",NA,"FALSE","yes",NA,"no license"
300,"10.1242/dev.201228","10.1242/dev.201228","https://www.ncbi.nlm.nih.gov/geo/query/acc.cgi?acc=gse212068","gse212068","gse212068","","gse212068",NA,"yes",TRUE,"numbat",TRUE,TRUE,"acc_nr",NA,NA,"FALSE",NA,"FALSE","yes",NA,"no license"
540,"10.1038/s41375-023-01832-0","10.1038/s41375-023-01832-0","https://www.ncbi.nlm.nih.gov/geo/query/acc.cgi?acc=gse212222","gse212222","gse212222","","gse212222",NA,"yes",TRUE,"numbat",TRUE,TRUE,"acc_nr",NA,NA,"FALSE",NA,"FALSE","yes",NA,"no license"
108,"10.3390/cells12040606","10.3390/cells12040606","https://www.ncbi.nlm.nih.gov/geo/query/acc.cgi?acc=gse212326","gse212326","gse212326","","gse212326",NA,"yes",TRUE,"numbat",TRUE,TRUE,"acc_nr",NA,NA,"FALSE",NA,"FALSE","yes",NA,"no license"
185,"10.1007/s00401-022-02516-2","10.1007/s00401-022-02516-2","https://www.ncbi.nlm.nih.gov/geo/query/acc.cgi?acc=gse212621","gse212621","gse212621","","gse212621",NA,"yes",TRUE,"numbat",TRUE,TRUE,"acc_nr",NA,NA,"FALSE",NA,"FALSE","no_statement_no_data",NA,"no license"
654,"10.1186/s40478-022-01470-0","10.1186/s40478-022-01470-0","https://www.ncbi.nlm.nih.gov/geo/query/acc.cgi?acc=gse212682","gse212682","gse212682","","gse212682",NA,"yes",TRUE,"numbat",TRUE,TRUE,"acc_nr",NA,NA,"FALSE",NA,"FALSE","yes",NA,"no license"
63,"10.1016/j.xcrm.2022.100877","10.1016/j.xcrm.2022.100877","https://www.ncbi.nlm.nih.gov/geo/query/acc.cgi?acc=gse212838","gse212838","gse212838","","gse212838",NA,"yes",TRUE,"numbat",TRUE,TRUE,"acc_nr",NA,NA,"FALSE",NA,"FALSE","yes",NA,"no license"
1167,"10.1038/s41586-022-05395-5","10.1038/s41586-022-05395-5","https://www.ncbi.nlm.nih.gov/geo/query/acc.cgi?acc=gse213424","gse213424","gse213424","","gse213424",NA,"yes",TRUE,"numbat",TRUE,TRUE,"acc_nr",NA,NA,"FALSE",NA,"FALSE","yes",NA,"no license"
385,"10.1038/s41590-022-01386-w","10.1038/s41590-022-01386-w","https://www.ncbi.nlm.nih.gov/geo/query/acc.cgi?acc=gse214519","gse214519","gse214519","","gse214519",NA,"yes",TRUE,"numbat",TRUE,TRUE,"acc_nr",NA,NA,"FALSE",NA,"FALSE","yes",NA,"no license"
54,"10.1038/s41591-023-02255-1","10.1038/s41591-023-02255-1","https://www.ncbi.nlm.nih.gov/geo/query/acc.cgi?acc=gse215240","gse215240","gse215240","","gse215240",NA,"yes",TRUE,"numbat",TRUE,TRUE,"acc_nr",NA,NA,"FALSE",NA,"FALSE","yes",NA,"no license"
340,"10.3390/cells12152001","10.3390/cells12152001","https://www.ncbi.nlm.nih.gov/geo/query/acc.cgi?acc=gse215325","gse215325","gse215325","","gse215325",NA,"yes",TRUE,"numbat",TRUE,TRUE,"acc_nr",NA,NA,"FALSE",NA,"FALSE","yes",NA,"no license"
862,"10.1038/s41586-022-05534-y","10.1038/s41586-022-05534-y","https://www.ncbi.nlm.nih.gov/geo/query/acc.cgi?acc=gse215440","gse215440","gse215440","","gse215440",NA,"yes",TRUE,"numbat",TRUE,TRUE,"acc_nr",NA,NA,"FALSE",NA,"FALSE","yes",NA,"no license"
367,"10.1038/s41467-023-38044-0","10.1038/s41467-023-38044-0","https://www.ncbi.nlm.nih.gov/geo/query/acc.cgi?acc=gse21687","gse21687","gse21687","","gse21687",NA,"yes",TRUE,"numbat",TRUE,TRUE,"acc_nr",NA,NA,"FALSE","gene expression omnibus (geo)","TRUE","yes",2010,"no license"
536,"10.1016/j.ebiom.2023.104657","10.1016/j.ebiom.2023.104657","https://www.ncbi.nlm.nih.gov/geo/query/acc.cgi?acc=gse217384","gse217384","gse217384","","gse217384",NA,"yes",TRUE,"numbat",TRUE,TRUE,"acc_nr",NA,NA,"FALSE",NA,"FALSE","yes",NA,"no license"
492,"10.1016/j.jcmgh.2023.05.008","10.1016/j.jcmgh.2023.05.008","https://www.ncbi.nlm.nih.gov/geo/query/acc.cgi?acc=gse217492","gse217492","gse217492","","gse217492",NA,"yes",TRUE,"numbat",TRUE,TRUE,"acc_nr",NA,NA,"FALSE",NA,"FALSE","yes",NA,"no license"
640,"10.3389/fbioe.2022.1046127","10.3389/fbioe.2022.1046127","https://www.ncbi.nlm.nih.gov/geo/query/acc.cgi?acc=gse217871","gse217871","gse217871","","gse217871",NA,"yes",TRUE,"numbat",TRUE,TRUE,"acc_nr",NA,NA,"FALSE",NA,"FALSE","yes",NA,"no license"
639,"10.3390/cancers14235999","10.3390/cancers14235999","https://www.ncbi.nlm.nih.gov/geo/query/acc.cgi?acc=gse218758","gse218758","gse218758","","gse218758",NA,"yes",TRUE,"numbat",TRUE,TRUE,"acc_nr",NA,NA,"FALSE",NA,"FALSE","yes",NA,"no license"
78,"10.1126/sciadv.ade9238","10.1126/sciadv.ade9238","https://www.ncbi.nlm.nih.gov/geo/query/acc.cgi?acc=gse218974","gse218974","gse218974","","gse218974",NA,"yes",TRUE,"numbat",TRUE,TRUE,"acc_nr",NA,NA,"FALSE",NA,"FALSE","yes",NA,"no license"
114,"10.1242/dev.201562","10.1242/dev.201562","https://www.ncbi.nlm.nih.gov/geo/query/acc.cgi?acc=gse219025","gse219025","gse219025","","gse219025",NA,"yes",TRUE,"numbat",TRUE,TRUE,"acc_nr",NA,NA,"FALSE",NA,"FALSE","yes",NA,"no license"
120,"10.1016/j.cmet.2023.01.009","10.1016/j.cmet.2023.01.009","https://www.ncbi.nlm.nih.gov/geo/query/acc.cgi?acc=gse220530","gse220530","gse220530","","gse220530",NA,"yes",TRUE,"numbat",TRUE,TRUE,"acc_nr",NA,NA,"FALSE",NA,"FALSE","yes",NA,"no license"
48,"10.1007/s11060-023-04319-1","10.1007/s11060-023-04319-1","https://www.ncbi.nlm.nih.gov/geo/query/acc.cgi?acc=gse220748","gse220748","gse220748","","gse220748",NA,"yes",TRUE,"numbat",TRUE,TRUE,"acc_nr",NA,NA,"FALSE",NA,"FALSE","yes",NA,"no license"
399,"10.1038/s41467-023-39965-6","10.1038/s41467-023-39965-6","https://www.ncbi.nlm.nih.gov/geo/query/acc.cgi?acc=gse220833","gse220833","gse220833","","gse220833",NA,"yes",TRUE,"numbat",TRUE,TRUE,"acc_nr",NA,NA,"FALSE",NA,"FALSE","yes",NA,"no license"
104,"10.1172/jci158348","10.1172/jci158348","https://www.ncbi.nlm.nih.gov/geo/query/acc.cgi?acc=gse221652","gse221652","gse221652","","gse221652",NA,"yes",TRUE,"numbat",TRUE,TRUE,"acc_nr",NA,NA,"FALSE",NA,"FALSE","yes",NA,"no license"
209,"10.1200/jco.22.02582","10.1200/jco.22.02582","https://www.ncbi.nlm.nih.gov/geo/query/acc.cgi?acc=gse221953","gse221953","gse221953","","gse221953",NA,"yes",TRUE,"numbat",TRUE,TRUE,"acc_nr",NA,NA,"FALSE",NA,"FALSE","yes",NA,"no license"
631,"10.1038/s41467-023-41074-3","10.1038/s41467-023-41074-3","https://www.ncbi.nlm.nih.gov/geo/query/acc.cgi?acc=gse222060","gse222060","gse222060","","gse222060",NA,"yes",TRUE,"numbat",TRUE,TRUE,"acc_nr",NA,NA,"FALSE",NA,"FALSE","yes",NA,"no license"
109,"10.1038/s41467-023-40235-8","10.1038/s41467-023-40235-8","https://www.ncbi.nlm.nih.gov/geo/query/acc.cgi?acc=gse222406","gse222406","gse222406","","gse222406",NA,"yes",TRUE,"numbat",TRUE,TRUE,"acc_nr",NA,NA,"FALSE",NA,"FALSE","yes",NA,"no license"
316,"10.1111/jcpe.13758","10.1111/jcpe.13758","https://www.ncbi.nlm.nih.gov/geo/query/acc.cgi?acc=gse222437","gse222437","gse222437","","gse222437",NA,"yes",TRUE,"numbat",TRUE,TRUE,"acc_nr",NA,NA,"FALSE",NA,"FALSE","yes",NA,"no license"
169,"10.3389/fimmu.2023.1114368","10.3389/fimmu.2023.1114368","https://www.ncbi.nlm.nih.gov/geo/query/acc.cgi?acc=gse222633","gse222633","gse222633","","gse222633",NA,"yes",TRUE,"numbat",TRUE,TRUE,"acc_nr",NA,NA,"FALSE",NA,"FALSE","yes",NA,"no license"
82,"10.3389/fimmu.2023.1056525","10.3389/fimmu.2023.1056525","https://www.ncbi.nlm.nih.gov/geo/query/acc.cgi?acc=gse222872","gse222872","gse222872","","gse222872",NA,"yes",TRUE,"numbat",TRUE,TRUE,"acc_nr",NA,NA,"FALSE",NA,"FALSE","yes",NA,"no license"
274,"10.1016/j.ebiom.2023.104782","10.1016/j.ebiom.2023.104782","https://www.ncbi.nlm.nih.gov/geo/query/acc.cgi?acc=gse222889","gse222889","gse222889","","gse222889",NA,"yes",TRUE,"numbat",TRUE,TRUE,"acc_nr",NA,NA,"FALSE",NA,"FALSE","yes",NA,"no license"
446,"10.1126/scitranslmed.adh2156","10.1126/scitranslmed.adh2156","https://www.ncbi.nlm.nih.gov/geo/query/acc.cgi?acc=gse224186","gse224186","gse224186","","gse224186",NA,"yes",TRUE,"numbat",TRUE,TRUE,"acc_nr",NA,NA,"FALSE",NA,"FALSE","yes",NA,"no license"
442,"10.1093/neuonc/noad030","10.1093/neuonc/noad030","https://www.ncbi.nlm.nih.gov/geo/query/acc.cgi?acc=gse224218","gse224218","gse224218","","gse224218",NA,"yes",TRUE,"numbat",TRUE,TRUE,"acc_nr",NA,NA,"FALSE",NA,"FALSE","no_statement_no_data",NA,"no license"
525,"10.1038/s41467-023-36735-2","10.1038/s41467-023-36735-2","https://www.ncbi.nlm.nih.gov/geo/query/acc.cgi?acc=gse224245","gse224245","gse224245","","gse224245",NA,"yes",TRUE,"numbat",TRUE,TRUE,"acc_nr",NA,NA,"FALSE",NA,"FALSE","yes",NA,"no license"
149,"10.1038/s41366-023-01271-y","10.1038/s41366-023-01271-y","https://www.ncbi.nlm.nih.gov/geo/query/acc.cgi?acc=gse224310","gse224310","gse224310","","gse224310",NA,"yes",TRUE,"numbat",TRUE,TRUE,"acc_nr",NA,NA,"FALSE",NA,"FALSE","yes",NA,"no license"
344,"10.7554/elife.87860","10.7554/elife.87860","https://www.ncbi.nlm.nih.gov/geo/query/acc.cgi?acc=gse224637","gse224637","gse224637","","gse224637",NA,"yes",TRUE,"numbat",TRUE,TRUE,"acc_nr",NA,NA,"FALSE",NA,"FALSE","yes",NA,"no license"
491,"10.7554/elife.87860.3","10.7554/elife.87860","https://www.ncbi.nlm.nih.gov/geo/query/acc.cgi?acc=gse224836","gse224836","gse224836","","gse224836",NA,"yes",TRUE,"numbat",TRUE,TRUE,"acc_nr",NA,NA,"FALSE",NA,"FALSE","yes",NA,"no license"
221,"10.1186/s13046-023-02799-7","10.1186/s13046-023-02799-7","https://www.ncbi.nlm.nih.gov/geo/query/acc.cgi?acc=gse225005","gse225005","gse225005","","gse225005",NA,"yes",TRUE,"numbat",TRUE,TRUE,"acc_nr",NA,NA,"FALSE",NA,"FALSE","yes",NA,"no license"
472,"10.1371/journal.pgen.1011004","10.1371/journal.pgen.1011004","https://www.ncbi.nlm.nih.gov/geo/query/acc.cgi?acc=gse225561","gse225561","gse225561","","gse225561",NA,"yes",TRUE,"numbat",TRUE,TRUE,"acc_nr",NA,NA,"FALSE",NA,"FALSE","yes",NA,"no license"
30,"10.1038/s41375-023-01895-z","10.1038/s41375-023-01895-z","https://www.ncbi.nlm.nih.gov/geo/query/acc.cgi?acc=gse225710","gse225710","gse225710","","gse225710",NA,"yes",TRUE,"numbat",TRUE,TRUE,"acc_nr",NA,NA,"FALSE",NA,"FALSE","yes",NA,"no license"
613,"10.1038/s41467-023-39352-1","10.1038/s41467-023-39352-1","https://www.ncbi.nlm.nih.gov/geo/query/acc.cgi?acc=gse226130","gse226130","gse226130","","gse226130",NA,"yes",TRUE,"numbat",TRUE,TRUE,"acc_nr",NA,NA,"FALSE",NA,"FALSE","yes",NA,"no license"
119,"10.1038/s41536-023-00291-6","10.1038/s41536-023-00291-6","https://www.ncbi.nlm.nih.gov/geo/query/acc.cgi?acc=gse226683","gse226683","gse226683","","gse226683",NA,"yes",TRUE,"numbat",TRUE,TRUE,"acc_nr",NA,NA,"FALSE",NA,"FALSE","yes",NA,"no license"
26,"10.1016/j.cmet.2023.03.018","10.1016/j.cmet.2023.03.018","https://www.ncbi.nlm.nih.gov/geo/query/acc.cgi?acc=gse226911","gse226911","gse226911","","gse226911",NA,"yes",TRUE,"numbat",TRUE,TRUE,"acc_nr",NA,NA,"FALSE",NA,"FALSE","yes",NA,"no license"
193,"10.1126/science.abq5202","10.1126/science.abq5202","https://www.ncbi.nlm.nih.gov/geo/query/acc.cgi?acc=gse226946","gse226946","gse226946","","gse226946",NA,"yes",TRUE,"numbat",TRUE,TRUE,"acc_nr",NA,NA,"FALSE",NA,"FALSE","yes",NA,"no license"
477,"10.1016/j.isci.2023.107405","10.1016/j.isci.2023.107405","https://www.ncbi.nlm.nih.gov/geo/query/acc.cgi?acc=gse227588","gse227588","gse227588","","gse227588",NA,"yes",TRUE,"numbat",TRUE,TRUE,"acc_nr",NA,NA,"FALSE",NA,"FALSE","yes",NA,"no license"
73,"10.1038/s41591-023-02556-5","10.1038/s41591-023-02556-5","https://www.ncbi.nlm.nih.gov/geo/query/acc.cgi?acc=gse227638","gse227638","gse227638","","gse227638",NA,"yes",TRUE,"numbat",TRUE,TRUE,"acc_nr",NA,NA,"FALSE",NA,"FALSE","yes",NA,"no license"
455,"10.1007/s00401-023-02608-7","10.1007/s00401-023-02608-7","https://www.ncbi.nlm.nih.gov/geo/query/acc.cgi?acc=gse228091","gse228091","gse228091","","gse228091",NA,"yes",TRUE,"numbat",TRUE,TRUE,"acc_nr",NA,NA,"FALSE",NA,"FALSE","yes",NA,"no license"
450,"10.1093/neuonc/noad078","10.1093/neuonc/noad078","https://www.ncbi.nlm.nih.gov/geo/query/acc.cgi?acc=gse228100","gse228100","gse228100","","gse228100",NA,"yes",TRUE,"numbat",TRUE,TRUE,"acc_nr",NA,NA,"FALSE",NA,"FALSE","yes",NA,"no license"
45,"10.1172/jci166954","10.1172/jci166954","https://www.ncbi.nlm.nih.gov/geo/query/acc.cgi?acc=gse229498","gse229498","gse229498","","gse229498",NA,"yes",TRUE,"numbat",TRUE,TRUE,"acc_nr",NA,NA,"FALSE",NA,"FALSE","yes",NA,"no license"
188,"10.1093/ecco-jcc/jjad088","10.1093/ecco-jcc/jjad088","https://www.ncbi.nlm.nih.gov/geo/query/acc.cgi?acc=gse230059","gse230059","gse230059","","gse230059",NA,"yes",TRUE,"numbat",TRUE,TRUE,"acc_nr",NA,NA,"FALSE",NA,"FALSE","yes",NA,"no license"
29,"10.1016/j.yjmcc.2023.09.008","10.1016/j.yjmcc.2023.09.008","https://www.ncbi.nlm.nih.gov/geo/query/acc.cgi?acc=gse230585","gse230585","gse230585","","gse230585",NA,"yes",TRUE,"numbat",TRUE,TRUE,"acc_nr",NA,NA,"FALSE",NA,"FALSE","yes",NA,"no license"
6,"10.1038/s41467-023-38780-3","10.1038/s41467-023-38780-3","https://www.ncbi.nlm.nih.gov/geo/query/acc.cgi?acc=gse231716","gse231716","gse231716","","gse231716",NA,"yes",TRUE,"numbat",TRUE,TRUE,"acc_nr",NA,NA,"FALSE",NA,"FALSE","yes",NA,"no license"
565,"10.3390/toxins15110643","10.3390/toxins15110643","https://www.ncbi.nlm.nih.gov/geo/query/acc.cgi?acc=gse232704","gse232704","gse232704","","gse232704",NA,"yes",TRUE,"numbat",TRUE,TRUE,"acc_nr",NA,NA,"FALSE",NA,"FALSE","yes",NA,"no license"
243,"10.1038/s41375-023-02005-9","10.1038/s41375-023-02005-9","https://www.ncbi.nlm.nih.gov/geo/query/acc.cgi?acc=gse233381","gse233381","gse233381","","gse233381",NA,"yes",TRUE,"numbat",TRUE,TRUE,"acc_nr",NA,NA,"FALSE",NA,"FALSE","yes",NA,"no license"
156,"10.3389/fcell.2023.1229584","10.3389/fcell.2023.1229584","https://www.ncbi.nlm.nih.gov/geo/query/acc.cgi?acc=gse233567","gse233567","gse233567","","gse233567",NA,"yes",TRUE,"numbat",TRUE,TRUE,"acc_nr",NA,NA,"FALSE",NA,"FALSE","yes",NA,"no license"
25,"10.1007/s00406-023-01685-9","10.1007/s00406-023-01685-9","https://www.ncbi.nlm.nih.gov/geo/query/acc.cgi?acc=gse234798","gse234798","gse234798","","gse234798",NA,"yes",TRUE,"numbat",TRUE,TRUE,"acc_nr",NA,NA,"FALSE",NA,"FALSE","yes",NA,"no license"
522,"10.1073/pnas.2207993120","10.1073/pnas.2207993120","https://www.ncbi.nlm.nih.gov/geo/query/acc.cgi?acc=gse234821","gse234821","gse234821","","gse234821",NA,"yes",TRUE,"numbat",TRUE,TRUE,"acc_nr",NA,NA,"FALSE",NA,"FALSE","yes",NA,"no license"
512,"10.1096/fj.202301495r","10.1096/fj.202301495r","https://www.ncbi.nlm.nih.gov/geo/query/acc.cgi?acc=gse234839","gse234839","gse234839","","gse234839",NA,"yes",TRUE,"numbat",TRUE,TRUE,"acc_nr",NA,NA,"FALSE",NA,"FALSE","yes",NA,"no license"
467,"10.1016/j.isci.2023.107225","10.1016/j.isci.2023.107225","https://www.ncbi.nlm.nih.gov/geo/query/acc.cgi?acc=gse234964","gse234964","gse234964","","gse234964",NA,"yes",TRUE,"numbat",TRUE,TRUE,"acc_nr",NA,NA,"FALSE",NA,"FALSE","yes",NA,"no license"
14,"10.1038/s41467-023-39934-z","10.1038/s41467-023-39934-z","https://www.ncbi.nlm.nih.gov/geo/query/acc.cgi?acc=gse236251","gse236251","gse236251","","gse236251",NA,"yes",TRUE,"numbat",TRUE,TRUE,"acc_nr",NA,NA,"FALSE",NA,"FALSE","yes",NA,"no license"
164,"10.1038/s41593-023-01435-z","10.1038/s41593-023-01435-z","https://www.ncbi.nlm.nih.gov/geo/query/acc.cgi?acc=gse236464","gse236464","gse236464","","gse236464",NA,"yes",TRUE,"numbat",TRUE,TRUE,"acc_nr",NA,NA,"FALSE",NA,"FALSE","yes",NA,"no license"
165,"10.1038/s41593-023-01435-z","10.1038/s41593-023-01435-z","https://www.ncbi.nlm.nih.gov/geo/query/acc.cgi?acc=gse236540","gse236540","gse236540","","gse236540",NA,"yes",TRUE,"numbat",TRUE,TRUE,"acc_nr",NA,NA,"FALSE",NA,"FALSE","yes",NA,"no license"
405,"10.1038/s41590-023-01620-z","10.1038/s41590-023-01620-z","https://www.ncbi.nlm.nih.gov/geo/query/acc.cgi?acc=gse236556","gse236556","gse236556","","gse236556",NA,"yes",TRUE,"numbat",TRUE,TRUE,"acc_nr",NA,NA,"FALSE",NA,"FALSE","yes",NA,"no license"
341,"10.3390/metabo13080910","10.3390/metabo13080910","https://www.ncbi.nlm.nih.gov/geo/query/acc.cgi?acc=gse236677","gse236677","gse236677","","gse236677",NA,"yes",TRUE,"numbat",TRUE,TRUE,"acc_nr",NA,NA,"FALSE",NA,"FALSE","yes",NA,"no license"
503,"10.1093/cvr/cvad154","10.1093/cvr/cvad154","https://www.ncbi.nlm.nih.gov/geo/query/acc.cgi?acc=gse236791","gse236791","gse236791","","gse236791",NA,"yes",TRUE,"numbat",TRUE,TRUE,"acc_nr",NA,NA,"FALSE",NA,"FALSE","yes",NA,"no license"
478,"10.1038/s41392-023-01634-x","10.1038/s41392-023-01634-x","https://www.ncbi.nlm.nih.gov/geo/query/acc.cgi?acc=gse237749","gse237749","gse237749","","gse237749",NA,"yes",TRUE,"numbat",TRUE,TRUE,"acc_nr",NA,NA,"FALSE",NA,"FALSE","yes",NA,"no license"
230,"10.1111/pcmr.13121","10.1111/pcmr.13121","https://www.ncbi.nlm.nih.gov/geo/query/acc.cgi?acc=gse238207","gse238207","gse238207","","gse238207",NA,"yes",TRUE,"numbat",TRUE,TRUE,"acc_nr",NA,NA,"FALSE",NA,"FALSE","yes",NA,"no license"
622,"10.1371/journal.ppat.1011657","10.1371/journal.ppat.1011657","https://www.ncbi.nlm.nih.gov/geo/query/acc.cgi?acc=gse239588","gse239588","gse239588","","gse239588",NA,"yes",TRUE,"numbat",TRUE,TRUE,"acc_nr",NA,NA,"FALSE",NA,"FALSE","yes",NA,"no license"
155,"10.3389/fcell.2023.1229584","10.3389/fcell.2023.1229584","https://www.ncbi.nlm.nih.gov/geo/query/acc.cgi?acc=gse240153","gse240153","gse240153","","gse240153",NA,"yes",TRUE,"numbat",TRUE,TRUE,"acc_nr",NA,NA,"FALSE",NA,"FALSE","yes",NA,"no license"
444,"10.1016/j.omtn.2023.102068","10.1016/j.omtn.2023.102068","https://www.ncbi.nlm.nih.gov/geo/query/acc.cgi?acc=gse241514","gse241514","gse241514","","gse241514",NA,"yes",TRUE,"numbat",TRUE,TRUE,"acc_nr",NA,NA,"FALSE",NA,"FALSE","yes",NA,"no license"
572,"10.1038/s41467-023-42188-4","10.1038/s41467-023-42188-4","https://www.ncbi.nlm.nih.gov/geo/query/acc.cgi?&acc=gse242095","gse242095","gse242095","","gse242095",NA,"yes",TRUE,"numbat",TRUE,TRUE,"acc_nr",NA,NA,"FALSE",NA,"FALSE","yes",NA,"no license"
16,"10.1038/s43856-023-00381-y","10.1038/s43856-023-00381-y","https://www.ncbi.nlm.nih.gov/geo/query/acc.cgi?acc=gse243465","gse243465","gse243465","","gse243465",NA,"yes",TRUE,"numbat",TRUE,TRUE,"acc_nr",NA,NA,"FALSE",NA,"FALSE","yes",NA,"no license"
527,"10.1038/s41591-023-02673-1","10.1038/s41591-023-02673-1","https://www.ncbi.nlm.nih.gov/geo/query/acc.cgi?acc=gse245311","gse245311","gse245311","","gse245311",NA,"yes",TRUE,"numbat",TRUE,TRUE,"acc_nr",NA,NA,"FALSE",NA,"FALSE","yes",NA,"no license"
338,"10.3389/fimmu.2023.1281646","10.3389/fimmu.2023.1281646","https://www.ncbi.nlm.nih.gov/geo/query/acc.cgi?acc=gse246571","gse246571","gse246571","","gse246571",NA,"yes",TRUE,"numbat",TRUE,TRUE,"acc_nr",NA,NA,"FALSE",NA,"FALSE","yes",NA,"no license"
836,"10.1158/0008-5472.can-21-1621","10.1158/0008-5472.can-21-1621","https://www.ncbi.nlm.nih.gov/geo/query/acc.cgi?acc=gse28019","gse28019","gse28019","","gse28019",NA,"yes",TRUE,"numbat",TRUE,TRUE,"acc_nr",NA,NA,"FALSE","gene expression omnibus (geo)","TRUE","yes",2013,"no license"
1593,"10.2337/db20-0910","10.2337/db20-0910","https://www.ncbi.nlm.nih.gov/geo/query/acc.cgi?acc=gse40589","gse40589","gse40589","","gse40589",NA,"yes",TRUE,"numbat",TRUE,TRUE,"acc_nr",NA,NA,"FALSE",NA,"FALSE",NA,NA,"no license"
1201,"10.1186/s13578-022-00896-2","10.1186/s13578-022-00896-2","https://www.ncbi.nlm.nih.gov/geo/query/acc.cgi?acc=gse49711","gse49711","gse49711","","gse49711",NA,"yes",TRUE,"numbat",TRUE,TRUE,"acc_nr",NA,NA,"FALSE","gene expression omnibus (geo)","TRUE","yes",2015,"no license"
1873,"10.1038/s41598-020-64431-4","10.1038/s41598-020-64431-4","https://www.ncbi.nlm.nih.gov/geo/query/acc.cgi?acc=gse55235","gse55235","gse55235","","gse55235",NA,"yes",TRUE,"numbat",TRUE,TRUE,"acc_nr","FALSE","TRUE","FALSE","gene expression omnibus (geo)","TRUE",NA,2014,NA
1564,"10.1038/s41467-021-25403-y","10.1038/s41467-021-25403-y","https://www.ncbi.nlm.nih.gov/geo/query/acc.cgi?acc=gse58211","gse58211","gse58211","","gse58211",NA,"yes",TRUE,"numbat",TRUE,TRUE,"acc_nr","FALSE","TRUE","FALSE","gene expression omnibus (geo)","TRUE",NA,2014,"no license"
1941,"10.3389/fneur.2020.573560","10.3389/fneur.2020.573560","https://www.ncbi.nlm.nih.gov/geo/query/acc.cgi?acc=gse61405","gse61405","gse61405","","gse61405",NA,"yes",TRUE,"numbat",TRUE,TRUE,"acc_nr",NA,NA,"FALSE",NA,"FALSE",NA,NA,NA
1502,"10.1038/s41467-021-21994-8","10.1038/s41467-021-21994-8","https://www.ncbi.nlm.nih.gov/geo/query/acc.cgi?acc=gse63197","gse63197","gse63197","","gse63197",NA,"yes",TRUE,"numbat",TRUE,TRUE,"acc_nr","FALSE","TRUE","FALSE","gene expression omnibus (geo)","TRUE",NA,2014,"no license"
366,"10.1038/s41467-023-38044-0","10.1038/s41467-023-38044-0","https://www.ncbi.nlm.nih.gov/geo/query/acc.cgi?acc=gse64415","gse64415","gse64415","","gse64415",NA,"yes",TRUE,"numbat",TRUE,TRUE,"acc_nr",NA,NA,"FALSE","gene expression omnibus (geo)","TRUE","yes",2015,"no license"
706,"10.1038/s41416-022-01833-3","10.1038/s41416-022-01833-3","https://www.ncbi.nlm.nih.gov/geo/query/acc.cgi?acc=gse70458","gse70458","gse70458","","gse70458",NA,"yes",TRUE,"numbat",TRUE,TRUE,"acc_nr",NA,NA,"FALSE",NA,"FALSE","yes",2019,"no license"
1942,"10.3389/fonc.2020.00599","10.3389/fonc.2020.00599","https://www.ncbi.nlm.nih.gov/geo/query/acc.cgi?acc=gse70458","gse70458","gse70458","","gse70458",NA,"yes",TRUE,"numbat",TRUE,TRUE,"acc_nr",NA,NA,"FALSE",NA,"FALSE",NA,2019,NA
1800,"10.1007/s00401-020-02250-7","10.1007/s00401-020-02250-7","https://www.ncbi.nlm.nih.gov/geo/query/acc.cgi?acc=gse70678","gse70678","gse70678","","gse70678",NA,"yes",TRUE,"numbat",TRUE,TRUE,"acc_nr","FALSE","TRUE","FALSE","gene expression omnibus (geo)","TRUE",NA,2016,NA
1908,"10.1136/gutjnl-2020-321016","10.1136/gutjnl-2020-321016","https://www.ncbi.nlm.nih.gov/geo/query/acc.cgi?acc=gse73338","gse73338","gse73338","","gse73338",NA,"yes",TRUE,"numbat",TRUE,TRUE,"acc_nr","FALSE","TRUE","FALSE","gene expression omnibus (geo)","TRUE",NA,2015,NA
1837,"10.1038/s41467-020-16009-x","10.1038/s41467-020-16009-x","https://www.ncbi.nlm.nih.gov/geo/query/acc.cgi?acc=gse77534","gse77534","gse77534","","gse77534",NA,"yes",TRUE,"numbat",TRUE,TRUE,"acc_nr",NA,NA,"FALSE",NA,"FALSE",NA,2016,NA
552,"10.1038/s41598-023-27792-0","10.1038/s41598-023-27792-0","https://www.ncbi.nlm.nih.gov/geo/query/acc.cgi?acc=gse78132","gse78132","gse78132","","gse78132",NA,"yes",TRUE,"numbat",TRUE,TRUE,"acc_nr","FALSE","TRUE","FALSE","gene expression omnibus (geo)","TRUE","yes",2016,"no license"
1933,"10.18632/oncotarget.27763","10.18632/oncotarget.27763","https://www.ncbi.nlm.nih.gov/geo/query/acc.cgi?acc=gse84713","gse84713","gse84713","","gse84713",NA,"yes",TRUE,"numbat",TRUE,TRUE,"acc_nr",NA,NA,"FALSE",NA,"FALSE",NA,NA,NA
1485,"10.1038/s41556-020-00619-0","10.1038/s41556-020-00619-0","https://www.ncbi.nlm.nih.gov/geo/query/acc.cgi?acc=gse87076","gse87076","gse87076","","gse87076",NA,"yes",TRUE,"numbat",TRUE,TRUE,"acc_nr",NA,NA,"FALSE",NA,"FALSE",NA,2019,"no license"
1415,"10.3389/fphar.2021.640572","10.3389/fphar.2021.640572","https://www.ncbi.nlm.nih.gov/geo/query/acc.cgi?acc=gse88710","gse88710","gse88710","","gse88710",NA,"yes",TRUE,"numbat",TRUE,TRUE,"acc_nr",NA,NA,"FALSE",NA,"FALSE",NA,2017,"no license"
1443,"10.3390/ijms22168872","10.3390/ijms22168872","https://www.ncbi.nlm.nih.gov/geo/query/acc.cgi?acc=gse88710","gse88710","gse88710","","gse88710",NA,"yes",TRUE,"numbat",TRUE,TRUE,"acc_nr",NA,NA,"FALSE",NA,"FALSE",NA,2017,"no license"
1919,"10.1186/s13041-020-00685-3","10.1186/s13041-020-00685-3","https://www.ncbi.nlm.nih.gov/geo/query/acc.cgi?acc=gse88723","gse88723","gse88723","","gse88723",NA,"yes",TRUE,"numbat",TRUE,TRUE,"acc_nr",NA,NA,"FALSE",NA,"FALSE",NA,2017,NA
1868,"10.1038/s41596-020-0369-6","10.1038/s41596-020-0369-6","https://www.ncbi.nlm.nih.gov/geo/query/acc.cgi?acc=gse88826","gse88826","gse88826","","gse88826",NA,"yes",TRUE,"numbat",TRUE,TRUE,"acc_nr","FALSE","TRUE","FALSE","gene expression omnibus (geo)","TRUE",NA,2017,NA
1834,"10.1038/s41467-020-14700-7","10.1038/s41467-020-14700-7","https://www.ncbi.nlm.nih.gov/geo/query/acc.cgi?acc=gse89461","gse89461","gse89461","","gse89461",NA,"yes",TRUE,"numbat",TRUE,TRUE,"acc_nr",NA,NA,"FALSE",NA,"FALSE",NA,NA,NA
1724,"10.1186/s13058-020-01379-3","10.1186/s13058-020-01379-3","https://www.ncbi.nlm.nih.gov/geo/query/acc.cgi?acc=gse89888","gse89888","gse89888","","gse89888",NA,"yes",TRUE,"numbat",TRUE,TRUE,"acc_nr","FALSE","TRUE","FALSE","gene expression omnibus (geo)","TRUE",NA,2017,"no license"
1295,"10.1158/0008-5472.can-21-1621","10.1158/0008-5472.can-21-1621","https://www.ncbi.nlm.nih.gov/geo/query/acc.cgi?acc=gse90805","gse90805","gse90805","","gse90805",NA,"yes",TRUE,"numbat",TRUE,TRUE,"acc_nr",NA,NA,"FALSE","gene expression omnibus (geo)","TRUE",NA,2017,"no license"
643,"10.1038/s41467-021-27088-9","10.1038/s41467-021-27088-9","https://www.ncbi.nlm.nih.gov/geo/query/acc.cgi?acc=gse93326","gse93326","gse93326","","gse93326",NA,"yes",TRUE,"numbat",TRUE,TRUE,"acc_nr",NA,NA,"FALSE","gene expression omnibus (geo)","TRUE","yes",2018,"no license"
1751,"10.1038/s41594-020-00539-5","10.1038/s41594-020-00539-5","https://www.ncbi.nlm.nih.gov/geo/query/acc.cgi?acc=gse94452","gse94452","gse94452","","gse94452",NA,"yes",TRUE,"numbat",TRUE,TRUE,"acc_nr","FALSE","FALSE","FALSE","gene expression omnibus (geo)","TRUE",NA,2018,"no license"
1634,"10.1016/j.lfs.2021.119158","10.1016/j.lfs.2021.119158","https://www.ncbi.nlm.nih.gov/geo/query/acc.cgi?acc=gse94916","gse94916","gse94916","","gse94916",NA,"yes",TRUE,"numbat",TRUE,TRUE,"acc_nr","FALSE","TRUE","FALSE","gene expression omnibus (geo)","TRUE",NA,2018,"no license"
2052,"10.1038/s41598-019-57108-0","10.1038/s41598-019-57108-0","https://www.ncbi.nlm.nih.gov/geo/query/acc.cgi?acc=gse94916","gse94916","gse94916","","gse94916",NA,"yes",TRUE,"numbat",TRUE,TRUE,"acc_nr","FALSE","TRUE","FALSE","gene expression omnibus (geo)","TRUE",NA,2018,NA
2039,"10.3324/haematol.2019.235291","10.3324/haematol.2019.235291","https://www.ncbi.nlm.nih.gov/geo/query/acc.cgi?acc=gse98946","gse98946","gse98946","","gse98946",NA,"yes",TRUE,"numbat",TRUE,TRUE,"acc_nr",NA,NA,"FALSE",NA,"FALSE",NA,2017,NA
480,"10.1111/tpj.16601","10.1111/tpj.16601","https://www.ncbi.nlm.nih.gov/geo/query/acc.cgi?acc=gse99427","gse99427","gse99427","","gse99427",NA,"yes",TRUE,"numbat",TRUE,TRUE,"acc_nr",NA,NA,"FALSE",NA,"FALSE","yes",2017,"no license"
1567,"10.1038/s41467-021-25403-y","10.1038/s41467-021-25403-y","https://www.ncbi.nlm.nih.gov/geo/query/acc.cgi?acc=gsm3608793","gsm3608793","gsm3608793","","gsm3608793",NA,"yes",TRUE,"numbat",TRUE,TRUE,"acc_nr",NA,NA,"FALSE",NA,"FALSE",NA,NA,"no license"
1863,"10.1038/s41587-020-0469-4","10.1038/s41587-020-0469-4","https://www.ncbi.nlm.nih.gov/geo/query/acc.cgi?acc=gsm3911434","gsm3911434","gsm3911434","","gsm3911434",NA,"yes",TRUE,"numbat",TRUE,TRUE,"acc_nr",NA,NA,"FALSE",NA,"FALSE",NA,NA,NA
610,"10.1038/s41596-022-00795-3","10.1038/s41596-022-00795-3","https://www.ncbi.nlm.nih.gov/geo/query/acc.cgi?acc=gsm4472967","gsm4472967","gsm4472967","","gsm4472967",NA,"yes",TRUE,"numbat",TRUE,TRUE,"acc_nr",NA,NA,"FALSE",NA,"FALSE","yes",NA,"no license"
501,"10.1038/s41467-023-36333-2","10.1038/s41467-023-36333-2","https://www.ncbi.nlm.nih.gov/geo/query/acc.cgi?acc=gsm5958253","gsm5958253","gsm5958253","","gsm5958253",NA,"yes",TRUE,"numbat",TRUE,TRUE,"acc_nr",NA,NA,"FALSE",NA,"FALSE","yes",NA,"no license"
1783,"10.1038/s41598-021-90145-2","10.1038/s41598-021-90145-2","https://www.ncbi.nlm.nih.gov/nuccore/kt587350","kt587350","kt587350","","kt587350",NA,"yes",TRUE,"numbat",TRUE,TRUE,"acc_nr",NA,NA,"FALSE",NA,"FALSE",NA,NA,"no license"
2020,"10.1093/ve/veaa033","10.1093/ve/veaa033","https://www.ncbi.nlm.nih.gov/nuccore/mh844500","mh844500","mh844500","","mh844500",NA,"yes",TRUE,"numbat",TRUE,TRUE,"acc_nr",NA,NA,"FALSE",NA,"FALSE",NA,NA,NA
1975,"10.1073/pnas.2006750117","10.1073/pnas.2006750117","https://www.ncbi.nlm.nih.gov/nuccore/mk598003.2/","mk598003","mk598003","","mk598003",NA,"yes",TRUE,"numbat",TRUE,TRUE,"acc_nr",NA,NA,"FALSE",NA,"FALSE",NA,NA,NA
1100,"10.1371/journal.pone.0264450","10.1371/journal.pone.0264450","https://www.ncbi.nlm.nih.gov/nuccore/mk762750","mk762750","mk762750","","mk762750",NA,"yes",TRUE,"numbat",TRUE,TRUE,"acc_nr",NA,NA,"FALSE",NA,"FALSE","yes_statement_no_data",NA,"no license"
1554,"10.1016/j.isci.2021.103030","10.1016/j.isci.2021.103030","https://data.mendeley.com/datasets/mkz6jfywmd/1","mkz6jfywmd","mkz6jfywmd","10.17632/mkz6jfywmd","10.17632/mkz6jfywmd",NA,"yes",TRUE,"numbat",TRUE,TRUE,"doi",NA,NA,"TRUE",NA,"FALSE",NA,NA,"CC BY"
1843,"10.1038/s41467-020-17060-4","10.1038/s41467-020-17060-4","https://www.ncbi.nlm.nih.gov/nuccore/mn175570","mn175570","mn175570","","mn175570",NA,"yes",TRUE,"numbat",TRUE,TRUE,"acc_nr",NA,NA,"FALSE",NA,"FALSE",NA,NA,NA
1491,"10.1038/s41467-021-25519-1","10.1038/s41467-021-25519-1","https://www.ncbi.nlm.nih.gov/nuccore/mn481964","mn481964","mn481964","","mn481964",NA,"yes",TRUE,"numbat",TRUE,TRUE,"acc_nr",NA,NA,"FALSE",NA,"FALSE",NA,NA,"no license"
1279,"10.1093/ve/veab036","10.1093/ve/veab036","https://www.ncbi.nlm.nih.gov/nuccore/mn555567","mn555567","mn555567","","mn555567",NA,"yes",TRUE,"numbat",TRUE,TRUE,"acc_nr",NA,NA,"FALSE",NA,"FALSE",NA,NA,"no license"
1104,"10.1111/tpj.15924","10.1111/tpj.15924","https://www.ncbi.nlm.nih.gov/nuccore/mn642093","mn642093","mn642093","","mn642093",NA,"yes",TRUE,"numbat",TRUE,TRUE,"acc_nr",NA,NA,"FALSE",NA,"FALSE","yes",NA,"no license"
1060,"10.2807/1560-7917.es.2022.27.4.2002028","10.2807/1560-7917.es.2022.27.4.2002028","https://www.ncbi.nlm.nih.gov/nuccore/mn872285","mn872285","mn872285","","mn872285",NA,"yes",TRUE,"numbat",TRUE,TRUE,"acc_nr",NA,NA,"FALSE",NA,"FALSE","no_statement_no_data",NA,"no license"
2023,"10.1016/j.celrep.2020.01.070","10.1016/j.celrep.2020.01.070","https://www.ncbi.nlm.nih.gov/nuccore/mn900952?report=genbank","mn900952","mn900952","","mn900952",NA,"yes",TRUE,"numbat",TRUE,TRUE,"acc_nr",NA,NA,"FALSE",NA,"FALSE",NA,NA,NA
1638,"10.1021/acs.jproteome.1c00608","10.1021/acs.jproteome.1c00608","https://massive.ucsd.edu/proteosafe/dataset.jsp?accession=msv000081885","msv000081885","msv000081885","","msv000081885",NA,"yes",TRUE,"numbat",TRUE,TRUE,"acc_nr",NA,NA,"FALSE",NA,"FALSE",NA,NA,"CC0"
1831,"10.1038/s41467-019-14175-1","10.1038/s41467-019-14175-1","ftp://massive.ucsd.edu/msv000084650/","msv000084650","msv000084650","","msv000084650",NA,"yes",TRUE,"numbat",TRUE,TRUE,"acc_nr",NA,NA,"FALSE",NA,"FALSE",NA,NA,NA
1576,"10.1016/j.virusres.2020.198285","10.1016/j.virusres.2020.198285","https://www.ncbi.nlm.nih.gov/nuccore/mt094341","mt094341","mt094341","","mt094341",NA,"yes",TRUE,"numbat",TRUE,TRUE,"acc_nr",NA,NA,"FALSE",NA,"FALSE",NA,NA,"no license"
1327,"10.1186/s13256-021-03164-y","10.1186/s13256-021-03164-y","https://www.ncbi.nlm.nih.gov/nuccore/mt107888","mt107888","mt107888","","mt107888",NA,"yes",TRUE,"numbat",TRUE,TRUE,"acc_nr",NA,NA,"FALSE",NA,"FALSE",NA,NA,"no license"
994,"10.1038/s41586-021-04342-0","10.1038/s41586-021-04342-0","https://www.ncbi.nlm.nih.gov/nuccore/mt108784.1/","mt108784","mt108784","","mt108784",NA,"yes",TRUE,"numbat",TRUE,TRUE,"acc_nr","FALSE","FALSE","FALSE","european nucleotide archive","TRUE","yes",2020,"no license"
1676,"10.3201/eid2707.204660","10.3201/eid2707.204660","https://www.ncbi.nlm.nih.gov/nuccore/mt108784","mt108784","mt108784","","mt108784",NA,"yes",TRUE,"numbat",TRUE,TRUE,"acc_nr","FALSE","FALSE","FALSE","european nucleotide archive","TRUE",NA,2020,"no license"
2043,"10.1038/s41586-020-2294-9","10.1038/s41586-020-2294-9","https://www.ncbi.nlm.nih.gov/nuccore/mt108784","mt108784","mt108784","","mt108784",NA,"yes",TRUE,"numbat",TRUE,TRUE,"acc_nr","FALSE","FALSE","FALSE","european nucleotide archive","TRUE",NA,2020,NA
1936,"10.3201/eid2612.200708","10.3201/eid2612.200708","https://www.ncbi.nlm.nih.gov/nuccore/mt123530","mt123530","mt123530","","mt123530",NA,"yes",TRUE,"numbat",TRUE,TRUE,"acc_nr",NA,NA,"FALSE",NA,"FALSE",NA,2020,NA
1826,"10.1038/s41437-020-0331-y","10.1038/s41437-020-0331-y","https://www.ncbi.nlm.nih.gov/nuccore/mt136926","mt136926","mt136926","","mt136926",NA,"yes",TRUE,"numbat",TRUE,TRUE,"acc_nr",NA,NA,"FALSE",NA,"FALSE",NA,NA,NA
889,"10.1016/j.jcv.2022.105222","10.1016/j.jcv.2022.105222","https://www.ncbi.nlm.nih.gov/nuccore/mt270112","mt270112","mt270112","","mt270112",NA,"yes",TRUE,"numbat",TRUE,TRUE,"acc_nr",NA,NA,"FALSE","european nucleotide archive","TRUE","no_statement_no_data",2020,"no license"
2047,"10.1128/msphere.00598-20","10.1128/msphere.00598-20","https://www.ncbi.nlm.nih.gov/nuccore/mt270825","mt270825","mt270825","","mt270825",NA,"yes",TRUE,"numbat",TRUE,TRUE,"acc_nr",NA,NA,"FALSE",NA,"FALSE",NA,NA,NA
1375,"10.1371/journal.ppat.1009675","10.1371/journal.ppat.1009675","https://www.ncbi.nlm.nih.gov/nuccore/mt776952","mt776952","mt776952","","mt776952",NA,"yes",TRUE,"numbat",TRUE,TRUE,"acc_nr",NA,NA,"FALSE",NA,"FALSE",NA,NA,"no license"
1675,"10.3201/eid2704.203996","10.3201/eid2704.203996","https://www.ncbi.nlm.nih.gov/nuccore/mt993951","mt993951","mt993951","","mt993951",NA,"yes",TRUE,"numbat",TRUE,TRUE,"acc_nr",NA,NA,"FALSE",NA,"FALSE",NA,NA,"no license"
1935,"10.26508/lsa.202000700","10.26508/lsa.202000700","https://www.ebi.ac.uk/metabolights/mtbls186/descriptors","mtbls186","mtbls186","","mtbls186",NA,"yes",TRUE,"numbat",TRUE,TRUE,"acc_nr",NA,NA,"FALSE",NA,"FALSE",NA,NA,NA
1745,"10.1038/s41467-020-20877-8","10.1038/s41467-020-20877-8","https://www.ebi.ac.uk/metabolights/mtbls284/descriptors","mtbls284","mtbls284","","mtbls284",NA,"yes",TRUE,"numbat",TRUE,TRUE,"acc_nr",NA,NA,"FALSE",NA,"FALSE",NA,NA,"CC0"
1712,"10.1038/s41467-021-24007-w","10.1038/s41467-021-24007-w","https://www.ebi.ac.uk/metabolights/mtbls2840/files","mtbls2840","mtbls2840","","mtbls2840",NA,"yes",TRUE,"numbat",TRUE,TRUE,"acc_nr",NA,NA,"FALSE",NA,"FALSE",NA,NA,"no license"
1214,"10.1038/s41591-022-02046-0","10.1038/s41591-022-02046-0","https://www.ebi.ac.uk/metabolights/mtbls833","mtbls833","mtbls833","","mtbls833",NA,"yes",TRUE,"numbat",TRUE,TRUE,"acc_nr",NA,NA,"FALSE",NA,"FALSE","yes",NA,"no license"
2100,"10.1016/j.dib.2021.107604","10.1016/j.dib.2021.107604","10.17632/mtd59df24s.2","mtd59df24s","mtd59df24s","10.17632/mtd59df24s","10.17632/mtd59df24s",NA,NA,TRUE,"data_articles",TRUE,TRUE,"doi","TRUE","TRUE","TRUE",NA,"FALSE",NA,NA,NA
456,"10.1016/j.isci.2023.106323","10.1016/j.isci.2023.106323","https://www.ncbi.nlm.nih.gov/nuccore/mw002770","mw002770","mw002770","","mw002770",NA,"yes",TRUE,"numbat",TRUE,TRUE,"acc_nr",NA,NA,"FALSE",NA,"FALSE","yes",NA,"no license"
1730,"10.1016/j.chom.2021.04.005","10.1016/j.chom.2021.04.005","https://www.ncbi.nlm.nih.gov/nuccore/mw002785","mw002785","mw002785","","mw002785",NA,"yes",TRUE,"numbat",TRUE,TRUE,"acc_nr",NA,NA,"FALSE",NA,"FALSE",NA,NA,"no license"
824,"10.1111/tbed.14266","10.1111/tbed.14266","https://www.ncbi.nlm.nih.gov/nuccore/mw057694.1/","mw057694","mw057694","","mw057694",NA,"yes",TRUE,"numbat",TRUE,TRUE,"acc_nr",NA,NA,"FALSE",NA,"FALSE","no_statement_no_data",NA,"no license"
1290,"10.1111/tbed.14266","10.1111/tbed.14266","https://www.ncbi.nlm.nih.gov/nuccore/mw057694","mw057694","mw057694","","mw057694",NA,"yes",TRUE,"numbat",TRUE,TRUE,"acc_nr",NA,NA,"FALSE",NA,"FALSE",NA,NA,"no license"
1291,"10.1111/tbed.14406","10.1111/tbed.14406","https://www.ncbi.nlm.nih.gov/nuccore/mw072297","mw072297","mw072297","","mw072297",NA,"yes",TRUE,"numbat",TRUE,TRUE,"acc_nr",NA,NA,"FALSE",NA,"FALSE",NA,NA,"no license"
1278,"10.1093/ve/veab030","10.1093/ve/veab030","https://www.ncbi.nlm.nih.gov/nuccore/mw208755","mw208755","mw208755","","mw208755",NA,"yes",TRUE,"numbat",TRUE,TRUE,"acc_nr",NA,NA,"FALSE",NA,"FALSE",NA,NA,"no license"
1483,"10.1038/s41586-021-03208-9","10.1038/s41586-021-03208-9","https://www.ncbi.nlm.nih.gov/nuccore/mw294174.2/","mw294174","mw294174","","mw294174",NA,"yes",TRUE,"numbat",TRUE,TRUE,"acc_nr",NA,NA,"FALSE",NA,"FALSE",NA,NA,"no license"
1350,"10.1371/journal.pntd.0009311","10.1371/journal.pntd.0009311","https://www.ncbi.nlm.nih.gov/nuccore/mw383507","mw383507","mw383507","","mw383507",NA,"yes",TRUE,"numbat",TRUE,TRUE,"acc_nr",NA,NA,"FALSE",NA,"FALSE",NA,NA,"no license"
1614,"10.1073/pnas.2026558118","10.1073/pnas.2026558118","https://www.ncbi.nlm.nih.gov/nuccore/mw582527","mw582527","mw582527","","mw582527",NA,"yes",TRUE,"numbat",TRUE,TRUE,"acc_nr",NA,NA,"FALSE",NA,"FALSE",NA,NA,"no license"
1674,"10.3201/eid2704.202676","10.3201/eid2704.202676","https://www.ncbi.nlm.nih.gov/nuccore/mw809725","mw809725","mw809725","","mw809725",NA,"yes",TRUE,"numbat",TRUE,TRUE,"acc_nr",NA,NA,"FALSE",NA,"FALSE",NA,NA,"no license"
1448,"10.3390/v13071258","10.3390/v13071258","https://www.ncbi.nlm.nih.gov/nuccore/mw822235","mw822235","mw822235","","mw822235",NA,"yes",TRUE,"numbat",TRUE,TRUE,"acc_nr",NA,NA,"FALSE",NA,"FALSE",NA,NA,"no license"
806,"10.1038/s41598-022-05706-w","10.1038/s41598-022-05706-w","https://www.ncbi.nlm.nih.gov/nuccore/mw837243","mw837243","mw837243","","mw837243",NA,"yes",TRUE,"numbat",TRUE,TRUE,"acc_nr",NA,NA,"FALSE",NA,"FALSE","no_statement_no_data",NA,"no license"
1135,"10.1038/s41598-022-11208-6","10.1038/s41598-022-11208-6","https://www.ncbi.nlm.nih.gov/nuccore/mz027568 (accession number mz027568)","mz027568 (accession number mz027568)","mz027568(accessionnumbermz027568)","mz027568","mz027568",NA,"yes",TRUE,"numbat",TRUE,TRUE,"acc_nr",NA,NA,"FALSE",NA,"FALSE","yes_statement_no_data",NA,"no license"
877,"10.1371/journal.ppat.1010193","10.1371/journal.ppat.1010193","https://www.ncbi.nlm.nih.gov/nuccore/mz151943.1/","mz151943","mz151943","","mz151943",NA,"yes",TRUE,"numbat",TRUE,TRUE,"acc_nr",NA,NA,"FALSE",NA,"FALSE","yes",NA,"no license"
143,"10.7554/elife.66550","10.7554/elife.66550","https://www.ncbi.nlm.nih.gov/nuccore/mz202249","mz202249","mz202249","","mz202249",NA,"yes",TRUE,"numbat",TRUE,TRUE,"acc_nr",NA,NA,"FALSE",NA,"FALSE","yes",NA,"no license"
144,"10.7554/elife.66550","10.7554/elife.66550","https://www.ncbi.nlm.nih.gov/nuccore/mz202305","mz202305","mz202305","","mz202305",NA,"yes",TRUE,"numbat",TRUE,TRUE,"acc_nr",NA,NA,"FALSE",NA,"FALSE","yes",NA,"no license"
1726,"10.3390/pathogens10080983","10.3390/pathogens10080983","https://www.ncbi.nlm.nih.gov/nuccore/mz389693","mz389693","mz389693","","mz389693",NA,"yes",TRUE,"numbat",TRUE,TRUE,"acc_nr",NA,NA,"FALSE",NA,"FALSE",NA,NA,"no license"
939,"10.1111/tbed.14340","10.1111/tbed.14340","https://www.ncbi.nlm.nih.gov/nuccore/mz393519","mz393519","mz393519","","mz393519",NA,"yes",TRUE,"numbat",TRUE,TRUE,"acc_nr",NA,NA,"FALSE",NA,"FALSE","yes_statement_no_data",NA,"no license"
145,"10.7554/elife.66550","10.7554/elife.66550","https://www.ncbi.nlm.nih.gov/nuccore/mz399697","mz399697","mz399697","","mz399697",NA,"yes",TRUE,"numbat",TRUE,TRUE,"acc_nr",NA,NA,"FALSE",NA,"FALSE","yes",NA,"no license"
1434,"10.3390/genes12081236","10.3390/genes12081236","https://www.ncbi.nlm.nih.gov/nuccore/mz474965.1","mz474965","mz474965","","mz474965",NA,"yes",TRUE,"numbat",TRUE,TRUE,"acc_nr",NA,NA,"FALSE",NA,"FALSE",NA,NA,"no license"
231,"10.2807/1560-7917.es.2023.28.48.2300258","10.2807/1560-7917.es.2023.28.48.2300258","https://www.ncbi.nlm.nih.gov/nuccore/mz964752","mz964752","mz964752","","mz964752",NA,"yes",TRUE,"numbat",TRUE,TRUE,"acc_nr",NA,NA,"FALSE",NA,"FALSE","yes",NA,"no license"
232,"10.2807/1560-7917.es.2023.28.48.2300258","10.2807/1560-7917.es.2023.28.48.2300258","https://www.ncbi.nlm.nih.gov/nuccore/mz964753","mz964753","mz964753","","mz964753",NA,"yes",TRUE,"numbat",TRUE,TRUE,"acc_nr",NA,NA,"FALSE",NA,"FALSE","yes",NA,"no license"
1316,"10.1186/s13063-021-05664-0","10.1186/s13063-021-05664-0","https://clinicaltrials.gov/ct2/show/nct04805125","nct04805125","nct04805125","","nct04805125",NA,"restricted",TRUE,"numbat",TRUE,TRUE,"acc_nr",NA,NA,"FALSE",NA,"FALSE",NA,NA,"NULL"
1287,"10.1111/cge.13977","10.1111/cge.13977","https://www.ncbi.nlm.nih.gov/nuccore/nm_013275.6?report=fasta&to=9301","nm_013275","nm_013275","","nm_013275",NA,"yes",TRUE,"numbat",TRUE,TRUE,"acc_nr","FALSE","TRUE","FALSE","ncbi reference sequence database","TRUE",NA,2024,"no license"
1528,"10.1038/s41431-021-00846-5","10.1038/s41431-021-00846-5","https://www.ncbi.nlm.nih.gov/nuccore/nm_020971.3?report=graph&mk=3375|nm_020971.3:c.3375_3393del|green","nm_020971","nm_020971","","nm_020971",NA,"yes",TRUE,"numbat",TRUE,TRUE,"acc_nr",NA,NA,"FALSE",NA,"FALSE",NA,NA,"no license"
1441,"10.3390/ijms22052732","10.3390/ijms22052732","https://www.ncbi.nlm.nih.gov/protein/np_849148.2/","np_849148","np_849148","","np_849148",NA,"yes",TRUE,"numbat",TRUE,TRUE,"acc_nr",NA,NA,"FALSE",NA,"FALSE",NA,NA,"no license"
1102,"10.1186/s12985-022-01854-7","10.1186/s12985-022-01854-7","https://www.ncbi.nlm.nih.gov/nuccore/ol311042","ol311042","ol311042","","ol311042",NA,"yes",TRUE,"numbat",TRUE,TRUE,"acc_nr",NA,NA,"FALSE",NA,"FALSE","yes_statement_no_data",NA,"no license"
321,"10.1111/liv.15517","10.1111/liv.15517","https://www.ncbi.nlm.nih.gov/nuccore/ol469119","ol469119","ol469119","","ol469119",NA,"yes",TRUE,"numbat",TRUE,TRUE,"acc_nr",NA,NA,"FALSE",NA,"FALSE","no_statement_no_data",NA,"no license"
1242,"10.1111/tbed.14621","10.1111/tbed.14621","https://www.ncbi.nlm.nih.gov/nuccore/ol504991","ol504991","ol504991","","ol504991",NA,"yes",TRUE,"numbat",TRUE,TRUE,"acc_nr",NA,NA,"FALSE",NA,"FALSE","yes_statement_no_data",NA,"no license"
812,"10.1016/j.chom.2021.12.010","10.1016/j.chom.2021.12.010","https://www.ncbi.nlm.nih.gov/nuccore/ol741060","ol741060","ol741060","","ol741060",NA,"yes",TRUE,"numbat",TRUE,TRUE,"acc_nr",NA,NA,"FALSE",NA,"FALSE","yes",NA,"no license"
742,"10.3389/fevo.2022.791762","10.3389/fevo.2022.791762","https://www.ncbi.nlm.nih.gov/nuccore/ol880471","ol880471","ol880471","","ol880471",NA,"yes",TRUE,"numbat",TRUE,TRUE,"acc_nr",NA,NA,"FALSE",NA,"FALSE","yes_statement_no_data",NA,"no license"
371,"10.1038/s41586-023-06003-w","10.1038/s41586-023-06003-w","https://www.ncbi.nlm.nih.gov/nuccore/op174926","op174926","op174926","","op174926",NA,"yes",TRUE,"numbat",TRUE,TRUE,"acc_nr",NA,NA,"FALSE",NA,"FALSE","yes",NA,"no license"
669,"10.3390/v14112368","10.3390/v14112368","https://www.ncbi.nlm.nih.gov/nuccore/op313834","op313834","op313834","","op313834",NA,"yes",TRUE,"numbat",TRUE,TRUE,"acc_nr",NA,NA,"FALSE",NA,"FALSE","yes",NA,"no license"
515,"10.1002/eji.202250315","10.1002/eji.202250315","https://www.ncbi.nlm.nih.gov/nuccore/op426435","op426435","op426435","","op426435",NA,"yes",TRUE,"numbat",TRUE,TRUE,"acc_nr",NA,NA,"FALSE",NA,"FALSE","yes_statement_no_data",NA,"no license"
657,"10.1186/s13071-022-05615-x","10.1186/s13071-022-05615-x","https://www.ncbi.nlm.nih.gov/nuccore/op450944","op450944","op450944","","op450944",NA,"yes",TRUE,"numbat",TRUE,TRUE,"acc_nr",NA,NA,"FALSE",NA,"FALSE","yes",NA,"no license"
86,"10.1159/000531128","10.1159/000531128","https://www.ncbi.nlm.nih.gov/nuccore/op797408","op797408","op797408","","op797408",NA,"yes",TRUE,"numbat",TRUE,TRUE,"acc_nr",NA,NA,"FALSE",NA,"FALSE","yes",NA,"no license"
233,"10.2807/1560-7917.es.2023.28.48.2300258","10.2807/1560-7917.es.2023.28.48.2300258","https://www.ncbi.nlm.nih.gov/nuccore/op810565","op810565","op810565","","op810565",NA,"yes",TRUE,"numbat",TRUE,TRUE,"acc_nr",NA,NA,"FALSE",NA,"FALSE","yes",NA,"no license"
39,"10.1016/j.onehlt.2023.100528","10.1016/j.onehlt.2023.100528","https://www.ncbi.nlm.nih.gov/nuccore/op909735.1/","op909735","op909735","","op909735",NA,"yes",TRUE,"numbat",TRUE,TRUE,"acc_nr",NA,NA,"FALSE",NA,"FALSE","yes",NA,"no license"
2084,"10.1038/s41597-019-0129-z","10.1038/s41597-019-0129-z","10.18112/openneuro.ds001875.v1.0.3","openneuro.ds001875.v1.0","openneuro.ds001875.v1.0","10.18112/openneuro.ds001875","10.18112/openneuro.ds001875",NA,NA,TRUE,"data_articles",FALSE,TRUE,"doi","FALSE","FALSE","TRUE",NA,"FALSE",NA,NA,NA
2091,"10.1038/s41597-019-0254-8","10.1038/s41597-019-0254-8","10.18112/openneuro.ds002179.v1.1.0","openneuro.ds002179.v1.1","openneuro.ds002179.v1.1","10.18112/openneuro.ds002179","10.18112/openneuro.ds002179",NA,NA,TRUE,"data_articles",FALSE,TRUE,"doi","FALSE","TRUE","TRUE",NA,"FALSE",NA,NA,NA
606,"10.1038/s41586-023-05844-9","10.1038/s41586-023-05844-9","https://www.omicspred.org/score/opgs000001","opgs000001","opgs000001","","opgs000001",NA,"yes",TRUE,"numbat",TRUE,TRUE,"acc_nr",NA,NA,"FALSE",NA,"FALSE","yes",NA,"CC BY"
528,"10.1093/ve/vead024","10.1093/ve/vead024","https://www.ncbi.nlm.nih.gov/nuccore/oq081771","oq081771","oq081771","","oq081771",NA,"yes",TRUE,"numbat",TRUE,TRUE,"acc_nr",NA,NA,"FALSE",NA,"FALSE","yes",NA,"no license"
630,"10.1128/msphere.00488-22","10.1128/msphere.00488-22","https://www.ncbi.nlm.nih.gov/nuccore/oq122118","oq122118","oq122118","","oq122118",NA,"yes",TRUE,"numbat",TRUE,TRUE,"acc_nr",NA,NA,"FALSE",NA,"FALSE","yes",NA,"no license"
142,"10.3390/v15040953","10.3390/v15040953","https://www.ncbi.nlm.nih.gov/nuccore/oq286121","oq286121","oq286121","","oq286121",NA,"yes",TRUE,"numbat",TRUE,TRUE,"acc_nr",NA,NA,"FALSE",NA,"FALSE","yes",NA,"no license"
297,"10.3390/v15051087","10.3390/v15051087","https://www.ncbi.nlm.nih.gov/nuccore/oq294046","oq294046","oq294046","","oq294046",NA,"yes",TRUE,"numbat",TRUE,TRUE,"acc_nr",NA,NA,"FALSE",NA,"FALSE","yes",NA,"no license"
603,"10.3390/v15091891","10.3390/v15091891","https://www.ncbi.nlm.nih.gov/nuccore/oq357265","oq357265","oq357265","","oq357265",NA,"yes",TRUE,"numbat",TRUE,TRUE,"acc_nr",NA,NA,"FALSE",NA,"FALSE","yes",NA,"no license"
183,"10.1002/jmv.29046","10.1002/jmv.29046","https://www.ncbi.nlm.nih.gov/nuccore/oq543179","oq543179","oq543179","","oq543179",NA,"yes",TRUE,"numbat",TRUE,TRUE,"acc_nr",NA,NA,"FALSE",NA,"FALSE","yes",NA,"no license"
342,"10.3390/pathogens12070967","10.3390/pathogens12070967","https://www.ncbi.nlm.nih.gov/nuccore/oq588802","oq588802","oq588802","","oq588802",NA,"yes",TRUE,"numbat",TRUE,TRUE,"acc_nr",NA,NA,"FALSE",NA,"FALSE","yes",NA,"no license"
93,"10.3390/pathogens12050685","10.3390/pathogens12050685","https://www.ncbi.nlm.nih.gov/nuccore/oq709085","oq709085","oq709085","","oq709085",NA,"yes",TRUE,"numbat",TRUE,TRUE,"acc_nr",NA,NA,"FALSE",NA,"FALSE","yes",NA,"no license"
234,"10.2807/1560-7917.es.2023.28.48.2300258","10.2807/1560-7917.es.2023.28.48.2300258","https://www.ncbi.nlm.nih.gov/nuccore/oq725906","oq725906","oq725906","","oq725906",NA,"yes",TRUE,"numbat",TRUE,TRUE,"acc_nr",NA,NA,"FALSE",NA,"FALSE","yes",NA,"no license"
351,"10.1038/s41467-023-39837-z","10.1038/s41467-023-39837-z","https://www.ncbi.nlm.nih.gov/nuccore/oq948507","oq948507","oq948507","","oq948507",NA,"yes",TRUE,"numbat",TRUE,TRUE,"acc_nr",NA,NA,"FALSE",NA,"FALSE","yes",NA,"no license"
592,"10.3390/pathogens12091100","10.3390/pathogens12091100","https://www.ncbi.nlm.nih.gov/nuccore/or249959.1","or249959","or249959","","or249959",NA,"yes",TRUE,"numbat",TRUE,TRUE,"acc_nr",NA,NA,"FALSE",NA,"FALSE","yes",NA,"no license"
2025,"10.1038/s41467-020-15614-0","10.1038/s41467-020-15614-0","https://www.wwpdb.org/pdb?id=pdb_00006tga","pdb_00006tga","pdb_00006tga","","pdb_00006tga",NA,"yes",TRUE,"numbat",TRUE,TRUE,"acc_nr",NA,NA,"FALSE",NA,"FALSE",NA,NA,NA
1850,"10.1038/s41467-020-19321-8","10.1038/s41467-020-19321-8","https://www.wwpdb.org/pdb?id=pdb_00006yga","pdb_00006yga","pdb_00006yga","","pdb_00006yga",NA,"yes",TRUE,"numbat",TRUE,TRUE,"acc_nr",NA,NA,"FALSE",NA,"FALSE",NA,NA,NA
1377,"10.1371/journal.ppat.1009775","10.1371/journal.ppat.1009775","https://www.wwpdb.org/pdb?id=pdb_00006zue","pdb_00006zue","pdb_00006zue","","pdb_00006zue",NA,"yes",TRUE,"numbat",TRUE,TRUE,"acc_nr",NA,NA,"FALSE",NA,"FALSE",NA,NA,"no license"
174,"10.1038/s41589-023-01326-1","10.1038/s41589-023-01326-1","https://www.wwpdb.org/pdb?id=pdb_00007zl3","pdb_00007zl3","pdb_00007zl3","","pdb_00007zl3",NA,"yes",TRUE,"numbat",TRUE,TRUE,"acc_nr",NA,NA,"FALSE",NA,"FALSE","yes",NA,"no license"
1749,"10.1038/s41586-021-04064-3","10.1038/s41586-021-04064-3","https://www.pgscatalog.org/score/pgs000886/","pgs000886","pgs000886","","pgs000886",NA,"yes",TRUE,"numbat",TRUE,TRUE,"acc_nr",NA,NA,"FALSE",NA,"FALSE",NA,NA,"no license"
809,"10.1038/s41586-022-05165-3","10.1038/s41586-022-05165-3","https://www.pgscatalog.org/score/pgs002724/","pgs002724","pgs002724","","pgs002724",NA,"yes",TRUE,"numbat",TRUE,TRUE,"acc_nr",NA,NA,"FALSE",NA,"FALSE","yes",NA,"no license"
1182,"10.1038/s41586-022-04434-5","10.1038/s41586-022-04434-5","https://www.ncbi.nlm.nih.gov/projects/gap/cgi-bin/study.cgi?study_id=phs000021.v3.p2","phs000021.v3.p2","phs000021.v3.p2","phs000021","phs000021",NA,"restricted",TRUE,"numbat",TRUE,TRUE,"acc_nr",NA,NA,"FALSE","ncbi dbgap (database of genotypes and phenotypesgenotypes and phenotypes)","TRUE","yes",2010,"NULL"
2071,"10.1038/s41598-020-66334-w","10.1038/s41598-020-66334-w","https://www.ncbi.nlm.nih.gov/projects/gap/cgi-bin/study.cgi?study_id=phs000090.v7.p1","phs000090.v7.p1","phs000090.v7.p1","phs000090","phs000090",NA,"restricted",TRUE,"numbat",TRUE,TRUE,"acc_nr","FALSE","TRUE","FALSE","ncbi dbgap (database of genotypes and phenotypesgenotypes and phenotypes)","TRUE",NA,1987,NA
1538,"10.1038/s41588-021-00973-1","10.1038/s41588-021-00973-1","https://www.ncbi.nlm.nih.gov/projects/gap/cgi-bin/study.cgi?study_id=phs000101.v3.p1","phs000101.v3.p1","phs000101.v3.p1","phs000101","phs000101",NA,"restricted",TRUE,"numbat",TRUE,TRUE,"acc_nr","FALSE","TRUE","FALSE","ncbi dbgap (database of genotypes and phenotypesgenotypes and phenotypes)","TRUE",NA,2011,"NULL"
1427,"10.3390/cancers13081807","10.3390/cancers13081807","https://www.ncbi.nlm.nih.gov/projects/gap/cgi-bin/study.cgi?study_id=phs000124.v3.p1","phs000124.v3.p1","phs000124.v3.p1","phs000124","phs000124",NA,"restricted",TRUE,"numbat",TRUE,TRUE,"acc_nr","FALSE","TRUE","FALSE","ncbi dbgap (database of genotypes and phenotypesgenotypes and phenotypes)","TRUE",NA,2011,"NULL"
380,"10.1038/s41588-023-01422-x","10.1038/s41588-023-01422-x","https://www.ncbi.nlm.nih.gov/projects/gap/cgi-bin/study.cgi?study_id=phs000431.v3.p1","phs000431.v3.p1","phs000431.v3.p1","phs000431","phs000431",NA,"restricted",TRUE,"numbat",TRUE,TRUE,"acc_nr",NA,NA,"FALSE","ncbi dbgap (database of genotypes and phenotypesgenotypes and phenotypes)","TRUE","yes",2015,"NULL"
765,"10.1016/j.bpsgos.2021.07.008","10.1016/j.bpsgos.2021.07.008","https://www.ncbi.nlm.nih.gov/projects/gap/cgi-bin/study.cgi?study_id=phs000670.v1.p1","phs000670.v1.p1","phs000670.v1.p1","phs000670","phs000670",NA,"restricted",TRUE,"numbat",TRUE,TRUE,"acc_nr",NA,NA,"FALSE","ncbi dbgap (database of genotypes and phenotypesgenotypes and phenotypes)","TRUE","no_statement_no_data",2014,"NULL"
913,"10.1038/s41593-022-01043-3","10.1038/s41593-022-01043-3","https://www.ncbi.nlm.nih.gov/projects/gap/cgi-bin/study.cgi?study_id=phs000744.v4.p2","phs000744.v4.p2","phs000744.v4.p2","phs000744","phs000744",NA,"restricted",TRUE,"numbat",TRUE,TRUE,"acc_nr",NA,NA,"FALSE","ncbi dbgap (database of genotypes and phenotypesgenotypes and phenotypes)","TRUE","yes",2016,"NULL"
1255,"10.1038/s41586-022-05275-y","10.1038/s41586-022-05275-y","https://www.ncbi.nlm.nih.gov/projects/gap/cgi-bin/study.cgi?study_id=phs000788.v2.p3","phs000788.v2.p3","phs000788.v2.p3","phs000788","phs000788",NA,"restricted",TRUE,"numbat",TRUE,TRUE,"acc_nr",NA,NA,"FALSE","ncbi dbgap (database of genotypes and phenotypesgenotypes and phenotypes)","TRUE","yes",2018,"NULL"
1565,"10.1038/s41467-021-25403-y","10.1038/s41467-021-25403-y","https://www.ncbi.nlm.nih.gov/projects/gap/cgi-bin/study.cgi?study_id=phs000922.v1.p1","phs000922.v1.p1","phs000922.v1.p1","phs000922","phs000922",NA,"restricted",TRUE,"numbat",TRUE,TRUE,"acc_nr",NA,NA,"FALSE",NA,"FALSE",NA,2015,"NULL"
2075,"10.1038/s41467-020-18367-y","10.1038/s41467-020-18367-y","https://www.ncbi.nlm.nih.gov/projects/gap/cgi-bin/study.cgi?study_id=phs000930.v9.p1","phs000930.v9.p1","phs000930.v9.p1","phs000930","phs000930",NA,"restricted",TRUE,"numbat",TRUE,TRUE,"acc_nr","FALSE","TRUE","FALSE","ncbi dbgap (database of genotypes and phenotypesgenotypes and phenotypes)","TRUE",NA,1987,NA
386,"10.1038/s41591-023-02397-2","10.1038/s41591-023-02397-2","https://www.ncbi.nlm.nih.gov/projects/gap/cgi-bin/study.cgi?study_id=phs000974.v6.p5","phs000974.v6.p5","phs000974.v6.p5","phs000974","phs000974",NA,"restricted",TRUE,"numbat",TRUE,TRUE,"acc_nr",NA,NA,"FALSE","ncbi dbgap (database of genotypes and phenotypesgenotypes and phenotypes)","TRUE","yes",2016,"NULL"
2009,"10.1158/1055-9965.epi-20-0714","10.1158/1055-9965.epi-20-0714","https://www.ncbi.nlm.nih.gov/projects/gap/cgi-bin/study.cgi?study_id=phs001078.v1.p1","phs001078.v1.p1","phs001078.v1.p1","phs001078","phs001078",NA,"restricted",TRUE,"numbat",TRUE,TRUE,"acc_nr","FALSE","TRUE","FALSE","ncbi dbgap (database of genotypes and phenotypesgenotypes and phenotypes)","TRUE",NA,2018,NA
1574,"10.1038/s41588-021-00857-4","10.1038/s41588-021-00857-4","https://www.ncbi.nlm.nih.gov/projects/gap/cgi-bin/collection.cgi?study_id=phs001254.v1.p1","phs001254.v1.p1","phs001254.v1.p1","phs001254","phs001254",NA,"restricted",TRUE,"numbat",TRUE,TRUE,"acc_nr",NA,NA,"FALSE",NA,"FALSE",NA,2023,"NULL"
1247,"10.1038/s42003-022-03978-6","10.1038/s42003-022-03978-6","https://www.ncbi.nlm.nih.gov/projects/gap/cgi-bin/study.cgi?study_id=phs001321.v1.p1","phs001321.v1.p1","phs001321.v1.p1","phs001321","phs001321",NA,"restricted",TRUE,"numbat",TRUE,TRUE,"acc_nr",NA,NA,"FALSE",NA,"FALSE","yes",NA,"NULL"
2017,"10.1038/s41467-020-19265-z","10.1038/s41467-020-19265-z","https://www.ncbi.nlm.nih.gov/projects/gap/cgi-bin/study.cgi?study_id=phs001532.v2.p1","phs001532.v2.p1","phs001532.v2.p1","phs001532","phs001532",NA,"restricted",TRUE,"numbat",TRUE,TRUE,"acc_nr",NA,NA,"FALSE",NA,"FALSE",NA,NA,NA
383,"10.1038/s41467-023-39253-3","10.1038/s41467-023-39253-3","https://www.ncbi.nlm.nih.gov/projects/gap/cgi-bin/study.cgi?study_id=phs001672.v12.p1","phs001672.v12.p1","phs001672.v12.p1","phs001672","phs001672",NA,"yes",TRUE,"numbat",TRUE,TRUE,"acc_nr",NA,NA,"FALSE","ncbi dbgap (database of genotypes and phenotypesgenotypes and phenotypes)","TRUE","yes",1987,"no license"
2079,"10.1038/s41467-020-15383-w","10.1038/s41467-020-15383-w","https://www.ncbi.nlm.nih.gov/projects/gap/cgi-bin/study.cgi?study_id=phs001984.v1.p1","phs001984.v1.p1","phs001984.v1.p1","phs001984","phs001984",NA,"restricted",TRUE,"numbat",TRUE,TRUE,"acc_nr",NA,NA,"FALSE",NA,"FALSE",NA,NA,NA
404,"10.1038/s41588-023-01485-w","10.1038/s41588-023-01485-w","https://www.ncbi.nlm.nih.gov/projects/gap/cgi-bin/study.cgi?study_id=phs002041.v2.p1#attribution-section","phs002041.v2.p1#attribution-section","phs002041.v2.p1#attribution-section","phs002041","phs002041",NA,"restricted",TRUE,"numbat",TRUE,TRUE,"acc_nr",NA,NA,"FALSE",NA,"FALSE","yes",NA,"NULL"
210,"10.1186/s13073-023-01173-8","10.1186/s13073-023-01173-8","https://www.ncbi.nlm.nih.gov/projects/gap/cgi-bin/study.cgi?study_id=phs002245.v1.p1","phs002245.v1.p1","phs002245.v1.p1","phs002245","phs002245",NA,"restricted",TRUE,"numbat",TRUE,TRUE,"acc_nr",NA,NA,"FALSE",NA,"FALSE","yes",2020,"NULL"
448,"10.1126/science.abo3627","10.1126/science.abo3627","https://www.ncbi.nlm.nih.gov/projects/gap/cgi-bin/study.cgi?study_id=phs002245.v1.p1","phs002245.v1.p1","phs002245.v1.p1","phs002245","phs002245",NA,"restricted",TRUE,"numbat",TRUE,TRUE,"acc_nr",NA,NA,"FALSE",NA,"FALSE","yes",2020,"NULL"
1306,"10.1182/blood.2021010867","10.1182/blood.2021010867","https://www.ncbi.nlm.nih.gov/projects/gap/cgi-bin/dataset.cgi?study_id=phs002377.v1.p1&pht=11114","phs002377.v1.p1","phs002377.v1.p1","phs002377","phs002377",NA,"restricted",TRUE,"numbat",TRUE,TRUE,"acc_nr",NA,NA,"FALSE",NA,"FALSE",NA,NA,"NULL"
1299,"10.1158/2159-8290.cd-21-0276","10.1158/2159-8290.cd-21-0276","https://www.ncbi.nlm.nih.gov/projects/gap/cgi-bin/dataset.cgi?study_id=phs002458.v1.p1&pht=11318","phs002458.v1.p1","phs002458.v1.p1","phs002458","phs002458",NA,"restricted",TRUE,"numbat",TRUE,TRUE,"acc_nr",NA,NA,"FALSE",NA,"FALSE",NA,NA,"NULL"
1140,"10.1084/jem.20201405","10.1084/jem.20201405","https://www.ncbi.nlm.nih.gov/projects/gap/cgi-bin/study.cgi?study_id=phs002816.v1.p1","phs002816.v1.p1","phs002816.v1.p1","phs002816","phs002816",NA,"restricted",TRUE,"numbat",TRUE,TRUE,"acc_nr",NA,NA,"FALSE",NA,"FALSE","no_statement_no_data",NA,"NULL"
1266,"10.1158/1078-0432.ccr-21-2834","10.1158/1078-0432.ccr-21-2834","https://www.ncbi.nlm.nih.gov/projects/gap/cgi-bin/study.cgi?study_id=phs002862.v1.p1","phs002862.v1.p1","phs002862.v1.p1","phs002862","phs002862",NA,"restricted",TRUE,"numbat",TRUE,TRUE,"acc_nr",NA,NA,"FALSE",NA,"FALSE","yes",NA,"NULL"
374,"10.1126/sciimmunol.adf4968","10.1126/sciimmunol.adf4968","https://www.ncbi.nlm.nih.gov/projects/gap/cgi-bin/study.cgi?study_id=phs002864.v1.p1","phs002864.v1.p1","phs002864.v1.p1","phs002864","phs002864",NA,"restricted",TRUE,"numbat",TRUE,TRUE,"acc_nr",NA,NA,"FALSE",NA,"FALSE","yes",NA,"NULL"
774,"10.1016/j.cell.2022.06.007","10.1016/j.cell.2022.06.007","https://www.ncbi.nlm.nih.gov/projects/gap/cgi-bin/study.cgi?study_id=phs002944.v1.p1","phs002944.v1.p1","phs002944.v1.p1","phs002944","phs002944",NA,"restricted",TRUE,"numbat",TRUE,TRUE,"acc_nr",NA,NA,"FALSE",NA,"FALSE","yes",NA,"NULL"
173,"10.1182/blood.2022018246","10.1182/blood.2022018246","https://www.ncbi.nlm.nih.gov/projects/gap/cgi-bin/study.cgi?study_id=phs003015.v2.p1","phs003015.v2.p1","phs003015.v2.p1","phs003015","phs003015",NA,"restricted",TRUE,"numbat",TRUE,TRUE,"acc_nr",NA,NA,"FALSE",NA,"FALSE","yes",NA,"NULL"
134,"10.1038/s41588-023-01561-1","10.1038/s41588-023-01561-1","https://www.ncbi.nlm.nih.gov/projects/gap/cgi-bin/study.cgi?study_id=phs003398.v1.p1","phs003398.v1.p1","phs003398.v1.p1","phs003398","phs003398",NA,"restricted",TRUE,"numbat",TRUE,TRUE,"acc_nr",NA,NA,"FALSE",NA,"FALSE","yes",NA,"NULL"
948,"10.1038/s41591-022-01686-6","10.1038/s41591-022-01686-6","https://www.ebi.ac.uk/ena/browser/view/prjeb11532","prjeb11532","prjeb11532","","prjeb11532","erp012929","yes",TRUE,"numbat",TRUE,TRUE,"acc_nr",NA,NA,"FALSE","bioproject","TRUE","yes",2015,"no license"
2018,"10.1053/j.gastro.2020.03.017","10.1053/j.gastro.2020.03.017","https://www.ebi.ac.uk/ena/browser/view/prjeb20400","prjeb20400","prjeb20400","","prjeb20400","erp022553","yes",TRUE,"numbat",TRUE,TRUE,"acc_nr",NA,NA,"FALSE",NA,"FALSE",NA,NA,NA
1252,"10.1038/s43018-022-00355-4","10.1038/s43018-022-00355-4","https://www.ebi.ac.uk/ena/browser/view/prjeb25184","prjeb25184","prjeb25184","","prjeb25184","erp107079","yes",TRUE,"numbat",TRUE,TRUE,"acc_nr",NA,NA,"FALSE",NA,"FALSE","yes",NA,"no license"
1946,"10.7554/elife.51243","10.7554/elife.51243","https://www.ebi.ac.uk/ena/data/view/prjeb2600","prjeb2600","prjeb2600","","prjeb2600","erp000767","yes",TRUE,"numbat",TRUE,TRUE,"acc_nr","FALSE","FALSE","FALSE","bioproject","TRUE",NA,2012,NA
1923,"10.1242/bio.044222","10.1242/bio.044222","https://www.ebi.ac.uk/ena/browser/view/prjeb27665?show=reads","prjeb27665","prjeb27665","","prjeb27665","erp109780","yes",TRUE,"numbat",TRUE,TRUE,"acc_nr",NA,NA,"FALSE",NA,"FALSE",NA,2018,NA
2055,"10.1093/jac/dkaa271","10.1093/jac/dkaa271","https://www.ebi.ac.uk/ena/browser/view/prjeb28593","prjeb28593","prjeb28593","","prjeb28593","erp110810","yes",TRUE,"numbat",TRUE,TRUE,"acc_nr",NA,NA,"FALSE",NA,"FALSE",NA,NA,NA
918,"10.1158/0008-5472.can-20-3209","10.1158/0008-5472.can-20-3209","https://www.ebi.ac.uk/ena/browser/view/prjeb30442","prjeb30442","prjeb30442","","prjeb30442","erp112896","yes",TRUE,"numbat",TRUE,TRUE,"acc_nr",NA,NA,"FALSE",NA,"FALSE","yes",NA,"no license"
1765,"10.1038/s41467-021-27478-z","10.1038/s41467-021-27478-z","https://www.ebi.ac.uk/ena/browser/view/prjeb31628","prjeb31628","prjeb31628","","prjeb31628","erp114203","yes",TRUE,"numbat",TRUE,TRUE,"acc_nr",NA,NA,"FALSE",NA,"FALSE",NA,NA,"no license"
1551,"10.1016/j.celrep.2021.109526","10.1016/j.celrep.2021.109526","https://www.ebi.ac.uk/ena/browser/view/prjeb32775","prjeb32775","prjeb32775","","prjeb32775","erp115492","yes",TRUE,"numbat",TRUE,TRUE,"acc_nr",NA,NA,"FALSE",NA,"FALSE",NA,NA,"no license"
1898,"10.1126/sciadv.abb4565","10.1126/sciadv.abb4565","https://www.ebi.ac.uk/ena/browser/view/prjeb34111?show=reads","prjeb34111","prjeb34111","","prjeb34111","erp116967","yes",TRUE,"numbat",TRUE,TRUE,"acc_nr",NA,NA,"FALSE",NA,"FALSE",NA,NA,NA
1294,"10.1136/jitc-2021-002844","10.1136/jitc-2021-002844","https://www.ebi.ac.uk/ena/browser/view/prjeb35507","prjeb35507","prjeb35507","","prjeb35507","erp118565","yes",TRUE,"numbat",TRUE,TRUE,"acc_nr",NA,NA,"FALSE",NA,"FALSE",NA,2020,"no license"
1505,"10.1038/s41467-021-21162-y","10.1038/s41467-021-21162-y","https://www.ebi.ac.uk/ena/browser/view/prjeb35529?show=reads","prjeb35529","prjeb35529","","prjeb35529","erp118590","yes",TRUE,"numbat",TRUE,TRUE,"acc_nr",NA,NA,"FALSE",NA,"FALSE",NA,NA,"no license"
2013,"10.3389/fcimb.2020.00167","10.3389/fcimb.2020.00167","https://www.ebi.ac.uk/ena/browser/view/prjeb35812","prjeb35812","prjeb35812","","prjeb35812","erp118928","yes",TRUE,"numbat",TRUE,TRUE,"acc_nr",NA,NA,"FALSE",NA,"FALSE",NA,NA,NA
1902,"10.1126/science.aba9411","10.1126/science.aba9411","https://www.ebi.ac.uk/ena/browser/view/prjeb36265","prjeb36265","prjeb36265","","prjeb36265","erp119428","yes",TRUE,"numbat",TRUE,TRUE,"acc_nr",NA,NA,"FALSE",NA,"FALSE",NA,NA,NA
1921,"10.1186/s13756-020-0696-y","10.1186/s13756-020-0696-y","https://www.ebi.ac.uk/ena/browser/view/prjeb36565","prjeb36565","prjeb36565","","prjeb36565","erp119772","yes",TRUE,"numbat",TRUE,TRUE,"acc_nr",NA,NA,"FALSE",NA,"FALSE",NA,NA,NA
719,"10.1038/s41591-022-01688-4","10.1038/s41591-022-01688-4","https://www.ebi.ac.uk/ena/browser/view/prjeb37249","prjeb37249","prjeb37249","","prjeb37249","erp120556","yes",TRUE,"numbat",TRUE,TRUE,"acc_nr","FALSE","FALSE","FALSE","bioproject","TRUE","yes",2020,"no license"
1856,"10.1038/s41586-020-2269-x","10.1038/s41586-020-2269-x","https://www.ebi.ac.uk/ena/browser/view/prjeb37249?show=reads","prjeb37249","prjeb37249","","prjeb37249","erp120556","yes",TRUE,"numbat",TRUE,TRUE,"acc_nr","FALSE","FALSE","FALSE","bioproject","TRUE",NA,2020,NA
2040,"10.1038/s41467-020-19589-w","10.1038/s41467-020-19589-w","https://www.ebi.ac.uk/ena/browser/view/prjeb37249","prjeb37249","prjeb37249","","prjeb37249","erp120556","yes",TRUE,"numbat",TRUE,TRUE,"acc_nr","FALSE","FALSE","FALSE","bioproject","TRUE",NA,2020,NA
1723,"10.3390/nu13093171","10.3390/nu13093171","https://www.ebi.ac.uk/ena/browser/view/prjeb37553?show=reads","prjeb37553","prjeb37553","","prjeb37553","erp120878","yes",TRUE,"numbat",TRUE,TRUE,"acc_nr",NA,NA,"FALSE",NA,"FALSE",NA,NA,"no license"
1895,"10.1111/all.14322","10.1111/all.14322","https://www.ebi.ac.uk/ena/browser/view/prjeb37836?show=reads","prjeb37836","prjeb37836","","prjeb37836","erp121169","yes",TRUE,"numbat",TRUE,TRUE,"acc_nr",NA,NA,"FALSE",NA,"FALSE",NA,NA,NA
892,"10.1016/j.ymthe.2022.07.009","10.1016/j.ymthe.2022.07.009","https://www.ebi.ac.uk/ena/browser/view/prjeb37843","prjeb37843","prjeb37843","","prjeb37843","erp121180","yes",TRUE,"numbat",TRUE,TRUE,"acc_nr",NA,NA,"FALSE",NA,"FALSE","yes",NA,"no license"
1807,"10.1016/j.celrep.2020.107764","10.1016/j.celrep.2020.107764","https://www.ebi.ac.uk/ena/browser/view/prjeb38063","prjeb38063","prjeb38063","","prjeb38063","erp121436","yes",TRUE,"numbat",TRUE,TRUE,"acc_nr",NA,NA,"FALSE",NA,"FALSE",NA,2020,NA
1718,"10.1186/s13059-021-02397-w","10.1186/s13059-021-02397-w","http://www.ebi.ac.uk/ena/data/view/prjeb38096","prjeb38096","prjeb38096","","prjeb38096","erp121479","yes",TRUE,"numbat",TRUE,TRUE,"acc_nr",NA,NA,"FALSE",NA,"FALSE",NA,2020,"no license"
1018,"10.1080/21505594.2021.1959808","10.1080/21505594.2021.1959808","https://www.ebi.ac.uk/ena/browser/view/prjeb39129?show=reads","prjeb39129","prjeb39129","","prjeb39129","erp122609","yes",TRUE,"numbat",TRUE,TRUE,"acc_nr",NA,NA,"FALSE",NA,"FALSE","yes",NA,"no license"
1758,"10.1038/s41467-021-25326-8","10.1038/s41467-021-25326-8","https://www.ebi.ac.uk/ena/browser/view/prjeb39208","prjeb39208","prjeb39208","","prjeb39208","erp122700","yes",TRUE,"numbat",TRUE,TRUE,"acc_nr",NA,NA,"FALSE",NA,"FALSE",NA,NA,"no license"
1859,"10.1038/s41586-020-2797-4","10.1038/s41586-020-2797-4","https://www.ebi.ac.uk/ena/browser/view/prjeb39602?show=reads","prjeb39602","prjeb39602","","prjeb39602","erp123138","yes",TRUE,"numbat",TRUE,TRUE,"acc_nr",NA,NA,"FALSE",NA,"FALSE",NA,NA,NA
991,"10.1038/s41587-022-01551-4","10.1038/s41587-022-01551-4","https://www.ebi.ac.uk/ena/browser/view/prjeb39750","prjeb39750","prjeb39750","","prjeb39750","erp123307","yes",TRUE,"numbat",TRUE,TRUE,"acc_nr",NA,NA,"FALSE","bioproject","TRUE","yes",2020,"no license"
1329,"10.1186/s40168-020-00992-w","10.1186/s40168-020-00992-w","https://www.ebi.ac.uk/ena/browser/view/prjeb39814?show=reads","prjeb39814","prjeb39814","","prjeb39814","erp123375","yes",TRUE,"numbat",TRUE,TRUE,"acc_nr",NA,NA,"FALSE",NA,"FALSE",NA,NA,"no license"
708,"10.1073/pnas.2105691119","10.1073/pnas.2105691119","https://www.ebi.ac.uk/ena/browser/view/prjeb39828","prjeb39828","prjeb39828","","prjeb39828","erp123392","yes",TRUE,"numbat",TRUE,TRUE,"acc_nr",NA,NA,"FALSE",NA,"FALSE","yes",NA,"no license"
798,"10.3390/antibiotics11101286","10.3390/antibiotics11101286","https://www.ebi.ac.uk/ena/browser/view/prjeb39867","prjeb39867","prjeb39867","","prjeb39867","erp123433","yes",TRUE,"numbat",TRUE,TRUE,"acc_nr",NA,NA,"FALSE",NA,"FALSE","yes",NA,"no license"
1342,"10.1371/journal.pcbi.1009515","10.1371/journal.pcbi.1009515","https://www.ebi.ac.uk/ena/browser/view/prjeb40670?show=reads","prjeb40670","prjeb40670","","prjeb40670","erp124328","yes",TRUE,"numbat",TRUE,TRUE,"acc_nr",NA,NA,"FALSE",NA,"FALSE",NA,NA,"no license"
701,"10.1101/gr.275790.121","10.1101/gr.275790.121","https://www.ebi.ac.uk/ena/browser/view/prjeb40747","prjeb40747","prjeb40747","","prjeb40747","erp124413","yes",TRUE,"numbat",TRUE,TRUE,"acc_nr",NA,NA,"FALSE",NA,"FALSE","yes",NA,"no license"
271,"10.1016/j.bpsgos.2022.01.009","10.1016/j.bpsgos.2022.01.009","https://www.ebi.ac.uk/ena/browser/view/prjeb41217","prjeb41217","prjeb41217","","prjeb41217","erp124957","yes",TRUE,"numbat",TRUE,TRUE,"acc_nr",NA,NA,"FALSE",NA,"FALSE","no_statement_no_data",NA,"no license"
1472,"10.1038/s41586-021-04177-9","10.1038/s41586-021-04177-9","https://www.ebi.ac.uk/ena/browser/view/prjeb41311","prjeb41311","prjeb41311","","prjeb41311","erp125059","yes",TRUE,"numbat",TRUE,TRUE,"acc_nr",NA,NA,"FALSE",NA,"FALSE",NA,2021,"no license"
887,"10.1038/s41467-022-29614-9","10.1038/s41467-022-29614-9","https://www.ebi.ac.uk/ena/browser/view/prjeb41631","prjeb41631","prjeb41631","","prjeb41631","erp125438","yes",TRUE,"numbat",TRUE,TRUE,"acc_nr",NA,NA,"FALSE",NA,"FALSE","yes",NA,"no license"
272,"10.1016/j.bpsgos.2022.01.009","10.1016/j.bpsgos.2022.01.009","https://www.ebi.ac.uk/ena/browser/view/prjeb41786","prjeb41786","prjeb41786","","prjeb41786","erp125621","yes",TRUE,"numbat",TRUE,TRUE,"acc_nr",NA,NA,"FALSE",NA,"FALSE","no_statement_no_data",2022,"no license"
273,"10.1016/j.bpsgos.2022.01.009","10.1016/j.bpsgos.2022.01.009","https://www.ebi.ac.uk/ena/browser/view/prjeb41787","prjeb41787","prjeb41787","","prjeb41787","erp125622","yes",TRUE,"numbat",TRUE,TRUE,"acc_nr",NA,NA,"FALSE",NA,"FALSE","no_statement_no_data",2022,"no license"
769,"10.1016/j.bioorg.2021.105505","10.1016/j.bioorg.2021.105505","https://www.ebi.ac.uk/ena/browser/view/prjeb42732","prjeb42732","prjeb42732","","prjeb42732","erp126632","yes",TRUE,"numbat",TRUE,TRUE,"acc_nr",NA,NA,"FALSE",NA,"FALSE","yes",NA,"no license"
1729,"10.1016/j.bioorg.2021.105505","10.1016/j.bioorg.2021.105505","https://www.ebi.ac.uk/ena/browser/view/prjeb42732?show=reads","prjeb42732","prjeb42732","","prjeb42732","erp126632","yes",TRUE,"numbat",TRUE,TRUE,"acc_nr",NA,NA,"FALSE",NA,"FALSE",NA,NA,"no license"
1408,"10.3389/fmicb.2021.662575","10.3389/fmicb.2021.662575","https://www.ebi.ac.uk/ena/browser/view/prjeb42795?show=reads","prjeb42795","prjeb42795","","prjeb42795","erp126706","yes",TRUE,"numbat",TRUE,TRUE,"acc_nr",NA,NA,"FALSE",NA,"FALSE",NA,NA,"no license"
663,"10.1172/jci.insight.151353","10.1172/jci.insight.151353","https://www.ebi.ac.uk/ena/browser/view/prjeb43040","prjeb43040","prjeb43040","","prjeb43040","erp126957","yes",TRUE,"numbat",TRUE,TRUE,"acc_nr",NA,NA,"FALSE",NA,"FALSE","yes",NA,"no license"
828,"10.1038/s41586-022-05594-0","10.1038/s41586-022-05594-0","https://www.ebi.ac.uk/ena/browser/view/prjeb43613","prjeb43613","prjeb43613","","prjeb43613","erp127587","yes",TRUE,"numbat",TRUE,TRUE,"acc_nr",NA,NA,"FALSE",NA,"FALSE","yes",NA,"no license"
916,"10.1128/spectrum.01714-22","10.1128/spectrum.01714-22","https://www.ncbi.nlm.nih.gov/bioproject/?term=prjeb44160","prjeb44160","prjeb44160","","prjeb44160","erp128177","yes",TRUE,"numbat",TRUE,TRUE,"acc_nr",NA,NA,"FALSE",NA,"FALSE","yes",NA,"no license"
1158,"10.1038/s41467-021-27704-8","10.1038/s41467-021-27704-8","https://www.ebi.ac.uk/ena/browser/view/prjeb44263","prjeb44263","prjeb44263","","prjeb44263","erp128296","yes",TRUE,"numbat",TRUE,TRUE,"acc_nr",NA,NA,"FALSE",NA,"FALSE","yes",NA,"no license"
1423,"10.3390/biomedicines9070819","10.3390/biomedicines9070819","https://www.ebi.ac.uk/ena/browser/view/prjeb44908?show=reads","prjeb44908","prjeb44908","","prjeb44908","erp129010","yes",TRUE,"numbat",TRUE,TRUE,"acc_nr",NA,NA,"FALSE",NA,"FALSE",NA,NA,"no license"
1776,"10.1038/s41588-021-00951-7","10.1038/s41588-021-00951-7","https://www.ebi.ac.uk/ena/browser/view/prjeb45367","prjeb45367","prjeb45367","","prjeb45367","erp129464","yes",TRUE,"numbat",TRUE,TRUE,"acc_nr",NA,NA,"FALSE",NA,"FALSE",NA,NA,"no license"
1331,"10.1242/dev.199307","10.1242/dev.199307","https://www.ebi.ac.uk/ena/browser/view/prjeb46911?show=reads","prjeb46911","prjeb46911","","prjeb46911","erp131145","yes",TRUE,"numbat",TRUE,TRUE,"acc_nr",NA,NA,"FALSE",NA,"FALSE",NA,NA,"no license"
1177,"10.26508/lsa.202101234","10.26508/lsa.202101234","https://www.ebi.ac.uk/ena/browser/view/prjeb47228","prjeb47228","prjeb47228","","prjeb47228","erp131490","yes",TRUE,"numbat",TRUE,TRUE,"acc_nr",NA,NA,"FALSE",NA,"FALSE","yes",NA,"no license"
1161,"10.1038/s41467-022-30009-z","10.1038/s41467-022-30009-z","https://www.ebi.ac.uk/ena/browser/view/prjeb47337","prjeb47337","prjeb47337","","prjeb47337","erp131600","yes",TRUE,"numbat",TRUE,TRUE,"acc_nr",NA,NA,"FALSE",NA,"FALSE","yes",NA,"no license"
835,"10.1128/msphere.00808-21","10.1128/msphere.00808-21","https://www.ebi.ac.uk/ena/browser/view/prjeb47767","prjeb47767","prjeb47767","","prjeb47767","erp132070","yes",TRUE,"numbat",TRUE,TRUE,"acc_nr",NA,NA,"FALSE",NA,"FALSE","yes",NA,"no license"
1088,"10.1186/s13059-022-02806-8","10.1186/s13059-022-02806-8","https://www.ebi.ac.uk/ena/browser/view/prjeb49149","prjeb49149","prjeb49149","","prjeb49149","erp133610","yes",TRUE,"numbat",TRUE,TRUE,"acc_nr",NA,NA,"FALSE",NA,"FALSE","yes",NA,"no license"
1032,"10.1038/s41588-022-01024-z","10.1038/s41588-022-01024-z","https://www.ebi.ac.uk/ena/browser/view/prjeb49234","prjeb49234","prjeb49234","","prjeb49234","erp133716","yes",TRUE,"numbat",TRUE,TRUE,"acc_nr",NA,NA,"FALSE",NA,"FALSE","yes",NA,"no license"
256,"10.1093/nar/gkad121","10.1093/nar/gkad121","https://www.ebi.ac.uk/ena/browser/view/prjeb49255","prjeb49255","prjeb49255","","prjeb49255","erp133739","yes",TRUE,"numbat",TRUE,TRUE,"acc_nr",NA,NA,"FALSE",NA,"FALSE","yes",NA,"no license"
1173,"10.1038/s41592-022-01431-4","10.1038/s41592-022-01431-4","https://www.ebi.ac.uk/ena/browser/view/prjeb50270","prjeb50270","prjeb50270","","prjeb50270","erp134833","yes",TRUE,"numbat",TRUE,TRUE,"acc_nr",NA,NA,"FALSE",NA,"FALSE","yes",NA,"no license"
797,"10.3389/fgene.2022.867018","10.3389/fgene.2022.867018","https://www.ebi.ac.uk/ena/browser/view/prjeb50518","prjeb50518","prjeb50518","","prjeb50518","erp135105","yes",TRUE,"numbat",TRUE,TRUE,"acc_nr",NA,NA,"FALSE",NA,"FALSE","yes",NA,"no license"
955,"10.1172/jci.insight.156669","10.1172/jci.insight.156669","https://www.ebi.ac.uk/ena/browser/view/prjeb50710","prjeb50710","prjeb50710","","prjeb50710","erp135331","yes",TRUE,"numbat",TRUE,TRUE,"acc_nr",NA,NA,"FALSE",NA,"FALSE","unsure",NA,"no license"
280,"10.1111/jcpe.13824","10.1111/jcpe.13824","https://www.ebi.ac.uk/ena/browser/view/prjeb51017","prjeb51017","prjeb51017","","prjeb51017","erp135607","yes",TRUE,"numbat",TRUE,TRUE,"acc_nr",NA,NA,"FALSE",NA,"FALSE","yes",NA,"no license"
1228,"10.3389/fonc.2022.941666","10.3389/fonc.2022.941666","https://www.ebi.ac.uk/ena/browser/view/prjeb51424","prjeb51424","prjeb51424","","prjeb51424","erp136058","yes",TRUE,"numbat",TRUE,TRUE,"acc_nr",NA,NA,"FALSE",NA,"FALSE","yes",NA,"no license"
459,"10.1186/s13073-022-01148-1","10.1186/s13073-022-01148-1","https://www.ebi.ac.uk/ena/browser/view/prjeb51635","prjeb51635","prjeb51635","","prjeb51635","erp136282","yes",TRUE,"numbat",TRUE,TRUE,"acc_nr",NA,NA,"FALSE",NA,"FALSE","yes",NA,"no license"
902,"10.3389/fgene.2022.913030","10.3389/fgene.2022.913030","https://www.ebi.ac.uk/ena/browser/view/prjeb51729","prjeb51729","prjeb51729","","prjeb51729","erp136384","yes",TRUE,"numbat",TRUE,TRUE,"acc_nr",NA,NA,"FALSE",NA,"FALSE","yes",NA,"no license"
1041,"10.1038/s42003-022-03421-w","10.1038/s42003-022-03421-w","https://www.ebi.ac.uk/ena/browser/view/prjeb51900","prjeb51900","prjeb51900","","prjeb51900","erp136559","yes",TRUE,"numbat",TRUE,TRUE,"acc_nr",NA,NA,"FALSE",NA,"FALSE","yes",NA,"no license"
440,"10.1152/ajplung.00296.2022","10.1152/ajplung.00296.2022","https://www.ebi.ac.uk/ena/browser/view/prjeb52219","prjeb52219","prjeb52219","","prjeb52219","erp136912","yes",TRUE,"numbat",TRUE,TRUE,"acc_nr",NA,NA,"FALSE",NA,"FALSE","yes",NA,"no license"
1216,"10.1007/s00018-022-04638-y","10.1007/s00018-022-04638-y","https://www.ebi.ac.uk/ena/browser/view/prjeb52257","prjeb52257","prjeb52257","","prjeb52257","erp136951","yes",TRUE,"numbat",TRUE,TRUE,"acc_nr",NA,NA,"FALSE",NA,"FALSE","yes",NA,"no license"
827,"10.1016/j.envpol.2022.119627","10.1016/j.envpol.2022.119627","https://www.ebi.ac.uk/ena/browser/view/prjeb53570?show=reads","prjeb53570","prjeb53570","","prjeb53570","erp138378","yes",TRUE,"numbat",TRUE,TRUE,"acc_nr",NA,NA,"FALSE",NA,"FALSE","yes",NA,"no license"
1010,"10.1016/j.molcel.2022.08.031","10.1016/j.molcel.2022.08.031","https://www.ebi.ac.uk/ena/browser/view/prjeb54085","prjeb54085","prjeb54085","","prjeb54085","erp138908","yes",TRUE,"numbat",TRUE,TRUE,"acc_nr",NA,NA,"FALSE",NA,"FALSE","yes",NA,"no license"
671,"10.3390/cells11243970","10.3390/cells11243970","https://www.ebi.ac.uk/ena/browser/view/prjeb55408","prjeb55408","prjeb55408","","prjeb55408","erp140300","yes",TRUE,"numbat",TRUE,TRUE,"acc_nr",NA,NA,"FALSE",NA,"FALSE","yes",NA,"no license"
397,"10.1038/s41598-023-39260-w","10.1038/s41598-023-39260-w","https://www.ebi.ac.uk/ena/browser/view/prjeb56782","prjeb56782","prjeb56782","","prjeb56782","erp141753","yes",TRUE,"numbat",TRUE,TRUE,"acc_nr",NA,NA,"FALSE",NA,"FALSE","yes",NA,"no license"
34,"10.1038/s41467-023-43751-9","10.1038/s41467-023-43751-9","https://www.ebi.ac.uk/ena/browser/view/prjeb57219","prjeb57219","prjeb57219","","prjeb57219","erp142191","yes",TRUE,"numbat",TRUE,TRUE,"acc_nr",NA,NA,"FALSE",NA,"FALSE","yes",NA,"no license"
632,"10.1038/s41467-023-41074-3","10.1038/s41467-023-41074-3","https://www.ebi.ac.uk/ena/browser/view/prjeb58626","prjeb58626","prjeb58626","","prjeb58626","erp143693","yes",TRUE,"numbat",TRUE,TRUE,"acc_nr",NA,NA,"FALSE",NA,"FALSE","yes",NA,"no license"
337,"10.3389/fimmu.2023.1125017","10.3389/fimmu.2023.1125017","https://www.ebi.ac.uk/ena/browser/view/prjeb59052","prjeb59052","prjeb59052","","prjeb59052","erp144128","yes",TRUE,"numbat",TRUE,TRUE,"acc_nr",NA,NA,"FALSE",NA,"FALSE","yes",NA,"no license"
506,"10.1080/22221751.2023.2259001","10.1080/22221751.2023.2259001","https://www.ebi.ac.uk/ena/browser/view/prjeb60001","prjeb60001","prjeb60001","","prjeb60001","erp145042","yes",TRUE,"numbat",TRUE,TRUE,"acc_nr",NA,NA,"FALSE",NA,"FALSE","yes",NA,"no license"
181,"10.1186/s13059-023-03060-2","10.1186/s13059-023-03060-2","https://www.ebi.ac.uk/ena/browser/view/prjeb60349","prjeb60349","prjeb60349","","prjeb60349","erp145404","yes",TRUE,"numbat",TRUE,TRUE,"acc_nr",NA,NA,"FALSE",NA,"FALSE","yes",NA,"no license"
182,"10.1186/s13059-023-03060-2","10.1186/s13059-023-03060-2","https://www.ebi.ac.uk/ena/browser/view/prjeb60407","prjeb60407","prjeb60407","","prjeb60407","erp145467","yes",TRUE,"numbat",TRUE,TRUE,"acc_nr",NA,NA,"FALSE",NA,"FALSE","yes",NA,"no license"
345,"10.1038/s41388-023-02839-8","10.1038/s41388-023-02839-8","https://www.ebi.ac.uk/ena/browser/view/prjeb61549","prjeb61549","prjeb61549","","prjeb61549","erp146642","yes",TRUE,"numbat",TRUE,TRUE,"acc_nr",NA,NA,"FALSE",NA,"FALSE","yes",NA,"no license"
1805,"10.1016/j.celrep.2020.107549","10.1016/j.celrep.2020.107549","https://www.ebi.ac.uk/ena/data/view/prjeb8023","prjeb8023","prjeb8023","","prjeb8023","erp009054","yes",TRUE,"numbat",TRUE,TRUE,"acc_nr",NA,NA,"FALSE",NA,"FALSE",NA,NA,NA
88,"10.1186/s12885-023-11551-5","10.1186/s12885-023-11551-5","https://www.ncbi.nlm.nih.gov/sra/?term=prjna1011235","prjna1011235","prjna1011235","","prjna1011235","srp457755","yes",TRUE,"numbat",TRUE,TRUE,"acc_nr",NA,NA,"FALSE",NA,"FALSE","yes",NA,"no license"
21,"10.1038/s41467-023-44033-0","10.1038/s41467-023-44033-0","https://www.ebi.ac.uk/ena/browser/view/prjna1043442","prjna1043442","prjna1043442","","prjna1043442","srp473186","yes",TRUE,"numbat",TRUE,TRUE,"acc_nr",NA,NA,"FALSE",NA,"FALSE","yes",NA,"no license"
1816,"10.1016/j.jaci.2020.04.059","10.1016/j.jaci.2020.04.059","https://www.ncbi.nlm.nih.gov/bioproject/?term=prjna352913","prjna352913","prjna352913","","prjna352913","srp093175","yes",TRUE,"numbat",TRUE,TRUE,"acc_nr",NA,NA,"FALSE",NA,"FALSE",NA,NA,NA
1976,"10.1158/0008-5472.can-20-0754","10.1158/0008-5472.can-20-0754","https://www.ncbi.nlm.nih.gov/sra/?term=prjna413158","prjna413158","prjna413158","","prjna413158","srp161770","yes",TRUE,"numbat",TRUE,TRUE,"acc_nr",NA,NA,"FALSE",NA,"FALSE",NA,NA,NA
2007,"10.1158/0008-5472.can-20-1998","10.1158/0008-5472.can-20-1998","https://www.ncbi.nlm.nih.gov/bioproject/prjna413158/","prjna413158","prjna413158","","prjna413158","srp161770","yes",TRUE,"numbat",TRUE,TRUE,"acc_nr",NA,NA,"FALSE",NA,"FALSE",NA,NA,NA
1993,"10.1038/s41467-020-14782-3","10.1038/s41467-020-14782-3","https://www.ncbi.nlm.nih.gov/bioproject/?term=prjna437582","prjna437582","prjna437582","","prjna437582","srp135863","yes",TRUE,"numbat",TRUE,TRUE,"acc_nr",NA,NA,"FALSE",NA,"FALSE",NA,NA,NA
2037,"10.1038/s41598-020-65744-0","10.1038/s41598-020-65744-0","https://www.ncbi.nlm.nih.gov/sra/?term=prjna521529","prjna521529","prjna521529","","prjna521529","srp184712","yes",TRUE,"numbat",TRUE,TRUE,"acc_nr",NA,NA,"FALSE",NA,"FALSE",NA,NA,NA
626,"10.1097/hep.0000000000000238","10.1097/hep.0000000000000238","https://www.ncbi.nlm.nih.gov/bioproject/?term=prjna540738","prjna540738","prjna540738","","prjna540738","srp194438","yes",TRUE,"numbat",TRUE,TRUE,"acc_nr","FALSE","FALSE","FALSE","bioproject","TRUE","yes_statement_no_data",2020,"no license"
2058,"10.1053/j.gastro.2020.07.005","10.1053/j.gastro.2020.07.005","https://www.ncbi.nlm.nih.gov/bioproject/?term=prjna540738","prjna540738","prjna540738","","prjna540738","srp194438","yes",TRUE,"numbat",TRUE,TRUE,"acc_nr","FALSE","FALSE","FALSE","bioproject","TRUE",NA,2020,NA
2060,"10.1111/jgh.15071","10.1111/jgh.15071","https://www.ncbi.nlm.nih.gov/bioproject/?term=prjna540738","prjna540738","prjna540738","","prjna540738","srp194438","yes",TRUE,"numbat",TRUE,TRUE,"acc_nr","FALSE","FALSE","FALSE","bioproject","TRUE",NA,2020,NA
1144,"10.1182/blood.2021015036","10.1182/blood.2021015036","https://www.ncbi.nlm.nih.gov/traces/study/?acc=prjna547947&o=acc_s%3aa","prjna547947","prjna547947","","prjna547947","srp200883","yes",TRUE,"numbat",TRUE,TRUE,"acc_nr",NA,NA,"FALSE",NA,"FALSE","no_statement_no_data",NA,"no license"
585,"10.1126/sciadv.adi2095","10.1126/sciadv.adi2095","https://ncbi.nlm.nih.gov/bioproject/?term=prjna555448","prjna555448","prjna555448","","prjna555448","srp215341","yes",TRUE,"numbat",TRUE,TRUE,"acc_nr",NA,NA,"FALSE",NA,"FALSE","yes",NA,"no license"
1940,"10.3389/fmicb.2020.556793","10.3389/fmicb.2020.556793","https://www.ncbi.nlm.nih.gov/bioproject/prjna561486","prjna561486","prjna561486","","prjna561486","srp219938","yes",TRUE,"numbat",TRUE,TRUE,"acc_nr",NA,NA,"FALSE",NA,"FALSE",NA,NA,NA
180,"10.1186/s12864-023-09409-y","10.1186/s12864-023-09409-y","https://www.ncbi.nlm.nih.gov/sra/?term=prjna562971","prjna562971","prjna562971","","prjna562971","srp219989","yes",TRUE,"numbat",TRUE,TRUE,"acc_nr",NA,NA,"FALSE",NA,"FALSE","yes",NA,"no license"
1983,"10.1016/j.celrep.2020.108117","10.1016/j.celrep.2020.108117","https://www.ncbi.nlm.nih.gov/sra/?term=prjna579336","prjna579336","prjna579336","","prjna579336","srp226824","yes",TRUE,"numbat",TRUE,TRUE,"acc_nr","FALSE","TRUE","FALSE","bioproject","TRUE",NA,2020,NA
2046,"10.1038/s41591-020-0801-z","10.1038/s41591-020-0801-z","https://www.ncbi.nlm.nih.gov/bioproject/?term=prjna589622","prjna589622","prjna589622","","prjna589622","srp229815","yes",TRUE,"numbat",TRUE,TRUE,"acc_nr",NA,NA,"FALSE",NA,"FALSE",NA,NA,NA
1798,"10.1002/eji.201948474","10.1002/eji.201948474","https://www.ncbi.nlm.nih.gov/sra/?term=prjna607006","prjna607006","prjna607006","","prjna607006","srp249876","yes",TRUE,"numbat",TRUE,TRUE,"acc_nr",NA,NA,"FALSE",NA,"FALSE",NA,NA,NA
2059,"10.1084/jem.20200275","10.1084/jem.20200275","https://www.ncbi.nlm.nih.gov/bioproject/?term=prjna622437","prjna622437","prjna622437","","prjna622437","srp254846","yes",TRUE,"numbat",TRUE,TRUE,"acc_nr",NA,NA,"FALSE",NA,"FALSE",NA,NA,NA
2030,"10.1038/s41467-020-19452-y","10.1038/s41467-020-19452-y","https://www.ncbi.nlm.nih.gov/bioproject/prjna622577/","prjna622577","prjna622577","","prjna622577","srp254938","yes",TRUE,"numbat",TRUE,TRUE,"acc_nr",NA,NA,"FALSE",NA,"FALSE",NA,2020,NA
1931,"10.1534/g3.120.401537","10.1534/g3.120.401537","https://www.ncbi.nlm.nih.gov/bioproject/?term=prjna632985","prjna632985","prjna632985","","prjna632985","srp261730","yes",TRUE,"numbat",TRUE,TRUE,"acc_nr",NA,NA,"FALSE",NA,"FALSE",NA,2020,NA
2001,"10.1128/mra.00797-20","10.1128/mra.00797-20","https://www.ncbi.nlm.nih.gov/bioproject?term=prjna644770","prjna644770","prjna644770","","prjna644770","srp271041","yes",TRUE,"numbat",TRUE,TRUE,"acc_nr",NA,NA,"FALSE",NA,"FALSE",NA,NA,NA
1688,"10.1111/mec.16099","10.1111/mec.16099","https://www.ncbi.nlm.nih.gov/bioproject/prjna680013","prjna680013","prjna680013","","prjna680013","srp293931","yes",TRUE,"numbat",TRUE,TRUE,"acc_nr",NA,NA,"FALSE",NA,"FALSE",NA,NA,"no license"
951,"10.1093/cvr/cvab263","10.1093/cvr/cvab263","https://www.ncbi.nlm.nih.gov/sra/?term=prjna689550","prjna689550","prjna689550","","prjna689550","srp300201","yes",TRUE,"numbat",TRUE,TRUE,"acc_nr",NA,NA,"FALSE",NA,"FALSE","yes",NA,"no license"
240,"10.1093/bioadv/vbad063","10.1093/bioadv/vbad063","https://www.ncbi.nlm.nih.gov/traces/study/?acc=prjna698459&o=acc_s%3aa","prjna698459","prjna698459","","prjna698459","srp304078","yes",TRUE,"numbat",TRUE,TRUE,"acc_nr",NA,NA,"FALSE",NA,"FALSE","yes",NA,"no license"
953,"10.1159/000526228","10.1159/000526228","https://www.ncbi.nlm.nih.gov/sra/?term=prjna713953","prjna713953","prjna713953","","prjna713953","srp323315","yes",TRUE,"numbat",TRUE,TRUE,"acc_nr",NA,NA,"FALSE",NA,"FALSE","yes",NA,"no license"
915,"10.1128/msphere.01003-21","10.1128/msphere.01003-21","https://www.ncbi.nlm.nih.gov/bioproject/prjna725665","prjna725665","prjna725665","","prjna725665","srp319172","yes",TRUE,"numbat",TRUE,TRUE,"acc_nr",NA,NA,"FALSE",NA,"FALSE","yes",NA,"no license"
70,"10.1016/j.chom.2023.10.007","10.1016/j.chom.2023.10.007","https://www.ncbi.nlm.nih.gov/bioproject/prjna738291/","prjna738291","prjna738291","","prjna738291","srp324290","yes",TRUE,"numbat",TRUE,TRUE,"acc_nr",NA,NA,"FALSE",NA,"FALSE","yes",NA,"no license"
920,"10.1126/sciadv.abm9106","10.1126/sciadv.abm9106","https://www.ncbi.nlm.nih.gov/bioproject/?term=prjna761564","prjna761564","prjna761564","","prjna761564","srp336119","yes",TRUE,"numbat",TRUE,TRUE,"acc_nr",NA,NA,"FALSE",NA,"FALSE","yes",NA,"no license"
710,"10.1038/s41467-022-29176-w","10.1038/s41467-022-29176-w","https://www.ncbi.nlm.nih.gov/sra/?term=prjna765498","prjna765498","prjna765498","","prjna765498","srp338338","yes",TRUE,"numbat",TRUE,TRUE,"acc_nr",NA,NA,"FALSE",NA,"FALSE","yes",NA,"no license"
1168,"10.1038/s41588-022-01190-0","10.1038/s41588-022-01190-0","https://www.ncbi.nlm.nih.gov/bioproject/?term=prjna777710","prjna777710","prjna777710","","prjna777710","srp344689","yes",TRUE,"numbat",TRUE,TRUE,"acc_nr",NA,NA,"FALSE",NA,"FALSE","yes",NA,"no license"
896,"10.1080/19490976.2022.2081475","10.1080/19490976.2022.2081475","https://www.ncbi.nlm.nih.gov/bioproject/prjna782417/","prjna782417","prjna782417","","prjna782417","srp347695","yes",TRUE,"numbat",TRUE,TRUE,"acc_nr",NA,NA,"FALSE",NA,"FALSE","yes",NA,"no license"
993,"10.1038/s41586-021-04342-0","10.1038/s41586-021-04342-0","https://www.ncbi.nlm.nih.gov/sra?term=prjna784099","prjna784099","prjna784099","","prjna784099","srp348166","yes",TRUE,"numbat",TRUE,TRUE,"acc_nr",NA,NA,"FALSE",NA,"FALSE","yes",NA,"no license"
675,"10.3389/fmicb.2022.885822","10.3389/fmicb.2022.885822","https://www.ncbi.nlm.nih.gov/bioproject/?term=prjna785129","prjna785129","prjna785129","","prjna785129","srp348973","yes",TRUE,"numbat",TRUE,TRUE,"acc_nr",NA,NA,"FALSE",NA,"FALSE","yes",NA,"no license"
882,"10.3390/ijms232314554","10.3390/ijms232314554","https://www.ncbi.nlm.nih.gov/bioproject/prjna809921","prjna809921","prjna809921","","prjna809921","srp361263","yes",TRUE,"numbat",TRUE,TRUE,"acc_nr",NA,NA,"FALSE",NA,"FALSE","yes",NA,"no license"
488,"10.3389/fimmu.2023.1320414","10.3389/fimmu.2023.1320414","https://www.ncbi.nlm.nih.gov/prjna833766 ","prjna833766 ","prjna833766","","prjna833766","srp373254","yes",TRUE,"numbat",TRUE,TRUE,"acc_nr",NA,NA,"FALSE",NA,"FALSE","yes",NA,"no license"
245,"10.15252/msb.202211147","10.15252/msb.202211147","https://www.ncbi.nlm.nih.gov/traces/study/?acc=prjna837863&o=acc_s%3aa","prjna837863","prjna837863","","prjna837863",NA,"yes",TRUE,"numbat",TRUE,TRUE,"acc_nr",NA,NA,"FALSE",NA,"FALSE","yes",NA,"no license"
236,"10.1210/endocr/bqad076","10.1210/endocr/bqad076","https://www.ncbi.nlm.nih.gov/traces/study/?acc=prjna844991&o=acc_s%3aa","prjna844991","prjna844991","","prjna844991","srp378254","yes",TRUE,"numbat",TRUE,TRUE,"acc_nr",NA,NA,"FALSE",NA,"FALSE","yes",NA,"no license"
623,"10.1128/jvi.01932-22","10.1128/jvi.01932-22","https://www.ncbi.nlm.nih.gov/bioproject/prjna862320","prjna862320","prjna862320","","prjna862320","srp388127","yes",TRUE,"numbat",TRUE,TRUE,"acc_nr",NA,NA,"FALSE",NA,"FALSE","yes",NA,"no license"
624,"10.1158/2643-3230.bcd-22-0007","10.1158/2643-3230.bcd-22-0007","https://www.ncbi.nlm.nih.gov/bioproject/?term=prjna876929","prjna876929","prjna876929","","prjna876929","srp395703","yes",TRUE,"numbat",TRUE,TRUE,"acc_nr",NA,NA,"FALSE",NA,"FALSE","yes",NA,"no license"
38,"10.1080/19490976.2023.2259316","10.1080/19490976.2023.2259316","https://www.ncbi.nlm.nih.gov/bioproject/prjna878704/","prjna878704","prjna878704","","prjna878704","srp397023","yes",TRUE,"numbat",TRUE,TRUE,"acc_nr",NA,NA,"FALSE",NA,"FALSE","yes",NA,"no license"
42,"10.1099/mgen.0.000963","10.1099/mgen.0.000963","https://www.ncbi.nlm.nih.gov/sra/prjna879307","prjna879307","prjna879307","","prjna879307","srp396690","yes",TRUE,"numbat",TRUE,TRUE,"acc_nr",NA,NA,"FALSE",NA,"FALSE","yes",NA,"no license"
1015,"10.1073/pnas.2123476119","10.1073/pnas.2123476119","https://www.ncbi.nlm.nih.gov/bioproject/?term=prjna881328","prjna881328","prjna881328","","prjna881328","srp397690","yes",TRUE,"numbat",TRUE,TRUE,"acc_nr",NA,NA,"FALSE",NA,"FALSE","yes",NA,"no license"
18,"10.1073/pnas.2219439120","10.1073/pnas.2219439120","https://www.ncbi.nlm.nih.gov/bioproject?term=prjna881497","prjna881497","prjna881497","","prjna881497","srp398485","yes",TRUE,"numbat",TRUE,TRUE,"acc_nr",NA,NA,"FALSE",NA,"FALSE","yes",NA,"no license"
919,"10.1038/s41467-022-34791-8","10.1038/s41467-022-34791-8","https://www.ncbi.nlm.nih.gov/bioproject/prjna896242","prjna896242","prjna896242","","prjna896242","srp406369","yes",TRUE,"numbat",TRUE,TRUE,"acc_nr",NA,NA,"FALSE",NA,"FALSE","yes",NA,"no license"
23,"10.1186/s13578-023-01114-3","10.1186/s13578-023-01114-3","https://www.ncbi.nlm.nih.gov/sra/?term=prjna904961","prjna904961","prjna904961","","prjna904961","srp409611","yes",TRUE,"numbat",TRUE,TRUE,"acc_nr",NA,NA,"FALSE",NA,"FALSE","no_statement_no_data",NA,"no license"
59,"10.1038/s41467-023-39651-7","10.1038/s41467-023-39651-7","https://www.ncbi.nlm.nih.gov/bioproject/?term=prjna912580","prjna912580","prjna912580","","prjna912580","srp413826","yes",TRUE,"numbat",TRUE,TRUE,"acc_nr",NA,NA,"FALSE",NA,"FALSE","yes",NA,"no license"
118,"10.1038/s41536-023-00291-6","10.1038/s41536-023-00291-6","https://www.ncbi.nlm.nih.gov/bioproject/?term=prjna938360","prjna938360","prjna938360","","prjna938360","srp424697","yes",TRUE,"numbat",TRUE,TRUE,"acc_nr",NA,NA,"FALSE",NA,"FALSE","yes",NA,"no license"
46,"10.3390/vetsci10050314","10.3390/vetsci10050314","https://www.ncbi.nlm.nih.gov/bioproject/prjna945807","prjna945807","prjna945807","","prjna945807",NA,"yes",TRUE,"numbat",TRUE,TRUE,"acc_nr",NA,NA,"FALSE",NA,"FALSE","yes",NA,"no license"
184,"10.1186/s13059-023-02928-7","10.1186/s13059-023-02928-7","https://www.ncbi.nlm.nih.gov/bioproject/prjna950050","prjna950050","prjna950050","","prjna950050","srp429989","yes",TRUE,"numbat",TRUE,TRUE,"acc_nr",NA,NA,"FALSE",NA,"FALSE","yes",NA,"no license"
244,"10.1038/s41375-023-02005-9","10.1038/s41375-023-02005-9","https://www.ncbi.nlm.nih.gov/traces/study/?acc=prjna975959&o=acc_s%3aa","prjna975959","prjna975959","","prjna975959","srp439414","yes",TRUE,"numbat",TRUE,TRUE,"acc_nr",NA,NA,"FALSE",NA,"FALSE","yes",NA,"no license"
1566,"10.1038/s41467-021-25403-y","10.1038/s41467-021-25403-y","https://www.ebi.ac.uk/pride/archive/projects/pxd004608","pxd004608","pxd004608","","pxd004608",NA,"yes",TRUE,"numbat",TRUE,TRUE,"acc_nr",NA,NA,"FALSE",NA,"FALSE",NA,NA,"no license"
1028,"10.1161/hypertensionaha.121.18620","10.1161/hypertensionaha.121.18620","https://www.ebi.ac.uk/pride/archive/projects/pxd005802","pxd005802","pxd005802","","pxd005802",NA,"yes",TRUE,"numbat",TRUE,TRUE,"acc_nr",NA,NA,"FALSE",NA,"FALSE","yes",NA,"no license"
2038,"10.1038/s41556-020-0488-x","10.1038/s41556-020-0488-x","http://proteomecentral.proteomexchange.org/cgi/getdataset?id=pxd010084","pxd010084","pxd010084","","pxd010084",NA,"yes",TRUE,"numbat",TRUE,TRUE,"acc_nr",NA,NA,"FALSE",NA,"FALSE",NA,NA,NA
1836,"10.1038/s41467-020-15743-6","10.1038/s41467-020-15743-6","http://proteomecentral.proteomexchange.org/cgi/getdataset?id=pxd011129","pxd011129","pxd011129","","pxd011129",NA,"yes",TRUE,"numbat",TRUE,TRUE,"acc_nr",NA,NA,"FALSE",NA,"FALSE",NA,NA,NA
1586,"10.1038/s42255-021-00477-6","10.1038/s42255-021-00477-6","https://www.ebi.ac.uk/pride/archive/projects/pxd011715","pxd011715","pxd011715","","pxd011715",NA,"yes",TRUE,"numbat",TRUE,TRUE,"acc_nr",NA,NA,"FALSE",NA,"FALSE",NA,NA,"CC0"
1596,"10.1021/acscentsci.0c00679","10.1021/acscentsci.0c00679","https://www.ebi.ac.uk/pride/archive/projects/pxd011771","pxd011771","pxd011771","","pxd011771",NA,"yes",TRUE,"numbat",TRUE,TRUE,"acc_nr",NA,NA,"FALSE",NA,"FALSE",NA,NA,"CC0"
1889,"10.1093/nar/gkaa681","10.1093/nar/gkaa681","http://proteomecentral.proteomexchange.org/cgi/getdataset?id=pxd011887","pxd011887","pxd011887","","pxd011887",NA,"yes",TRUE,"numbat",TRUE,TRUE,"acc_nr",NA,NA,"FALSE",NA,"FALSE",NA,NA,NA
437,"10.1097/hc9.0000000000000208","10.1097/hc9.0000000000000208","https://www.ebi.ac.uk/pride/archive/projects/pxd012136","pxd012136","pxd012136","","pxd012136",NA,"yes",TRUE,"numbat",TRUE,TRUE,"acc_nr",NA,NA,"FALSE",NA,"FALSE","yes",NA,"CC0"
1824,"10.1038/s41389-020-0201-8","10.1038/s41389-020-0201-8","https://www.ebi.ac.uk/pride/archive/projects/pxd012523","pxd012523","pxd012523","","pxd012523",NA,"yes",TRUE,"numbat",TRUE,TRUE,"acc_nr",NA,NA,"FALSE",NA,"FALSE",NA,NA,NA
1897,"10.1126/sciadv.aay1109","10.1126/sciadv.aay1109","http://proteomecentral.proteomexchange.org/cgi/getdataset?id=pxd013259","pxd013259","pxd013259","","pxd013259",NA,"yes",TRUE,"numbat",TRUE,TRUE,"acc_nr",NA,NA,"FALSE",NA,"FALSE",NA,NA,NA
1305,"10.1172/jci139076","10.1172/jci139076","https://www.ebi.ac.uk/pride/archive/projects/pxd014260","pxd014260","pxd014260","","pxd014260",NA,"yes",TRUE,"numbat",TRUE,TRUE,"acc_nr",NA,NA,"FALSE",NA,"FALSE",NA,2021,"CC0"
767,"10.1002/jev2.12207","10.1002/jev2.12207","https://www.ebi.ac.uk/pride/archive/projects/pxd014572","pxd014572","pxd014572","","pxd014572",NA,"yes",TRUE,"numbat",TRUE,TRUE,"acc_nr",NA,NA,"FALSE",NA,"FALSE","no_statement_no_data",NA,"CC0"
1602,"10.1016/j.molcel.2020.11.037","10.1016/j.molcel.2020.11.037","https://www.ebi.ac.uk/pride/archive/projects/pxd014740","pxd014740","pxd014740","","pxd014740",NA,"yes",TRUE,"numbat",TRUE,TRUE,"acc_nr",NA,NA,"FALSE",NA,"FALSE",NA,NA,"CC0"
1036,"10.1038/s41594-022-00882-9","10.1038/s41594-022-00882-9","https://www.ebi.ac.uk/pride/archive/projects/pxd014841","pxd014841","pxd014841","","pxd014841",NA,"yes",TRUE,"numbat",TRUE,TRUE,"acc_nr",NA,NA,"FALSE",NA,"FALSE","yes",NA,"CC0"
1821,"10.1021/acs.jproteome.9b00714","10.1021/acs.jproteome.9b00714","http://proteomecentral.proteomexchange.org/cgi/getdataset?id=pxd014913","pxd014913","pxd014913","","pxd014913",NA,"yes",TRUE,"numbat",TRUE,TRUE,"acc_nr",NA,NA,"FALSE",NA,"FALSE",NA,NA,NA
1664,"10.1126/scisignal.aax7942","10.1126/scisignal.aax7942","https://www.ebi.ac.uk/pride/archive/projects/pxd015579","pxd015579","pxd015579","","pxd015579",NA,"yes",TRUE,"numbat",TRUE,TRUE,"acc_nr",NA,NA,"FALSE",NA,"FALSE",NA,NA,"CC0"
1847,"10.1038/s41467-020-18542-1","10.1038/s41467-020-18542-1","https://www.ebi.ac.uk/pride/archive/projects/pxd016334","pxd016334","pxd016334","","pxd016334",NA,"yes",TRUE,"numbat",TRUE,TRUE,"acc_nr",NA,NA,"FALSE",NA,"FALSE",NA,NA,NA
1869,"10.1038/s41597-020-0487-6","10.1038/s41597-020-0487-6","https://www.ebi.ac.uk/pride/archive/projects/pxd016782","pxd016782","pxd016782","","pxd016782",NA,"yes",TRUE,"numbat",TRUE,TRUE,"acc_nr","FALSE","TRUE","FALSE",NA,"FALSE",NA,2020,NA
2095,"10.1038/s41597-020-0487-6","10.1038/s41597-020-0487-6","pxd016782","pxd016782","pxd016782","","pxd016782",NA,NA,TRUE,"data_articles",TRUE,TRUE,"acc_nr","FALSE","TRUE","FALSE",NA,"FALSE",NA,2020,NA
583,"10.1126/sciadv.adi2095","10.1126/sciadv.adi2095","https://www.ebi.ac.uk/pride/archive/projects/pxd017063","pxd017063","pxd017063","","pxd017063",NA,"yes",TRUE,"numbat",TRUE,TRUE,"acc_nr",NA,NA,"FALSE",NA,"FALSE","yes",NA,"CC0"
1842,"10.1038/s41467-020-16929-8","10.1038/s41467-020-16929-8","http://proteomecentral.proteomexchange.org/cgi/getdataset?id=pxd017341","pxd017341","pxd017341","","pxd017341",NA,"yes",TRUE,"numbat",TRUE,TRUE,"acc_nr",NA,NA,"FALSE",NA,"FALSE",NA,NA,NA
734,"10.1172/jci150951","10.1172/jci150951","https://www.ebi.ac.uk/pride/archive/projects/pxd018170","pxd018170","pxd018170","","pxd018170",NA,"yes",TRUE,"numbat",TRUE,TRUE,"acc_nr",NA,NA,"FALSE",NA,"FALSE","no_statement_no_data",NA,"CC0"
855,"10.1186/s12961-022-00841-2","10.1186/s12961-022-00841-2","https://www.ebi.ac.uk/pride/archive/projects/pxd018230","pxd018230","pxd018230","","pxd018230",NA,"yes",TRUE,"numbat",TRUE,TRUE,"acc_nr",NA,NA,"FALSE","pride proteomics identification database","TRUE","yes",2021,"CC0"
1426,"10.3390/cancers13051097","10.3390/cancers13051097","https://www.ebi.ac.uk/pride/archive/projects/pxd018230","pxd018230","pxd018230","","pxd018230",NA,"yes",TRUE,"numbat",TRUE,TRUE,"acc_nr",NA,NA,"FALSE","pride proteomics identification database","TRUE",NA,2021,"CC0"
1556,"10.1016/j.molcel.2020.12.046","10.1016/j.molcel.2020.12.046","https://www.ebi.ac.uk/pride/archive/projects/pxd018244","pxd018244","pxd018244","","pxd018244",NA,"yes",TRUE,"numbat",TRUE,TRUE,"acc_nr",NA,NA,"FALSE",NA,"FALSE",NA,NA,"CC0"
685,"10.1038/s41467-022-30322-7","10.1038/s41467-022-30322-7","https://www.ebi.ac.uk/pride/archive/projects/pxd018313","pxd018313","pxd018313","","pxd018313",NA,"yes",TRUE,"numbat",TRUE,TRUE,"acc_nr",NA,NA,"FALSE",NA,"FALSE","yes",NA,"CC0"
1764,"10.1038/s41467-021-26061-w","10.1038/s41467-021-26061-w","https://www.ebi.ac.uk/pride/archive/projects/pxd018345","pxd018345","pxd018345","","pxd018345",NA,"yes",TRUE,"numbat",TRUE,TRUE,"acc_nr","FALSE","TRUE","FALSE","pride proteomics identification database","TRUE",NA,2021,"CC0"
1381,"10.15252/embj.2020106094","10.15252/embj.2020106094","https://www.ebi.ac.uk/pride/archive/projects/pxd018651","pxd018651","pxd018651","","pxd018651",NA,"yes",TRUE,"numbat",TRUE,TRUE,"acc_nr",NA,NA,"FALSE",NA,"FALSE",NA,NA,"CC0"
768,"10.1016/j.bioorg.2021.105505","10.1016/j.bioorg.2021.105505","https://www.ebi.ac.uk/pride/archive/projects/pxd018674","pxd018674","pxd018674","","pxd018674",NA,"yes",TRUE,"numbat",TRUE,TRUE,"acc_nr",NA,NA,"FALSE",NA,"FALSE","yes",NA,"CC0"
1810,"10.1016/j.cels.2020.05.012","10.1016/j.cels.2020.05.012","http://proteomecentral.proteomexchange.org/cgi/getdataset?id=pxd018874","pxd018874","pxd018874","","pxd018874",NA,"yes",TRUE,"numbat",TRUE,TRUE,"acc_nr",NA,NA,"FALSE",NA,"FALSE",NA,NA,NA
849,"10.1182/blood.2021012081","10.1182/blood.2021012081","https://www.ebi.ac.uk/pride/archive/projects/pxd018961","pxd018961","pxd018961","","pxd018961",NA,"yes",TRUE,"numbat",TRUE,TRUE,"acc_nr",NA,NA,"FALSE",NA,"FALSE","no_statement_no_data",NA,"CC0"
1500,"10.1038/s41467-021-22117-z","10.1038/s41467-021-22117-z","https://www.ebi.ac.uk/pride/archive/projects/pxd019112","pxd019112","pxd019112","","pxd019112",NA,"yes",TRUE,"numbat",TRUE,TRUE,"acc_nr",NA,NA,"FALSE",NA,"FALSE",NA,NA,"CC0"
253,"10.1038/s42003-023-04652-1","10.1038/s42003-023-04652-1","https://www.ebi.ac.uk/pride/archive/projects/pxd020085","pxd020085","pxd020085","","pxd020085",NA,"yes",TRUE,"numbat",TRUE,TRUE,"acc_nr",NA,NA,"FALSE",NA,"FALSE","yes",NA,"CC0"
1383,"10.15252/emmm.202013074","10.15252/emmm.202013074","https://www.ebi.ac.uk/pride/archive/projects/pxd020175","pxd020175","pxd020175","","pxd020175",NA,"yes",TRUE,"numbat",TRUE,TRUE,"acc_nr",NA,NA,"FALSE",NA,"FALSE",NA,NA,"CC0"
1379,"10.1371/journal.ppat.1009775","10.1371/journal.ppat.1009775","https://www.ebi.ac.uk/pride/archive/projects/pxd020453","pxd020453","pxd020453","","pxd020453",NA,"yes",TRUE,"numbat",TRUE,TRUE,"acc_nr",NA,NA,"FALSE",NA,"FALSE",NA,NA,"CC0"
530,"10.1371/journal.pone.0278325","10.1371/journal.pone.0278325","https://www.ebi.ac.uk/pride/archive/projects/pxd020613","pxd020613","pxd020613","","pxd020613",NA,"yes",TRUE,"numbat",TRUE,TRUE,"acc_nr",NA,NA,"FALSE",NA,"FALSE","yes",NA,"CC0"
644,"10.1038/s41467-022-28515-1","10.1038/s41467-022-28515-1","https://www.ebi.ac.uk/pride/archive/projects/pxd021265","pxd021265","pxd021265","","pxd021265",NA,"yes",TRUE,"numbat",TRUE,TRUE,"acc_nr",NA,NA,"FALSE",NA,"FALSE","yes",NA,"CC0"
1970,"10.1016/j.celrep.2020.108235","10.1016/j.celrep.2020.108235","https://www.ebi.ac.uk/pride/archive/projects/pxd021351","pxd021351","pxd021351","","pxd021351",NA,"yes",TRUE,"numbat",TRUE,TRUE,"acc_nr",NA,NA,"FALSE",NA,"FALSE",NA,NA,NA
1584,"10.1016/j.molcel.2021.02.006","10.1016/j.molcel.2021.02.006","https://www.ebi.ac.uk/pride/archive/projects/pxd021374","pxd021374","pxd021374","","pxd021374",NA,"yes",TRUE,"numbat",TRUE,TRUE,"acc_nr",NA,NA,"FALSE",NA,"FALSE",NA,NA,"CC0"
1108,"10.1007/s00432-022-04416-0","10.1007/s00432-022-04416-0","https://www.ebi.ac.uk/pride/archive/projects/pxd022072","pxd022072","pxd022072","","pxd022072",NA,"yes",TRUE,"numbat",TRUE,TRUE,"acc_nr",NA,NA,"FALSE",NA,"FALSE","yes",NA,"CC0"
1280,"10.1096/fj.202002658rr","10.1096/fj.202002658rr","https://www.ebi.ac.uk/pride/archive/projects/pxd022350","pxd022350","pxd022350","","pxd022350",NA,"yes",TRUE,"numbat",TRUE,TRUE,"acc_nr",NA,NA,"FALSE",NA,"FALSE",NA,NA,"CC0"
468,"10.1016/j.jbc.2022.102865","10.1016/j.jbc.2022.102865","https://proteomecentral.proteomexchange.org/cgi/getdataset?id=pxd022476","pxd022476","pxd022476","","pxd022476",NA,"yes",TRUE,"numbat",TRUE,TRUE,"acc_nr",NA,NA,"FALSE",NA,"FALSE","yes",NA,"NULL"
1580,"10.1016/j.cell.2021.11.033","10.1016/j.cell.2021.11.033","https://www.ebi.ac.uk/pride/archive/projects/pxd022709","pxd022709","pxd022709","","pxd022709",NA,"yes",TRUE,"numbat",TRUE,TRUE,"acc_nr",NA,NA,"FALSE",NA,"FALSE",NA,NA,"CC0"
758,"10.1016/j.ccell.2022.02.006","10.1016/j.ccell.2022.02.006","https://www.ebi.ac.uk/pride/archive/projects/pxd022894","pxd022894","pxd022894","","pxd022894",NA,"yes",TRUE,"numbat",TRUE,TRUE,"acc_nr",NA,NA,"FALSE",NA,"FALSE","yes",NA,"CC0"
1469,"10.1038/s41587-021-00860-4","10.1038/s41587-021-00860-4","https://www.ebi.ac.uk/pride/archive/projects/pxd023613","pxd023613","pxd023613","","pxd023613",NA,"yes",TRUE,"numbat",TRUE,TRUE,"acc_nr",NA,NA,"FALSE",NA,"FALSE",NA,NA,"CC0"
1411,"10.3389/fmolb.2021.673044","10.3389/fmolb.2021.673044","https://www.ebi.ac.uk/pride/archive/projects/pxd023740/","pxd023740","pxd023740","","pxd023740",NA,"yes",TRUE,"numbat",TRUE,TRUE,"acc_nr",NA,NA,"FALSE",NA,"FALSE",NA,NA,"CC0"
55,"10.26508/lsa.202201411","10.26508/lsa.202201411","https://www.ebi.ac.uk/pride/archive/projects/pxd023800","pxd023800","pxd023800","","pxd023800",NA,"yes",TRUE,"numbat",TRUE,TRUE,"acc_nr",NA,NA,"FALSE",NA,"FALSE","yes",NA,"CC0"
1570,"10.1038/s41467-021-25454-1","10.1038/s41467-021-25454-1","https://www.ebi.ac.uk/pride/archive/projects/pxd023889","pxd023889","pxd023889","","pxd023889",NA,"yes",TRUE,"numbat",TRUE,TRUE,"acc_nr",NA,NA,"FALSE",NA,"FALSE",NA,NA,"CC0"
95,"10.1016/j.bbi.2023.03.023","10.1016/j.bbi.2023.03.023","https://www.ebi.ac.uk/pride/archive/projects/pxd024325","pxd024325","pxd024325","","pxd024325",NA,"yes",TRUE,"numbat",TRUE,TRUE,"acc_nr",NA,NA,"FALSE",NA,"FALSE","yes",NA,"CC0"
1409,"10.3389/fmicb.2021.746795","10.3389/fmicb.2021.746795","https://www.ebi.ac.uk/pride/archive/projects/pxd024375","pxd024375","pxd024375","","pxd024375",NA,"yes",TRUE,"numbat",TRUE,TRUE,"acc_nr",NA,NA,"FALSE",NA,"FALSE",NA,NA,"CC0"
62,"10.1016/j.xcrm.2022.100877","10.1016/j.xcrm.2022.100877","https://www.ebi.ac.uk/pride/archive/projects/pxd024427","pxd024427","pxd024427","","pxd024427",NA,"yes",TRUE,"numbat",TRUE,TRUE,"acc_nr",NA,NA,"FALSE",NA,"FALSE","yes",NA,"CC0"
1016,"10.1073/pnas.2123476119","10.1073/pnas.2123476119","https://www.ebi.ac.uk/pride/archive/projects/pxd024649","pxd024649","pxd024649","","pxd024649",NA,"yes",TRUE,"numbat",TRUE,TRUE,"acc_nr",NA,NA,"FALSE",NA,"FALSE","yes",NA,"CC0"
1392,"10.26508/lsa.202101099","10.26508/lsa.202101099","https://www.ebi.ac.uk/pride/archive/projects/pxd024707","pxd024707","pxd024707","","pxd024707",NA,"yes",TRUE,"numbat",TRUE,TRUE,"acc_nr",NA,NA,"FALSE",NA,"FALSE",NA,NA,"CC0"
1495,"10.1038/s41467-021-23855-w","10.1038/s41467-021-23855-w","https://www.ebi.ac.uk/pride/archive/projects/pxd024800","pxd024800","pxd024800","","pxd024800",NA,"yes",TRUE,"numbat",TRUE,TRUE,"acc_nr",NA,NA,"FALSE",NA,"FALSE",NA,NA,"CC0"
1199,"10.3389/fimmu.2022.969509","10.3389/fimmu.2022.969509","https://www.ebi.ac.uk/pride/archive/projects/pxd025076","pxd025076","pxd025076","","pxd025076",NA,"yes",TRUE,"numbat",TRUE,TRUE,"acc_nr",NA,NA,"FALSE",NA,"FALSE","yes",NA,"CC0"
1716,"10.1038/s41467-021-25030-7","10.1038/s41467-021-25030-7","https://www.ebi.ac.uk/pride/archive/projects/pxd025164","pxd025164","pxd025164","","pxd025164",NA,"yes",TRUE,"numbat",TRUE,TRUE,"acc_nr",NA,NA,"FALSE",NA,"FALSE",NA,NA,"CC0"
1512,"10.1016/j.cels.2021.05.005","10.1016/j.cels.2021.05.005","https://www.ebi.ac.uk/pride/archive/projects/pxd025752","pxd025752","pxd025752","","pxd025752",NA,"yes",TRUE,"numbat",TRUE,TRUE,"acc_nr",NA,NA,"FALSE",NA,"FALSE",NA,NA,"CC0"
427,"10.1038/s41467-023-38747-4","10.1038/s41467-023-38747-4","https://www.ebi.ac.uk/pride/archive/projects/pxd026053","pxd026053","pxd026053","","pxd026053",NA,"yes",TRUE,"numbat",TRUE,TRUE,"acc_nr",NA,NA,"FALSE",NA,"FALSE","yes",NA,"CC0"
1777,"10.1038/s41590-021-01035-8","10.1038/s41590-021-01035-8","https://www.ebi.ac.uk/pride/archive/projects/pxd026748","pxd026748","pxd026748","","pxd026748",NA,"yes",TRUE,"numbat",TRUE,TRUE,"acc_nr",NA,NA,"FALSE",NA,"FALSE",NA,NA,"CC0"
856,"10.1186/s13046-022-02380-8","10.1186/s13046-022-02380-8","https://www.ebi.ac.uk/pride/archive/projects/pxd026763","pxd026763","pxd026763","","pxd026763",NA,"yes",TRUE,"numbat",TRUE,TRUE,"acc_nr",NA,NA,"FALSE",NA,"FALSE","yes",NA,"CC0"
873,"10.1038/s42255-022-00584-y","10.1038/s42255-022-00584-y","https://www.ebi.ac.uk/pride/archive/projects/pxd026872","pxd026872","pxd026872","","pxd026872",NA,"yes",TRUE,"numbat",TRUE,TRUE,"acc_nr",NA,NA,"FALSE",NA,"FALSE","yes",NA,"CC0"
257,"10.1093/nar/gkad121","10.1093/nar/gkad121","https://www.ebi.ac.uk/pride/archive/projects/pxd026985","pxd026985","pxd026985","","pxd026985",NA,"yes",TRUE,"numbat",TRUE,TRUE,"acc_nr",NA,NA,"FALSE",NA,"FALSE","yes",NA,"no license"
1736,"10.1016/j.jbc.2021.101224","10.1016/j.jbc.2021.101224","https://www.ebi.ac.uk/pride/archive/projects/pxd027109","pxd027109","pxd027109","","pxd027109",NA,"yes",TRUE,"numbat",TRUE,TRUE,"acc_nr","FALSE","FALSE","FALSE","pride proteomics identification database","TRUE",NA,2022,"CC0"
1027,"10.15252/embj.2021109191","10.15252/embj.2021109191","https://www.ebi.ac.uk/pride/archive/projects/pxd027120","pxd027120","pxd027120","","pxd027120",NA,"yes",TRUE,"numbat",TRUE,TRUE,"acc_nr",NA,NA,"FALSE",NA,"FALSE","yes",NA,"CC0"
1033,"10.1016/j.molcel.2022.03.024","10.1016/j.molcel.2022.03.024","https://www.ebi.ac.uk/pride/archive/projects/pxd027137","pxd027137","pxd027137","","pxd027137",NA,"yes",TRUE,"numbat",TRUE,TRUE,"acc_nr",NA,NA,"FALSE",NA,"FALSE","yes",NA,"CC0"
934,"10.1093/nar/gkac428","10.1093/nar/gkac428","https://www.ebi.ac.uk/pride/archive/projects/pxd027251","pxd027251","pxd027251","","pxd027251",NA,"yes",TRUE,"numbat",TRUE,TRUE,"acc_nr",NA,NA,"FALSE",NA,"FALSE","yes",NA,"CC0"
1623,"10.1371/journal.ppat.1009824","10.1371/journal.ppat.1009824","https://www.ebi.ac.uk/pride/archive/projects/pxd027257","pxd027257","pxd027257","","pxd027257",NA,"yes",TRUE,"numbat",TRUE,TRUE,"acc_nr",NA,NA,"FALSE",NA,"FALSE",NA,NA,"CC0"
1635,"10.1016/j.mcpro.2021.100135","10.1016/j.mcpro.2021.100135","https://www.ebi.ac.uk/pride/archive/projects/pxd027265","pxd027265","pxd027265","","pxd027265",NA,"yes",TRUE,"numbat",TRUE,TRUE,"acc_nr",NA,NA,"FALSE",NA,"FALSE",NA,NA,"CC0"
1159,"10.1038/s41467-021-27704-8","10.1038/s41467-021-27704-8","https://www.ebi.ac.uk/pride/archive/projects/pxd027355","pxd027355","pxd027355","","pxd027355",NA,"yes",TRUE,"numbat",TRUE,TRUE,"acc_nr",NA,NA,"FALSE",NA,"FALSE","yes",NA,"CC0"
875,"10.1371/journal.ppat.1010193","10.1371/journal.ppat.1010193","https://www.ebi.ac.uk/pride/archive/projects/pxd027434","pxd027434","pxd027434","","pxd027434",NA,"yes",TRUE,"numbat",TRUE,TRUE,"acc_nr",NA,NA,"FALSE",NA,"FALSE","yes",NA,"CC0"
1639,"10.1021/acs.jproteome.1c00608","10.1021/acs.jproteome.1c00608","https://www.ebi.ac.uk/pride/archive/projects/pxd027498","pxd027498","pxd027498","","pxd027498",NA,"yes",TRUE,"numbat",TRUE,TRUE,"acc_nr",NA,NA,"FALSE",NA,"FALSE",NA,NA,"CC0"
1118,"10.1007/s00018-022-04345-8","10.1007/s00018-022-04345-8","https://www.ebi.ac.uk/pride/archive/projects/pxd027734","pxd027734","pxd027734","","pxd027734",NA,"yes",TRUE,"numbat",TRUE,TRUE,"acc_nr",NA,NA,"FALSE",NA,"FALSE","yes",NA,"CC0"
1073,"10.1016/j.fochms.2022.100111","10.1016/j.fochms.2022.100111","https://www.ebi.ac.uk/pride/archive/projects/pxd027753","pxd027753","pxd027753","","pxd027753",NA,"yes",TRUE,"numbat",TRUE,TRUE,"acc_nr",NA,NA,"FALSE",NA,"FALSE","yes",NA,"CC0"
1007,"10.1016/j.ccell.2022.09.001","10.1016/j.ccell.2022.09.001","https://proteomecentral.proteomexchange.org/cgi/getdataset?id=pxd027956-1&test=no","pxd027956-1","pxd027956-1","pxd027956","pxd027956",NA,"unsure",TRUE,"numbat",TRUE,TRUE,"acc_nr",NA,NA,"FALSE",NA,"FALSE","yes",NA,"no license"
1600,"10.1016/j.jbc.2021.101334","10.1016/j.jbc.2021.101334","https://www.ebi.ac.uk/pride/archive/projects/pxd028005","pxd028005","pxd028005","","pxd028005",NA,"yes",TRUE,"numbat",TRUE,TRUE,"acc_nr",NA,NA,"FALSE",NA,"FALSE",NA,NA,"CC0"
1189,"10.1111/all.15396","10.1111/all.15396","https://www.ebi.ac.uk/pride/archive/projects/pxd028245","pxd028245","pxd028245","","pxd028245",NA,"yes",TRUE,"numbat",TRUE,TRUE,"acc_nr",NA,NA,"FALSE",NA,"FALSE","no_statement_no_data",NA,"CC0"
423,"10.1038/s41593-022-01243-x","10.1038/s41593-022-01243-x","https://www.ebi.ac.uk/pride/archive/projects/pxd028300","pxd028300","pxd028300","","pxd028300",NA,"yes",TRUE,"numbat",TRUE,TRUE,"acc_nr",NA,NA,"FALSE",NA,"FALSE","yes",NA,"CC0"
1121,"10.1002/anie.202113937","10.1002/anie.202113937","https://www.ebi.ac.uk/pride/archive/projects/pxd029034","pxd029034","pxd029034","","pxd029034",NA,"yes",TRUE,"numbat",TRUE,TRUE,"acc_nr",NA,NA,"FALSE",NA,"FALSE","yes",NA,"CC0"
718,"10.1186/s12014-022-09346-0","10.1186/s12014-022-09346-0","https://www.ebi.ac.uk/pride/archive/projects/pxd029133","pxd029133","pxd029133","","pxd029133",NA,"yes",TRUE,"numbat",TRUE,TRUE,"acc_nr",NA,NA,"FALSE",NA,"FALSE","yes_statement_no_data",NA,"CC0"
1091,"10.3389/fncel.2021.792652","10.3389/fncel.2021.792652","https://www.ebi.ac.uk/pride/archive/projects/pxd029194","pxd029194","pxd029194","","pxd029194",NA,"yes",TRUE,"numbat",TRUE,TRUE,"acc_nr",NA,NA,"FALSE",NA,"FALSE","yes",NA,"CC0"
1165,"10.1038/s41467-022-33882-w","10.1038/s41467-022-33882-w","https://www.ebi.ac.uk/pride/archive/projects/pxd029237/","pxd029237","pxd029237","","pxd029237",NA,"yes",TRUE,"numbat",TRUE,TRUE,"acc_nr",NA,NA,"FALSE",NA,"FALSE","yes",NA,"CC0"
1678,"10.3389/fmicb.2021.766527","10.3389/fmicb.2021.766527","https://www.ebi.ac.uk/pride/archive/projects/pxd029319","pxd029319","pxd029319","","pxd029319",NA,"yes",TRUE,"numbat",TRUE,TRUE,"acc_nr",NA,NA,"FALSE",NA,"FALSE",NA,NA,"CC0"
333,"10.1371/journal.pbio.3002164","10.1371/journal.pbio.3002164","https://www.ebi.ac.uk/pride/archive/projects/pxd029343","pxd029343","pxd029343","","pxd029343",NA,"yes",TRUE,"numbat",TRUE,TRUE,"acc_nr",NA,NA,"FALSE",NA,"FALSE","yes",NA,"CC0"
724,"10.3389/fcvm.2021.805095","10.3389/fcvm.2021.805095","https://www.ebi.ac.uk/pride/archive/projects/pxd029737","pxd029737","pxd029737","","pxd029737",NA,"yes",TRUE,"numbat",TRUE,TRUE,"acc_nr",NA,NA,"FALSE",NA,"FALSE","yes",NA,"CC0"
905,"10.1161/circresaha.121.320029","10.1161/circresaha.121.320029","https://www.ebi.ac.uk/pride/archive/projects/pxd029794","pxd029794","pxd029794","","pxd029794",NA,"yes",TRUE,"numbat",TRUE,TRUE,"acc_nr",NA,NA,"FALSE",NA,"FALSE","yes",NA,"CC0"
649,"10.1038/s41467-022-31492-0","10.1038/s41467-022-31492-0","https://www.ebi.ac.uk/pride/archive/projects/pxd029836","pxd029836","pxd029836","","pxd029836",NA,"yes",TRUE,"numbat",TRUE,TRUE,"acc_nr",NA,NA,"FALSE",NA,"FALSE","yes",NA,"CC0"
1254,"10.1016/j.xhgg.2022.100111","10.1016/j.xhgg.2022.100111","https://www.ebi.ac.uk/pride/archive/projects/pxd029970","pxd029970","pxd029970","","pxd029970",NA,"yes",TRUE,"numbat",TRUE,TRUE,"acc_nr",NA,NA,"FALSE",NA,"FALSE","yes",NA,"CC0"
660,"10.1186/s12014-022-09386-6","10.1186/s12014-022-09386-6","https://www.ebi.ac.uk/pride/archive/projects/pxd030009","pxd030009","pxd030009","","pxd030009",NA,"yes",TRUE,"numbat",TRUE,TRUE,"acc_nr",NA,NA,"FALSE",NA,"FALSE","yes",NA,"CC0"
960,"10.3389/fimmu.2022.822437","10.3389/fimmu.2022.822437","https://www.ebi.ac.uk/pride/archive/projects/pxd030130","pxd030130","pxd030130","","pxd030130",NA,"yes",TRUE,"numbat",TRUE,TRUE,"acc_nr",NA,NA,"FALSE",NA,"FALSE","yes",NA,"CC0"
635,"10.1186/s13073-023-01206-2","10.1186/s13073-023-01206-2","https://www.ebi.ac.uk/pride/archive/projects/pxd030348","pxd030348","pxd030348","","pxd030348",NA,"yes",TRUE,"numbat",TRUE,TRUE,"acc_nr",NA,NA,"FALSE",NA,"FALSE","yes",NA,"CC0"
1013,"10.1021/acs.jproteome.2c00198","10.1021/acs.jproteome.2c00198","https://www.ebi.ac.uk/pride/archive/projects/pxd030395","pxd030395","pxd030395","","pxd030395",NA,"yes",TRUE,"numbat",TRUE,TRUE,"acc_nr",NA,NA,"FALSE",NA,"FALSE","yes",NA,"CC0"
1205,"10.1172/jci152383","10.1172/jci152383","https://www.ebi.ac.uk/pride/archive/projects/pxd030506","pxd030506","pxd030506","","pxd030506",NA,"yes",TRUE,"numbat",TRUE,TRUE,"acc_nr",NA,NA,"FALSE",NA,"FALSE","yes",NA,"CC0"
250,"10.1038/s41564-022-01304-8","10.1038/s41564-022-01304-8","https://www.ebi.ac.uk/pride/archive/projects/pxd030702","pxd030702","pxd030702","","pxd030702",NA,"yes",TRUE,"numbat",TRUE,TRUE,"acc_nr",NA,NA,"FALSE",NA,"FALSE","yes",NA,"CC0"
390,"10.1182/blood.2022017230","10.1182/blood.2022017230"," https://www.ebi.ac.uk/pride/archive/projects/pxd030773","pxd030773","pxd030773","","pxd030773",NA,"yes",TRUE,"numbat",TRUE,TRUE,"acc_nr",NA,NA,"FALSE",NA,"FALSE","yes",NA,"CC0"
996,"10.1038/s41467-022-28508-0","10.1038/s41467-022-28508-0","https://www.ebi.ac.uk/pride/archive/projects/pxd030785","pxd030785","pxd030785","","pxd030785",NA,"yes",TRUE,"numbat",TRUE,TRUE,"acc_nr",NA,NA,"FALSE",NA,"FALSE","yes",NA,"CC0"
1090,"10.3390/ijms23074058","10.3390/ijms23074058","https://www.ebi.ac.uk/pride/archive/projects/pxd030924","pxd030924","pxd030924","","pxd030924",NA,"yes",TRUE,"numbat",TRUE,TRUE,"acc_nr",NA,NA,"FALSE",NA,"FALSE","yes",NA,"CC0"
687,"10.1038/s41564-022-01072-5","10.1038/s41564-022-01072-5","https://www.ebi.ac.uk/pride/archive/projects/pxd031160","pxd031160","pxd031160","","pxd031160",NA,"yes",TRUE,"numbat",TRUE,TRUE,"acc_nr",NA,NA,"FALSE",NA,"FALSE","yes",NA,"CC0"
866,"10.1371/journal.pbio.3001912","10.1371/journal.pbio.3001912","https://www.ebi.ac.uk/pride/archive/projects/pxd031160","pxd031160","pxd031160","","pxd031160",NA,"yes",TRUE,"numbat",TRUE,TRUE,"acc_nr",NA,NA,"FALSE",NA,"FALSE","yes",NA,"CC0"
937,"10.1038/s41467-022-32370-5","10.1038/s41467-022-32370-5","https://www.ebi.ac.uk/pride/archive/projects/pxd031214","pxd031214","pxd031214","","pxd031214",NA,"yes",TRUE,"numbat",TRUE,TRUE,"acc_nr",NA,NA,"FALSE",NA,"FALSE","yes",NA,"CC0"
665,"10.1126/sciadv.abo7639","10.1126/sciadv.abo7639","https://www.ebi.ac.uk/pride/archive/projects/pxd031376","pxd031376","pxd031376","","pxd031376",NA,"yes",TRUE,"numbat",TRUE,TRUE,"acc_nr",NA,NA,"FALSE",NA,"FALSE","yes",NA,"CC0"
301,"10.1038/s41564-023-01433-8","10.1038/s41564-023-01433-8","https://www.ebi.ac.uk/pride/archive/projects/pxd031911","pxd031911","pxd031911","","pxd031911",NA,"yes",TRUE,"numbat",TRUE,TRUE,"acc_nr",NA,NA,"FALSE",NA,"FALSE","yes",NA,"CC0"
712,"10.7554/elife.75047","10.7554/elife.75047","https://www.ebi.ac.uk/pride/archive/projects/pxd031972","pxd031972","pxd031972","","pxd031972",NA,"yes",TRUE,"numbat",TRUE,TRUE,"acc_nr",NA,NA,"FALSE",NA,"FALSE","yes",NA,"CC0"
56,"10.1016/j.celrep.2023.113166","10.1016/j.celrep.2023.113166","https://www.ebi.ac.uk/pride/archive/projects/pxd032055","pxd032055","pxd032055","","pxd032055",NA,"yes",TRUE,"numbat",TRUE,TRUE,"acc_nr",NA,NA,"FALSE",NA,"FALSE","yes",NA,"CC0"
77,"10.1126/sciadv.abq0651","10.1126/sciadv.abq0651","https://www.ebi.ac.uk/pride/archive/projects/pxd032320","pxd032320","pxd032320","","pxd032320",NA,"yes",TRUE,"numbat",TRUE,TRUE,"acc_nr",NA,NA,"FALSE",NA,"FALSE","yes",NA,"CC0"
306,"10.1038/s41477-023-01407-y","10.1038/s41477-023-01407-y","https://www.ebi.ac.uk/pride/archive/projects/pxd032330","pxd032330","pxd032330","","pxd032330",NA,"yes",TRUE,"numbat",TRUE,TRUE,"acc_nr",NA,NA,"FALSE",NA,"FALSE","yes",NA,"CC0"
251,"10.1038/s41564-022-01304-8","10.1038/s41564-022-01304-8","https://www.ebi.ac.uk/pride/archive/projects/pxd033395","pxd033395","pxd033395","","pxd033395",NA,"yes",TRUE,"numbat",TRUE,TRUE,"acc_nr",NA,NA,"FALSE",NA,"FALSE","yes",NA,"CC0"
1076,"10.1038/s41467-022-32472-0","10.1038/s41467-022-32472-0","https://www.ebi.ac.uk/pride/archive/projects/pxd033421","pxd033421","pxd033421","","pxd033421",NA,"yes",TRUE,"numbat",TRUE,TRUE,"acc_nr",NA,NA,"FALSE",NA,"FALSE","yes",NA,"CC0"
750,"10.1080/2162402x.2022.2148850","10.1080/2162402x.2022.2148850","https://www.ebi.ac.uk/pride/archive/projects/pxd033542","pxd033542","pxd033542","","pxd033542",NA,"yes",TRUE,"numbat",TRUE,TRUE,"acc_nr",NA,NA,"FALSE",NA,"FALSE","yes",NA,"CC0"
577,"10.1016/j.molcel.2023.01.023","10.1016/j.molcel.2023.01.023","https://proteomecentral.proteomexchange.org/cgi/getdataset?id=pxd033629","pxd033629","pxd033629","","pxd033629",NA,"yes",TRUE,"numbat",TRUE,TRUE,"acc_nr",NA,NA,"FALSE",NA,"FALSE","yes",NA,"CC0"
474,"10.15252/embj.2022112351","10.15252/embj.2022112351","https://www.ebi.ac.uk/pride/archive/projects/pxd033639","pxd033639","pxd033639","","pxd033639",NA,"yes",TRUE,"numbat",TRUE,TRUE,"acc_nr",NA,NA,"FALSE",NA,"FALSE","yes",NA,"CC0"
1022,"10.1126/science.abq5209","10.1126/science.abq5209","https://www.ebi.ac.uk/pride/archive/projects/pxd033846","pxd033846","pxd033846","","pxd033846",NA,"yes",TRUE,"numbat",TRUE,TRUE,"acc_nr",NA,NA,"FALSE",NA,"FALSE","yes",NA,"CC0"
547,"10.1038/s41551-023-01067-5","10.1038/s41551-023-01067-5","https://proteomecentral.proteomexchange.org/cgi/getdataset?id=pxd034172","pxd034172","pxd034172","","pxd034172",NA,"yes",TRUE,"numbat",TRUE,TRUE,"acc_nr",NA,NA,"FALSE",NA,"FALSE","yes",NA,"no license"
283,"10.1038/s41375-023-02013-9","10.1038/s41375-023-02013-9","https://www.ebi.ac.uk/pride/archive/projects/pxd034337","pxd034337","pxd034337","","pxd034337",NA,"yes",TRUE,"numbat",TRUE,TRUE,"acc_nr",NA,NA,"FALSE",NA,"FALSE","yes",NA,"CC0"
694,"10.1038/s41467-022-32320-1","10.1038/s41467-022-32320-1","https://www.ebi.ac.uk/pride/archive/projects/pxd034391","pxd034391","pxd034391","","pxd034391",NA,"yes",TRUE,"numbat",TRUE,TRUE,"acc_nr",NA,NA,"FALSE",NA,"FALSE","yes",NA,"CC0"
801,"10.1016/j.immuni.2022.11.007","10.1016/j.immuni.2022.11.007","https://www.ebi.ac.uk/pride/archive/projects/pxd034391","pxd034391","pxd034391","","pxd034391",NA,"yes",TRUE,"numbat",TRUE,TRUE,"acc_nr",NA,NA,"FALSE",NA,"FALSE","yes",NA,"CC0"
1087,"10.1186/s12974-022-02534-7","10.1186/s12974-022-02534-7","https://www.ebi.ac.uk/pride/archive/projects/pxd034638","pxd034638","pxd034638","","pxd034638",NA,"yes",TRUE,"numbat",TRUE,TRUE,"acc_nr",NA,NA,"FALSE",NA,"FALSE","yes",NA,"CC0"
805,"10.1084/jem.20220233","10.1084/jem.20220233","https://www.ebi.ac.uk/pride/archive/projects/pxd034829","pxd034829","pxd034829","","pxd034829",NA,"yes",TRUE,"numbat",TRUE,TRUE,"acc_nr",NA,NA,"FALSE",NA,"FALSE","no_statement_no_data",NA,"CC0"
1098,"10.3389/fimmu.2022.982786","10.3389/fimmu.2022.982786","https://www.ebi.ac.uk/pride/archive/projects/pxd034900","pxd034900","pxd034900","","pxd034900",NA,"yes",TRUE,"numbat",TRUE,TRUE,"acc_nr",NA,NA,"FALSE",NA,"FALSE","yes",NA,"CC0"
860,"10.1186/s13578-022-00922-3","10.1186/s13578-022-00922-3","https://www.ebi.ac.uk/pride/archive/projects/pxd034916","pxd034916","pxd034916","","pxd034916",NA,"yes",TRUE,"numbat",TRUE,TRUE,"acc_nr",NA,NA,"FALSE",NA,"FALSE","yes",NA,"CC0"
322,"10.1007/s12035-023-03219-9","10.1007/s12035-023-03219-9","https://www.ebi.ac.uk/pride/archive/projects/pxd034993","pxd034993","pxd034993","","pxd034993",NA,"yes",TRUE,"numbat",TRUE,TRUE,"acc_nr",NA,NA,"FALSE",NA,"FALSE","yes",NA,"CC0"
814,"10.1093/nar/gkac1206","10.1093/nar/gkac1206","https://www.ebi.ac.uk/pride/archive/projects/pxd035153","pxd035153","pxd035153","","pxd035153",NA,"yes",TRUE,"numbat",TRUE,TRUE,"acc_nr",NA,NA,"FALSE",NA,"FALSE","yes",NA,"CC0"
1009,"10.1016/j.molcel.2022.08.031","10.1016/j.molcel.2022.08.031","https://www.ebi.ac.uk/pride/archive/projects/pxd035182","pxd035182","pxd035182","","pxd035182",NA,"yes",TRUE,"numbat",TRUE,TRUE,"acc_nr",NA,NA,"FALSE",NA,"FALSE","yes",NA,"CC0"
224,"10.26508/lsa.202201826","10.26508/lsa.202201826","https://www.ebi.ac.uk/pride/archive/projects/pxd035346","pxd035346","pxd035346","","pxd035346",NA,"yes",TRUE,"numbat",TRUE,TRUE,"acc_nr",NA,NA,"FALSE",NA,"FALSE","yes_statement_no_data",NA,"CC0"
208,"10.1186/s40478-023-01525-w","10.1186/s40478-023-01525-w","https://www.ebi.ac.uk/pride/archive/projects/pxd035881","pxd035881","pxd035881","","pxd035881",NA,"yes",TRUE,"numbat",TRUE,TRUE,"acc_nr",NA,NA,"FALSE",NA,"FALSE","yes",NA,"CC0"
354,"10.1038/s41586-023-06003-w","10.1038/s41586-023-06003-w","https://www.ebi.ac.uk/pride/archive/projects/pxd035925","pxd035925","pxd035925","","pxd035925",NA,"yes",TRUE,"numbat",TRUE,TRUE,"acc_nr",NA,NA,"FALSE",NA,"FALSE","yes",NA,"CC0"
71,"10.1016/j.stemcr.2023.09.002","10.1016/j.stemcr.2023.09.002","https://www.ebi.ac.uk/pride/archive/projects/pxd036026","pxd036026","pxd036026","","pxd036026",NA,"yes",TRUE,"numbat",TRUE,TRUE,"acc_nr",NA,NA,"FALSE",NA,"FALSE","yes",NA,"CC0"
542,"10.1038/s41467-023-39245-3","10.1038/s41467-023-39245-3","https://www.ebi.ac.uk/pride/archive/projects/pxd036300","pxd036300","pxd036300","","pxd036300",NA,"yes",TRUE,"numbat",TRUE,TRUE,"acc_nr",NA,NA,"FALSE",NA,"FALSE","yes",NA,"CC0"
534,"10.1016/j.cell.2022.12.007","10.1016/j.cell.2022.12.007","https://www.ebi.ac.uk/pride/archive/projects/pxd036444","pxd036444","pxd036444","","pxd036444",NA,"yes",TRUE,"numbat",TRUE,TRUE,"acc_nr",NA,NA,"FALSE",NA,"FALSE","no_statement_no_data",NA,"CC0"
1154,"10.1016/j.ebiom.2022.104293","10.1016/j.ebiom.2022.104293","https://www.ebi.ac.uk/pride/archive/projects/pxd036590","pxd036590","pxd036590","","pxd036590",NA,"yes",TRUE,"numbat",TRUE,TRUE,"acc_nr",NA,NA,"FALSE",NA,"FALSE","yes",NA,"CC0"
336,"10.3389/fbioe.2022.1042711","10.3389/fbioe.2022.1042711","https://www.ebi.ac.uk/pride/archive/projects/pxd036659","pxd036659","pxd036659","","pxd036659",NA,"yes",TRUE,"numbat",TRUE,TRUE,"acc_nr",NA,NA,"FALSE",NA,"FALSE","yes",NA,"CC0"
737,"10.7554/elife.83947","10.7554/elife.83947","https://www.ebi.ac.uk/pride/archive/projects/pxd036786","pxd036786","pxd036786","","pxd036786",NA,"yes",TRUE,"numbat",TRUE,TRUE,"acc_nr",NA,NA,"FALSE",NA,"FALSE","yes",NA,"CC0"
361,"10.1038/s41587-023-01704-z","10.1038/s41587-023-01704-z","10.6019/pxd036833","pxd036833","pxd036833","","pxd036833",NA,"yes",TRUE,"numbat",TRUE,TRUE,"acc_nr",NA,NA,"FALSE",NA,"FALSE","yes",NA,"no license"
398,"10.1038/s41598-023-39260-w","10.1038/s41598-023-39260-w","https://www.ebi.ac.uk/pride/archive/projects/pxd037190","pxd037190","pxd037190","","pxd037190",NA,"yes",TRUE,"numbat",TRUE,TRUE,"acc_nr",NA,NA,"FALSE",NA,"FALSE","yes",NA,"CC0"
249,"10.1038/s41564-022-01304-8","10.1038/s41564-022-01304-8","https://www.ebi.ac.uk/pride/archive/projects/pxd037508","pxd037508","pxd037508","","pxd037508",NA,"yes",TRUE,"numbat",TRUE,TRUE,"acc_nr",NA,NA,"FALSE",NA,"FALSE","yes",NA,"CC0"
520,"10.1021/acs.analchem.2c05141","10.1021/acs.analchem.2c05141","https://www.ebi.ac.uk/pride/archive/projects/pxd037652","pxd037652","pxd037652","","pxd037652",NA,"yes",TRUE,"numbat",TRUE,TRUE,"acc_nr",NA,NA,"FALSE",NA,"FALSE","no_statement_no_data",NA,"CC BY"
616,"10.1038/s41467-023-39570-7","10.1038/s41467-023-39570-7","https://www.ebi.ac.uk/pride/archive/projects/pxd037655","pxd037655","pxd037655","","pxd037655",NA,"yes",TRUE,"numbat",TRUE,TRUE,"acc_nr",NA,NA,"FALSE",NA,"FALSE","yes",NA,"CC0"
61,"10.1038/s41467-023-43672-7","10.1038/s41467-023-43672-7","https://www.ebi.ac.uk/pride/archive/projects/pxd037671","pxd037671","pxd037671","","pxd037671",NA,"yes",TRUE,"numbat",TRUE,TRUE,"acc_nr",NA,NA,"FALSE",NA,"FALSE","yes",NA,"CC0"
33,"10.1038/s41467-023-43751-9","10.1038/s41467-023-43751-9","https://www.ebi.ac.uk/pride/archive/projects/pxd037793","pxd037793","pxd037793","","pxd037793",NA,"yes",TRUE,"numbat",TRUE,TRUE,"acc_nr",NA,NA,"FALSE",NA,"FALSE","yes",NA,"CC0"
298,"10.3389/fimmu.2022.1083119","10.3389/fimmu.2022.1083119","http://www.ebi.ac.uk/pride/archive/projects/pxd038201","pxd038201","pxd038201","","pxd038201",NA,"yes",TRUE,"numbat",TRUE,TRUE,"acc_nr",NA,NA,"FALSE",NA,"FALSE","yes",NA,"CC0"
259,"10.1210/clinem/dgad031","10.1210/clinem/dgad031","https://www.ebi.ac.uk/pride/archive/projects/pxd038526","pxd038526","pxd038526","","pxd038526",NA,"yes",TRUE,"numbat",TRUE,TRUE,"acc_nr",NA,NA,"FALSE",NA,"FALSE","yes",NA,"CC0"
400,"10.1038/s41467-023-39965-6","10.1038/s41467-023-39965-6","https://www.ebi.ac.uk/pride/archive/projects/pxd038790","pxd038790","pxd038790","","pxd038790",NA,"yes",TRUE,"numbat",TRUE,TRUE,"acc_nr",NA,NA,"FALSE",NA,"FALSE","yes",NA,"no license"
260,"10.1210/clinem/dgad031","10.1210/clinem/dgad031","https://www.ebi.ac.uk/pride/archive/projects/pxd039023","pxd039023","pxd039023","","pxd039023",NA,"yes",TRUE,"numbat",TRUE,TRUE,"acc_nr",NA,NA,"FALSE",NA,"FALSE","yes",NA,"CC0"
242,"10.1016/j.neo.2023.100945","10.1016/j.neo.2023.100945","https://www.ebi.ac.uk/pride/archive/projects/pxd039944","pxd039944","pxd039944","","pxd039944",NA,"yes",TRUE,"numbat",TRUE,TRUE,"acc_nr",NA,NA,"FALSE",NA,"FALSE","yes",NA,"CC0"
68,"10.1002/pmic.202300100","10.1002/pmic.202300100","https://www.ebi.ac.uk/pride/archive/projects/pxd040205","pxd040205","pxd040205","","pxd040205",NA,"yes",TRUE,"numbat",TRUE,TRUE,"acc_nr",NA,NA,"FALSE",NA,"FALSE","yes",NA,"CC0"
4,"10.1021/jacsau.3c00199","10.1021/jacsau.3c00199","https://www.ebi.ac.uk/pride/archive/projects/pxd040267","pxd040267","pxd040267","","pxd040267",NA,"yes",TRUE,"numbat",TRUE,TRUE,"acc_nr",NA,NA,"FALSE",NA,"FALSE","no_statement_no_data",NA,"CC0"
219,"10.36185/2532-1900-339","10.36185/2532-1900-339","https://www.ebi.ac.uk/pride/archive/projects/pxd040488","pxd040488","pxd040488","","pxd040488",NA,"yes",TRUE,"numbat",TRUE,TRUE,"acc_nr",NA,NA,"FALSE",NA,"FALSE","yes",NA,"CC0"
53,"10.1038/s42255-023-00781-3","10.1038/s42255-023-00781-3","https://proteomecentral.proteomexchange.org/cgi/getdataset?id=pxd040620","pxd040620","pxd040620","","pxd040620",NA,"yes",TRUE,"numbat",TRUE,TRUE,"acc_nr",NA,NA,"FALSE",NA,"FALSE","yes",NA,"no license"
325,"10.1172/jci.insight.169135","10.1172/jci.insight.169135","https://www.ebi.ac.uk/pride/archive/projects/pxd040786","pxd040786","pxd040786","","pxd040786",NA,"yes",TRUE,"numbat",TRUE,TRUE,"acc_nr",NA,NA,"FALSE",NA,"FALSE","yes",NA,"CC0"
376,"10.1038/s41467-023-38383-y","10.1038/s41467-023-38383-y","https://www.ebi.ac.uk/pride/archive/projects/pxd040913","pxd040913","pxd040913","","pxd040913",NA,"yes",TRUE,"numbat",TRUE,TRUE,"acc_nr",NA,NA,"FALSE",NA,"FALSE","yes",NA,"CC0"
284,"10.1038/s41375-023-02013-9","10.1038/s41375-023-02013-9","https://www.ebi.ac.uk/pride/archive/projects/pxd040928","pxd040928","pxd040928","","pxd040928",NA,"yes",TRUE,"numbat",TRUE,TRUE,"acc_nr",NA,NA,"FALSE",NA,"FALSE","yes",NA,"CC0"
451,"10.1016/j.cell.2023.07.009","10.1016/j.cell.2023.07.009","https://www.ebi.ac.uk/pride/archive/projects/pxd041665","pxd041665","pxd041665","","pxd041665",NA,"yes",TRUE,"numbat",TRUE,TRUE,"acc_nr",NA,NA,"FALSE",NA,"FALSE","yes",NA,"CC0"
170,"10.1038/s41598-023-47767-5","10.1038/s41598-023-47767-5","https://www.ebi.ac.uk/pride/archive/projects/pxd042604","pxd042604","pxd042604","","pxd042604",NA,"yes",TRUE,"numbat",TRUE,TRUE,"acc_nr",NA,NA,"FALSE",NA,"FALSE","yes",NA,"CC0"
238,"10.3390/ijms241411285","10.3390/ijms241411285","https://www.ebi.ac.uk/pride/archive/projects/pxd042667","pxd042667","pxd042667","","pxd042667",NA,"yes",TRUE,"numbat",TRUE,TRUE,"acc_nr",NA,NA,"FALSE",NA,"FALSE","yes",NA,"CC0"
147,"10.1186/s13287-023-03519-w","10.1186/s13287-023-03519-w","https://www.ebi.ac.uk/pride/archive/projects/pxd042806","pxd042806","pxd042806","","pxd042806",NA,"yes",TRUE,"numbat",TRUE,TRUE,"acc_nr",NA,NA,"FALSE",NA,"FALSE","yes",NA,"CC0"
504,"10.1093/cvr/cvad154","10.1093/cvr/cvad154","https://www.ebi.ac.uk/pride/archive/projects/pxd043601","pxd043601","pxd043601","","pxd043601",NA,"yes",TRUE,"numbat",TRUE,TRUE,"acc_nr",NA,NA,"FALSE",NA,"FALSE","yes",NA,"CC0"
161,"10.1016/j.redox.2023.102908","10.1016/j.redox.2023.102908","https://www.ebi.ac.uk/pride/archive/projects/pxd043895","pxd043895","pxd043895","","pxd043895",NA,"yes",TRUE,"numbat",TRUE,TRUE,"acc_nr",NA,NA,"FALSE",NA,"FALSE","yes",NA,"CC0"
19,"10.1083/jcb.201902050","10.1083/jcb.201902050","https://www.ebi.ac.uk/pride/archive/projects/pxd046450","pxd046450","pxd046450","","pxd046450",NA,"yes",TRUE,"numbat",TRUE,TRUE,"acc_nr",NA,NA,"FALSE",NA,"FALSE","yes",NA,"CC0"
117,"10.1038/s41467-023-43614-3","10.1038/s41467-023-43614-3","https://www.ebi.ac.uk/pride/archive/projects/pxd046752","pxd046752","pxd046752","","pxd046752",NA,"yes",TRUE,"numbat",TRUE,TRUE,"acc_nr",NA,NA,"FALSE",NA,"FALSE","yes",NA,"CC0"
538,"10.1016/j.xgen.2023.100281","10.1016/j.xgen.2023.100281","https://www.ebi.ac.uk/biostudies/bioimages/studies/s-biad611","s-biad611","s-biad611","","s-biad611",NA,"yes",TRUE,"numbat",TRUE,TRUE,"acc_nr",NA,NA,"FALSE",NA,"FALSE","yes",NA,"CC0"
335,"10.15252/emmm.202318144","10.15252/emmm.202318144","https://www.ebi.ac.uk/biostudies/bioimages/studies/s-biad770","s-biad770","s-biad770","","s-biad770",NA,"yes",TRUE,"numbat",TRUE,TRUE,"acc_nr",NA,NA,"FALSE",NA,"FALSE","yes",NA,"CC BY"
1522,"10.1016/s2666-5247(21)00027-6","10.1016/s2666-5247(21)00027-6","https://www.ebi.ac.uk/biostudies/studies/s-bsst525","s-bsst525","s-bsst525","","s-bsst525",NA,"yes",TRUE,"numbat",TRUE,TRUE,"acc_nr",NA,NA,"FALSE",NA,"FALSE",NA,NA,"no license"
1494,"10.1038/s41467-021-24086-9","10.1038/s41467-021-24086-9","https://www.ebi.ac.uk/biostudies/studies/s-bsst630","s-bsst630","s-bsst630","","s-bsst630",NA,"yes",TRUE,"numbat",TRUE,TRUE,"acc_nr",NA,NA,"FALSE",NA,"FALSE",NA,NA,"no license"
1488,"10.1038/s41467-021-26826-3","10.1038/s41467-021-26826-3","https://www.ebi.ac.uk/biostudies/studies/s-bsst699?query=s-bsst699","s-bsst699","s-bsst699","","s-bsst699",NA,"yes",TRUE,"numbat",TRUE,TRUE,"acc_nr",NA,NA,"FALSE",NA,"FALSE",NA,NA,"no license"
1780,"10.1038/s41591-020-01227-z","10.1038/s41591-020-01227-z","https://singlecell.broadinstitute.org/single_cell/study/scp1292/single-cell-profiling-of-the-developing-mouse-placenta#study-download","scp1292","scp1292","","scp1292",NA,"restricted",TRUE,"numbat",TRUE,TRUE,"acc_nr",NA,NA,"FALSE",NA,"FALSE",NA,NA,"NULL"
237,"10.1210/endocr/bqad076","10.1210/endocr/bqad076","https://singlecell.broadinstitute.org/single_cell/study/scp2110/single-cell-transcriptomics-of-p7-mouse-pituitary-cells-including-enriched-thyrotropes#study-summary","scp2110","scp2110","","scp2110",NA,"restricted",TRUE,"numbat",TRUE,TRUE,"acc_nr",NA,NA,"FALSE",NA,"FALSE","yes",NA,"NULL"
24,"10.1007/s00401-023-02637-2","10.1007/s00401-023-02637-2","https://singlecell.broadinstitute.org/single_cell/study/scp2253/single-nuclei-rna-sequencing-of-inclusion-body-myositis#study-download","scp2253","scp2253","","scp2253",NA,"restricted",TRUE,"numbat",TRUE,TRUE,"acc_nr",NA,NA,"FALSE",NA,"FALSE","yes",NA,"NULL"
2086,"10.1038/s41597-019-0161-z","10.1038/s41597-019-0161-z","srp136594","srp136594","srp136594","","srp136594",NA,NA,TRUE,"data_articles",FALSE,TRUE,"acc_nr","FALSE","FALSE","FALSE",NA,"FALSE",NA,NA,NA
1503,"10.1038/s41467-021-21612-7","10.1038/s41467-021-21612-7","https://trace.ncbi.nlm.nih.gov/traces/index.html?view=run_browser&acc=srr10392018&display=data-access","srr10392018","srr10392018","","srr10392018",NA,"yes",TRUE,"numbat",TRUE,TRUE,"acc_nr",NA,NA,"FALSE",NA,"FALSE",NA,NA,"no license"
838,"10.1158/1078-0432.ccr-21-3215","10.1158/1078-0432.ccr-21-3215","https://trace.ncbi.nlm.nih.gov/traces/?view=run_browser&acc=srr10484525&display=data-access","srr10484525","srr10484525","","srr10484525",NA,"yes",TRUE,"numbat",TRUE,TRUE,"acc_nr",NA,NA,"FALSE",NA,"FALSE","yes",NA,"no license"
1317,"10.1186/s13073-021-00926-7","10.1186/s13073-021-00926-7","https://trace.ncbi.nlm.nih.gov/traces/sra/?run=srr10743233","srr10743233","srr10743233","","srr10743233",NA,"yes",TRUE,"numbat",TRUE,TRUE,"acc_nr",NA,NA,"FALSE",NA,"FALSE",NA,NA,"no license"
1643,"10.1038/s41559-021-01486-0","10.1038/s41559-021-01486-0","https://trace.ncbi.nlm.nih.gov/traces/?view=run_browser&acc=srr11196254&display=data-access","srr11196254","srr11196254","","srr11196254",NA,"yes",TRUE,"numbat",TRUE,TRUE,"acc_nr",NA,NA,"FALSE",NA,"FALSE",NA,NA,"no license"
1395,"10.3389/fcimb.2021.622735","10.3389/fcimb.2021.622735","https://trace.ncbi.nlm.nih.gov/traces/sra/?run=srr11498174","srr11498174","srr11498174","","srr11498174",NA,"yes",TRUE,"numbat",TRUE,TRUE,"acc_nr",NA,NA,"FALSE",NA,"FALSE",NA,NA,"no license"
848,"10.1182/blood.2021012081","10.1182/blood.2021012081","https://trace.ncbi.nlm.nih.gov/traces/?view=run_browser&acc=srr11508531&display=metadata","srr11508531","srr11508531","","srr11508531",NA,"yes",TRUE,"numbat",TRUE,TRUE,"acc_nr",NA,NA,"FALSE",NA,"FALSE","no_statement_no_data",NA,"no license"
1284,"10.1098/rspb.2021.0328","10.1098/rspb.2021.0328","https://trace.ncbi.nlm.nih.gov/traces/sra/?run=srr12059634","srr12059634","srr12059634","","srr12059634",NA,"yes",TRUE,"numbat",TRUE,TRUE,"acc_nr",NA,NA,"FALSE",NA,"FALSE",NA,NA,"no license"
1734,"10.1016/j.isci.2021.102766","10.1016/j.isci.2021.102766","https://trace.ncbi.nlm.nih.gov/traces/?view=run_browser&acc=srr12130588&display=metadata","srr12130588","srr12130588","","srr12130588",NA,"yes",TRUE,"numbat",TRUE,TRUE,"acc_nr",NA,NA,"FALSE",NA,"FALSE",NA,NA,"no license"
1785,"10.1038/s42003-021-02307-7","10.1038/s42003-021-02307-7","https://trace.ncbi.nlm.nih.gov/traces/index.html?view=run_browser&acc=srr12567753&display=data-access","srr12567753","srr12567753","","srr12567753",NA,"yes",TRUE,"numbat",TRUE,TRUE,"acc_nr",NA,NA,"FALSE",NA,"FALSE",NA,NA,"no license"
1400,"10.3389/fimmu.2020.569006","10.3389/fimmu.2020.569006","https://trace.ncbi.nlm.nih.gov/traces/sra/?run=srr12678969","srr12678969","srr12678969","","srr12678969",NA,"yes",TRUE,"numbat",TRUE,TRUE,"acc_nr",NA,NA,"FALSE",NA,"FALSE",NA,NA,"no license"
1577,"10.1038/s41564-021-00904-0","10.1038/s41564-021-00904-0","https://trace.ncbi.nlm.nih.gov/traces/?view=run_browser&acc=srr12749894&display=data-access","srr12749894","srr12749894","","srr12749894",NA,"yes",TRUE,"numbat",TRUE,TRUE,"acc_nr",NA,NA,"FALSE",NA,"FALSE",NA,NA,"no license"
1301,"10.1158/2643-3230.bcd-19-0059","10.1158/2643-3230.bcd-19-0059","https://trace.ncbi.nlm.nih.gov/traces/sra/?run=srr12801265","srr12801265","srr12801265","","srr12801265",NA,"yes",TRUE,"numbat",TRUE,TRUE,"acc_nr",NA,NA,"FALSE","european nucleotide archive","TRUE",NA,2020,"no license"
1543,"10.1038/s41586-021-03363-z","10.1038/s41586-021-03363-z","https://trace.ncbi.nlm.nih.gov/traces/?view=run_browser&acc=srr12880623&display=data-access","srr12880623","srr12880623","","srr12880623",NA,"yes",TRUE,"numbat",TRUE,TRUE,"acc_nr",NA,NA,"FALSE",NA,"FALSE",NA,NA,"no license"
1330,"10.1186/s40168-021-01109-7","10.1186/s40168-021-01109-7","https://trace.ncbi.nlm.nih.gov/traces/sra/?run=srr12921007","srr12921007","srr12921007","","srr12921007",NA,"yes",TRUE,"numbat",TRUE,TRUE,"acc_nr",NA,NA,"FALSE",NA,"FALSE",NA,NA,"no license"
1402,"10.3389/fimmu.2020.606338","10.3389/fimmu.2020.606338","https://trace.ncbi.nlm.nih.gov/traces/sra/?run=srr13009845","srr13009845","srr13009845","","srr13009845",NA,"yes",TRUE,"numbat",TRUE,TRUE,"acc_nr",NA,NA,"FALSE",NA,"FALSE",NA,NA,"no license"
1493,"10.1038/s41467-021-24086-9","10.1038/s41467-021-24086-9","https://trace.ncbi.nlm.nih.gov/traces/index.html?view=run_browser&acc=srr13039593&display=data-access","srr13039593","srr13039593","","srr13039593",NA,"yes",TRUE,"numbat",TRUE,TRUE,"acc_nr",NA,NA,"FALSE",NA,"FALSE",NA,NA,"no license"
1514,"10.1016/j.ebiom.2021.103327","10.1016/j.ebiom.2021.103327","https://trace.ncbi.nlm.nih.gov/traces/index.html?view=run_browser&acc=srr13753728&display=data-access","srr13753728","srr13753728","","srr13753728",NA,"yes",TRUE,"numbat",TRUE,TRUE,"acc_nr",NA,NA,"FALSE",NA,"FALSE",NA,NA,"no license"
1303,"10.1172/jci.insight.145994","10.1172/jci.insight.145994","https://trace.ncbi.nlm.nih.gov/traces/sra/?run=srr13999246","srr13999246","srr13999246","","srr13999246",NA,"yes",TRUE,"numbat",TRUE,TRUE,"acc_nr",NA,NA,"FALSE",NA,"FALSE",NA,NA,"no license"
1454,"10.1038/s42003-021-02847-y","10.1038/s42003-021-02847-y","https://trace.ncbi.nlm.nih.gov/traces/index.html?view=run_browser&acc=srr14197386&display=data-access","srr14197386","srr14197386","","srr14197386",NA,"yes",TRUE,"numbat",TRUE,TRUE,"acc_nr",NA,NA,"FALSE",NA,"FALSE",NA,NA,"no license"
216,"10.1128/spectrum.02139-21","10.1128/spectrum.02139-21","https://trace.ncbi.nlm.nih.gov/traces/?view=run_browser&acc=srr14355563&display=download","srr14355563","srr14355563","","srr14355563",NA,"yes",TRUE,"numbat",TRUE,TRUE,"acc_nr",NA,NA,"FALSE",NA,"FALSE","yes",NA,"no license"
217,"10.1128/spectrum.02139-21","10.1128/spectrum.02139-21","https://trace.ncbi.nlm.nih.gov/traces/?view=run_browser&acc=srr14355564&display=download","srr14355564","srr14355564","","srr14355564",NA,"yes",TRUE,"numbat",TRUE,TRUE,"acc_nr",NA,NA,"FALSE",NA,"FALSE","yes",NA,"no license"
218,"10.1128/spectrum.02139-21","10.1128/spectrum.02139-21","https://trace.ncbi.nlm.nih.gov/traces/?view=run_browser&acc=srr14355565&display=download","srr14355565","srr14355565","","srr14355565",NA,"yes",TRUE,"numbat",TRUE,TRUE,"acc_nr",NA,NA,"FALSE",NA,"FALSE","yes",NA,"no license"
1529,"10.1093/bib/bbab219","10.1093/bib/bbab219","https://trace.ncbi.nlm.nih.gov/traces/index.html?view=run_browser&acc=srr14368488&display=data-access","srr14368488","srr14368488","","srr14368488",NA,"yes",TRUE,"numbat",TRUE,TRUE,"acc_nr",NA,NA,"FALSE",NA,"FALSE",NA,NA,"no license"
1553,"10.1016/j.isci.2021.102645","10.1016/j.isci.2021.102645","https://trace.ncbi.nlm.nih.gov/traces/?view=run_browser&acc=srr14573783&display=metadata","srr14573783","srr14573783","","srr14573783",NA,"yes",TRUE,"numbat",TRUE,TRUE,"acc_nr",NA,NA,"FALSE",NA,"FALSE",NA,NA,"no license"
1437,"10.3390/genes12081236","10.3390/genes12081236","https://trace.ncbi.nlm.nih.gov/traces/sra/?run=srr15177977","srr15177977","srr15177977","","srr15177977",NA,"yes",TRUE,"numbat",TRUE,TRUE,"acc_nr",NA,NA,"FALSE",NA,"FALSE",NA,NA,"no license"
1436,"10.3390/genes12081236","10.3390/genes12081236","https://trace.ncbi.nlm.nih.gov/traces/sra/?run=srr15177978","srr15177978","srr15177978","","srr15177978",NA,"yes",TRUE,"numbat",TRUE,TRUE,"acc_nr",NA,NA,"FALSE",NA,"FALSE",NA,NA,"no license"
1541,"10.1038/s41586-021-04136-4","10.1038/s41586-021-04136-4","https://trace.ncbi.nlm.nih.gov/traces/?view=run_browser&acc=srr15817216&display=data-access","srr15817216","srr15817216","","srr15817216",NA,"yes",TRUE,"numbat",TRUE,TRUE,"acc_nr",NA,NA,"FALSE",NA,"FALSE",NA,NA,"no license"
1683,"10.1158/1078-0432.ccr-21-1881","10.1158/1078-0432.ccr-21-1881","https://trace.ncbi.nlm.nih.gov/traces/sra/?run=srr16549034","srr16549034","srr16549034","","srr16549034",NA,"yes",TRUE,"numbat",TRUE,TRUE,"acc_nr",NA,NA,"FALSE",NA,"FALSE",NA,NA,"no license"
1771,"10.1038/s41586-021-04116-8","10.1038/s41586-021-04116-8","https://trace.ncbi.nlm.nih.gov/traces/?view=run_browser&acc=srr17009152&display=data-access","srr17009152","srr17009152","","srr17009152",NA,"yes",TRUE,"numbat",TRUE,TRUE,"acc_nr",NA,NA,"FALSE",NA,"FALSE",NA,NA,"no license"
1773,"10.1038/s41586-021-04342-0","10.1038/s41586-021-04342-0","https://trace.ncbi.nlm.nih.gov/traces/?view=run_browser&acc=srr17052077&display=data-access","srr17052077","srr17052077","","srr17052077",NA,"yes",TRUE,"numbat",TRUE,TRUE,"acc_nr",NA,NA,"FALSE",NA,"FALSE",NA,NA,"no license"
1178,"10.3389/fmed.2022.811526","10.3389/fmed.2022.811526","https://trace.ncbi.nlm.nih.gov/traces/?view=run_browser&acc=srr17090024&display=metadata","srr17090024","srr17090024","","srr17090024",NA,"yes",TRUE,"numbat",TRUE,TRUE,"acc_nr",NA,NA,"FALSE",NA,"FALSE","yes",NA,"no license"
1095,"10.1186/s40168-022-01399-5","10.1186/s40168-022-01399-5","https://trace.ncbi.nlm.nih.gov/traces/?view=run_browser&acc=srr18645395&display=metadata","srr18645395","srr18645395","","srr18645395",NA,"yes",TRUE,"numbat",TRUE,TRUE,"acc_nr",NA,NA,"FALSE",NA,"FALSE","yes",NA,"no license"
1257,"10.1101/gr.276960.122","10.1101/gr.276960.122","https://trace.ncbi.nlm.nih.gov/traces/?view=run_browser&acc=srr18828754&display=metadata","srr18828754","srr18828754","","srr18828754",NA,"yes",TRUE,"numbat",TRUE,TRUE,"acc_nr",NA,NA,"FALSE",NA,"FALSE","yes",NA,"no license"
899,"10.3389/fgene.2022.912572","10.3389/fgene.2022.912572","https://trace.ncbi.nlm.nih.gov/traces/?view=run_browser&acc=srr19450135&display=metadata","srr19450135","srr19450135","","srr19450135",NA,"yes",TRUE,"numbat",TRUE,TRUE,"acc_nr",NA,NA,"FALSE",NA,"FALSE","yes",NA,"no license"
834,"10.1128/aem.01146-22","10.1128/aem.01146-22","https://trace.ncbi.nlm.nih.gov/traces/?view=run_browser&acc=srr19519852&display=data-access","srr19519852","srr19519852","","srr19519852",NA,"yes",TRUE,"numbat",TRUE,TRUE,"acc_nr",NA,NA,"FALSE",NA,"FALSE","yes",NA,"no license"
1446,"10.3390/jpm11080691","10.3390/jpm11080691","https://trace.ncbi.nlm.nih.gov/traces/index.html?view=run_browser&acc=srr19746232&display=metadata","srr19746232","srr19746232","","srr19746232",NA,"yes",TRUE,"numbat",TRUE,TRUE,"acc_nr",NA,NA,"FALSE",NA,"FALSE",NA,NA,"no license"
1092,"10.3390/microorganisms10081603","10.3390/microorganisms10081603","https://trace.ncbi.nlm.nih.gov/traces/?view=run_browser&acc=srr20936950&display=data-access","srr20936950","srr20936950","","srr20936950",NA,"yes",TRUE,"numbat",TRUE,TRUE,"acc_nr",NA,NA,"FALSE",NA,"FALSE","yes",NA,"no license"
1052,"10.1126/scitranslmed.abq3010","10.1126/scitranslmed.abq3010","https://trace.ncbi.nlm.nih.gov/traces/?view=run_browser&acc=srr21101463&display=metadata","srr21101463","srr21101463","","srr21101463",NA,"yes",TRUE,"numbat",TRUE,TRUE,"acc_nr",NA,NA,"FALSE",NA,"FALSE","yes",NA,"no license"
1481,"10.1038/s41586-021-03663-4","10.1038/s41586-021-03663-4","https://trace.ncbi.nlm.nih.gov/traces/index.html?view=run_browser&acc=srr6122124&display=metadata","srr6122124","srr6122124","","srr6122124",NA,"yes",TRUE,"numbat",TRUE,TRUE,"acc_nr",NA,NA,"FALSE",NA,"FALSE",NA,NA,"no license"
1995,"10.1371/journal.pgen.1008651","10.1371/journal.pgen.1008651","https://www.ncbi.nlm.nih.gov/sra/?term=srr8454256","srr8454256","srr8454256","","srr8454256",NA,"yes",TRUE,"numbat",TRUE,TRUE,"acc_nr",NA,NA,"FALSE",NA,"FALSE",NA,NA,NA
318,"10.1186/s13071-023-05800-6","10.1186/s13071-023-05800-6","https://trace.ncbi.nlm.nih.gov/traces/?view=run_browser&acc=srr9326548&display=metadata","srr9326548","srr9326548","","srr9326548",NA,"yes",TRUE,"numbat",TRUE,TRUE,"acc_nr",NA,NA,"FALSE",NA,"FALSE","yes",NA,"no license"
1376,"10.1371/journal.ppat.1009675","10.1371/journal.ppat.1009675","https://trace.ncbi.nlm.nih.gov/traces/sra/?run=srr9891693","srr9891693","srr9891693","","srr9891693",NA,"yes",TRUE,"numbat",TRUE,TRUE,"acc_nr",NA,NA,"FALSE",NA,"FALSE",NA,NA,"no license"
1029,"10.1016/j.omtm.2022.03.018","10.1016/j.omtm.2022.03.018","https://www.ncbi.nlm.nih.gov/sra/srx10084099[accn]","srx10084099[accn]","srx10084099[accn]","srx10084099","srx10084099",NA,"yes",TRUE,"numbat",TRUE,TRUE,"acc_nr",NA,NA,"FALSE",NA,"FALSE","yes",NA,"no license"
453,"10.1681/asn.2022010076","10.1681/asn.2022010076","https://www.ncbi.nlm.nih.gov/sra/srx10766729[accn]","srx10766729[accn]","srx10766729[accn]","srx10766729","srx10766729",NA,"yes",TRUE,"numbat",TRUE,TRUE,"acc_nr",NA,NA,"FALSE",NA,"FALSE","yes",NA,"no license"
1002,"10.3892/ijo.2022.5310","10.3892/ijo.2022.5310","https://www.ncbi.nlm.nih.gov/sra/srx11513026[accn]","srx11513026[accn]","srx11513026[accn]","srx11513026","srx11513026",NA,"yes",TRUE,"numbat",TRUE,TRUE,"acc_nr",NA,NA,"FALSE",NA,"FALSE","yes",NA,"no license"
658,"10.1186/s12943-022-01583-z","10.1186/s12943-022-01583-z","https://www.ncbi.nlm.nih.gov/sra/srx12290801","srx12290801","srx12290801","","srx12290801",NA,"yes",TRUE,"numbat",TRUE,TRUE,"acc_nr",NA,NA,"FALSE",NA,"FALSE","yes",NA,"no license"
732,"10.1158/1078-0432.ccr-21-1881","10.1158/1078-0432.ccr-21-1881","https://www.ncbi.nlm.nih.gov/sra/srx12751274[accn]","srx12751274[accn]","srx12751274[accn]","srx12751274","srx12751274",NA,"yes",TRUE,"numbat",TRUE,TRUE,"acc_nr",NA,NA,"FALSE",NA,"FALSE","yes",NA,"no license"
764,"10.1016/j.ajhg.2022.06.012","10.1016/j.ajhg.2022.06.012","https://www.ncbi.nlm.nih.gov/sra/srx13157003[accn]","srx13157003[accn]","srx13157003[accn]","srx13157003","srx13157003",NA,"yes",TRUE,"numbat",TRUE,TRUE,"acc_nr",NA,NA,"FALSE",NA,"FALSE","yes",NA,"no license"
277,"10.1016/j.immuni.2023.04.002","10.1016/j.immuni.2023.04.002","https://www.ncbi.nlm.nih.gov/sra/srx13613970[accn]","srx13613970[accn]","srx13613970[accn]","srx13613970","srx13613970",NA,"yes",TRUE,"numbat",TRUE,TRUE,"acc_nr",NA,NA,"FALSE",NA,"FALSE","yes",NA,"no license"
276,"10.1016/j.immuni.2023.04.002","10.1016/j.immuni.2023.04.002","https://www.ncbi.nlm.nih.gov/sra/srx13613971[accn]","srx13613971[accn]","srx13613971[accn]","srx13613971","srx13613971",NA,"yes",TRUE,"numbat",TRUE,TRUE,"acc_nr",NA,NA,"FALSE",NA,"FALSE","yes",NA,"no license"
799,"10.1186/s12864-022-08801-4","10.1186/s12864-022-08801-4","https://www.ncbi.nlm.nih.gov/sra/srx13822077[accn]","srx13822077[accn]","srx13822077[accn]","srx13822077","srx13822077",NA,"yes",TRUE,"numbat",TRUE,TRUE,"acc_nr",NA,NA,"FALSE",NA,"FALSE","yes",NA,"no license"
691,"10.1016/j.cmi.2022.02.032","10.1016/j.cmi.2022.02.032","https://www.ncbi.nlm.nih.gov/sra/srx14048693[accn]","srx14048693[accn]","srx14048693[accn]","srx14048693","srx14048693",NA,"yes",TRUE,"numbat",TRUE,TRUE,"acc_nr",NA,NA,"FALSE",NA,"FALSE","no_statement_no_data",NA,"no license"
326,"10.1186/s12866-023-02788-y","10.1186/s12866-023-02788-y","https://www.ncbi.nlm.nih.gov/sra/srx14299148[accn]","srx14299148[accn]","srx14299148[accn]","srx14299148","srx14299148",NA,"yes",TRUE,"numbat",TRUE,TRUE,"acc_nr",NA,NA,"FALSE",NA,"FALSE","yes",NA,"no license"
634,"10.1186/s13073-023-01206-2","10.1186/s13073-023-01206-2","https://www.ncbi.nlm.nih.gov/sra/srx14416243[accn]","srx14416243[accn]","srx14416243[accn]","srx14416243","srx14416243",NA,"yes",TRUE,"numbat",TRUE,TRUE,"acc_nr",NA,NA,"FALSE",NA,"FALSE","yes",NA,"no license"
339,"10.3389/fmicb.2023.1172574","10.3389/fmicb.2023.1172574","https://www.ncbi.nlm.nih.gov/sra/srx14926249[accn]","srx14926249[accn]","srx14926249[accn]","srx14926249","srx14926249",NA,"yes",TRUE,"numbat",TRUE,TRUE,"acc_nr",NA,NA,"FALSE",NA,"FALSE","yes",NA,"no license"
285,"10.1038/s41375-023-02013-9","10.1038/s41375-023-02013-9","https://www.ncbi.nlm.nih.gov/sra/srx15804356[accn]","srx15804356[accn]","srx15804356[accn]","srx15804356","srx15804356",NA,"yes",TRUE,"numbat",TRUE,TRUE,"acc_nr",NA,NA,"FALSE",NA,"FALSE","yes",NA,"no license"
546,"10.1038/s41467-023-41954-8","10.1038/s41467-023-41954-8","https://www.ncbi.nlm.nih.gov/sra/srx15804356[accn]","srx15804356[accn]","srx15804356[accn]","srx15804356","srx15804356",NA,"yes",TRUE,"numbat",TRUE,TRUE,"acc_nr",NA,NA,"FALSE",NA,"FALSE","yes",NA,"no license"
666,"10.1126/sciadv.abo7639","10.1126/sciadv.abo7639","https://www.ncbi.nlm.nih.gov/sra/srx15808905[accn]","srx15808905[accn]","srx15808905[accn]","srx15808905","srx15808905",NA,"yes",TRUE,"numbat",TRUE,TRUE,"acc_nr",NA,NA,"FALSE",NA,"FALSE","yes",NA,"no license"
415,"10.1099/mgen.0.000937","10.1099/mgen.0.000937","https://www.ncbi.nlm.nih.gov/sra/srx15959659[accn]","srx15959659[accn]","srx15959659[accn]","srx15959659","srx15959659",NA,"yes",TRUE,"numbat",TRUE,TRUE,"acc_nr",NA,NA,"FALSE",NA,"FALSE","yes",NA,"no license"
689,"10.1038/s41467-022-32023-7","10.1038/s41467-022-32023-7","https://www.ncbi.nlm.nih.gov/sra/srx16083838[accn]","srx16083838[accn]","srx16083838[accn]","srx16083838","srx16083838",NA,"yes",TRUE,"numbat",TRUE,TRUE,"acc_nr",NA,NA,"FALSE",NA,"FALSE","yes",NA,"no license"
382,"10.1038/s41467-023-40220-1","10.1038/s41467-023-40220-1","https://www.ncbi.nlm.nih.gov/sra/srx16279574[accn]","srx16279574[accn]","srx16279574[accn]","srx16279574","srx16279574",NA,"yes",TRUE,"numbat",TRUE,TRUE,"acc_nr",NA,NA,"FALSE",NA,"FALSE","yes",NA,"no license"
912,"10.1016/j.omtn.2022.02.016","10.1016/j.omtn.2022.02.016","https://www.ncbi.nlm.nih.gov/sra/srx16310606[accn]","srx16310606[accn]","srx16310606[accn]","srx16310606","srx16310606",NA,"yes",TRUE,"numbat",TRUE,TRUE,"acc_nr",NA,NA,"FALSE",NA,"FALSE","no_statement_no_data",NA,"no license"
723,"10.1158/2326-6066.cir-22-0434","10.1158/2326-6066.cir-22-0434","https://www.ncbi.nlm.nih.gov/sra/srx16710581[accn]","srx16710581[accn]","srx16710581[accn]","srx16710581","srx16710581",NA,"yes",TRUE,"numbat",TRUE,TRUE,"acc_nr",NA,NA,"FALSE",NA,"FALSE","yes",NA,"no license"
49,"10.1038/s41467-022-35717-0","10.1038/s41467-022-35717-0","https://www.ncbi.nlm.nih.gov/sra/srx18013400[accn]","srx18013400[accn]","srx18013400[accn]","srx18013400","srx18013400",NA,"yes",TRUE,"numbat",TRUE,TRUE,"acc_nr",NA,NA,"FALSE",NA,"FALSE","yes",NA,"no license"
406,"10.1038/s41467-023-44247-2","10.1038/s41467-023-44247-2","https://www.ncbi.nlm.nih.gov/sra/srx18168218[accn]","srx18168218[accn]","srx18168218[accn]","srx18168218","srx18168218",NA,"yes",TRUE,"numbat",TRUE,TRUE,"acc_nr",NA,NA,"FALSE",NA,"FALSE","yes",NA,"no license"
541,"10.1038/s41375-023-01832-0","10.1038/s41375-023-01832-0","https://www.ncbi.nlm.nih.gov/sra/srx18537346[accn]","srx18537346[accn]","srx18537346[accn]","srx18537346","srx18537346",NA,"yes",TRUE,"numbat",TRUE,TRUE,"acc_nr",NA,NA,"FALSE",NA,"FALSE","yes",NA,"no license"
447,"10.1126/science.abo3627","10.1126/science.abo3627","https://www.ncbi.nlm.nih.gov/sra/srx18661461[accn]","srx18661461[accn]","srx18661461[accn]","srx18661461","srx18661461",NA,"yes",TRUE,"numbat",TRUE,TRUE,"acc_nr",NA,NA,"FALSE",NA,"FALSE","yes",NA,"no license"
228,"10.15252/emmm.202216225","10.15252/emmm.202216225","https://www.ncbi.nlm.nih.gov/sra/srx18724982[accn]","srx18724982[accn]","srx18724982[accn]","srx18724982","srx18724982",NA,"yes",TRUE,"numbat",TRUE,TRUE,"acc_nr",NA,NA,"FALSE",NA,"FALSE","yes",NA,"no license"
227,"10.15252/emmm.202216225","10.15252/emmm.202216225","https://www.ncbi.nlm.nih.gov/sra/srx18724983[accn]","srx18724983[accn]","srx18724983[accn]","srx18724983","srx18724983",NA,"yes",TRUE,"numbat",TRUE,TRUE,"acc_nr",NA,NA,"FALSE",NA,"FALSE","yes",NA,"no license"
226,"10.15252/emmm.202216225","10.15252/emmm.202216225","https://www.ncbi.nlm.nih.gov/sra/srx18724984[accn]","srx18724984[accn]","srx18724984[accn]","srx18724984","srx18724984",NA,"yes",TRUE,"numbat",TRUE,TRUE,"acc_nr",NA,NA,"FALSE",NA,"FALSE","yes",NA,"no license"
203,"10.1084/jem.20220170","10.1084/jem.20220170","https://www.ncbi.nlm.nih.gov/sra/srx18861327[accn]","srx18861327[accn]","srx18861327[accn]","srx18861327","srx18861327",NA,"yes",TRUE,"numbat",TRUE,TRUE,"acc_nr",NA,NA,"FALSE",NA,"FALSE","yes",NA,"no license"
202,"10.1084/jem.20220170","10.1084/jem.20220170","https://www.ncbi.nlm.nih.gov/sra/srx18861328[accn]","srx18861328[accn]","srx18861328[accn]","srx18861328","srx18861328",NA,"yes",TRUE,"numbat",TRUE,TRUE,"acc_nr",NA,NA,"FALSE",NA,"FALSE","yes",NA,"no license"
201,"10.1084/jem.20220170","10.1084/jem.20220170","https://www.ncbi.nlm.nih.gov/sra/srx18861329[accn]","srx18861329[accn]","srx18861329[accn]","srx18861329","srx18861329",NA,"yes",TRUE,"numbat",TRUE,TRUE,"acc_nr",NA,NA,"FALSE",NA,"FALSE","no_statement_no_data",NA,"no license"
222,"10.1186/s13046-023-02799-7","10.1186/s13046-023-02799-7","https://www.ncbi.nlm.nih.gov/sra/srx19313119[accn]","srx19313119[accn]","srx19313119[accn]","srx19313119","srx19313119",NA,"yes",TRUE,"numbat",TRUE,TRUE,"acc_nr",NA,NA,"FALSE",NA,"FALSE","yes",NA,"no license"
614,"10.1038/s41467-023-39352-1","10.1038/s41467-023-39352-1","https://www.ncbi.nlm.nih.gov/sra/srx20082117[accn]","srx20082117[accn]","srx20082117[accn]","srx20082117","srx20082117",NA,"yes",TRUE,"numbat",TRUE,TRUE,"acc_nr",NA,NA,"FALSE",NA,"FALSE","yes",NA,"no license"
628,"10.3390/jcm12134359","10.3390/jcm12134359","https://www.ncbi.nlm.nih.gov/sra/srx20770027[accn]","srx20770027[accn]","srx20770027[accn]","srx20770027","srx20770027",NA,"yes",TRUE,"numbat",TRUE,TRUE,"acc_nr",NA,NA,"FALSE",NA,"FALSE","yes",NA,"no license"
343,"10.3390/pathogens12070967","10.3390/pathogens12070967","https://www.ncbi.nlm.nih.gov/sra/srx21042361[accn]","srx21042361[accn]","srx21042361[accn]","srx21042361","srx21042361",NA,"yes",TRUE,"numbat",TRUE,TRUE,"acc_nr",NA,NA,"FALSE",NA,"FALSE","yes",NA,"no license"
22,"10.1038/s41467-023-44033-0","10.1038/s41467-023-44033-0","https://www.ncbi.nlm.nih.gov/sra/srx22590827[accn]","srx22590827[accn]","srx22590827[accn]","srx22590827","srx22590827",NA,"yes",TRUE,"numbat",TRUE,TRUE,"acc_nr",NA,NA,"FALSE",NA,"FALSE","yes",NA,"no license"
248,"10.3389/fcimb.2023.1324668","10.3389/fcimb.2023.1324668","https://www.ncbi.nlm.nih.gov/sra/srx22810989[accn]","srx22810989[accn]","srx22810989[accn]","srx22810989","srx22810989",NA,"yes",TRUE,"numbat",TRUE,TRUE,"acc_nr",NA,NA,"FALSE",NA,"FALSE","yes",NA,"no license"
246,"10.3389/fcimb.2023.1324668","10.3389/fcimb.2023.1324668","https://www.ncbi.nlm.nih.gov/sra/srx22810990[accn]","srx22810990[accn]","srx22810990[accn]","srx22810990","srx22810990",NA,"yes",TRUE,"numbat",TRUE,TRUE,"acc_nr",NA,NA,"FALSE",NA,"FALSE","yes",NA,"no license"
247,"10.3389/fcimb.2023.1324668","10.3389/fcimb.2023.1324668","https://www.ncbi.nlm.nih.gov/sra/srx22810991[accn]","srx22810991[accn]","srx22810991[accn]","srx22810991","srx22810991",NA,"yes",TRUE,"numbat",TRUE,TRUE,"acc_nr",NA,NA,"FALSE",NA,"FALSE","yes",NA,"no license"
426,"10.1016/j.neuron.2022.12.026","10.1016/j.neuron.2022.12.026","https://www.ncbi.nlm.nih.gov/sra/srx6078322[accn]","srx6078322[accn]","srx6078322[accn]","srx6078322","srx6078322",NA,"yes",TRUE,"numbat",TRUE,TRUE,"acc_nr",NA,NA,"FALSE",NA,"FALSE","yes_statement_no_data",NA,"no license"
702,"10.1073/pnas.2205470119","10.1073/pnas.2205470119","https://www.ncbi.nlm.nih.gov/sra/srx8492759[accn]","srx8492759[accn]","srx8492759[accn]","srx8492759","srx8492759",NA,"yes",TRUE,"numbat",TRUE,TRUE,"acc_nr",NA,NA,"FALSE",NA,"FALSE","yes",NA,"no license"
1813,"10.1016/j.ebiom.2020.103009","10.1016/j.ebiom.2020.103009","https://www.ncbi.nlm.nih.gov/sra/srx9056226[accn]","srx9056226[accn]","srx9056226[accn]","srx9056226","srx9056226",NA,"yes",TRUE,"numbat",TRUE,TRUE,"acc_nr",NA,NA,"FALSE",NA,"FALSE",NA,NA,NA
